[Licensing::Module] Trying to connect to existing licensing client channel...
[Licensing::IpcConnector] Successfully connected to: "LicenseClient-nwond" at "2026-07-28T03:48:31.8264282Z"
Built from '6000.3/staging' branch; Version is '6000.3.15f1 (c1aa84e375f6) revision 12692100'; Using compiler version '194234433'; Build Type 'Release'
OS: 'Windows 11  (10.0.26200) Core' Language: 'ko' Physical Memory: 16317 MB
BatchMode: 1, IsHumanControllingUs: 0, StartBugReporterOnCrash: 0, Is64bit: 1
System  architecture: x64
Process architecture: x64
Date: 2026-07-28T03:48:31Z

COMMAND LINE ARGUMENTS:
C:\Program Files\Unity\Hub\Editor\6000.3.15f1\Editor\Unity.exe
-adb2
-batchMode
-noUpm
-name
AssetImportWorker3
-projectPath
C:/Users/nwond/OneDrive/바탕 화면/Pocket-Racer/Program
-logFile
Logs/AssetImportWorker3.log
-srvPort
61214
-licensingIpc
LicenseClient-nwond
-job-worker-count
5
-background-job-worker-count
8
-gc-helper-count
1
-name
AssetImport
Successfully changed project path to: C:/Users/nwond/OneDrive/바탕 화면/Pocket-Racer/Program
C:/Users/nwond/OneDrive/바탕 화면/Pocket-Racer/Program
[UnityMemory] Configuration Parameters - Can be set up in boot.config
    "memorysetup-temp-allocator-size-nav-mesh-worker=65536"
    "memorysetup-temp-allocator-size-audio-worker=65536"
    "memorysetup-temp-allocator-size-gfx=262144"
    "memorysetup-allocator-temp-initial-block-size-main=262144"
    "memorysetup-allocator-temp-initial-block-size-worker=262144"
    "memorysetup-temp-allocator-size-background-worker=32768"
    "memorysetup-temp-allocator-size-job-worker=262144"
    "memorysetup-temp-allocator-size-preload-manager=33554432"
    "memorysetup-temp-allocator-size-gi-baking-worker=262144"
    "memorysetup-temp-allocator-size-gi-baking-worker=262144"
    "memorysetup-temp-allocator-size-gi-baking-worker=262144"
    "memorysetup-temp-allocator-size-gi-baking-worker=262144"
    "memorysetup-temp-allocator-size-gi-baking-worker=262144"
    "memorysetup-bucket-allocator-granularity=16"
    "memorysetup-bucket-allocator-bucket-count=8"
    "memorysetup-bucket-allocator-block-size=33554432"
    "memorysetup-bucket-allocator-block-count=8"
    "memorysetup-main-allocator-block-size=16777216"
    "memorysetup-thread-allocator-block-size=16777216"
    "memorysetup-gfx-main-allocator-block-size=16777216"
    "memorysetup-gfx-thread-allocator-block-size=16777216"
    "memorysetup-cache-allocator-block-size=4194304"
    "memorysetup-typetree-allocator-block-size=2097152"
    "memorysetup-profiler-bucket-allocator-granularity=16"
    "memorysetup-profiler-bucket-allocator-bucket-count=8"
    "memorysetup-profiler-bucket-allocator-block-size=33554432"
    "memorysetup-profiler-bucket-allocator-block-count=8"
    "memorysetup-profiler-allocator-block-size=16777216"
    "memorysetup-profiler-editor-allocator-block-size=1048576"
    "memorysetup-temp-allocator-size-main=16777216"
    "memorysetup-job-temp-allocator-block-size=2097152"
    "memorysetup-job-temp-allocator-block-size-background=1048576"
    "memorysetup-job-temp-allocator-reduction-small-platforms=262144"
    "memorysetup-temp-allocator-size-cloud-worker=32768"
Player connection [15836]  Target information:

Player connection [15836]  * "[IP] 192.168.219.104 [Port] 0 [Flags] 2 [Guid] 2375800338 [EditorId] 2375800338 [Version] 1048832 [Id] WindowsEditor(7,Dinosaur) [Debug] 1 [PackageName] WindowsEditor [ProjectName] Editor" 

Player connection [15836] Host joined multi-casting on [225.0.0.222:54997]...
Player connection [15836] Host joined alternative multi-casting on [225.0.0.222:34997]...
JobSystem: Creating JobQueue using job-worker-count value 5
Input System module state changed to: Initialized.
[Physics::Module] Initialized fallback backend.
[Physics::Module] Id: 0xdecafbad
Library Redirect Path: Library/
[Physics::Module] Selected backend.
[Physics::Module] Name: PhysX
[Physics::Module] Id: 0xf2b8ea05
[Physics::Module] SDK Version: 4.1.2
[Physics::Module] Integration Version: 1.0.0
[Physics::Module] Threading Mode: Multi-Threaded
Refreshing native plugins compatible for Editor in 19.58 ms, found 4 plugins.
Preloading 0 native plugins for Editor in 0.00 ms.
Initialize engine version: 6000.3.15f1 (c1aa84e375f6)
[Subsystems] Discovering subsystems at path C:/Program Files/Unity/Hub/Editor/6000.3.15f1/Editor/Data/Resources/UnitySubsystems
[Subsystems] Discovering subsystems at path C:/Users/nwond/OneDrive/바탕 화면/Pocket-Racer/Program/Assets
GfxDevice: creating device client; kGfxThreadingModeNonThreaded
Direct3D:
    Version:  Direct3D 11.0 [level 11.1]
    Renderer: NVIDIA GeForce RTX 3060 (ID=0x2544)
    Vendor:   NVIDIA
    VRAM:     8036 MB
    Driver:   32.0.16.1074
Initialize mono
Mono path[0] = 'C:/Program Files/Unity/Hub/Editor/6000.3.15f1/Editor/Data/Managed'
Mono path[1] = 'C:/Program Files/Unity/Hub/Editor/6000.3.15f1/Editor/Data/MonoBleedingEdge/lib/mono/unityjit-win32'
Mono config path = 'C:/Program Files/Unity/Hub/Editor/6000.3.15f1/Editor/Data/MonoBleedingEdge/etc'
Using monoOptions --debugger-agent=transport=dt_socket,embedding=1,server=y,suspend=n,address=127.0.0.1:56152
Begin MonoManager ReloadAssembly
[Licensing::Client] Error: HandshakeResponse reported an error:
	ResponseCode: 505
	ResponseStatus: Unsupported protocol version '1.18.1'.
[Licensing::Module] Error: Failed to handshake to channel: "LicenseClient-nwond"
[Licensing::IpcConnector] LicenseClient-nwond channel disconnected successfully.
[Licensing::IpcConnector] Successfully connected to: "LicenseClient-nwond-6000.3.15" at "2026-07-28T03:48:36.5527615Z"
[Licensing::Client] Code 10 while verifying Licensing Client signature (process Id: 25596, path: "C:/Program Files/Unity/Hub/Editor/6000.3.15f1/Editor/Data/Resources/Licensing/Client/Unity.Licensing.Client.exe")
[Licensing::Module] LicensingClient has failed validation; ignoring
[Licensing::Client] Handshaking with LicensingClient:
  Version:                 1.18.1+9fbee8e
  Session Id:              5031a73827b84a989e837cb5726f4898
  Correlation Id:          068ee9ad5a76ca94e523770b0f848c72
  External correlation Id: 7360992777581360021
  Machine Id:              vzHBHqQzprq0ab1zjqc1s15jH+s=
[Licensing::Module] Successfully connected to LicensingClient on channel: "LicenseClient-nwond-6000.3.15" (connect: 0.00s, validation: 0.00s, handshake: 0.01s)
[Licensing::IpcConnector] Successfully connected to: "LicenseClient-nwond-6000.3.15-notifications" at "2026-07-28T03:48:36.5696767Z"
[Licensing::Module] Licensing Background thread has ended after 4.74s
Registering precompiled unity dll's ...
Register platform support module: C:/Program Files/Unity/Hub/Editor/6000.3.15f1/Editor/Data/PlaybackEngines/WindowsStandaloneSupport/UnityEditor.WindowsStandalone.Extensions.dll
Registered in 0.416729 seconds.
- Loaded All Assemblies, in 12.607 seconds
Native extension for WindowsStandalone target not found
Package Manager log level set to [2]
[Package Manager] Failed to launch server process. Reason: Unity was launched with the -noUpm command-line argument
[Package Manager] Unable to send message (not connected to server process).
[Package Manager] Cannot connect to Unity Package Manager local server
ScheduleIndexationOnStartup MainProcess:False IndexOnStartup:True
Mono: successfully reloaded assembly
- Finished resetting the current domain, in  0.772 seconds
Domain Reload Profiling: 13360ms
	BeginReloadAssembly (11477ms)
		ExecutionOrderSort (0ms)
		DisableScriptedObjects (0ms)
		BackupInstance (0ms)
		ReleaseScriptingObjects (0ms)
		CreateAndSetChildDomain (1ms)
	RebuildCommonClasses (77ms)
	RebuildNativeTypeToScriptingClass (28ms)
	initialDomainReloadingComplete (532ms)
	LoadAllAssembliesAndSetupDomain (473ms)
		LoadAssemblies (11461ms)
		RebuildTransferFunctionScriptingTraits (0ms)
		AnalyzeDomain (466ms)
			TypeCache.Refresh (463ms)
				TypeCache.ScanAssembly (435ms)
			BuildScriptInfoCaches (0ms)
			ResolveRequiredComponents (1ms)
	FinalizeReload (772ms)
		ReleaseScriptCaches (0ms)
		RebuildScriptCaches (0ms)
		SetupLoadedEditorAssemblies (704ms)
			LogAssemblyErrors (0ms)
			InitializePlatformSupportModulesInManaged (87ms)
			SetLoadedEditorAssemblies (6ms)
			BeforeProcessingInitializeOnLoad (159ms)
			ProcessInitializeOnLoadAttributes (286ms)
			ProcessInitializeOnLoadMethodAttributes (165ms)
			AfterProcessingInitializeOnLoad (0ms)
			EditorAssembliesLoaded (0ms)
		ExecutionOrderSort2 (0ms)
		AwakeInstancesAfterBackupRestoration (0ms)
========================================================================
Worker process is ready to serve import requests
Import Worker Mode flag is 0x00
Begin MonoManager ReloadAssembly
[Licensing::Client] Successfully resolved entitlement details
[Licensing::Module] License group:
  Id: 14569174559127-UnityPersXXXX
  Product: Unity Personal
  Type: Assigned
  Expiration: Unlimited
- Loaded All Assemblies, in 21.927 seconds
Refreshing native plugins compatible for Editor in 9.51 ms, found 4 plugins.
Native extension for WindowsStandalone target not found
[Package Manager] Failed to launch server process. Reason: Unity was launched with the -noUpm command-line argument
[Package Manager] Unable to send message (not connected to server process).
[Package Manager] Cannot connect to Unity Package Manager local server
Refreshing native plugins compatible for Editor in 8.79 ms, found 4 plugins.
[Package Manager] Failed to launch server process. Reason: Unity was launched with the -noUpm command-line argument
[Package Manager] Unable to send message (not connected to server process).
[Package Manager] Cannot connect to Unity Package Manager local server
ScheduleIndexationOnStartup MainProcess:False IndexOnStartup:True
Mono: successfully reloaded assembly
- Finished resetting the current domain, in  3.206 seconds
Domain Reload Profiling: 25088ms
	BeginReloadAssembly (3015ms)
		ExecutionOrderSort (0ms)
		DisableScriptedObjects (28ms)
		BackupInstance (0ms)
		ReleaseScriptingObjects (0ms)
		CreateAndSetChildDomain (57ms)
	RebuildCommonClasses (161ms)
	RebuildNativeTypeToScriptingClass (47ms)
	initialDomainReloadingComplete (230ms)
	LoadAllAssembliesAndSetupDomain (18427ms)
		LoadAssemblies (20365ms)
		RebuildTransferFunctionScriptingTraits (0ms)
		AnalyzeDomain (841ms)
			TypeCache.Refresh (620ms)
				TypeCache.ScanAssembly (541ms)
			BuildScriptInfoCaches (184ms)
			ResolveRequiredComponents (27ms)
	FinalizeReload (3207ms)
		ReleaseScriptCaches (0ms)
		RebuildScriptCaches (0ms)
		SetupLoadedEditorAssemblies (2647ms)
			LogAssemblyErrors (0ms)
			InitializePlatformSupportModulesInManaged (3ms)
			SetLoadedEditorAssemblies (7ms)
			BeforeProcessingInitializeOnLoad (369ms)
			ProcessInitializeOnLoadAttributes (2100ms)
			ProcessInitializeOnLoadMethodAttributes (135ms)
			AfterProcessingInitializeOnLoad (33ms)
			EditorAssembliesLoaded (0ms)
		ExecutionOrderSort2 (0ms)
		AwakeInstancesAfterBackupRestoration (26ms)
Launched and connected shader compiler UnityShaderCompiler.exe after 0.03 seconds
Refreshing native plugins compatible for Editor in 20.71 ms, found 4 plugins.
Preloading 0 native plugins for Editor in 0.00 ms.
Unloading 16 Unused Serialized files (Serialized files now loaded: 0)
Unloading 6805 unused Assets / (5.8 MB). Loaded Objects now: 7607.
Memory consumption went from 158.5 MB to 152.7 MB.
Total: 97.651000 ms (FindLiveObjects: 79.264900 ms CreateObjectMapping: 2.531600 ms MarkObjects: 9.711000 ms  DeleteObjects: 6.141500 ms)

========================================================================
Received Import Request.
  Time since last request: 757848.341503 seconds.
  path: Assets/Space Exploration/Button_Images/Pressed_Sprites/Small/extra-long-pink-pressed-small.png
  artifactKey: Guid(c62511ee51cd29c4ca3f6623b6cd7801) Importer(2089858483,b0f066a214c2f5e87bad3c948f4d605d)
Start importing Assets/Space Exploration/Button_Images/Pressed_Sprites/Small/extra-long-pink-pressed-small.png using Guid(c62511ee51cd29c4ca3f6623b6cd7801) Importer(2089858483,b0f066a214c2f5e87bad3c948f4d605d) (ScriptedImporter) -> (artifact id: '8ba451fa2a8e73c1a44f5ba166938a1e') in 0.8452596 seconds
Number of updated asset objects reloaded before import = 0Number of asset objects unloaded after import = 3

========================================================================
Received Import Request.
  Time since last request: 0.000066 seconds.
  path: Assets/Space Exploration/Button_Images/Source_Image_Sprites/extra large/medium-blue-extra-large.png
  artifactKey: Guid(723bb5ff6e843a0409507dca255cd14c) Importer(2089858483,b0f066a214c2f5e87bad3c948f4d605d)
Start importing Assets/Space Exploration/Button_Images/Source_Image_Sprites/extra large/medium-blue-extra-large.png using Guid(723bb5ff6e843a0409507dca255cd14c) Importer(2089858483,b0f066a214c2f5e87bad3c948f4d605d) (ScriptedImporter) -> (artifact id: '6987ab095910c1ffd480bc2b8f78373c') in 0.035346 seconds
Number of updated asset objects reloaded before import = 0Number of asset objects unloaded after import = 3

========================================================================
Received Import Request.
  Time since last request: 0.000043 seconds.
  path: Assets/Space Exploration/Picto_Icons/White/calendar-256.png
  artifactKey: Guid(745bbb26cf7c26044a9c2c0cb0d1baa6) Importer(2089858483,b0f066a214c2f5e87bad3c948f4d605d)
Start importing Assets/Space Exploration/Picto_Icons/White/calendar-256.png using Guid(745bbb26cf7c26044a9c2c0cb0d1baa6) Importer(2089858483,b0f066a214c2f5e87bad3c948f4d605d) (ScriptedImporter) -> (artifact id: '84255dfebfc713d131483bfbeb0b4c01') in 0.0561748 seconds
Number of updated asset objects reloaded before import = 0Number of asset objects unloaded after import = 3

========================================================================
Received Import Request.
  Time since last request: 0.000035 seconds.
  path: Assets/Space Exploration/Settings_&_Menu_Components/Extra Large/short-button-flat-dark-purple-extra-large.png
  artifactKey: Guid(3af2ca43bde546d4688e0c27166ab07b) Importer(2089858483,b0f066a214c2f5e87bad3c948f4d605d)
Start importing Assets/Space Exploration/Settings_&_Menu_Components/Extra Large/short-button-flat-dark-purple-extra-large.png using Guid(3af2ca43bde546d4688e0c27166ab07b) Importer(2089858483,b0f066a214c2f5e87bad3c948f4d605d) (ScriptedImporter) -> (artifact id: 'ae7e47f304c7fa9f1180cde4537c26a0') in 0.0766878 seconds
Number of updated asset objects reloaded before import = 0Number of asset objects unloaded after import = 3

========================================================================
Received Import Request.
  Time since last request: 0.000073 seconds.
  path: Assets/Space Exploration/Icons/chest-1-128.png
  artifactKey: Guid(4f11fd22dce321f4bae63a1b1766f16e) Importer(2089858483,b0f066a214c2f5e87bad3c948f4d605d)
Start importing Assets/Space Exploration/Icons/chest-1-128.png using Guid(4f11fd22dce321f4bae63a1b1766f16e) Importer(2089858483,b0f066a214c2f5e87bad3c948f4d605d) (ScriptedImporter) -> (artifact id: '28fee60faf279f0be7fb9d2b26902cd1') in 0.0651241 seconds
Number of updated asset objects reloaded before import = 0Number of asset objects unloaded after import = 3

========================================================================
Received Import Request.
  Time since last request: 0.000031 seconds.
  path: Assets/Resources/Character.prefab
  artifactKey: Guid(b75f62c4ccfa3974888de9c00ce57c0d) Importer(2089858483,b0f066a214c2f5e87bad3c948f4d605d)
Start importing Assets/Resources/Character.prefab using Guid(b75f62c4ccfa3974888de9c00ce57c0d) Importer(2089858483,b0f066a214c2f5e87bad3c948f4d605d) (ScriptedImporter) -> (artifact id: '2874b78cf6b6c17340e375098eeb06d9') in 0.2014372 seconds
Number of updated asset objects reloaded before import = 0Number of asset objects unloaded after import = 85

========================================================================
Received Import Request.
  Time since last request: 0.000041 seconds.
  path: Assets/Space Exploration/Picto_Icons/Light_Purple/trash-256.png
  artifactKey: Guid(7de87080d8c5fbd4984c92c603f8d1d3) Importer(2089858483,b0f066a214c2f5e87bad3c948f4d605d)
Start importing Assets/Space Exploration/Picto_Icons/Light_Purple/trash-256.png using Guid(7de87080d8c5fbd4984c92c603f8d1d3) Importer(2089858483,b0f066a214c2f5e87bad3c948f4d605d) (ScriptedImporter) -> (artifact id: '20202fa28c91e84a3048465ca07467a1') in 0.049004 seconds
Number of updated asset objects reloaded before import = 0Number of asset objects unloaded after import = 3

========================================================================
Received Import Request.
  Time since last request: 0.000034 seconds.
  path: Assets/Space Exploration/Picto_Icons/Dark_Purple/meat-128.png
  artifactKey: Guid(db4e198073a53104b955fe11359b01eb) Importer(2089858483,b0f066a214c2f5e87bad3c948f4d605d)
Start importing Assets/Space Exploration/Picto_Icons/Dark_Purple/meat-128.png using Guid(db4e198073a53104b955fe11359b01eb) Importer(2089858483,b0f066a214c2f5e87bad3c948f4d605d) (ScriptedImporter) -> (artifact id: '08766b55424cd0612d8978c6d0f89dc6') in 0.0496413 seconds
Number of updated asset objects reloaded before import = 0Number of asset objects unloaded after import = 3

========================================================================
Received Import Request.
  Time since last request: 0.000037 seconds.
  path: Assets/Space Exploration/Picto_Icons/Dark_Purple/+-64.png
  artifactKey: Guid(cf9ed7938edb58945b68023e78f70a86) Importer(2089858483,b0f066a214c2f5e87bad3c948f4d605d)
Start importing Assets/Space Exploration/Picto_Icons/Dark_Purple/+-64.png using Guid(cf9ed7938edb58945b68023e78f70a86) Importer(2089858483,b0f066a214c2f5e87bad3c948f4d605d) (ScriptedImporter) -> (artifact id: '78ac22dd2ab90254e74128b1f00e4f2d') in 0.0483385 seconds
Number of updated asset objects reloaded before import = 0Number of asset objects unloaded after import = 3

========================================================================
Received Import Request.
  Time since last request: 0.000030 seconds.
  path: Assets/Space Exploration/Picto_Icons/Dark_Purple/mic-off-32.png
  artifactKey: Guid(ad08f001e6a37164fb70934276142cc3) Importer(2089858483,b0f066a214c2f5e87bad3c948f4d605d)
Start importing Assets/Space Exploration/Picto_Icons/Dark_Purple/mic-off-32.png using Guid(ad08f001e6a37164fb70934276142cc3) Importer(2089858483,b0f066a214c2f5e87bad3c948f4d605d) (ScriptedImporter) -> (artifact id: 'c24866ea4a1166638e037dad03cb4669') in 0.0408477 seconds
Number of updated asset objects reloaded before import = 0Number of asset objects unloaded after import = 3

========================================================================
Received Import Request.
  Time since last request: 0.000063 seconds.
  path: Assets/Space Exploration/Picto_Icons/Light_Purple/ranking-256.png
  artifactKey: Guid(6d3a9d45b04d396499b9b3e9871c4307) Importer(2089858483,b0f066a214c2f5e87bad3c948f4d605d)
Start importing Assets/Space Exploration/Picto_Icons/Light_Purple/ranking-256.png using Guid(6d3a9d45b04d396499b9b3e9871c4307) Importer(2089858483,b0f066a214c2f5e87bad3c948f4d605d) (ScriptedImporter) -> (artifact id: 'dad71109877bf1d4dc3e8fb9bac8a50f') in 0.2250355 seconds
Number of updated asset objects reloaded before import = 0Number of asset objects unloaded after import = 3

========================================================================
Received Import Request.
  Time since last request: 0.000035 seconds.
  path: Assets/Space Exploration/Rank_System_Components/Large/ranking-container-large.png
  artifactKey: Guid(6286034111872c041ac892445385aabd) Importer(2089858483,b0f066a214c2f5e87bad3c948f4d605d)
Start importing Assets/Space Exploration/Rank_System_Components/Large/ranking-container-large.png using Guid(6286034111872c041ac892445385aabd) Importer(2089858483,b0f066a214c2f5e87bad3c948f4d605d) (ScriptedImporter) -> (artifact id: 'a1bba73ed2cb9b915461824044310294') in 0.0547758 seconds
Number of updated asset objects reloaded before import = 0Number of asset objects unloaded after import = 3

========================================================================
Received Import Request.
  Time since last request: 0.000044 seconds.
  path: Assets/Space Exploration/Prefabs/UI_Elements/Large/Currency Bars
  artifactKey: Guid(0a4c30468b4126448a8bbc0edfe82604) Importer(2089858483,b0f066a214c2f5e87bad3c948f4d605d)
Start importing Assets/Space Exploration/Prefabs/UI_Elements/Large/Currency Bars using Guid(0a4c30468b4126448a8bbc0edfe82604) Importer(2089858483,b0f066a214c2f5e87bad3c948f4d605d) (ScriptedImporter) -> (artifact id: '11babeb2f36d122b655d668cc7ba94af') in 0.020434 seconds
Number of updated asset objects reloaded before import = 0Number of asset objects unloaded after import = 1

========================================================================
Received Import Request.
  Time since last request: 0.000044 seconds.
  path: Assets/Space Exploration/Containers/Medium/setting-container-medium.png
  artifactKey: Guid(661ce52389cf0ec4890e791f04fefafa) Importer(2089858483,b0f066a214c2f5e87bad3c948f4d605d)
Start importing Assets/Space Exploration/Containers/Medium/setting-container-medium.png using Guid(661ce52389cf0ec4890e791f04fefafa) Importer(2089858483,b0f066a214c2f5e87bad3c948f4d605d) (ScriptedImporter) -> (artifact id: '06ab0e1293037fcd55adf1254a88f942') in 0.0523542 seconds
Number of updated asset objects reloaded before import = 0Number of asset objects unloaded after import = 3

========================================================================
Received Import Request.
  Time since last request: 0.000046 seconds.
  path: Assets/Space Exploration/Picto_Icons/Dark_Purple/link-32.png
  artifactKey: Guid(6790e32107949ee43b1b8bd9da4086f4) Importer(2089858483,b0f066a214c2f5e87bad3c948f4d605d)
Start importing Assets/Space Exploration/Picto_Icons/Dark_Purple/link-32.png using Guid(6790e32107949ee43b1b8bd9da4086f4) Importer(2089858483,b0f066a214c2f5e87bad3c948f4d605d) (ScriptedImporter) -> (artifact id: '869c006513b8f35dc147aafe506aad33') in 0.0450239 seconds
Number of updated asset objects reloaded before import = 0Number of asset objects unloaded after import = 3

========================================================================
Received Import Request.
  Time since last request: 0.000027 seconds.
  path: Assets/Space Exploration/Icons/exoplanet-4-128.png
  artifactKey: Guid(541e708a7120c2941a21104ff8e79a36) Importer(2089858483,b0f066a214c2f5e87bad3c948f4d605d)
Start importing Assets/Space Exploration/Icons/exoplanet-4-128.png using Guid(541e708a7120c2941a21104ff8e79a36) Importer(2089858483,b0f066a214c2f5e87bad3c948f4d605d) (ScriptedImporter) -> (artifact id: '6465bc22b222914015e2fa1fde37f7a1') in 0.0389096 seconds
Number of updated asset objects reloaded before import = 0Number of asset objects unloaded after import = 3

========================================================================
Received Import Request.
  Time since last request: 0.000031 seconds.
  path: Assets/Space Exploration/Button_Images/Pressed_Sprites/Medium/square-pink-pressed-medium.png
  artifactKey: Guid(255fce100366f6f4b9c771c830337648) Importer(2089858483,b0f066a214c2f5e87bad3c948f4d605d)
Start importing Assets/Space Exploration/Button_Images/Pressed_Sprites/Medium/square-pink-pressed-medium.png using Guid(255fce100366f6f4b9c771c830337648) Importer(2089858483,b0f066a214c2f5e87bad3c948f4d605d) (ScriptedImporter) -> (artifact id: '97b024a63ff3b29ae35b3fe4e283154b') in 0.0280942 seconds
Number of updated asset objects reloaded before import = 0Number of asset objects unloaded after import = 3

========================================================================
Received Import Request.
  Time since last request: 0.000036 seconds.
  path: Assets/Space Exploration/Picto_Icons/Dark_Purple/badge-32.png
  artifactKey: Guid(27319255cea543b4c96bea2b40c92ac8) Importer(2089858483,b0f066a214c2f5e87bad3c948f4d605d)
Start importing Assets/Space Exploration/Picto_Icons/Dark_Purple/badge-32.png using Guid(27319255cea543b4c96bea2b40c92ac8) Importer(2089858483,b0f066a214c2f5e87bad3c948f4d605d) (ScriptedImporter) -> (artifact id: '3f06045af5884eec31ce93e18dbe6262') in 0.039207 seconds
Number of updated asset objects reloaded before import = 0Number of asset objects unloaded after import = 3

========================================================================
Received Import Request.
  Time since last request: 0.000030 seconds.
  path: Assets/Space Exploration/Grid_Components/Extra Large/level-up-icon-container-extra-large.png
  artifactKey: Guid(ea88de4b4d7f50740ba7d94ad914fde9) Importer(2089858483,b0f066a214c2f5e87bad3c948f4d605d)
Start importing Assets/Space Exploration/Grid_Components/Extra Large/level-up-icon-container-extra-large.png using Guid(ea88de4b4d7f50740ba7d94ad914fde9) Importer(2089858483,b0f066a214c2f5e87bad3c948f4d605d) (ScriptedImporter) -> (artifact id: 'f7bfb37c35c0b55b6781387ab924ca7a') in 0.0419978 seconds
Number of updated asset objects reloaded before import = 0Number of asset objects unloaded after import = 3

========================================================================
Received Import Request.
  Time since last request: 0.000041 seconds.
  path: Assets/Photon/PhotonUnityNetworking/Demos/DemoAsteroids/Resources/BigAsteroid.prefab
  artifactKey: Guid(15f43343ba0a60e47a63d28496373c3f) Importer(2089858483,b0f066a214c2f5e87bad3c948f4d605d)
Start importing Assets/Photon/PhotonUnityNetworking/Demos/DemoAsteroids/Resources/BigAsteroid.prefab using Guid(15f43343ba0a60e47a63d28496373c3f) Importer(2089858483,b0f066a214c2f5e87bad3c948f4d605d) (ScriptedImporter) -> (artifact id: 'dd7f8a94c8ba484f5ee44361540deb78') in 0.0830767 seconds
Number of updated asset objects reloaded before import = 0Number of asset objects unloaded after import = 13

========================================================================
Received Import Request.
  Time since last request: 0.000045 seconds.
  path: Assets/Space Exploration/Prefabs/Buttons_Simple/Large/Purple/Large_Purple_Large_Button.prefab
  artifactKey: Guid(4e9836efb62f50c4e980d5440dbb9fc8) Importer(2089858483,b0f066a214c2f5e87bad3c948f4d605d)
Start importing Assets/Space Exploration/Prefabs/Buttons_Simple/Large/Purple/Large_Purple_Large_Button.prefab using Guid(4e9836efb62f50c4e980d5440dbb9fc8) Importer(2089858483,b0f066a214c2f5e87bad3c948f4d605d) (ScriptedImporter) -> (artifact id: '2a31df796a9e4cda678f93a3e9b96962') in 0.1207141 seconds
Number of updated asset objects reloaded before import = 0Number of asset objects unloaded after import = 18

========================================================================
Received Import Request.
  Time since last request: 0.000046 seconds.
  path: Assets/Space Exploration/Grid_Components/Medium
  artifactKey: Guid(7638a7685490be64aab1761c6f988ae8) Importer(2089858483,b0f066a214c2f5e87bad3c948f4d605d)
Start importing Assets/Space Exploration/Grid_Components/Medium using Guid(7638a7685490be64aab1761c6f988ae8) Importer(2089858483,b0f066a214c2f5e87bad3c948f4d605d) (ScriptedImporter) -> (artifact id: '3bc26d7476bd316de4a54f40dafdee17') in 0.0239485 seconds
Number of updated asset objects reloaded before import = 0Number of asset objects unloaded after import = 1

========================================================================
Received Import Request.
  Time since last request: 0.000043 seconds.
  path: Assets/Space Exploration/Prefabs/UI_Elements/Large/Menu Buttons/Claim_Button_Large_VAR2.prefab
  artifactKey: Guid(ee350c5b57ace3345bcad779f47ce60f) Importer(2089858483,b0f066a214c2f5e87bad3c948f4d605d)
Start importing Assets/Space Exploration/Prefabs/UI_Elements/Large/Menu Buttons/Claim_Button_Large_VAR2.prefab using Guid(ee350c5b57ace3345bcad779f47ce60f) Importer(2089858483,b0f066a214c2f5e87bad3c948f4d605d) (ScriptedImporter) -> (artifact id: '12d7c4f74509a3e62bf0fc1f8508ab45') in 0.0556846 seconds
Number of updated asset objects reloaded before import = 0Number of asset objects unloaded after import = 18

========================================================================
Received Import Request.
  Time since last request: 0.000055 seconds.
  path: Assets/Photon/PhotonUnityNetworking/Demos/PunCockpit/Scripts/ScoreHelper.cs
  artifactKey: Guid(5a92eafb6e3fe4390b50c3eefbcc0504) Importer(2089858483,b0f066a214c2f5e87bad3c948f4d605d)
Start importing Assets/Photon/PhotonUnityNetworking/Demos/PunCockpit/Scripts/ScoreHelper.cs using Guid(5a92eafb6e3fe4390b50c3eefbcc0504) Importer(2089858483,b0f066a214c2f5e87bad3c948f4d605d) (ScriptedImporter) -> (artifact id: '8485f81db14064ab395d7c3eb2cbb91a') in 0.0199661 seconds
Number of updated asset objects reloaded before import = 0Number of asset objects unloaded after import = 0

========================================================================
Received Import Request.
  Time since last request: 0.000045 seconds.
  path: Assets/Space Exploration/Picto_Icons/White/camera-32.png
  artifactKey: Guid(1ba7b67d794b5494ebe1c7399ad2006e) Importer(2089858483,b0f066a214c2f5e87bad3c948f4d605d)
Start importing Assets/Space Exploration/Picto_Icons/White/camera-32.png using Guid(1ba7b67d794b5494ebe1c7399ad2006e) Importer(2089858483,b0f066a214c2f5e87bad3c948f4d605d) (ScriptedImporter) -> (artifact id: '2b4c1d2aaa01387535702f641daa8750') in 0.0390298 seconds
Number of updated asset objects reloaded before import = 0Number of asset objects unloaded after import = 3

========================================================================
Received Import Request.
  Time since last request: 0.000027 seconds.
  path: Assets/Space Exploration/Picto_Icons/Light_Purple/like-128.png
  artifactKey: Guid(18d77eb97914e534b922fab82d5ebdf2) Importer(2089858483,b0f066a214c2f5e87bad3c948f4d605d)
Start importing Assets/Space Exploration/Picto_Icons/Light_Purple/like-128.png using Guid(18d77eb97914e534b922fab82d5ebdf2) Importer(2089858483,b0f066a214c2f5e87bad3c948f4d605d) (ScriptedImporter) -> (artifact id: '947b1d8b5f9a43ea90d5a9fc372e92ae') in 0.0399489 seconds
Number of updated asset objects reloaded before import = 0Number of asset objects unloaded after import = 3

========================================================================
Received Import Request.
  Time since last request: 1.274709 seconds.
  path: Assets/Space Exploration/Icons/ufo-1-64.png
  artifactKey: Guid(9152f1eb2777d5546a0a944188471cac) Importer(2089858483,b0f066a214c2f5e87bad3c948f4d605d)
Start importing Assets/Space Exploration/Icons/ufo-1-64.png using Guid(9152f1eb2777d5546a0a944188471cac) Importer(2089858483,b0f066a214c2f5e87bad3c948f4d605d) (ScriptedImporter) -> (artifact id: '20a3d397f19b8228708c4173a0bd91ce') in 0.0483646 seconds
Number of updated asset objects reloaded before import = 0Number of asset objects unloaded after import = 3

========================================================================
Received Import Request.
  Time since last request: 0.000031 seconds.
  path: Assets/Space Exploration/Picto_Icons/Dark_Purple/mic-off-128.png
  artifactKey: Guid(aa734c970d1b8944d86bcf19aa88ee26) Importer(2089858483,b0f066a214c2f5e87bad3c948f4d605d)
Start importing Assets/Space Exploration/Picto_Icons/Dark_Purple/mic-off-128.png using Guid(aa734c970d1b8944d86bcf19aa88ee26) Importer(2089858483,b0f066a214c2f5e87bad3c948f4d605d) (ScriptedImporter) -> (artifact id: '94605144af3532c4f3bd911fcef4031d') in 0.0538542 seconds
Number of updated asset objects reloaded before import = 0Number of asset objects unloaded after import = 3

========================================================================
Received Import Request.
  Time since last request: 0.000050 seconds.
  path: Assets/Space Exploration/Picto_Icons/White/shuffle-arrow-256.png
  artifactKey: Guid(c85b8ac6c74db104da813d90ffd13f5a) Importer(2089858483,b0f066a214c2f5e87bad3c948f4d605d)
Start importing Assets/Space Exploration/Picto_Icons/White/shuffle-arrow-256.png using Guid(c85b8ac6c74db104da813d90ffd13f5a) Importer(2089858483,b0f066a214c2f5e87bad3c948f4d605d) (ScriptedImporter) -> (artifact id: '9361c696b10dab2e65ed6647fb6ab0fd') in 0.043707 seconds
Number of updated asset objects reloaded before import = 0Number of asset objects unloaded after import = 3

========================================================================
Received Import Request.
  Time since last request: 0.000026 seconds.
  path: Assets/Space Exploration/Picto_Icons/Light_Purple/rocket-64.png
  artifactKey: Guid(3be592ed0f6ef65499ec8669e817a9d8) Importer(2089858483,b0f066a214c2f5e87bad3c948f4d605d)
Start importing Assets/Space Exploration/Picto_Icons/Light_Purple/rocket-64.png using Guid(3be592ed0f6ef65499ec8669e817a9d8) Importer(2089858483,b0f066a214c2f5e87bad3c948f4d605d) (ScriptedImporter) -> (artifact id: '10b7bcd53aa06539485f7bd0d290bf45') in 0.046335 seconds
Number of updated asset objects reloaded before import = 0Number of asset objects unloaded after import = 3

========================================================================
Received Import Request.
  Time since last request: 0.000049 seconds.
  path: Assets/Space Exploration/Picto_Icons/Dark_Purple/sun-64.png
  artifactKey: Guid(70bb24961b86ef1409e97adadac98791) Importer(2089858483,b0f066a214c2f5e87bad3c948f4d605d)
Start importing Assets/Space Exploration/Picto_Icons/Dark_Purple/sun-64.png using Guid(70bb24961b86ef1409e97adadac98791) Importer(2089858483,b0f066a214c2f5e87bad3c948f4d605d) (ScriptedImporter) -> (artifact id: '23e1396427d37e0c8a7b86e79c5bb8d2') in 0.0449015 seconds
Number of updated asset objects reloaded before import = 0Number of asset objects unloaded after import = 3

========================================================================
Received Import Request.
  Time since last request: 0.000036 seconds.
  path: Assets/Space Exploration/Picto_Icons/Dark_Purple/up-arrow-64.png
  artifactKey: Guid(b8b689235cbe5d14c90bc1c7648f165f) Importer(2089858483,b0f066a214c2f5e87bad3c948f4d605d)
Start importing Assets/Space Exploration/Picto_Icons/Dark_Purple/up-arrow-64.png using Guid(b8b689235cbe5d14c90bc1c7648f165f) Importer(2089858483,b0f066a214c2f5e87bad3c948f4d605d) (ScriptedImporter) -> (artifact id: '40b384af0291c6c6100981a1f71e918a') in 0.0475261 seconds
Number of updated asset objects reloaded before import = 0Number of asset objects unloaded after import = 3

========================================================================
Received Import Request.
  Time since last request: 0.000036 seconds.
  path: Assets/PlayFabSDK/Shared/Public/PlayFabLogger.cs
  artifactKey: Guid(65702fe1cdebb8e4783afb157a614161) Importer(2089858483,b0f066a214c2f5e87bad3c948f4d605d)
Start importing Assets/PlayFabSDK/Shared/Public/PlayFabLogger.cs using Guid(65702fe1cdebb8e4783afb157a614161) Importer(2089858483,b0f066a214c2f5e87bad3c948f4d605d) (ScriptedImporter) -> (artifact id: 'ecfd794c86dbedb4053081c6e9407c8c') in 0.0207499 seconds
Number of updated asset objects reloaded before import = 0Number of asset objects unloaded after import = 0

========================================================================
Received Import Request.
  Time since last request: 0.000026 seconds.
  path: Assets/Space Exploration/Picto_Icons/Light_Purple/check-256.png
  artifactKey: Guid(aed667899afb14b47b3bb83a3123af8a) Importer(2089858483,b0f066a214c2f5e87bad3c948f4d605d)
Start importing Assets/Space Exploration/Picto_Icons/Light_Purple/check-256.png using Guid(aed667899afb14b47b3bb83a3123af8a) Importer(2089858483,b0f066a214c2f5e87bad3c948f4d605d) (ScriptedImporter) -> (artifact id: '3225151d541c473798ab1b25e94a7586') in 0.0441154 seconds
Number of updated asset objects reloaded before import = 0Number of asset objects unloaded after import = 3

========================================================================
Received Import Request.
  Time since last request: 0.000032 seconds.
  path: Assets/Space Exploration/Icons/gun-64.png
  artifactKey: Guid(7bf95b85ca7df8c4abf5041614743a61) Importer(2089858483,b0f066a214c2f5e87bad3c948f4d605d)
Start importing Assets/Space Exploration/Icons/gun-64.png using Guid(7bf95b85ca7df8c4abf5041614743a61) Importer(2089858483,b0f066a214c2f5e87bad3c948f4d605d) (ScriptedImporter) -> (artifact id: 'f272ebf0aeda40cc852b2fa8a387f8d4') in 0.0525966 seconds
Number of updated asset objects reloaded before import = 0Number of asset objects unloaded after import = 3

========================================================================
Received Import Request.
  Time since last request: 0.000038 seconds.
  path: Assets/Photon/PhotonUnityNetworking/Demos/PunCockpit/Scripts/ReadOnlyProperties/CurrentRoomPropertiesListedInLobbyProperty.cs
  artifactKey: Guid(3597ecc77cdd74c1fbd06202905bbd3f) Importer(2089858483,b0f066a214c2f5e87bad3c948f4d605d)
Start importing Assets/Photon/PhotonUnityNetworking/Demos/PunCockpit/Scripts/ReadOnlyProperties/CurrentRoomPropertiesListedInLobbyProperty.cs using Guid(3597ecc77cdd74c1fbd06202905bbd3f) Importer(2089858483,b0f066a214c2f5e87bad3c948f4d605d) (ScriptedImporter) -> (artifact id: 'd4c6b4d47bc747329569c52cde6809fb') in 0.0186441 seconds
Number of updated asset objects reloaded before import = 0Number of asset objects unloaded after import = 0

========================================================================
Received Import Request.
  Time since last request: 0.000023 seconds.
  path: Assets/Photon/PhotonUnityNetworking/Demos/PunCockpit/Scripts/Lists
  artifactKey: Guid(5d9560529ca07d147b217827aa339f0b) Importer(2089858483,b0f066a214c2f5e87bad3c948f4d605d)
Start importing Assets/Photon/PhotonUnityNetworking/Demos/PunCockpit/Scripts/Lists using Guid(5d9560529ca07d147b217827aa339f0b) Importer(2089858483,b0f066a214c2f5e87bad3c948f4d605d) (ScriptedImporter) -> (artifact id: 'e62358d9cdbe6e74fca46c4a7cc31d49') in 0.0197298 seconds
Number of updated asset objects reloaded before import = 0Number of asset objects unloaded after import = 1

========================================================================
Received Import Request.
  Time since last request: 0.000027 seconds.
  path: Assets/Space Exploration/Settings_&_Menu_Components/Medium/level-icon-medium.png
  artifactKey: Guid(fe8e4ab8342cdf946846c87e98382d25) Importer(2089858483,b0f066a214c2f5e87bad3c948f4d605d)
Start importing Assets/Space Exploration/Settings_&_Menu_Components/Medium/level-icon-medium.png using Guid(fe8e4ab8342cdf946846c87e98382d25) Importer(2089858483,b0f066a214c2f5e87bad3c948f4d605d) (ScriptedImporter) -> (artifact id: '96cd116678f34055a19d235f0adbb50f') in 0.0253855 seconds
Number of updated asset objects reloaded before import = 0Number of asset objects unloaded after import = 3

========================================================================
Received Import Request.
  Time since last request: 0.000041 seconds.
  path: Assets/Space Exploration/Button_Images/Pressed_Sprites/Extra_Large/square-pink-pressed-extra-large.png
  artifactKey: Guid(2ccc564ab6827db44ad00ed639288151) Importer(2089858483,b0f066a214c2f5e87bad3c948f4d605d)
Start importing Assets/Space Exploration/Button_Images/Pressed_Sprites/Extra_Large/square-pink-pressed-extra-large.png using Guid(2ccc564ab6827db44ad00ed639288151) Importer(2089858483,b0f066a214c2f5e87bad3c948f4d605d) (ScriptedImporter) -> (artifact id: '4c49edc24b8988f18990aaecaae17fd9') in 0.0293474 seconds
Number of updated asset objects reloaded before import = 0Number of asset objects unloaded after import = 3

========================================================================
Received Import Request.
  Time since last request: 0.000027 seconds.
  path: Assets/Space Exploration/Prefabs/Buttons_Simple/Extra Large/Yellow/Sparkle_Large_Yellow_Extra_Large_Button.prefab
  artifactKey: Guid(29a8ea3afec544543aaa2eb3f61b6c4c) Importer(2089858483,b0f066a214c2f5e87bad3c948f4d605d)
Start importing Assets/Space Exploration/Prefabs/Buttons_Simple/Extra Large/Yellow/Sparkle_Large_Yellow_Extra_Large_Button.prefab using Guid(29a8ea3afec544543aaa2eb3f61b6c4c) Importer(2089858483,b0f066a214c2f5e87bad3c948f4d605d) (ScriptedImporter) -> (artifact id: 'd854646063f26abd0482635ecec27d7c') in 0.0537176 seconds
Number of updated asset objects reloaded before import = 0Number of asset objects unloaded after import = 18

========================================================================
Received Import Request.
  Time since last request: 0.000027 seconds.
  path: Assets/Photon/PhotonUnityNetworking/UtilityScripts/Room/CountdownTimer.cs
  artifactKey: Guid(ffc398cf76e6d458caf303b5fceea504) Importer(2089858483,b0f066a214c2f5e87bad3c948f4d605d)
Start importing Assets/Photon/PhotonUnityNetworking/UtilityScripts/Room/CountdownTimer.cs using Guid(ffc398cf76e6d458caf303b5fceea504) Importer(2089858483,b0f066a214c2f5e87bad3c948f4d605d) (ScriptedImporter) -> (artifact id: 'ad691bed9bf9738c64ffd58b5bb2059e') in 0.0182979 seconds
Number of updated asset objects reloaded before import = 0Number of asset objects unloaded after import = 0

========================================================================
Received Import Request.
  Time since last request: 0.012489 seconds.
  path: Assets/Space Exploration/Rank_System_Components/Extra Large/ranking-4+-extra-large 1.png
  artifactKey: Guid(9042cacb9c2e5dd46bc209c7291fc7bf) Importer(2089858483,b0f066a214c2f5e87bad3c948f4d605d)
Start importing Assets/Space Exploration/Rank_System_Components/Extra Large/ranking-4+-extra-large 1.png using Guid(9042cacb9c2e5dd46bc209c7291fc7bf) Importer(2089858483,b0f066a214c2f5e87bad3c948f4d605d) (ScriptedImporter) -> (artifact id: '7a5b8a28011e091dc38ef8ebd04b2d1d') in 0.0513459 seconds
Number of updated asset objects reloaded before import = 0Number of asset objects unloaded after import = 3

========================================================================
Received Import Request.
  Time since last request: 0.000050 seconds.
  path: Assets/Photon/PhotonUnityNetworking/Demos/Shared Assets/Animations/HumanoidRunTurn.fbx
  artifactKey: Guid(1062212255550964e974f3ffb3cbaae3) Importer(2089858483,b0f066a214c2f5e87bad3c948f4d605d)
Start importing Assets/Photon/PhotonUnityNetworking/Demos/Shared Assets/Animations/HumanoidRunTurn.fbx using Guid(1062212255550964e974f3ffb3cbaae3) Importer(2089858483,b0f066a214c2f5e87bad3c948f4d605d) (ScriptedImporter) -> (artifact id: '0a574282ae12cc0be956bb71df1195ad') in 0.1030148 seconds
Number of updated asset objects reloaded before import = 0Number of asset objects unloaded after import = 184

========================================================================
Received Import Request.
  Time since last request: 0.000035 seconds.
  path: Assets/Space Exploration/Icons/dish-64.png
  artifactKey: Guid(9fbeea865b7280f47850951aa8b1a1cd) Importer(2089858483,b0f066a214c2f5e87bad3c948f4d605d)
Start importing Assets/Space Exploration/Icons/dish-64.png using Guid(9fbeea865b7280f47850951aa8b1a1cd) Importer(2089858483,b0f066a214c2f5e87bad3c948f4d605d) (ScriptedImporter) -> (artifact id: 'fb6bd5891715df2de497034a0f23c0fb') in 0.0434052 seconds
Number of updated asset objects reloaded before import = 0Number of asset objects unloaded after import = 3

========================================================================
Received Import Request.
  Time since last request: 0.000050 seconds.
  path: Assets/Space Exploration/Picto_Icons/White/next-256.png
  artifactKey: Guid(7cfef4c0a5529c547afc8e769b1b6646) Importer(2089858483,b0f066a214c2f5e87bad3c948f4d605d)
Start importing Assets/Space Exploration/Picto_Icons/White/next-256.png using Guid(7cfef4c0a5529c547afc8e769b1b6646) Importer(2089858483,b0f066a214c2f5e87bad3c948f4d605d) (ScriptedImporter) -> (artifact id: '442d0d31c98111c4dd73f0ef7ad35f0c') in 0.042303 seconds
Number of updated asset objects reloaded before import = 0Number of asset objects unloaded after import = 3

========================================================================
Received Import Request.
  Time since last request: 0.000113 seconds.
  path: Assets/Space Exploration/Picto_Icons/White/megaphone-256.png
  artifactKey: Guid(091113f7248877d449187b8d9816f2f5) Importer(2089858483,b0f066a214c2f5e87bad3c948f4d605d)
Start importing Assets/Space Exploration/Picto_Icons/White/megaphone-256.png using Guid(091113f7248877d449187b8d9816f2f5) Importer(2089858483,b0f066a214c2f5e87bad3c948f4d605d) (ScriptedImporter) -> (artifact id: 'e4565ca38bfc86fe0d857e856354838a') in 0.0448985 seconds
Number of updated asset objects reloaded before import = 0Number of asset objects unloaded after import = 3

========================================================================
Received Import Request.
  Time since last request: 0.000054 seconds.
  path: Assets/Space Exploration/Fonts/Font Sources/static/Asap-BlackItalic.ttf
  artifactKey: Guid(3aacd80c63b26714ca7e5c7c858085de) Importer(2089858483,b0f066a214c2f5e87bad3c948f4d605d)
Start importing Assets/Space Exploration/Fonts/Font Sources/static/Asap-BlackItalic.ttf using Guid(3aacd80c63b26714ca7e5c7c858085de) Importer(2089858483,b0f066a214c2f5e87bad3c948f4d605d) (ScriptedImporter) -> (artifact id: '79098bc67d7238720bbdd0c4f4d8c292') in 0.0319885 seconds
Number of updated asset objects reloaded before import = 0Number of asset objects unloaded after import = 3

========================================================================
Received Import Request.
  Time since last request: 0.000032 seconds.
  path: Assets/Space Exploration/Icons/exoplanet-4-256.png
  artifactKey: Guid(43b245c7bd54b344caa99a396efa88c9) Importer(2089858483,b0f066a214c2f5e87bad3c948f4d605d)
Start importing Assets/Space Exploration/Icons/exoplanet-4-256.png using Guid(43b245c7bd54b344caa99a396efa88c9) Importer(2089858483,b0f066a214c2f5e87bad3c948f4d605d) (ScriptedImporter) -> (artifact id: '27d087e0120418275a1de850e2429090') in 0.0412494 seconds
Number of updated asset objects reloaded before import = 0Number of asset objects unloaded after import = 3

========================================================================
Received Import Request.
  Time since last request: 0.000068 seconds.
  path: Assets/Space Exploration/Picto_Icons/Dark_Purple/chest-128.png
  artifactKey: Guid(8c702b5ce6966ff41b8e22fdd116c904) Importer(2089858483,b0f066a214c2f5e87bad3c948f4d605d)
Start importing Assets/Space Exploration/Picto_Icons/Dark_Purple/chest-128.png using Guid(8c702b5ce6966ff41b8e22fdd116c904) Importer(2089858483,b0f066a214c2f5e87bad3c948f4d605d) (ScriptedImporter) -> (artifact id: '7c3de42f4cbe7dc21f5fc181b34464d5') in 0.0436635 seconds
Number of updated asset objects reloaded before import = 0Number of asset objects unloaded after import = 3

========================================================================
Received Import Request.
  Time since last request: 0.000032 seconds.
  path: Assets/Space Exploration/Prefabs/UI_Elements/Extra_Large/Menu Buttons/Dropdown_Extra_Large.prefab
  artifactKey: Guid(8049adfab5fa0f543be04b38d3c26ae3) Importer(2089858483,b0f066a214c2f5e87bad3c948f4d605d)
Start importing Assets/Space Exploration/Prefabs/UI_Elements/Extra_Large/Menu Buttons/Dropdown_Extra_Large.prefab using Guid(8049adfab5fa0f543be04b38d3c26ae3) Importer(2089858483,b0f066a214c2f5e87bad3c948f4d605d) (ScriptedImporter) -> (artifact id: 'b1efc040902ea688aa75643ba7902115') in 0.1064684 seconds
Number of updated asset objects reloaded before import = 0Number of asset objects unloaded after import = 53

========================================================================
Received Import Request.
  Time since last request: 0.000099 seconds.
  path: Assets/Space Exploration/Picto_Icons/White/star-32.png
  artifactKey: Guid(5f726e04821a552438f2d1364f441ad9) Importer(2089858483,b0f066a214c2f5e87bad3c948f4d605d)
Start importing Assets/Space Exploration/Picto_Icons/White/star-32.png using Guid(5f726e04821a552438f2d1364f441ad9) Importer(2089858483,b0f066a214c2f5e87bad3c948f4d605d) (ScriptedImporter) -> (artifact id: 'e3f0c281ab91bcf39f838bb59b5d1422') in 0.0470117 seconds
Number of updated asset objects reloaded before import = 0Number of asset objects unloaded after import = 3

========================================================================
Received Import Request.
  Time since last request: 0.000041 seconds.
  path: Assets/Space Exploration/Picto_Icons/Light_Purple/chest-32.png
  artifactKey: Guid(eb2fb6a942336094fab52de37a141023) Importer(2089858483,b0f066a214c2f5e87bad3c948f4d605d)
Start importing Assets/Space Exploration/Picto_Icons/Light_Purple/chest-32.png using Guid(eb2fb6a942336094fab52de37a141023) Importer(2089858483,b0f066a214c2f5e87bad3c948f4d605d) (ScriptedImporter) -> (artifact id: '944091b0eddabdd07e2dcec450c85d2d') in 0.046141 seconds
Number of updated asset objects reloaded before import = 0Number of asset objects unloaded after import = 3

========================================================================
Received Import Request.
  Time since last request: 0.000053 seconds.
  path: Assets/Space Exploration/Picto_Icons/Light_Purple/bell-128.png
  artifactKey: Guid(095724717e8ef3345899c5e8f3f430e3) Importer(2089858483,b0f066a214c2f5e87bad3c948f4d605d)
Start importing Assets/Space Exploration/Picto_Icons/Light_Purple/bell-128.png using Guid(095724717e8ef3345899c5e8f3f430e3) Importer(2089858483,b0f066a214c2f5e87bad3c948f4d605d) (ScriptedImporter) -> (artifact id: '1d7634613a054063cb6771d1039a337c') in 0.0506108 seconds
Number of updated asset objects reloaded before import = 0Number of asset objects unloaded after import = 3

========================================================================
Received Import Request.
  Time since last request: 0.000099 seconds.
  path: Assets/Space Exploration/Picto_Icons/White/home-64.png
  artifactKey: Guid(eafbe5fc1e902a54489250549552e71a) Importer(2089858483,b0f066a214c2f5e87bad3c948f4d605d)
Start importing Assets/Space Exploration/Picto_Icons/White/home-64.png using Guid(eafbe5fc1e902a54489250549552e71a) Importer(2089858483,b0f066a214c2f5e87bad3c948f4d605d) (ScriptedImporter) -> (artifact id: 'e2935597408f6057957f418ad0162238') in 0.0476074 seconds
Number of updated asset objects reloaded before import = 0Number of asset objects unloaded after import = 3

========================================================================
Received Import Request.
  Time since last request: 0.000040 seconds.
  path: Assets/Space Exploration/Picto_Icons/Dark_Purple/sound-128.png
  artifactKey: Guid(c6dfd002a4408d84fae320d0f8d4bfa0) Importer(2089858483,b0f066a214c2f5e87bad3c948f4d605d)
Start importing Assets/Space Exploration/Picto_Icons/Dark_Purple/sound-128.png using Guid(c6dfd002a4408d84fae320d0f8d4bfa0) Importer(2089858483,b0f066a214c2f5e87bad3c948f4d605d) (ScriptedImporter) -> (artifact id: '779feb66145e41e4c88e8a13de1b79c6') in 0.0771281 seconds
Number of updated asset objects reloaded before import = 0Number of asset objects unloaded after import = 3

========================================================================
Received Import Request.
  Time since last request: 0.000033 seconds.
  path: Assets/Space Exploration/Picto_Icons/Dark_Purple/full-moon-256.png
  artifactKey: Guid(b2dbeef36086c02408d756ae16f68fc2) Importer(2089858483,b0f066a214c2f5e87bad3c948f4d605d)
Start importing Assets/Space Exploration/Picto_Icons/Dark_Purple/full-moon-256.png using Guid(b2dbeef36086c02408d756ae16f68fc2) Importer(2089858483,b0f066a214c2f5e87bad3c948f4d605d) (ScriptedImporter) -> (artifact id: 'a0c59668881bf39e66ce295888d8193b') in 0.0628968 seconds
Number of updated asset objects reloaded before import = 0Number of asset objects unloaded after import = 3

========================================================================
Received Import Request.
  Time since last request: 0.000038 seconds.
  path: Assets/Space Exploration/Picto_Icons/White/cloud-256.png
  artifactKey: Guid(57698481f0457424ba0cc20018d4919a) Importer(2089858483,b0f066a214c2f5e87bad3c948f4d605d)
Start importing Assets/Space Exploration/Picto_Icons/White/cloud-256.png using Guid(57698481f0457424ba0cc20018d4919a) Importer(2089858483,b0f066a214c2f5e87bad3c948f4d605d) (ScriptedImporter) -> (artifact id: '62dca8916854eba5632567f28737b345') in 0.0504713 seconds
Number of updated asset objects reloaded before import = 0Number of asset objects unloaded after import = 3

========================================================================
Received Import Request.
  Time since last request: 0.000032 seconds.
  path: Assets/Photon/PhotonUnityNetworking/Demos/PunCockpit/Scripts/ReadOnlyProperties/CurrentRoomPlayerCountProperty.cs
  artifactKey: Guid(333fe1be201784f8382dd2e7a1d5c610) Importer(2089858483,b0f066a214c2f5e87bad3c948f4d605d)
Start importing Assets/Photon/PhotonUnityNetworking/Demos/PunCockpit/Scripts/ReadOnlyProperties/CurrentRoomPlayerCountProperty.cs using Guid(333fe1be201784f8382dd2e7a1d5c610) Importer(2089858483,b0f066a214c2f5e87bad3c948f4d605d) (ScriptedImporter) -> (artifact id: 'e718b71d894e902b58f4e5f4e1b779c5') in 0.0403065 seconds
Number of updated asset objects reloaded before import = 0Number of asset objects unloaded after import = 0

========================================================================
Received Import Request.
  Time since last request: 0.000045 seconds.
  path: Assets/PlayFabSDK/Shared/Public/PlayFabApiSettings.cs
  artifactKey: Guid(66cd997c6a8b2ed4d8d2b5c2a97b6e22) Importer(2089858483,b0f066a214c2f5e87bad3c948f4d605d)
Start importing Assets/PlayFabSDK/Shared/Public/PlayFabApiSettings.cs using Guid(66cd997c6a8b2ed4d8d2b5c2a97b6e22) Importer(2089858483,b0f066a214c2f5e87bad3c948f4d605d) (ScriptedImporter) -> (artifact id: '2c8534df6f2a8c5acc2a9715c6902539') in 0.0357269 seconds
Number of updated asset objects reloaded before import = 0Number of asset objects unloaded after import = 0

========================================================================
Received Import Request.
  Time since last request: 0.000049 seconds.
  path: Assets/Photon/PhotonUnityNetworking/Demos/Shared Assets/Materials/UnitTextureRed.mat
  artifactKey: Guid(4c506c95d32f3494e9453ef5c0124b0e) Importer(2089858483,b0f066a214c2f5e87bad3c948f4d605d)
Start importing Assets/Photon/PhotonUnityNetworking/Demos/Shared Assets/Materials/UnitTextureRed.mat using Guid(4c506c95d32f3494e9453ef5c0124b0e) Importer(2089858483,b0f066a214c2f5e87bad3c948f4d605d) (ScriptedImporter) -> (artifact id: 'c341d5d96975e5826427032b87d531e8') in 0.1542119 seconds
Number of updated asset objects reloaded before import = 0Number of asset objects unloaded after import = 3

========================================================================
Received Import Request.
  Time since last request: 0.000038 seconds.
  path: Assets/Space Exploration/Picto_Icons/Dark_Purple/banner-32.png
  artifactKey: Guid(bfbe3b739843b294892dba2538696d99) Importer(2089858483,b0f066a214c2f5e87bad3c948f4d605d)
Start importing Assets/Space Exploration/Picto_Icons/Dark_Purple/banner-32.png using Guid(bfbe3b739843b294892dba2538696d99) Importer(2089858483,b0f066a214c2f5e87bad3c948f4d605d) (ScriptedImporter) -> (artifact id: 'ad3833c1f3872acd9fb1d2a092d197c9') in 0.042312 seconds
Number of updated asset objects reloaded before import = 0Number of asset objects unloaded after import = 3

========================================================================
Received Import Request.
  Time since last request: 0.000031 seconds.
  path: Assets/Space Exploration/Button_Images/Disabled_Sprites/Small
  artifactKey: Guid(c462bf19832c99947b242efb06c9ec60) Importer(2089858483,b0f066a214c2f5e87bad3c948f4d605d)
Start importing Assets/Space Exploration/Button_Images/Disabled_Sprites/Small using Guid(c462bf19832c99947b242efb06c9ec60) Importer(2089858483,b0f066a214c2f5e87bad3c948f4d605d) (ScriptedImporter) -> (artifact id: 'a19e2d4736aca58da324c37cbcff8c63') in 0.0547161 seconds
Number of updated asset objects reloaded before import = 0Number of asset objects unloaded after import = 1

========================================================================
Received Import Request.
  Time since last request: 0.000294 seconds.
  path: Assets/Space Exploration/Picto_Icons/White/down-arrow-32.png
  artifactKey: Guid(e5c43ecd61e2bf443bbc18bc3cbfb40d) Importer(2089858483,b0f066a214c2f5e87bad3c948f4d605d)
Start importing Assets/Space Exploration/Picto_Icons/White/down-arrow-32.png using Guid(e5c43ecd61e2bf443bbc18bc3cbfb40d) Importer(2089858483,b0f066a214c2f5e87bad3c948f4d605d) (ScriptedImporter) -> (artifact id: '2b9da011f1b0b1d3076ce0efbb126b15') in 0.0967565 seconds
Number of updated asset objects reloaded before import = 0Number of asset objects unloaded after import = 3

========================================================================
Received Import Request.
  Time since last request: 0.000054 seconds.
  path: Assets/Space Exploration/Prefabs/Buttons_Simple/Extra Large/Yellow/Yellow_Extra_Large_Button.prefab
  artifactKey: Guid(a3a2958c46bc94147bc8f6ade3292d55) Importer(2089858483,b0f066a214c2f5e87bad3c948f4d605d)
Start importing Assets/Space Exploration/Prefabs/Buttons_Simple/Extra Large/Yellow/Yellow_Extra_Large_Button.prefab using Guid(a3a2958c46bc94147bc8f6ade3292d55) Importer(2089858483,b0f066a214c2f5e87bad3c948f4d605d) (ScriptedImporter) -> (artifact id: '192ce94d6df05faa1a49e11c6346f37c') in 0.0704562 seconds
Number of updated asset objects reloaded before import = 0Number of asset objects unloaded after import = 18

========================================================================
Received Import Request.
  Time since last request: 0.000041 seconds.
  path: Assets/Space Exploration/Icons/key-1-256.png
  artifactKey: Guid(fbd9e8bf7e712cb4ca4ced9f9a2f2df9) Importer(2089858483,b0f066a214c2f5e87bad3c948f4d605d)
Start importing Assets/Space Exploration/Icons/key-1-256.png using Guid(fbd9e8bf7e712cb4ca4ced9f9a2f2df9) Importer(2089858483,b0f066a214c2f5e87bad3c948f4d605d) (ScriptedImporter) -> (artifact id: '8cb62c82c14ab97f448d4f77b1fb7cbb') in 0.0488251 seconds
Number of updated asset objects reloaded before import = 0Number of asset objects unloaded after import = 3

========================================================================
Received Import Request.
  Time since last request: 0.000025 seconds.
  path: Assets/Space Exploration/Icons/earth-128.png
  artifactKey: Guid(199bdb07c97553b4390cfe6605954407) Importer(2089858483,b0f066a214c2f5e87bad3c948f4d605d)
Start importing Assets/Space Exploration/Icons/earth-128.png using Guid(199bdb07c97553b4390cfe6605954407) Importer(2089858483,b0f066a214c2f5e87bad3c948f4d605d) (ScriptedImporter) -> (artifact id: '0d25f9d02f9d15a0f439fea71d550e86') in 0.0845733 seconds
Number of updated asset objects reloaded before import = 0Number of asset objects unloaded after import = 3

========================================================================
Received Import Request.
  Time since last request: 0.000041 seconds.
  path: Assets/PlayFabSDK/Multiplayer/PlayFabMultiplayerAPI.cs
  artifactKey: Guid(a5dd863da40a92a46b55d58a56b8db93) Importer(2089858483,b0f066a214c2f5e87bad3c948f4d605d)
Start importing Assets/PlayFabSDK/Multiplayer/PlayFabMultiplayerAPI.cs using Guid(a5dd863da40a92a46b55d58a56b8db93) Importer(2089858483,b0f066a214c2f5e87bad3c948f4d605d) (ScriptedImporter) -> (artifact id: '9771b6b9cb14a0f8e4bfd4b880898178') in 0.0247683 seconds
Number of updated asset objects reloaded before import = 0Number of asset objects unloaded after import = 0

========================================================================
Received Import Request.
  Time since last request: 0.000032 seconds.
  path: Assets/Space Exploration/Other_Images/Medium/sparkle-medium.png
  artifactKey: Guid(5cd079c168bbe514b9a8783721d0ba4d) Importer(2089858483,b0f066a214c2f5e87bad3c948f4d605d)
Start importing Assets/Space Exploration/Other_Images/Medium/sparkle-medium.png using Guid(5cd079c168bbe514b9a8783721d0ba4d) Importer(2089858483,b0f066a214c2f5e87bad3c948f4d605d) (ScriptedImporter) -> (artifact id: 'd4e1a76304f9b228a0a8e7668b08ba64') in 0.0456637 seconds
Number of updated asset objects reloaded before import = 0Number of asset objects unloaded after import = 3

========================================================================
Received Import Request.
  Time since last request: 0.000039 seconds.
  path: Assets/Space Exploration/Picto_Icons/White/solar-system-32.png
  artifactKey: Guid(c27f7aef116b90d47ab9b00af4c53c2d) Importer(2089858483,b0f066a214c2f5e87bad3c948f4d605d)
Start importing Assets/Space Exploration/Picto_Icons/White/solar-system-32.png using Guid(c27f7aef116b90d47ab9b00af4c53c2d) Importer(2089858483,b0f066a214c2f5e87bad3c948f4d605d) (ScriptedImporter) -> (artifact id: '5673b367fb46149e3632a2afdbc55aeb') in 0.053639 seconds
Number of updated asset objects reloaded before import = 0Number of asset objects unloaded after import = 3

========================================================================
Received Import Request.
  Time since last request: 0.000029 seconds.
  path: Assets/Space Exploration/Button_Images/Highlighted_Sprite/medium/medium-purple-highlight-medium.png
  artifactKey: Guid(da61a93bc55471446b305d56e6f466b5) Importer(2089858483,b0f066a214c2f5e87bad3c948f4d605d)
Start importing Assets/Space Exploration/Button_Images/Highlighted_Sprite/medium/medium-purple-highlight-medium.png using Guid(da61a93bc55471446b305d56e6f466b5) Importer(2089858483,b0f066a214c2f5e87bad3c948f4d605d) (ScriptedImporter) -> (artifact id: '7002768e3012f9c061678baf9cee1d65') in 0.0444034 seconds
Number of updated asset objects reloaded before import = 0Number of asset objects unloaded after import = 3

========================================================================
Received Import Request.
  Time since last request: 0.000044 seconds.
  path: Assets/Space Exploration/Prefabs/Buttons_Simple/Small/Purple/Short_Purple_Small_Button.prefab
  artifactKey: Guid(5410c785ef7101a45bc6e6b566f40e8e) Importer(2089858483,b0f066a214c2f5e87bad3c948f4d605d)
Start importing Assets/Space Exploration/Prefabs/Buttons_Simple/Small/Purple/Short_Purple_Small_Button.prefab using Guid(5410c785ef7101a45bc6e6b566f40e8e) Importer(2089858483,b0f066a214c2f5e87bad3c948f4d605d) (ScriptedImporter) -> (artifact id: '92f9a9c4de73b89e38400a332a75baec') in 0.0763126 seconds
Number of updated asset objects reloaded before import = 0Number of asset objects unloaded after import = 18

========================================================================
Received Import Request.
  Time since last request: 0.000859 seconds.
  path: Assets/Space Exploration/Picto_Icons/Dark_Purple/person-256.png
  artifactKey: Guid(64686420b9592944c83dd7e67609dcb1) Importer(2089858483,b0f066a214c2f5e87bad3c948f4d605d)
Start importing Assets/Space Exploration/Picto_Icons/Dark_Purple/person-256.png using Guid(64686420b9592944c83dd7e67609dcb1) Importer(2089858483,b0f066a214c2f5e87bad3c948f4d605d) (ScriptedImporter) -> (artifact id: '1364449783e52d3ee5f35b69c555cafc') in 0.1525306 seconds
Number of updated asset objects reloaded before import = 0Number of asset objects unloaded after import = 3

========================================================================
Received Import Request.
  Time since last request: 0.000041 seconds.
  path: Assets/Space Exploration/Picto_Icons/White/expand-128.png
  artifactKey: Guid(c86dbd4beee457541af7230c0137c138) Importer(2089858483,b0f066a214c2f5e87bad3c948f4d605d)
Start importing Assets/Space Exploration/Picto_Icons/White/expand-128.png using Guid(c86dbd4beee457541af7230c0137c138) Importer(2089858483,b0f066a214c2f5e87bad3c948f4d605d) (ScriptedImporter) -> (artifact id: 'b9b686a50ee87c33ebb8af1628ed15af') in 0.1570433 seconds
Number of updated asset objects reloaded before import = 0Number of asset objects unloaded after import = 3

========================================================================
Received Import Request.
  Time since last request: 0.000065 seconds.
  path: Assets/Space Exploration/Picto_Icons/Light_Purple/wifi-128.png
  artifactKey: Guid(bb38b100c0ddffb4c8bdceb9e6b43398) Importer(2089858483,b0f066a214c2f5e87bad3c948f4d605d)
Start importing Assets/Space Exploration/Picto_Icons/Light_Purple/wifi-128.png using Guid(bb38b100c0ddffb4c8bdceb9e6b43398) Importer(2089858483,b0f066a214c2f5e87bad3c948f4d605d) (ScriptedImporter) -> (artifact id: 'cb679418581ebe5228102a0bb445df83') in 0.1210405 seconds
Number of updated asset objects reloaded before import = 0Number of asset objects unloaded after import = 3

========================================================================
Received Import Request.
  Time since last request: 0.000041 seconds.
  path: Assets/Photon/PhotonUnityNetworking/Demos/Shared Assets/Skin/ToggleOn.png
  artifactKey: Guid(0520b1e88ad26ae4bb758a35cdf13a64) Importer(2089858483,b0f066a214c2f5e87bad3c948f4d605d)
Start importing Assets/Photon/PhotonUnityNetworking/Demos/Shared Assets/Skin/ToggleOn.png using Guid(0520b1e88ad26ae4bb758a35cdf13a64) Importer(2089858483,b0f066a214c2f5e87bad3c948f4d605d) (ScriptedImporter) -> (artifact id: '9a1e07cdd7668b12dadd93ea2d6bfce1') in 0.0553157 seconds
Number of updated asset objects reloaded before import = 0Number of asset objects unloaded after import = 1

========================================================================
Received Import Request.
  Time since last request: 0.000031 seconds.
  path: Assets/Space Exploration/Icons/plant-512.png
  artifactKey: Guid(22c70c702a25c8b489cd2061a740ce40) Importer(2089858483,b0f066a214c2f5e87bad3c948f4d605d)
Start importing Assets/Space Exploration/Icons/plant-512.png using Guid(22c70c702a25c8b489cd2061a740ce40) Importer(2089858483,b0f066a214c2f5e87bad3c948f4d605d) (ScriptedImporter) -> (artifact id: '1dd47e8a7dded221ef776f8df20b5db2') in 0.0823976 seconds
Number of updated asset objects reloaded before import = 0Number of asset objects unloaded after import = 3

========================================================================
Received Import Request.
  Time since last request: 0.000038 seconds.
  path: Assets/Space Exploration/Picto_Icons/Light_Purple/person-32.png
  artifactKey: Guid(698fcd756a80a7444839dcf47349b68c) Importer(2089858483,b0f066a214c2f5e87bad3c948f4d605d)
Start importing Assets/Space Exploration/Picto_Icons/Light_Purple/person-32.png using Guid(698fcd756a80a7444839dcf47349b68c) Importer(2089858483,b0f066a214c2f5e87bad3c948f4d605d) (ScriptedImporter) -> (artifact id: '804aae77a96c6ae427b543c864818a3b') in 0.0454001 seconds
Number of updated asset objects reloaded before import = 0Number of asset objects unloaded after import = 3

========================================================================
Received Import Request.
  Time since last request: 0.000029 seconds.
  path: Assets/Space Exploration/Icons/exoplanet-6-128.png
  artifactKey: Guid(a05b66a817f4edb4e9ab8ffea6e2ad27) Importer(2089858483,b0f066a214c2f5e87bad3c948f4d605d)
Start importing Assets/Space Exploration/Icons/exoplanet-6-128.png using Guid(a05b66a817f4edb4e9ab8ffea6e2ad27) Importer(2089858483,b0f066a214c2f5e87bad3c948f4d605d) (ScriptedImporter) -> (artifact id: '58af18f0c60762192ad61312d6c82642') in 0.0612273 seconds
Number of updated asset objects reloaded before import = 0Number of asset objects unloaded after import = 3

========================================================================
Received Import Request.
  Time since last request: 0.000045 seconds.
  path: Assets/PlayFabEditorExtensions/Editor/Resources
  artifactKey: Guid(b5f845e2a28cb46429c8d80455086ca1) Importer(2089858483,b0f066a214c2f5e87bad3c948f4d605d)
Start importing Assets/PlayFabEditorExtensions/Editor/Resources using Guid(b5f845e2a28cb46429c8d80455086ca1) Importer(2089858483,b0f066a214c2f5e87bad3c948f4d605d) (ScriptedImporter) -> (artifact id: '560e6b180478300a74b2e73eb0f50ed5') in 0.028357 seconds
Number of updated asset objects reloaded before import = 0Number of asset objects unloaded after import = 1

========================================================================
Received Import Request.
  Time since last request: 0.000029 seconds.
  path: Assets/Space Exploration/Button_Images/Source_Image_Sprites/small/square-yellow-small.png
  artifactKey: Guid(21ce0a16d937ed142975e182f35c3d34) Importer(2089858483,b0f066a214c2f5e87bad3c948f4d605d)
Start importing Assets/Space Exploration/Button_Images/Source_Image_Sprites/small/square-yellow-small.png using Guid(21ce0a16d937ed142975e182f35c3d34) Importer(2089858483,b0f066a214c2f5e87bad3c948f4d605d) (ScriptedImporter) -> (artifact id: 'fe3fca8f19c81add9527ceea29d79fac') in 0.0533201 seconds
Number of updated asset objects reloaded before import = 0Number of asset objects unloaded after import = 3

========================================================================
Received Import Request.
  Time since last request: 0.000052 seconds.
  path: Assets/Space Exploration
  artifactKey: Guid(92d3c8e6862115c4db30abc0c622184e) Importer(2089858483,b0f066a214c2f5e87bad3c948f4d605d)
Start importing Assets/Space Exploration using Guid(92d3c8e6862115c4db30abc0c622184e) Importer(2089858483,b0f066a214c2f5e87bad3c948f4d605d) (ScriptedImporter) -> (artifact id: '833c600fa500d9ef6beeba972d8a39a9') in 0.0311253 seconds
Number of updated asset objects reloaded before import = 0Number of asset objects unloaded after import = 1

========================================================================
Received Import Request.
  Time since last request: 0.000025 seconds.
  path: Assets/Space Exploration/Picto_Icons/Dark_Purple/skull-256.png
  artifactKey: Guid(afed861a92a800648a6145ca836d9611) Importer(2089858483,b0f066a214c2f5e87bad3c948f4d605d)
Start importing Assets/Space Exploration/Picto_Icons/Dark_Purple/skull-256.png using Guid(afed861a92a800648a6145ca836d9611) Importer(2089858483,b0f066a214c2f5e87bad3c948f4d605d) (ScriptedImporter) -> (artifact id: '850b0065f138399cf1159e0a2fcb2186') in 0.147897 seconds
Number of updated asset objects reloaded before import = 0Number of asset objects unloaded after import = 3

========================================================================
Received Import Request.
  Time since last request: 0.000039 seconds.
  path: Assets/Space Exploration/Picto_Icons/White/download-32.png
  artifactKey: Guid(467854e36049baa459829c439c2a2084) Importer(2089858483,b0f066a214c2f5e87bad3c948f4d605d)
Start importing Assets/Space Exploration/Picto_Icons/White/download-32.png using Guid(467854e36049baa459829c439c2a2084) Importer(2089858483,b0f066a214c2f5e87bad3c948f4d605d) (ScriptedImporter) -> (artifact id: '118c0ba854eff0a8b25c1d2a7d1fa1f1') in 0.0921631 seconds
Number of updated asset objects reloaded before import = 0Number of asset objects unloaded after import = 3

========================================================================
Received Import Request.
  Time since last request: 0.000027 seconds.
  path: Assets/Space Exploration/Picto_Icons/Light_Purple/left-arrow-128.png
  artifactKey: Guid(2deb9275aaa497b479192ecd1fa3bf39) Importer(2089858483,b0f066a214c2f5e87bad3c948f4d605d)
Start importing Assets/Space Exploration/Picto_Icons/Light_Purple/left-arrow-128.png using Guid(2deb9275aaa497b479192ecd1fa3bf39) Importer(2089858483,b0f066a214c2f5e87bad3c948f4d605d) (ScriptedImporter) -> (artifact id: '30b06174f449458f9e2a1ed5ea546308') in 0.0525406 seconds
Number of updated asset objects reloaded before import = 0Number of asset objects unloaded after import = 3

========================================================================
Received Import Request.
  Time since last request: 0.000043 seconds.
  path: Assets/Space Exploration/Prefabs/Buttons_Simple/Large/Yellow/Sparkle_Large_Yellow_Large_Button.prefab
  artifactKey: Guid(d126cf174e0496043851899cc920cc89) Importer(2089858483,b0f066a214c2f5e87bad3c948f4d605d)
Start importing Assets/Space Exploration/Prefabs/Buttons_Simple/Large/Yellow/Sparkle_Large_Yellow_Large_Button.prefab using Guid(d126cf174e0496043851899cc920cc89) Importer(2089858483,b0f066a214c2f5e87bad3c948f4d605d) (ScriptedImporter) -> (artifact id: 'f81c60ea4c2796a4c4f1a496447c9f8a') in 0.1186449 seconds
Number of updated asset objects reloaded before import = 0Number of asset objects unloaded after import = 18

========================================================================
Received Import Request.
  Time since last request: 0.000027 seconds.
  path: Assets/Space Exploration/Icons/pickaxe-128.png
  artifactKey: Guid(5d85370f0d59b384e88d10ff1737ffc9) Importer(2089858483,b0f066a214c2f5e87bad3c948f4d605d)
Start importing Assets/Space Exploration/Icons/pickaxe-128.png using Guid(5d85370f0d59b384e88d10ff1737ffc9) Importer(2089858483,b0f066a214c2f5e87bad3c948f4d605d) (ScriptedImporter) -> (artifact id: '9017c17d0fc5f71bd15f238fd2450a91') in 0.0757568 seconds
Number of updated asset objects reloaded before import = 0Number of asset objects unloaded after import = 3

========================================================================
Received Import Request.
  Time since last request: 0.000039 seconds.
  path: Assets/Photon/PhotonUnityNetworking/Demos/PunCockpit/Scripts/ThirdParty/PunCockpitEmbed.cs
  artifactKey: Guid(850bc9a492af040b49a0ffe115a7614b) Importer(2089858483,b0f066a214c2f5e87bad3c948f4d605d)
Start importing Assets/Photon/PhotonUnityNetworking/Demos/PunCockpit/Scripts/ThirdParty/PunCockpitEmbed.cs using Guid(850bc9a492af040b49a0ffe115a7614b) Importer(2089858483,b0f066a214c2f5e87bad3c948f4d605d) (ScriptedImporter) -> (artifact id: '933638617d4843894713586215fbce66') in 0.0375731 seconds
Number of updated asset objects reloaded before import = 0Number of asset objects unloaded after import = 0

========================================================================
Received Import Request.
  Time since last request: 0.000042 seconds.
  path: Assets/Space Exploration/Button_Images/Pressed_Sprites/Small/extra-long-purple-pressed-small.png
  artifactKey: Guid(b2c05f9a8b155404ab75b298d3d2eab6) Importer(2089858483,b0f066a214c2f5e87bad3c948f4d605d)
Start importing Assets/Space Exploration/Button_Images/Pressed_Sprites/Small/extra-long-purple-pressed-small.png using Guid(b2c05f9a8b155404ab75b298d3d2eab6) Importer(2089858483,b0f066a214c2f5e87bad3c948f4d605d) (ScriptedImporter) -> (artifact id: '61ff8555088f7ce45c9a1ef0417ca2a4') in 0.0489815 seconds
Number of updated asset objects reloaded before import = 0Number of asset objects unloaded after import = 3

========================================================================
Received Import Request.
  Time since last request: 0.000042 seconds.
  path: Assets/Space Exploration/Picto_Icons/Dark_Purple/info-64.png
  artifactKey: Guid(7f5e04e49fc34f349900038400c44e31) Importer(2089858483,b0f066a214c2f5e87bad3c948f4d605d)
Start importing Assets/Space Exploration/Picto_Icons/Dark_Purple/info-64.png using Guid(7f5e04e49fc34f349900038400c44e31) Importer(2089858483,b0f066a214c2f5e87bad3c948f4d605d) (ScriptedImporter) -> (artifact id: '387939d3892fa1492faff0e6e1c00727') in 0.0588201 seconds
Number of updated asset objects reloaded before import = 0Number of asset objects unloaded after import = 3

========================================================================
Received Import Request.
  Time since last request: 0.000027 seconds.
  path: Assets/Space Exploration/Picto_Icons/White/mail-32.png
  artifactKey: Guid(be39c3d1a9671e74a81f1d7bf0113f27) Importer(2089858483,b0f066a214c2f5e87bad3c948f4d605d)
Start importing Assets/Space Exploration/Picto_Icons/White/mail-32.png using Guid(be39c3d1a9671e74a81f1d7bf0113f27) Importer(2089858483,b0f066a214c2f5e87bad3c948f4d605d) (ScriptedImporter) -> (artifact id: '226add474fdd763f3517777b27f88d87') in 0.1053702 seconds
Number of updated asset objects reloaded before import = 0Number of asset objects unloaded after import = 3

========================================================================
Received Import Request.
  Time since last request: 0.000040 seconds.
  path: Assets/Photon/PhotonUnityNetworking/Demos/DemoSlotRacer
  artifactKey: Guid(f596cf04a966f2c4f99e675fea04c8a0) Importer(2089858483,b0f066a214c2f5e87bad3c948f4d605d)
Start importing Assets/Photon/PhotonUnityNetworking/Demos/DemoSlotRacer using Guid(f596cf04a966f2c4f99e675fea04c8a0) Importer(2089858483,b0f066a214c2f5e87bad3c948f4d605d) (ScriptedImporter) -> (artifact id: 'ff01b837978555b0b7295fee939d19e3') in 0.0307554 seconds
Number of updated asset objects reloaded before import = 0Number of asset objects unloaded after import = 1

========================================================================
Received Import Request.
  Time since last request: 0.000041 seconds.
  path: Assets/Readme.asset
  artifactKey: Guid(8105016687592461f977c054a80ce2f2) Importer(2089858483,b0f066a214c2f5e87bad3c948f4d605d)
Start importing Assets/Readme.asset using Guid(8105016687592461f977c054a80ce2f2) Importer(2089858483,b0f066a214c2f5e87bad3c948f4d605d) (ScriptedImporter) -> (artifact id: '99a60e4c7c5aef13a04b99b8a57d09b7') in 0.0229609 seconds
Number of updated asset objects reloaded before import = 0Number of asset objects unloaded after import = 1

========================================================================
Received Import Request.
  Time since last request: 0.000073 seconds.
  path: Assets/Space Exploration/Picto_Icons/Light_Purple/sound-128.png
  artifactKey: Guid(fc2fb7c91b02bbe4c82f3565b34dc77f) Importer(2089858483,b0f066a214c2f5e87bad3c948f4d605d)
Start importing Assets/Space Exploration/Picto_Icons/Light_Purple/sound-128.png using Guid(fc2fb7c91b02bbe4c82f3565b34dc77f) Importer(2089858483,b0f066a214c2f5e87bad3c948f4d605d) (ScriptedImporter) -> (artifact id: '677dc2bf864be9da0f8366ef56cc0155') in 0.0986069 seconds
Number of updated asset objects reloaded before import = 0Number of asset objects unloaded after import = 3

========================================================================
Received Import Request.
  Time since last request: 0.000027 seconds.
  path: Assets/PlayFabSDK/Data/PlayFabEvents.cs
  artifactKey: Guid(deeaf7c863e34d24591edc6c7cf96650) Importer(2089858483,b0f066a214c2f5e87bad3c948f4d605d)
Start importing Assets/PlayFabSDK/Data/PlayFabEvents.cs using Guid(deeaf7c863e34d24591edc6c7cf96650) Importer(2089858483,b0f066a214c2f5e87bad3c948f4d605d) (ScriptedImporter) -> (artifact id: '0e6364504d5a493757a9e9e1605d6038') in 0.0327661 seconds
Number of updated asset objects reloaded before import = 0Number of asset objects unloaded after import = 0

========================================================================
Received Import Request.
  Time since last request: 0.000041 seconds.
  path: Assets/Space Exploration/Icons/uranus-256.png
  artifactKey: Guid(8ad54993946182e428c94b9ea8968c98) Importer(2089858483,b0f066a214c2f5e87bad3c948f4d605d)
Start importing Assets/Space Exploration/Icons/uranus-256.png using Guid(8ad54993946182e428c94b9ea8968c98) Importer(2089858483,b0f066a214c2f5e87bad3c948f4d605d) (ScriptedImporter) -> (artifact id: 'b5a91918c769dfcbe75e3db279861d88') in 0.1313498 seconds
Number of updated asset objects reloaded before import = 0Number of asset objects unloaded after import = 3

========================================================================
Received Import Request.
  Time since last request: 0.000028 seconds.
  path: Assets/Space Exploration/Picto_Icons/White/pencil-32.png
  artifactKey: Guid(5ecfb34627d085a4f81f765e7fa92e96) Importer(2089858483,b0f066a214c2f5e87bad3c948f4d605d)
Start importing Assets/Space Exploration/Picto_Icons/White/pencil-32.png using Guid(5ecfb34627d085a4f81f765e7fa92e96) Importer(2089858483,b0f066a214c2f5e87bad3c948f4d605d) (ScriptedImporter) -> (artifact id: 'f9307c29c11224e8f6c55e237d247b1f') in 0.0691777 seconds
Number of updated asset objects reloaded before import = 0Number of asset objects unloaded after import = 3

========================================================================
Received Import Request.
  Time since last request: 0.000043 seconds.
  path: Assets/Space Exploration/Picto_Icons/Light_Purple/person-256.png
  artifactKey: Guid(75c13cfec6a17a645881cd89b0423d14) Importer(2089858483,b0f066a214c2f5e87bad3c948f4d605d)
Start importing Assets/Space Exploration/Picto_Icons/Light_Purple/person-256.png using Guid(75c13cfec6a17a645881cd89b0423d14) Importer(2089858483,b0f066a214c2f5e87bad3c948f4d605d) (ScriptedImporter) -> (artifact id: 'e92f2a86861c73885eac7c6d2aceb5f4') in 0.0420957 seconds
Number of updated asset objects reloaded before import = 0Number of asset objects unloaded after import = 3

========================================================================
Received Import Request.
  Time since last request: 0.000029 seconds.
  path: Assets/Photon/PhotonUnityNetworking/Demos/DemoHub/Editor/PunDemos.DemoHubEditor.asmdef
  artifactKey: Guid(e9a89c21e4f5b294eb31fb8166e13303) Importer(2089858483,b0f066a214c2f5e87bad3c948f4d605d)
Start importing Assets/Photon/PhotonUnityNetworking/Demos/DemoHub/Editor/PunDemos.DemoHubEditor.asmdef using Guid(e9a89c21e4f5b294eb31fb8166e13303) Importer(2089858483,b0f066a214c2f5e87bad3c948f4d605d) (ScriptedImporter) -> (artifact id: 'a1b90d5eed2f3262a3763ac979b4ffd8') in 0.0492447 seconds
Number of updated asset objects reloaded before import = 0Number of asset objects unloaded after import = 1

========================================================================
Received Import Request.
  Time since last request: 0.000040 seconds.
  path: Assets/Space Exploration/Picto_Icons/Light_Purple/full-moon-64.png
  artifactKey: Guid(2064f3eecb7437845b75844ed4ce7b7e) Importer(2089858483,b0f066a214c2f5e87bad3c948f4d605d)
Start importing Assets/Space Exploration/Picto_Icons/Light_Purple/full-moon-64.png using Guid(2064f3eecb7437845b75844ed4ce7b7e) Importer(2089858483,b0f066a214c2f5e87bad3c948f4d605d) (ScriptedImporter) -> (artifact id: '20e6ab4adeff4283aa2257c33ea83b0f') in 0.067847 seconds
Number of updated asset objects reloaded before import = 0Number of asset objects unloaded after import = 3

========================================================================
Received Import Request.
  Time since last request: 0.000060 seconds.
  path: Assets/Space Exploration/Icons/tv-256.png
  artifactKey: Guid(851f57b31c60f47459b943fc3b74cb45) Importer(2089858483,b0f066a214c2f5e87bad3c948f4d605d)
Start importing Assets/Space Exploration/Icons/tv-256.png using Guid(851f57b31c60f47459b943fc3b74cb45) Importer(2089858483,b0f066a214c2f5e87bad3c948f4d605d) (ScriptedImporter) -> (artifact id: '0a722bc620c90515eecabdab1db7122c') in 0.0679347 seconds
Number of updated asset objects reloaded before import = 0Number of asset objects unloaded after import = 3

========================================================================
Received Import Request.
  Time since last request: 0.000047 seconds.
  path: Assets/Space Exploration/Button_Images/Highlighted_Sprite/medium/square-yellow-highlight-medium.png
  artifactKey: Guid(da0867aedc9e29547ae896b224a85023) Importer(2089858483,b0f066a214c2f5e87bad3c948f4d605d)
Start importing Assets/Space Exploration/Button_Images/Highlighted_Sprite/medium/square-yellow-highlight-medium.png using Guid(da0867aedc9e29547ae896b224a85023) Importer(2089858483,b0f066a214c2f5e87bad3c948f4d605d) (ScriptedImporter) -> (artifact id: '029a0ae7003a76ae8f40fde1b6dc81ea') in 0.0800641 seconds
Number of updated asset objects reloaded before import = 0Number of asset objects unloaded after import = 3

========================================================================
Received Import Request.
  Time since last request: 0.000035 seconds.
  path: Assets/Space Exploration/Settings_&_Menu_Components/Small/on-deselected-small.png
  artifactKey: Guid(ed154dc9b9751e848b921c037aa9fd50) Importer(2089858483,b0f066a214c2f5e87bad3c948f4d605d)
Start importing Assets/Space Exploration/Settings_&_Menu_Components/Small/on-deselected-small.png using Guid(ed154dc9b9751e848b921c037aa9fd50) Importer(2089858483,b0f066a214c2f5e87bad3c948f4d605d) (ScriptedImporter) -> (artifact id: 'cd9b9039988b35a674f78be3b4c819ec') in 0.05829 seconds
Number of updated asset objects reloaded before import = 0Number of asset objects unloaded after import = 3

========================================================================
Received Import Request.
  Time since last request: 0.000043 seconds.
  path: Assets/Space Exploration/Picto_Icons/Light_Purple/sound-off-128.png
  artifactKey: Guid(5d1f9a254a05b7741b09a5bb43fe329a) Importer(2089858483,b0f066a214c2f5e87bad3c948f4d605d)
Start importing Assets/Space Exploration/Picto_Icons/Light_Purple/sound-off-128.png using Guid(5d1f9a254a05b7741b09a5bb43fe329a) Importer(2089858483,b0f066a214c2f5e87bad3c948f4d605d) (ScriptedImporter) -> (artifact id: 'c56955b38a01b65b3f54fffb332006f3') in 0.0878341 seconds
Number of updated asset objects reloaded before import = 0Number of asset objects unloaded after import = 3

========================================================================
Received Import Request.
  Time since last request: 0.000029 seconds.
  path: Assets/Photon/PhotonUnityNetworking/Demos/PunCockpit/Scripts/Autonomous UI/CrcCheckToggle.cs
  artifactKey: Guid(ac5f2e2d5fa8e4143ab9b97b523d3990) Importer(2089858483,b0f066a214c2f5e87bad3c948f4d605d)
Start importing Assets/Photon/PhotonUnityNetworking/Demos/PunCockpit/Scripts/Autonomous UI/CrcCheckToggle.cs using Guid(ac5f2e2d5fa8e4143ab9b97b523d3990) Importer(2089858483,b0f066a214c2f5e87bad3c948f4d605d) (ScriptedImporter) -> (artifact id: 'cfdc2e0f282d8d9923e10037ba678a52') in 0.0549154 seconds
Number of updated asset objects reloaded before import = 0Number of asset objects unloaded after import = 0

========================================================================
Received Import Request.
  Time since last request: 0.000043 seconds.
  path: Assets/Space Exploration/Rank_System_Components/Extra Large/ranking-2nd-extra-large 1.png
  artifactKey: Guid(69aebf75e365cb340a444a498309166a) Importer(2089858483,b0f066a214c2f5e87bad3c948f4d605d)
Start importing Assets/Space Exploration/Rank_System_Components/Extra Large/ranking-2nd-extra-large 1.png using Guid(69aebf75e365cb340a444a498309166a) Importer(2089858483,b0f066a214c2f5e87bad3c948f4d605d) (ScriptedImporter) -> (artifact id: '5b24f70325bf84edb86693842df8fece') in 0.1628514 seconds
Number of updated asset objects reloaded before import = 0Number of asset objects unloaded after import = 3

========================================================================
Received Import Request.
  Time since last request: 0.000031 seconds.
  path: Assets/Space Exploration/Picto_Icons/White/download-128.png
  artifactKey: Guid(b736c6d54eb02ef438d8fb92bb0dbaa5) Importer(2089858483,b0f066a214c2f5e87bad3c948f4d605d)
Start importing Assets/Space Exploration/Picto_Icons/White/download-128.png using Guid(b736c6d54eb02ef438d8fb92bb0dbaa5) Importer(2089858483,b0f066a214c2f5e87bad3c948f4d605d) (ScriptedImporter) -> (artifact id: '32778713ac268a49d721e7c6019383bb') in 0.0655613 seconds
Number of updated asset objects reloaded before import = 0Number of asset objects unloaded after import = 3

========================================================================
Received Import Request.
  Time since last request: 0.000042 seconds.
  path: Assets/Space Exploration/Icons/exoplanet-1-512.png
  artifactKey: Guid(c93d1076045fa9f4186c68441ebd4b93) Importer(2089858483,b0f066a214c2f5e87bad3c948f4d605d)
Start importing Assets/Space Exploration/Icons/exoplanet-1-512.png using Guid(c93d1076045fa9f4186c68441ebd4b93) Importer(2089858483,b0f066a214c2f5e87bad3c948f4d605d) (ScriptedImporter) -> (artifact id: '8fd4c21dd028c36d4a5216e553c180f6') in 0.053413 seconds
Number of updated asset objects reloaded before import = 0Number of asset objects unloaded after import = 3

========================================================================
Received Import Request.
  Time since last request: 0.000035 seconds.
  path: Assets/Space Exploration/Prefabs/UI_Elements/Large/Menu Buttons/Check_Box_Large.prefab
  artifactKey: Guid(0d27421cd996c5243ac7fd9298a05175) Importer(2089858483,b0f066a214c2f5e87bad3c948f4d605d)
Start importing Assets/Space Exploration/Prefabs/UI_Elements/Large/Menu Buttons/Check_Box_Large.prefab using Guid(0d27421cd996c5243ac7fd9298a05175) Importer(2089858483,b0f066a214c2f5e87bad3c948f4d605d) (ScriptedImporter) -> (artifact id: 'bb196acbf318a20bf9fb32cedca30048') in 0.1015983 seconds
Number of updated asset objects reloaded before import = 0Number of asset objects unloaded after import = 15

========================================================================
Received Import Request.
  Time since last request: 0.000072 seconds.
  path: Assets/Space Exploration/Picto_Icons/Dark_Purple/page-256.png
  artifactKey: Guid(80b74344f60d9904c888b7a099e7a91d) Importer(2089858483,b0f066a214c2f5e87bad3c948f4d605d)
Start importing Assets/Space Exploration/Picto_Icons/Dark_Purple/page-256.png using Guid(80b74344f60d9904c888b7a099e7a91d) Importer(2089858483,b0f066a214c2f5e87bad3c948f4d605d) (ScriptedImporter) -> (artifact id: 'db928059fd47ae02b782ff4020285d40') in 0.0760644 seconds
Number of updated asset objects reloaded before import = 0Number of asset objects unloaded after import = 3

========================================================================
Received Import Request.
  Time since last request: 0.000028 seconds.
  path: Assets/Space Exploration/Picto_Icons/Dark_Purple/settings-128.png
  artifactKey: Guid(7df10c6238724e44cb3461a0beea13b7) Importer(2089858483,b0f066a214c2f5e87bad3c948f4d605d)
Start importing Assets/Space Exploration/Picto_Icons/Dark_Purple/settings-128.png using Guid(7df10c6238724e44cb3461a0beea13b7) Importer(2089858483,b0f066a214c2f5e87bad3c948f4d605d) (ScriptedImporter) -> (artifact id: 'c83b15384ae77f2413246666f49c346a') in 0.0703952 seconds
Number of updated asset objects reloaded before import = 0Number of asset objects unloaded after import = 3

========================================================================
Received Import Request.
  Time since last request: 0.000065 seconds.
  path: Assets/Photon/PhotonUnityNetworking/Demos/Shared Assets/Scripts/ThirdPersonUserControl.cs
  artifactKey: Guid(26928efe22aad45409539f931f1190a4) Importer(2089858483,b0f066a214c2f5e87bad3c948f4d605d)
Start importing Assets/Photon/PhotonUnityNetworking/Demos/Shared Assets/Scripts/ThirdPersonUserControl.cs using Guid(26928efe22aad45409539f931f1190a4) Importer(2089858483,b0f066a214c2f5e87bad3c948f4d605d) (ScriptedImporter) -> (artifact id: '12379f37b701afe275f88429e9c66fa8') in 0.0343794 seconds
Number of updated asset objects reloaded before import = 0Number of asset objects unloaded after import = 0

========================================================================
Received Import Request.
  Time since last request: 0.000031 seconds.
  path: Assets/Space Exploration/Picto_Icons/Dark_Purple/leaf-256.png
  artifactKey: Guid(fd4fbe4e9855da24cb50d41d6eb73ddc) Importer(2089858483,b0f066a214c2f5e87bad3c948f4d605d)
Start importing Assets/Space Exploration/Picto_Icons/Dark_Purple/leaf-256.png using Guid(fd4fbe4e9855da24cb50d41d6eb73ddc) Importer(2089858483,b0f066a214c2f5e87bad3c948f4d605d) (ScriptedImporter) -> (artifact id: '04a9c8103e6c5b6529da6dba8f982882') in 0.0776661 seconds
Number of updated asset objects reloaded before import = 0Number of asset objects unloaded after import = 3

========================================================================
Received Import Request.
  Time since last request: 0.000059 seconds.
  path: Assets/Space Exploration/Button_Images/Disabled_Sprites/Medium/square-disabled-medium.png
  artifactKey: Guid(1011cda42ea2c0144adddbcd6d9e6aec) Importer(2089858483,b0f066a214c2f5e87bad3c948f4d605d)
Start importing Assets/Space Exploration/Button_Images/Disabled_Sprites/Medium/square-disabled-medium.png using Guid(1011cda42ea2c0144adddbcd6d9e6aec) Importer(2089858483,b0f066a214c2f5e87bad3c948f4d605d) (ScriptedImporter) -> (artifact id: '635dbb5555fb48d780880e1281a686d5') in 0.0481057 seconds
Number of updated asset objects reloaded before import = 0Number of asset objects unloaded after import = 3

========================================================================
Received Import Request.
  Time since last request: 0.000030 seconds.
  path: Assets/Space Exploration/Button_Images/Highlighted_Sprite/large/large-yellow-sparkle-highlight-large.png
  artifactKey: Guid(1aca2f0e58ac09b409c2368916d180aa) Importer(2089858483,b0f066a214c2f5e87bad3c948f4d605d)
Start importing Assets/Space Exploration/Button_Images/Highlighted_Sprite/large/large-yellow-sparkle-highlight-large.png using Guid(1aca2f0e58ac09b409c2368916d180aa) Importer(2089858483,b0f066a214c2f5e87bad3c948f4d605d) (ScriptedImporter) -> (artifact id: '670a602562a488e831f66c76bcf36144') in 0.0412076 seconds
Number of updated asset objects reloaded before import = 0Number of asset objects unloaded after import = 3

========================================================================
Received Import Request.
  Time since last request: 0.000044 seconds.
  path: Assets/Space Exploration/Picto_Icons/Light_Purple/pencil-64.png
  artifactKey: Guid(a76670538c5a37e47a4570f51d9bcf52) Importer(2089858483,b0f066a214c2f5e87bad3c948f4d605d)
Start importing Assets/Space Exploration/Picto_Icons/Light_Purple/pencil-64.png using Guid(a76670538c5a37e47a4570f51d9bcf52) Importer(2089858483,b0f066a214c2f5e87bad3c948f4d605d) (ScriptedImporter) -> (artifact id: 'e10682e07b8783bd8ba36c250de7cf85') in 0.0573442 seconds
Number of updated asset objects reloaded before import = 0Number of asset objects unloaded after import = 3

========================================================================
Received Import Request.
  Time since last request: 0.000031 seconds.
  path: Assets/Space Exploration/Prefabs/UI_Elements/Large/Slider Bars/Progress_Slider_Large.prefab
  artifactKey: Guid(e2906537a70d9f245b334a11a96eba99) Importer(2089858483,b0f066a214c2f5e87bad3c948f4d605d)
Start importing Assets/Space Exploration/Prefabs/UI_Elements/Large/Slider Bars/Progress_Slider_Large.prefab using Guid(e2906537a70d9f245b334a11a96eba99) Importer(2089858483,b0f066a214c2f5e87bad3c948f4d605d) (ScriptedImporter) -> (artifact id: '9afbd8e47be5e1c37b681b125b8bd2db') in 0.0623783 seconds
Number of updated asset objects reloaded before import = 0Number of asset objects unloaded after import = 25

========================================================================
Received Import Request.
  Time since last request: 0.000045 seconds.
  path: Assets/Space Exploration/Picto_Icons/Dark_Purple/door-32.png
  artifactKey: Guid(5b265521a58f36a4c9326ad0a3f7e4c1) Importer(2089858483,b0f066a214c2f5e87bad3c948f4d605d)
Start importing Assets/Space Exploration/Picto_Icons/Dark_Purple/door-32.png using Guid(5b265521a58f36a4c9326ad0a3f7e4c1) Importer(2089858483,b0f066a214c2f5e87bad3c948f4d605d) (ScriptedImporter) -> (artifact id: 'fca989ead2715ac156e52779a71d691c') in 0.0478926 seconds
Number of updated asset objects reloaded before import = 0Number of asset objects unloaded after import = 3

========================================================================
Received Import Request.
  Time since last request: 0.000029 seconds.
  path: Assets/Photon/PhotonUnityNetworking/Demos/DemoProcedural/Scripts/ProceduralController.cs
  artifactKey: Guid(11937abc60ef5bc4796d4b3a3d273f83) Importer(2089858483,b0f066a214c2f5e87bad3c948f4d605d)
Start importing Assets/Photon/PhotonUnityNetworking/Demos/DemoProcedural/Scripts/ProceduralController.cs using Guid(11937abc60ef5bc4796d4b3a3d273f83) Importer(2089858483,b0f066a214c2f5e87bad3c948f4d605d) (ScriptedImporter) -> (artifact id: 'a44cb8dc194b675e91c6b46e513090b8') in 0.0379247 seconds
Number of updated asset objects reloaded before import = 0Number of asset objects unloaded after import = 0

========================================================================
Received Import Request.
  Time since last request: 0.000044 seconds.
  path: Assets/Space Exploration/Button_Images/Pressed_Sprites/Medium
  artifactKey: Guid(d8f323bc25113524cbc2f980de11851c) Importer(2089858483,b0f066a214c2f5e87bad3c948f4d605d)
Start importing Assets/Space Exploration/Button_Images/Pressed_Sprites/Medium using Guid(d8f323bc25113524cbc2f980de11851c) Importer(2089858483,b0f066a214c2f5e87bad3c948f4d605d) (ScriptedImporter) -> (artifact id: 'c1177a141af5e251a568f083472a2526') in 0.0364245 seconds
Number of updated asset objects reloaded before import = 0Number of asset objects unloaded after import = 1

========================================================================
Received Import Request.
  Time since last request: 0.000027 seconds.
  path: Assets/Photon/PhotonRealtime/Code/Unity/Editor/PhotonEditorUtils.cs
  artifactKey: Guid(607340ca505d53d4f8e785423fac7964) Importer(2089858483,b0f066a214c2f5e87bad3c948f4d605d)
Start importing Assets/Photon/PhotonRealtime/Code/Unity/Editor/PhotonEditorUtils.cs using Guid(607340ca505d53d4f8e785423fac7964) Importer(2089858483,b0f066a214c2f5e87bad3c948f4d605d) (ScriptedImporter) -> (artifact id: '19f291ca79d243ece77aa439993772ff') in 0.0355951 seconds
Number of updated asset objects reloaded before import = 0Number of asset objects unloaded after import = 0

========================================================================
Received Import Request.
  Time since last request: 0.000043 seconds.
  path: Assets/Photon/PhotonUnityNetworking/Demos/PunBasics-Tutorial/Scripts
  artifactKey: Guid(08e23bebf2a53eb488ac85b9cb4b41fd) Importer(2089858483,b0f066a214c2f5e87bad3c948f4d605d)
Start importing Assets/Photon/PhotonUnityNetworking/Demos/PunBasics-Tutorial/Scripts using Guid(08e23bebf2a53eb488ac85b9cb4b41fd) Importer(2089858483,b0f066a214c2f5e87bad3c948f4d605d) (ScriptedImporter) -> (artifact id: 'abcc5aa4af73ed09c63b3f925ec8d7bd') in 0.043017 seconds
Number of updated asset objects reloaded before import = 0Number of asset objects unloaded after import = 1

========================================================================
Received Import Request.
  Time since last request: 0.000030 seconds.
  path: Assets/Space Exploration/Picto_Icons/White/diamond-32.png
  artifactKey: Guid(b0e6d4d8466a2f14e96eb3c0692a2d00) Importer(2089858483,b0f066a214c2f5e87bad3c948f4d605d)
Start importing Assets/Space Exploration/Picto_Icons/White/diamond-32.png using Guid(b0e6d4d8466a2f14e96eb3c0692a2d00) Importer(2089858483,b0f066a214c2f5e87bad3c948f4d605d) (ScriptedImporter) -> (artifact id: '5292cf85a959deaceb3370dbdfbfe9e2') in 0.1162293 seconds
Number of updated asset objects reloaded before import = 0Number of asset objects unloaded after import = 3

========================================================================
Received Import Request.
  Time since last request: 0.000039 seconds.
  path: Assets/Space Exploration/Picto_Icons/White/badge-256.png
  artifactKey: Guid(c68efd081ddc987408efb5458c0080c2) Importer(2089858483,b0f066a214c2f5e87bad3c948f4d605d)
Start importing Assets/Space Exploration/Picto_Icons/White/badge-256.png using Guid(c68efd081ddc987408efb5458c0080c2) Importer(2089858483,b0f066a214c2f5e87bad3c948f4d605d) (ScriptedImporter) -> (artifact id: '42ffb645ce9d3d7c95d7b0a207e2380f') in 0.0610963 seconds
Number of updated asset objects reloaded before import = 0Number of asset objects unloaded after import = 3

========================================================================
Received Import Request.
  Time since last request: 0.000031 seconds.
  path: Assets/Photon/PhotonUnityNetworking/Demos/PunCockpit/Scripts/ReadOnlyProperties/GameVersionProperty.cs
  artifactKey: Guid(d5168ef825c3e4b74aff060ca5c07cc1) Importer(2089858483,b0f066a214c2f5e87bad3c948f4d605d)
Start importing Assets/Photon/PhotonUnityNetworking/Demos/PunCockpit/Scripts/ReadOnlyProperties/GameVersionProperty.cs using Guid(d5168ef825c3e4b74aff060ca5c07cc1) Importer(2089858483,b0f066a214c2f5e87bad3c948f4d605d) (ScriptedImporter) -> (artifact id: 'a09570ef654c91e2a91a01e5f4b95dc4') in 0.032718 seconds
Number of updated asset objects reloaded before import = 0Number of asset objects unloaded after import = 0

========================================================================
Received Import Request.
  Time since last request: 0.000032 seconds.
  path: Assets/Space Exploration/Picto_Icons/Dark_Purple/web-32.png
  artifactKey: Guid(598b9f987b073b348a24b9f538d4795b) Importer(2089858483,b0f066a214c2f5e87bad3c948f4d605d)
Start importing Assets/Space Exploration/Picto_Icons/Dark_Purple/web-32.png using Guid(598b9f987b073b348a24b9f538d4795b) Importer(2089858483,b0f066a214c2f5e87bad3c948f4d605d) (ScriptedImporter) -> (artifact id: '1c0fa2bf2cad22ee08c9e2cf485433df') in 0.1166419 seconds
Number of updated asset objects reloaded before import = 0Number of asset objects unloaded after import = 3

========================================================================
Received Import Request.
  Time since last request: 0.000029 seconds.
  path: Assets/Space Exploration/Picto_Icons/Dark_Purple/sound-256.png
  artifactKey: Guid(7ffa7a5a93cb0734fa3a904555234572) Importer(2089858483,b0f066a214c2f5e87bad3c948f4d605d)
Start importing Assets/Space Exploration/Picto_Icons/Dark_Purple/sound-256.png using Guid(7ffa7a5a93cb0734fa3a904555234572) Importer(2089858483,b0f066a214c2f5e87bad3c948f4d605d) (ScriptedImporter) -> (artifact id: '0fe8e3a88cae8a3b9dd90a6b5ac491f2') in 0.0708197 seconds
Number of updated asset objects reloaded before import = 0Number of asset objects unloaded after import = 3

========================================================================
Received Import Request.
  Time since last request: 0.000044 seconds.
  path: Assets/Space Exploration/Button_Images/Source_Image_Sprites/small/desktop.ini
  artifactKey: Guid(483c49d0d4a88f04bad2a9360584b388) Importer(2089858483,b0f066a214c2f5e87bad3c948f4d605d)
Start importing Assets/Space Exploration/Button_Images/Source_Image_Sprites/small/desktop.ini using Guid(483c49d0d4a88f04bad2a9360584b388) Importer(2089858483,b0f066a214c2f5e87bad3c948f4d605d) (ScriptedImporter) -> (artifact id: '613e5206bf7647766f3b2091ed07d372') in 0.0319323 seconds
Number of updated asset objects reloaded before import = 0Number of asset objects unloaded after import = 1

========================================================================
Received Import Request.
  Time since last request: 0.000034 seconds.
  path: Assets/Space Exploration/Picto_Icons/White/bolt-256.png
  artifactKey: Guid(0d1c3adc675086546a078068bfb10b99) Importer(2089858483,b0f066a214c2f5e87bad3c948f4d605d)
Start importing Assets/Space Exploration/Picto_Icons/White/bolt-256.png using Guid(0d1c3adc675086546a078068bfb10b99) Importer(2089858483,b0f066a214c2f5e87bad3c948f4d605d) (ScriptedImporter) -> (artifact id: '04740c2d0c993098c8c6960717e174b9') in 0.3582644 seconds
Number of updated asset objects reloaded before import = 0Number of asset objects unloaded after import = 3

========================================================================
Received Import Request.
  Time since last request: 0.000049 seconds.
  path: Assets/PlayFabEditorExtensions/Editor/Scripts/PlayFabEditorSDK/ISerializer.cs
  artifactKey: Guid(f326e8a2f3464f246b1f3b5edd7ea59c) Importer(2089858483,b0f066a214c2f5e87bad3c948f4d605d)
Start importing Assets/PlayFabEditorExtensions/Editor/Scripts/PlayFabEditorSDK/ISerializer.cs using Guid(f326e8a2f3464f246b1f3b5edd7ea59c) Importer(2089858483,b0f066a214c2f5e87bad3c948f4d605d) (ScriptedImporter) -> (artifact id: '6943df4f8eaf7b979585a807cfc75cac') in 0.0343248 seconds
Number of updated asset objects reloaded before import = 0Number of asset objects unloaded after import = 0

========================================================================
Received Import Request.
  Time since last request: 0.000037 seconds.
  path: Assets/Space Exploration/Picto_Icons/White/meat-32.png
  artifactKey: Guid(28e7f366cf69c5d4a9c077f3063da4ad) Importer(2089858483,b0f066a214c2f5e87bad3c948f4d605d)
Start importing Assets/Space Exploration/Picto_Icons/White/meat-32.png using Guid(28e7f366cf69c5d4a9c077f3063da4ad) Importer(2089858483,b0f066a214c2f5e87bad3c948f4d605d) (ScriptedImporter) -> (artifact id: '17e31bab230411e426b57084eb488f82') in 0.0478354 seconds
Number of updated asset objects reloaded before import = 0Number of asset objects unloaded after import = 3

========================================================================
Received Import Request.
  Time since last request: 0.000044 seconds.
  path: Assets/Space Exploration/Rank_System_Components/Small/ranking-3rd-small 1.png
  artifactKey: Guid(cc51797da4901aa4f8e39dcd5e31b22c) Importer(2089858483,b0f066a214c2f5e87bad3c948f4d605d)
Start importing Assets/Space Exploration/Rank_System_Components/Small/ranking-3rd-small 1.png using Guid(cc51797da4901aa4f8e39dcd5e31b22c) Importer(2089858483,b0f066a214c2f5e87bad3c948f4d605d) (ScriptedImporter) -> (artifact id: '9b85e0ddd7f4fae2ef175077d617f7f3') in 0.0519021 seconds
Number of updated asset objects reloaded before import = 0Number of asset objects unloaded after import = 3

========================================================================
Received Import Request.
  Time since last request: 0.000031 seconds.
  path: Assets/Space Exploration/Picto_Icons/Dark_Purple/right-64.png
  artifactKey: Guid(5b4656a1e51cda044b0abf6171f4f16f) Importer(2089858483,b0f066a214c2f5e87bad3c948f4d605d)
Start importing Assets/Space Exploration/Picto_Icons/Dark_Purple/right-64.png using Guid(5b4656a1e51cda044b0abf6171f4f16f) Importer(2089858483,b0f066a214c2f5e87bad3c948f4d605d) (ScriptedImporter) -> (artifact id: '055cd15e1ffcbafa548e49531e87ca1d') in 0.1012119 seconds
Number of updated asset objects reloaded before import = 0Number of asset objects unloaded after import = 3

========================================================================
Received Import Request.
  Time since last request: 0.000040 seconds.
  path: Assets/Space Exploration/Picto_Icons/Dark_Purple/zoom-in-64.png
  artifactKey: Guid(406b97828c3a783408a2adc6c362dfc1) Importer(2089858483,b0f066a214c2f5e87bad3c948f4d605d)
Start importing Assets/Space Exploration/Picto_Icons/Dark_Purple/zoom-in-64.png using Guid(406b97828c3a783408a2adc6c362dfc1) Importer(2089858483,b0f066a214c2f5e87bad3c948f4d605d) (ScriptedImporter) -> (artifact id: '334ecbf9543ea10d34f6d93d85073a39') in 0.0566949 seconds
Number of updated asset objects reloaded before import = 0Number of asset objects unloaded after import = 3

========================================================================
Received Import Request.
  Time since last request: 0.000024 seconds.
  path: Assets/Photon/PhotonUnityNetworking/Demos/PunBasics-Tutorial/Scenes/PunBasics-Room for 4.unity
  artifactKey: Guid(e7a7f9734636d415ca84ef3aaf7680f6) Importer(2089858483,b0f066a214c2f5e87bad3c948f4d605d)
Start importing Assets/Photon/PhotonUnityNetworking/Demos/PunBasics-Tutorial/Scenes/PunBasics-Room for 4.unity using Guid(e7a7f9734636d415ca84ef3aaf7680f6) Importer(2089858483,b0f066a214c2f5e87bad3c948f4d605d) (ScriptedImporter) -> (artifact id: 'b1dd03f083ea1cf02265b19a531a92fe') in 0.0563703 seconds
Number of updated asset objects reloaded before import = 0Number of asset objects unloaded after import = 1

========================================================================
Received Import Request.
  Time since last request: 0.000042 seconds.
  path: Assets/PlayFabSDK/Economy/PlayFabEconomyModels.cs
  artifactKey: Guid(9e420d6be63cf50498180c2df1199abc) Importer(2089858483,b0f066a214c2f5e87bad3c948f4d605d)
Start importing Assets/PlayFabSDK/Economy/PlayFabEconomyModels.cs using Guid(9e420d6be63cf50498180c2df1199abc) Importer(2089858483,b0f066a214c2f5e87bad3c948f4d605d) (ScriptedImporter) -> (artifact id: '2afb65585c6059254de3e447c54e73f4') in 0.0291597 seconds
Number of updated asset objects reloaded before import = 0Number of asset objects unloaded after import = 0

========================================================================
Received Import Request.
  Time since last request: 0.000061 seconds.
  path: Assets/Space Exploration/Icons/potion-green-2-512.png
  artifactKey: Guid(0e89165451d7e9646b79f01de198fb9d) Importer(2089858483,b0f066a214c2f5e87bad3c948f4d605d)
Start importing Assets/Space Exploration/Icons/potion-green-2-512.png using Guid(0e89165451d7e9646b79f01de198fb9d) Importer(2089858483,b0f066a214c2f5e87bad3c948f4d605d) (ScriptedImporter) -> (artifact id: 'f7a1e8a8e49efebc195b461a322e11e5') in 0.0488514 seconds
Number of updated asset objects reloaded before import = 0Number of asset objects unloaded after import = 3

========================================================================
Received Import Request.
  Time since last request: 0.000114 seconds.
  path: Assets/Space Exploration/Button_Images/Highlighted_Sprite/medium/short-pink-highlight-medium.png
  artifactKey: Guid(274b5b58f4fed6f42a6ce0caf59241f2) Importer(2089858483,b0f066a214c2f5e87bad3c948f4d605d)
Start importing Assets/Space Exploration/Button_Images/Highlighted_Sprite/medium/short-pink-highlight-medium.png using Guid(274b5b58f4fed6f42a6ce0caf59241f2) Importer(2089858483,b0f066a214c2f5e87bad3c948f4d605d) (ScriptedImporter) -> (artifact id: 'e8f1a6bef24f3256ee742879e2dbb436') in 0.0418023 seconds
Number of updated asset objects reloaded before import = 0Number of asset objects unloaded after import = 3

========================================================================
Received Import Request.
  Time since last request: 0.000029 seconds.
  path: Assets/Space Exploration/Picto_Icons/Light_Purple/stop-256.png
  artifactKey: Guid(ee1dcebac7e0aaf4187814ec58250f38) Importer(2089858483,b0f066a214c2f5e87bad3c948f4d605d)
Start importing Assets/Space Exploration/Picto_Icons/Light_Purple/stop-256.png using Guid(ee1dcebac7e0aaf4187814ec58250f38) Importer(2089858483,b0f066a214c2f5e87bad3c948f4d605d) (ScriptedImporter) -> (artifact id: '9ed29f1dd0e8d52bfaf8dd820078825a') in 0.0577944 seconds
Number of updated asset objects reloaded before import = 0Number of asset objects unloaded after import = 3

========================================================================
Received Import Request.
  Time since last request: 0.000660 seconds.
  path: Assets/Space Exploration/Button_Images/Source_Image_Sprites/small/large-purple-sparkle-small.png
  artifactKey: Guid(6814dca1a6572934192161b184ad37c7) Importer(2089858483,b0f066a214c2f5e87bad3c948f4d605d)
Start importing Assets/Space Exploration/Button_Images/Source_Image_Sprites/small/large-purple-sparkle-small.png using Guid(6814dca1a6572934192161b184ad37c7) Importer(2089858483,b0f066a214c2f5e87bad3c948f4d605d) (ScriptedImporter) -> (artifact id: '632dcbf8a02909b2e328ad3e243b79f1') in 0.0874259 seconds
Number of updated asset objects reloaded before import = 0Number of asset objects unloaded after import = 3

========================================================================
Received Import Request.
  Time since last request: 0.000033 seconds.
  path: Assets/Space Exploration/Picto_Icons/White/black-hole-64.png
  artifactKey: Guid(6d418b7c87330234bb6f0395faf3bb75) Importer(2089858483,b0f066a214c2f5e87bad3c948f4d605d)
Start importing Assets/Space Exploration/Picto_Icons/White/black-hole-64.png using Guid(6d418b7c87330234bb6f0395faf3bb75) Importer(2089858483,b0f066a214c2f5e87bad3c948f4d605d) (ScriptedImporter) -> (artifact id: '26ae4e9c31b253f4bd18d3d47bf65d45') in 0.0710374 seconds
Number of updated asset objects reloaded before import = 0Number of asset objects unloaded after import = 3

========================================================================
Received Import Request.
  Time since last request: 0.000089 seconds.
  path: Assets/Space Exploration/Picto_Icons/Dark_Purple/music-32.png
  artifactKey: Guid(12b28ac9ffa03a14eaa73bbc5ee3005c) Importer(2089858483,b0f066a214c2f5e87bad3c948f4d605d)
Start importing Assets/Space Exploration/Picto_Icons/Dark_Purple/music-32.png using Guid(12b28ac9ffa03a14eaa73bbc5ee3005c) Importer(2089858483,b0f066a214c2f5e87bad3c948f4d605d) (ScriptedImporter) -> (artifact id: '20a1f1598b727703f934fed22b390817') in 0.0671703 seconds
Number of updated asset objects reloaded before import = 0Number of asset objects unloaded after import = 3

========================================================================
Received Import Request.
  Time since last request: 0.000038 seconds.
  path: Assets/Space Exploration/Picto_Icons/Dark_Purple/battle-256.png
  artifactKey: Guid(423924cef3e7eb949a9fffc9b4253616) Importer(2089858483,b0f066a214c2f5e87bad3c948f4d605d)
Start importing Assets/Space Exploration/Picto_Icons/Dark_Purple/battle-256.png using Guid(423924cef3e7eb949a9fffc9b4253616) Importer(2089858483,b0f066a214c2f5e87bad3c948f4d605d) (ScriptedImporter) -> (artifact id: '61a0d833ab84271c9a5a977e94663f2c') in 0.0509969 seconds
Number of updated asset objects reloaded before import = 0Number of asset objects unloaded after import = 3

========================================================================
Received Import Request.
  Time since last request: 0.000049 seconds.
  path: Assets/Space Exploration/Icons/gold-ore-256.png
  artifactKey: Guid(68f69427d20331a40b330306daf4e6fc) Importer(2089858483,b0f066a214c2f5e87bad3c948f4d605d)
Start importing Assets/Space Exploration/Icons/gold-ore-256.png using Guid(68f69427d20331a40b330306daf4e6fc) Importer(2089858483,b0f066a214c2f5e87bad3c948f4d605d) (ScriptedImporter) -> (artifact id: '3eda53098b4a153080d00b7223c13d66') in 0.0708208 seconds
Number of updated asset objects reloaded before import = 0Number of asset objects unloaded after import = 3

========================================================================
Received Import Request.
  Time since last request: 0.000030 seconds.
  path: Assets/Space Exploration/Containers/Extra Large/homepage-icon-container-extra-large.png
  artifactKey: Guid(4393a4cc881eb3e4d988639d5dfd4818) Importer(2089858483,b0f066a214c2f5e87bad3c948f4d605d)
Start importing Assets/Space Exploration/Containers/Extra Large/homepage-icon-container-extra-large.png using Guid(4393a4cc881eb3e4d988639d5dfd4818) Importer(2089858483,b0f066a214c2f5e87bad3c948f4d605d) (ScriptedImporter) -> (artifact id: 'cff20fc9fc1e2136e35b61793631286e') in 0.0800534 seconds
Number of updated asset objects reloaded before import = 0Number of asset objects unloaded after import = 3

========================================================================
Received Import Request.
  Time since last request: 0.000042 seconds.
  path: Assets/Space Exploration/Picto_Icons/White/menu-128.png
  artifactKey: Guid(19b91839d37b8ce408ee63d7a868a4b2) Importer(2089858483,b0f066a214c2f5e87bad3c948f4d605d)
Start importing Assets/Space Exploration/Picto_Icons/White/menu-128.png using Guid(19b91839d37b8ce408ee63d7a868a4b2) Importer(2089858483,b0f066a214c2f5e87bad3c948f4d605d) (ScriptedImporter) -> (artifact id: '9f98b3180b4c63a74cf4328e95e6e5d3') in 0.1227098 seconds
Number of updated asset objects reloaded before import = 0Number of asset objects unloaded after import = 3

========================================================================
Received Import Request.
  Time since last request: 0.000629 seconds.
  path: Assets/Space Exploration/Picto_Icons/Light_Purple/dislike-64.png
  artifactKey: Guid(f0f760e63b2756744a1ce469133c11e2) Importer(2089858483,b0f066a214c2f5e87bad3c948f4d605d)
Start importing Assets/Space Exploration/Picto_Icons/Light_Purple/dislike-64.png using Guid(f0f760e63b2756744a1ce469133c11e2) Importer(2089858483,b0f066a214c2f5e87bad3c948f4d605d) (ScriptedImporter) -> (artifact id: '1b2f08ea341d10d18411945ced7d832f') in 0.0910898 seconds
Number of updated asset objects reloaded before import = 0Number of asset objects unloaded after import = 3

========================================================================
Received Import Request.
  Time since last request: 0.000040 seconds.
  path: Assets/Space Exploration/Picto_Icons/White/caution-128.png
  artifactKey: Guid(7237c522b87dba946ab36dee90cc499e) Importer(2089858483,b0f066a214c2f5e87bad3c948f4d605d)
Start importing Assets/Space Exploration/Picto_Icons/White/caution-128.png using Guid(7237c522b87dba946ab36dee90cc499e) Importer(2089858483,b0f066a214c2f5e87bad3c948f4d605d) (ScriptedImporter) -> (artifact id: 'a712cb5dfe1ed15e5cfc36b5e29196dc') in 0.0577654 seconds
Number of updated asset objects reloaded before import = 0Number of asset objects unloaded after import = 3

========================================================================
Received Import Request.
  Time since last request: 0.000044 seconds.
  path: Assets/Space Exploration/Button_Images/Highlighted_Sprite/small/medium-pink-highlight-small.png
  artifactKey: Guid(18578c6e2cde4f9498406daf5c1a09a3) Importer(2089858483,b0f066a214c2f5e87bad3c948f4d605d)
Start importing Assets/Space Exploration/Button_Images/Highlighted_Sprite/small/medium-pink-highlight-small.png using Guid(18578c6e2cde4f9498406daf5c1a09a3) Importer(2089858483,b0f066a214c2f5e87bad3c948f4d605d) (ScriptedImporter) -> (artifact id: '2c50b8a6ee9aa92ba0922ae68f1a53b2') in 0.0643239 seconds
Number of updated asset objects reloaded before import = 0Number of asset objects unloaded after import = 3

========================================================================
Received Import Request.
  Time since last request: 0.000063 seconds.
  path: Assets/Space Exploration/Picto_Icons/Light_Purple/pickaxe-64.png
  artifactKey: Guid(2958af8fc07060a4ca57a1f3fd24abcf) Importer(2089858483,b0f066a214c2f5e87bad3c948f4d605d)
Start importing Assets/Space Exploration/Picto_Icons/Light_Purple/pickaxe-64.png using Guid(2958af8fc07060a4ca57a1f3fd24abcf) Importer(2089858483,b0f066a214c2f5e87bad3c948f4d605d) (ScriptedImporter) -> (artifact id: '947b196f4b4a669cf6ba7537138183fe') in 0.0631174 seconds
Number of updated asset objects reloaded before import = 0Number of asset objects unloaded after import = 3

========================================================================
Received Import Request.
  Time since last request: 0.000036 seconds.
  path: Assets/Space Exploration/Picto_Icons/White/bolt-64.png
  artifactKey: Guid(0de5dd36b497ed848be7c5be6a14eaf4) Importer(2089858483,b0f066a214c2f5e87bad3c948f4d605d)
Start importing Assets/Space Exploration/Picto_Icons/White/bolt-64.png using Guid(0de5dd36b497ed848be7c5be6a14eaf4) Importer(2089858483,b0f066a214c2f5e87bad3c948f4d605d) (ScriptedImporter) -> (artifact id: '54dc7e43c9937580c59560bf757b290e') in 0.0679274 seconds
Number of updated asset objects reloaded before import = 0Number of asset objects unloaded after import = 3

========================================================================
Received Import Request.
  Time since last request: 0.000048 seconds.
  path: Assets/Space Exploration/Prefabs/UI_Elements/Extra_Large
  artifactKey: Guid(66c8d05ee930dd54ab580ceed84b0592) Importer(2089858483,b0f066a214c2f5e87bad3c948f4d605d)
Start importing Assets/Space Exploration/Prefabs/UI_Elements/Extra_Large using Guid(66c8d05ee930dd54ab580ceed84b0592) Importer(2089858483,b0f066a214c2f5e87bad3c948f4d605d) (ScriptedImporter) -> (artifact id: '02bfb6cd7816c7a9819e3fe3f982b45f') in 0.0378646 seconds
Number of updated asset objects reloaded before import = 0Number of asset objects unloaded after import = 1

========================================================================
Received Import Request.
  Time since last request: 0.000029 seconds.
  path: Assets/Photon/PhotonUnityNetworking/Demos/DemoSlotRacer/Kenney Assets/Racing Kit/Models/roadRampLongCurvedWall.fbx
  artifactKey: Guid(002276cc119770f4c8b9797abd47f7e5) Importer(2089858483,b0f066a214c2f5e87bad3c948f4d605d)
Start importing Assets/Photon/PhotonUnityNetworking/Demos/DemoSlotRacer/Kenney Assets/Racing Kit/Models/roadRampLongCurvedWall.fbx using Guid(002276cc119770f4c8b9797abd47f7e5) Importer(2089858483,b0f066a214c2f5e87bad3c948f4d605d) (ScriptedImporter) -> (artifact id: 'b6fe4d99fd1191c2a5c819839200b16b') in 0.0464775 seconds
Number of updated asset objects reloaded before import = 0Number of asset objects unloaded after import = 10

========================================================================
Received Import Request.
  Time since last request: 0.000038 seconds.
  path: Assets/Space Exploration/Picto_Icons/Dark_Purple/pause-32.png
  artifactKey: Guid(769760c8c344cf54c8f25202667ce1d9) Importer(2089858483,b0f066a214c2f5e87bad3c948f4d605d)
Start importing Assets/Space Exploration/Picto_Icons/Dark_Purple/pause-32.png using Guid(769760c8c344cf54c8f25202667ce1d9) Importer(2089858483,b0f066a214c2f5e87bad3c948f4d605d) (ScriptedImporter) -> (artifact id: '0077185ec7c4e22eaa5ce54870ae8362') in 0.0532052 seconds
Number of updated asset objects reloaded before import = 0Number of asset objects unloaded after import = 3

========================================================================
Received Import Request.
  Time since last request: 0.000073 seconds.
  path: Assets/Scripts/Core
  artifactKey: Guid(9843ff6bc95112c4582bd1ec1315e15c) Importer(2089858483,b0f066a214c2f5e87bad3c948f4d605d)
Start importing Assets/Scripts/Core using Guid(9843ff6bc95112c4582bd1ec1315e15c) Importer(2089858483,b0f066a214c2f5e87bad3c948f4d605d) (ScriptedImporter) -> (artifact id: '50e10ac74484d3b6bc6e157a4a85dca6') in 0.0348175 seconds
Number of updated asset objects reloaded before import = 0Number of asset objects unloaded after import = 1

========================================================================
Received Import Request.
  Time since last request: 0.000042 seconds.
  path: Assets/Space Exploration/Picto_Icons/Dark_Purple/dislike-256.png
  artifactKey: Guid(e6023977c72c083488d3c3d9876de1c1) Importer(2089858483,b0f066a214c2f5e87bad3c948f4d605d)
Start importing Assets/Space Exploration/Picto_Icons/Dark_Purple/dislike-256.png using Guid(e6023977c72c083488d3c3d9876de1c1) Importer(2089858483,b0f066a214c2f5e87bad3c948f4d605d) (ScriptedImporter) -> (artifact id: '701affdd6e3f864ab5f77168dd65ef13') in 0.061575 seconds
Number of updated asset objects reloaded before import = 0Number of asset objects unloaded after import = 3

========================================================================
Received Import Request.
  Time since last request: 0.000027 seconds.
  path: Assets/Space Exploration/Icons/black-hole-256.png
  artifactKey: Guid(7ddcf5b300769b749961fc4f9eee5496) Importer(2089858483,b0f066a214c2f5e87bad3c948f4d605d)
Start importing Assets/Space Exploration/Icons/black-hole-256.png using Guid(7ddcf5b300769b749961fc4f9eee5496) Importer(2089858483,b0f066a214c2f5e87bad3c948f4d605d) (ScriptedImporter) -> (artifact id: '463b117d66bb963ed8c71bb37cb83b56') in 0.0555033 seconds
Number of updated asset objects reloaded before import = 0Number of asset objects unloaded after import = 3

========================================================================
Received Import Request.
  Time since last request: 0.000052 seconds.
  path: Assets/Space Exploration/Shop_Assets/coins-tier-3-medium.png
  artifactKey: Guid(840ac0aa8994ed942ac7ac0cd00459fa) Importer(2089858483,b0f066a214c2f5e87bad3c948f4d605d)
Start importing Assets/Space Exploration/Shop_Assets/coins-tier-3-medium.png using Guid(840ac0aa8994ed942ac7ac0cd00459fa) Importer(2089858483,b0f066a214c2f5e87bad3c948f4d605d) (ScriptedImporter) -> (artifact id: '6841296e763088e201dd3d5f12600e73') in 0.0628003 seconds
Number of updated asset objects reloaded before import = 0Number of asset objects unloaded after import = 3

========================================================================
Received Import Request.
  Time since last request: 0.000027 seconds.
  path: Assets/Space Exploration/Picto_Icons/Dark_Purple/try-again-256.png
  artifactKey: Guid(1befe87a66c01d440ba82b4f814b4a91) Importer(2089858483,b0f066a214c2f5e87bad3c948f4d605d)
Start importing Assets/Space Exploration/Picto_Icons/Dark_Purple/try-again-256.png using Guid(1befe87a66c01d440ba82b4f814b4a91) Importer(2089858483,b0f066a214c2f5e87bad3c948f4d605d) (ScriptedImporter) -> (artifact id: 'b938e0678e913b1082f73aca4ac13064') in 0.0643684 seconds
Number of updated asset objects reloaded before import = 0Number of asset objects unloaded after import = 3

========================================================================
Received Import Request.
  Time since last request: 0.000035 seconds.
  path: Assets/Space Exploration/Grid_Components/Extra Large/inventory-highlight-extra-large.png
  artifactKey: Guid(26c474ea034577344bb383f4f78ee39d) Importer(2089858483,b0f066a214c2f5e87bad3c948f4d605d)
Start importing Assets/Space Exploration/Grid_Components/Extra Large/inventory-highlight-extra-large.png using Guid(26c474ea034577344bb383f4f78ee39d) Importer(2089858483,b0f066a214c2f5e87bad3c948f4d605d) (ScriptedImporter) -> (artifact id: '18eead8518512fbf77f9cff2e9bbab60') in 0.0664027 seconds
Number of updated asset objects reloaded before import = 0Number of asset objects unloaded after import = 3

========================================================================
Received Import Request.
  Time since last request: 0.000030 seconds.
  path: Assets/Space Exploration/Picto_Icons/Dark_Purple/megaphone-32.png
  artifactKey: Guid(f3888693e27caff4aa0992183286fbe7) Importer(2089858483,b0f066a214c2f5e87bad3c948f4d605d)
Start importing Assets/Space Exploration/Picto_Icons/Dark_Purple/megaphone-32.png using Guid(f3888693e27caff4aa0992183286fbe7) Importer(2089858483,b0f066a214c2f5e87bad3c948f4d605d) (ScriptedImporter) -> (artifact id: 'b6610ecd6a46fb4e1c8177eae7d6f6da') in 0.0746526 seconds
Number of updated asset objects reloaded before import = 0Number of asset objects unloaded after import = 3

========================================================================
Received Import Request.
  Time since last request: 0.000046 seconds.
  path: Assets/Space Exploration/Other_Images/Medium/cloud-2-medium.png
  artifactKey: Guid(15b8a4b3cea26494aac20b6522a7c990) Importer(2089858483,b0f066a214c2f5e87bad3c948f4d605d)
Start importing Assets/Space Exploration/Other_Images/Medium/cloud-2-medium.png using Guid(15b8a4b3cea26494aac20b6522a7c990) Importer(2089858483,b0f066a214c2f5e87bad3c948f4d605d) (ScriptedImporter) -> (artifact id: 'd99ec30eec6777c54cda402dfda25da0') in 0.0614513 seconds
Number of updated asset objects reloaded before import = 0Number of asset objects unloaded after import = 3

========================================================================
Received Import Request.
  Time since last request: 0.000061 seconds.
  path: Assets/Space Exploration/Button_Images/Pressed_Sprites/Medium/large-yellow-pressed-medium.png
  artifactKey: Guid(5391ebd24a959454fa27edbbaf7f8eaa) Importer(2089858483,b0f066a214c2f5e87bad3c948f4d605d)
Start importing Assets/Space Exploration/Button_Images/Pressed_Sprites/Medium/large-yellow-pressed-medium.png using Guid(5391ebd24a959454fa27edbbaf7f8eaa) Importer(2089858483,b0f066a214c2f5e87bad3c948f4d605d) (ScriptedImporter) -> (artifact id: '48864770a5134ceaa15419946fd5b390') in 0.0324951 seconds
Number of updated asset objects reloaded before import = 0Number of asset objects unloaded after import = 3

========================================================================
Received Import Request.
  Time since last request: 0.000041 seconds.
  path: Assets/Photon/PhotonRealtime/Code/Unity/Editor/Wizard/scripts
  artifactKey: Guid(7ad635e5a535c4d9e837a2ea13e0b953) Importer(2089858483,b0f066a214c2f5e87bad3c948f4d605d)
Start importing Assets/Photon/PhotonRealtime/Code/Unity/Editor/Wizard/scripts using Guid(7ad635e5a535c4d9e837a2ea13e0b953) Importer(2089858483,b0f066a214c2f5e87bad3c948f4d605d) (ScriptedImporter) -> (artifact id: 'b7c050388545d4855227d439f9c64b0c') in 0.0278749 seconds
Number of updated asset objects reloaded before import = 0Number of asset objects unloaded after import = 1

========================================================================
Received Import Request.
  Time since last request: 0.000029 seconds.
  path: Assets/Space Exploration/Picto_Icons/Light_Purple/down-arrow-64.png
  artifactKey: Guid(e6904bb5824366f408663e2a596a6fe7) Importer(2089858483,b0f066a214c2f5e87bad3c948f4d605d)
Start importing Assets/Space Exploration/Picto_Icons/Light_Purple/down-arrow-64.png using Guid(e6904bb5824366f408663e2a596a6fe7) Importer(2089858483,b0f066a214c2f5e87bad3c948f4d605d) (ScriptedImporter) -> (artifact id: '70b8e1be1335702eb419f961b58e6a05') in 0.0672194 seconds
Number of updated asset objects reloaded before import = 0Number of asset objects unloaded after import = 3

========================================================================
Received Import Request.
  Time since last request: 0.000039 seconds.
  path: Assets/Space Exploration/Picto_Icons/Light_Purple/magnifying-128.png
  artifactKey: Guid(193b14368e0b9484999d263cb19ab920) Importer(2089858483,b0f066a214c2f5e87bad3c948f4d605d)
Start importing Assets/Space Exploration/Picto_Icons/Light_Purple/magnifying-128.png using Guid(193b14368e0b9484999d263cb19ab920) Importer(2089858483,b0f066a214c2f5e87bad3c948f4d605d) (ScriptedImporter) -> (artifact id: '4cdaaed8a460ca73ead16dfd30837cb5') in 0.0717723 seconds
Number of updated asset objects reloaded before import = 0Number of asset objects unloaded after import = 3

========================================================================
Received Import Request.
  Time since last request: 0.000032 seconds.
  path: Assets/Settings/Mobile_RPAsset.asset
  artifactKey: Guid(5e6cbd92db86f4b18aec3ed561671858) Importer(2089858483,b0f066a214c2f5e87bad3c948f4d605d)
Start importing Assets/Settings/Mobile_RPAsset.asset using Guid(5e6cbd92db86f4b18aec3ed561671858) Importer(2089858483,b0f066a214c2f5e87bad3c948f4d605d) (ScriptedImporter) -> (artifact id: '28e950f96853bbf0798ee6e5084ed84c') in 0.1821712 seconds
Number of updated asset objects reloaded before import = 0Number of asset objects unloaded after import = 2

========================================================================
Received Import Request.
  Time since last request: 0.000039 seconds.
  path: Assets/Space Exploration/Icons/purple-ore-256.png
  artifactKey: Guid(8aea66d9d502ee743bac9b617fe3e72c) Importer(2089858483,b0f066a214c2f5e87bad3c948f4d605d)
Start importing Assets/Space Exploration/Icons/purple-ore-256.png using Guid(8aea66d9d502ee743bac9b617fe3e72c) Importer(2089858483,b0f066a214c2f5e87bad3c948f4d605d) (ScriptedImporter) -> (artifact id: '9e83aad0527168ab3b6eb9d9d3e5ba19') in 0.071493 seconds
Number of updated asset objects reloaded before import = 0Number of asset objects unloaded after import = 3

========================================================================
Received Import Request.
  Time since last request: 0.000029 seconds.
  path: Assets/Space Exploration/Fonts/Font Sources/static/Asap_SemiExpanded-LightItalic.ttf
  artifactKey: Guid(acc1127b7cf19a840a13de04983c2ad2) Importer(2089858483,b0f066a214c2f5e87bad3c948f4d605d)
Start importing Assets/Space Exploration/Fonts/Font Sources/static/Asap_SemiExpanded-LightItalic.ttf using Guid(acc1127b7cf19a840a13de04983c2ad2) Importer(2089858483,b0f066a214c2f5e87bad3c948f4d605d) (ScriptedImporter) -> (artifact id: '335914da518529dcce1161ffb4653ebc') in 0.0388258 seconds
Number of updated asset objects reloaded before import = 0Number of asset objects unloaded after import = 3

========================================================================
Received Import Request.
  Time since last request: 0.000044 seconds.
  path: Assets/Space Exploration/Icons/coin-512.png
  artifactKey: Guid(df65a0df46f6dc04687bb5db74c11068) Importer(2089858483,b0f066a214c2f5e87bad3c948f4d605d)
Start importing Assets/Space Exploration/Icons/coin-512.png using Guid(df65a0df46f6dc04687bb5db74c11068) Importer(2089858483,b0f066a214c2f5e87bad3c948f4d605d) (ScriptedImporter) -> (artifact id: '8fd47ee31199ddd7a43c03576b35670f') in 0.0579827 seconds
Number of updated asset objects reloaded before import = 0Number of asset objects unloaded after import = 3

========================================================================
Received Import Request.
  Time since last request: 0.000029 seconds.
  path: Assets/Space Exploration/Picto_Icons/Light_Purple/map-256.png
  artifactKey: Guid(d46ad1f0db29c5143a99dcc3df4b667f) Importer(2089858483,b0f066a214c2f5e87bad3c948f4d605d)
Start importing Assets/Space Exploration/Picto_Icons/Light_Purple/map-256.png using Guid(d46ad1f0db29c5143a99dcc3df4b667f) Importer(2089858483,b0f066a214c2f5e87bad3c948f4d605d) (ScriptedImporter) -> (artifact id: 'aee6d1e5fda4ef616816873b41862385') in 0.125597 seconds
Number of updated asset objects reloaded before import = 0Number of asset objects unloaded after import = 3

========================================================================
Received Import Request.
  Time since last request: 0.000035 seconds.
  path: Assets/Space Exploration/Grid_Components/Large/inventory-highlight-large 1.png
  artifactKey: Guid(84af1e1dff4d84e4da23b7114a108818) Importer(2089858483,b0f066a214c2f5e87bad3c948f4d605d)
Start importing Assets/Space Exploration/Grid_Components/Large/inventory-highlight-large 1.png using Guid(84af1e1dff4d84e4da23b7114a108818) Importer(2089858483,b0f066a214c2f5e87bad3c948f4d605d) (ScriptedImporter) -> (artifact id: '973c1801f44848e1dac1b678438f1e7d') in 0.0658391 seconds
Number of updated asset objects reloaded before import = 0Number of asset objects unloaded after import = 3

========================================================================
Received Import Request.
  Time since last request: 0.000027 seconds.
  path: Assets/Space Exploration/Picto_Icons/White/caution-256.png
  artifactKey: Guid(940cf63b16486484084b506de44ea5c0) Importer(2089858483,b0f066a214c2f5e87bad3c948f4d605d)
Start importing Assets/Space Exploration/Picto_Icons/White/caution-256.png using Guid(940cf63b16486484084b506de44ea5c0) Importer(2089858483,b0f066a214c2f5e87bad3c948f4d605d) (ScriptedImporter) -> (artifact id: 'da38396515f8aacb5a6f9bfe7ed5cc60') in 0.1924488 seconds
Number of updated asset objects reloaded before import = 0Number of asset objects unloaded after import = 3

========================================================================
Received Import Request.
  Time since last request: 0.000096 seconds.
  path: Assets/Space Exploration/Picto_Icons/Dark_Purple/sound-32.png
  artifactKey: Guid(f0aec5e9be9306341bb1d38579b67e37) Importer(2089858483,b0f066a214c2f5e87bad3c948f4d605d)
Start importing Assets/Space Exploration/Picto_Icons/Dark_Purple/sound-32.png using Guid(f0aec5e9be9306341bb1d38579b67e37) Importer(2089858483,b0f066a214c2f5e87bad3c948f4d605d) (ScriptedImporter) -> (artifact id: '676cd69ea8d39be67d2b99feceab4087') in 0.1078737 seconds
Number of updated asset objects reloaded before import = 0Number of asset objects unloaded after import = 3

========================================================================
Received Import Request.
  Time since last request: 0.000030 seconds.
  path: Assets/Space Exploration/Picto_Icons/Light_Purple/diamond-256.png
  artifactKey: Guid(8f2d615ebcb7277479c2f1a5c28fa962) Importer(2089858483,b0f066a214c2f5e87bad3c948f4d605d)
Start importing Assets/Space Exploration/Picto_Icons/Light_Purple/diamond-256.png using Guid(8f2d615ebcb7277479c2f1a5c28fa962) Importer(2089858483,b0f066a214c2f5e87bad3c948f4d605d) (ScriptedImporter) -> (artifact id: '593cf5b5a813433c768e5184cffffe3f') in 0.1559452 seconds
Number of updated asset objects reloaded before import = 0Number of asset objects unloaded after import = 3

========================================================================
Received Import Request.
  Time since last request: 0.000045 seconds.
  path: Assets/Space Exploration/Picto_Icons/White/exclamation-64.png
  artifactKey: Guid(643d917902dfb33438f3273302cd2458) Importer(2089858483,b0f066a214c2f5e87bad3c948f4d605d)
Start importing Assets/Space Exploration/Picto_Icons/White/exclamation-64.png using Guid(643d917902dfb33438f3273302cd2458) Importer(2089858483,b0f066a214c2f5e87bad3c948f4d605d) (ScriptedImporter) -> (artifact id: '4cfdcf8b6cb114fb824bc0dd6f5b3cdb') in 0.0914042 seconds
Number of updated asset objects reloaded before import = 0Number of asset objects unloaded after import = 3

========================================================================
Received Import Request.
  Time since last request: 0.000059 seconds.
  path: Assets/Space Exploration/Picto_Icons/White/person-128.png
  artifactKey: Guid(22be3dc3e2e39ae4cb216e32a7e3376d) Importer(2089858483,b0f066a214c2f5e87bad3c948f4d605d)
Start importing Assets/Space Exploration/Picto_Icons/White/person-128.png using Guid(22be3dc3e2e39ae4cb216e32a7e3376d) Importer(2089858483,b0f066a214c2f5e87bad3c948f4d605d) (ScriptedImporter) -> (artifact id: 'adb058f2c5a1cf3727ff28403cb3838b') in 0.047736 seconds
Number of updated asset objects reloaded before import = 0Number of asset objects unloaded after import = 3

========================================================================
Received Import Request.
  Time since last request: 0.000041 seconds.
  path: Assets/Space Exploration/Prefabs/Buttons_Simple/Medium/Blue
  artifactKey: Guid(55d8d2773ae48134da4ac024d0fd649c) Importer(2089858483,b0f066a214c2f5e87bad3c948f4d605d)
Start importing Assets/Space Exploration/Prefabs/Buttons_Simple/Medium/Blue using Guid(55d8d2773ae48134da4ac024d0fd649c) Importer(2089858483,b0f066a214c2f5e87bad3c948f4d605d) (ScriptedImporter) -> (artifact id: 'fabb02e419cbbc9aead77dd2c0f70bcb') in 0.0514885 seconds
Number of updated asset objects reloaded before import = 0Number of asset objects unloaded after import = 1

========================================================================
Received Import Request.
  Time since last request: 0.000029 seconds.
  path: Assets/Space Exploration/Picto_Icons/Light_Purple/potion-32.png
  artifactKey: Guid(d21d10b7c12af6c4c95a0b7bd75b7c75) Importer(2089858483,b0f066a214c2f5e87bad3c948f4d605d)
Start importing Assets/Space Exploration/Picto_Icons/Light_Purple/potion-32.png using Guid(d21d10b7c12af6c4c95a0b7bd75b7c75) Importer(2089858483,b0f066a214c2f5e87bad3c948f4d605d) (ScriptedImporter) -> (artifact id: '11a41b8c8f8923be09c01d7c0e4d9429') in 0.2603509 seconds
Number of updated asset objects reloaded before import = 0Number of asset objects unloaded after import = 3

========================================================================
Received Import Request.
  Time since last request: 0.000045 seconds.
  path: Assets/Space Exploration/Prefabs/Buttons_Simple/Small/Purple
  artifactKey: Guid(26996825cc74df04eb86dcb0460795c0) Importer(2089858483,b0f066a214c2f5e87bad3c948f4d605d)
Start importing Assets/Space Exploration/Prefabs/Buttons_Simple/Small/Purple using Guid(26996825cc74df04eb86dcb0460795c0) Importer(2089858483,b0f066a214c2f5e87bad3c948f4d605d) (ScriptedImporter) -> (artifact id: '54a746275b5dad3b1fc8eec3b9eb857d') in 0.0203635 seconds
Number of updated asset objects reloaded before import = 0Number of asset objects unloaded after import = 1

========================================================================
Received Import Request.
  Time since last request: 0.000029 seconds.
  path: Assets/Logs/shadercompiler-AssetImportWorker0-0.log
  artifactKey: Guid(df1313d47a51a394a90b13ab80a7dfbc) Importer(2089858483,b0f066a214c2f5e87bad3c948f4d605d)
Start importing Assets/Logs/shadercompiler-AssetImportWorker0-0.log using Guid(df1313d47a51a394a90b13ab80a7dfbc) Importer(2089858483,b0f066a214c2f5e87bad3c948f4d605d) (ScriptedImporter) -> (artifact id: '417f59ee2dde9139cbb9447e89b61df9') in 0.0248647 seconds
Number of updated asset objects reloaded before import = 0Number of asset objects unloaded after import = 1

========================================================================
Received Import Request.
  Time since last request: 0.000042 seconds.
  path: Assets/Space Exploration/Picto_Icons/Dark_Purple/redo-32.png
  artifactKey: Guid(37a0d41d631068f47ad11d299d5f7c77) Importer(2089858483,b0f066a214c2f5e87bad3c948f4d605d)
Start importing Assets/Space Exploration/Picto_Icons/Dark_Purple/redo-32.png using Guid(37a0d41d631068f47ad11d299d5f7c77) Importer(2089858483,b0f066a214c2f5e87bad3c948f4d605d) (ScriptedImporter) -> (artifact id: 'f5f3b41b6c8bca4bacf709cfc08f532f') in 0.0528302 seconds
Number of updated asset objects reloaded before import = 0Number of asset objects unloaded after import = 3

========================================================================
Received Import Request.
  Time since last request: 0.000032 seconds.
  path: Assets/Space Exploration/Picto_Icons/Light_Purple/pencil-32.png
  artifactKey: Guid(4600c34eee7f10a4580350acd7387edf) Importer(2089858483,b0f066a214c2f5e87bad3c948f4d605d)
Start importing Assets/Space Exploration/Picto_Icons/Light_Purple/pencil-32.png using Guid(4600c34eee7f10a4580350acd7387edf) Importer(2089858483,b0f066a214c2f5e87bad3c948f4d605d) (ScriptedImporter) -> (artifact id: '7e864cc65a1120cce11f79f3dd685130') in 0.0515372 seconds
Number of updated asset objects reloaded before import = 0Number of asset objects unloaded after import = 3

========================================================================
Received Import Request.
  Time since last request: 0.000050 seconds.
  path: Assets/Photon/PhotonUnityNetworking/Demos/Shared Assets/Prefabs
  artifactKey: Guid(94d57f1478b3a8949843d3d4a2b7f8df) Importer(2089858483,b0f066a214c2f5e87bad3c948f4d605d)
Start importing Assets/Photon/PhotonUnityNetworking/Demos/Shared Assets/Prefabs using Guid(94d57f1478b3a8949843d3d4a2b7f8df) Importer(2089858483,b0f066a214c2f5e87bad3c948f4d605d) (ScriptedImporter) -> (artifact id: '5ab573bc128106a345c4e7170b387aea') in 0.0216681 seconds
Number of updated asset objects reloaded before import = 0Number of asset objects unloaded after import = 1

========================================================================
Received Import Request.
  Time since last request: 0.000024 seconds.
  path: Assets/Space Exploration/Picto_Icons/Light_Purple/pickaxe-32.png
  artifactKey: Guid(a173f2e3e1870db4cbdcbfe67dd716a6) Importer(2089858483,b0f066a214c2f5e87bad3c948f4d605d)
Start importing Assets/Space Exploration/Picto_Icons/Light_Purple/pickaxe-32.png using Guid(a173f2e3e1870db4cbdcbfe67dd716a6) Importer(2089858483,b0f066a214c2f5e87bad3c948f4d605d) (ScriptedImporter) -> (artifact id: 'cf1dffac865baf85fec4ed878cd1a7f4') in 0.0558449 seconds
Number of updated asset objects reloaded before import = 0Number of asset objects unloaded after import = 3

========================================================================
Received Import Request.
  Time since last request: 0.000035 seconds.
  path: Assets/Space Exploration/Icons/empty-heart-64.png
  artifactKey: Guid(028bd99eb9bd1314bba0e6879d35c010) Importer(2089858483,b0f066a214c2f5e87bad3c948f4d605d)
Start importing Assets/Space Exploration/Icons/empty-heart-64.png using Guid(028bd99eb9bd1314bba0e6879d35c010) Importer(2089858483,b0f066a214c2f5e87bad3c948f4d605d) (ScriptedImporter) -> (artifact id: '643db98ac1b6da6be9c175b98dab29f7') in 0.0454446 seconds
Number of updated asset objects reloaded before import = 0Number of asset objects unloaded after import = 3

========================================================================
Received Import Request.
  Time since last request: 0.000028 seconds.
  path: Assets/Space Exploration/Picto_Icons/Light_Purple/all-light-purple-64.png
  artifactKey: Guid(caeff96e66278ba4985bd7ab0df74f09) Importer(2089858483,b0f066a214c2f5e87bad3c948f4d605d)
Start importing Assets/Space Exploration/Picto_Icons/Light_Purple/all-light-purple-64.png using Guid(caeff96e66278ba4985bd7ab0df74f09) Importer(2089858483,b0f066a214c2f5e87bad3c948f4d605d) (ScriptedImporter) -> (artifact id: '175967d71d0b20902410f92d73d15e1e') in 0.045655 seconds
Number of updated asset objects reloaded before import = 0Number of asset objects unloaded after import = 3

========================================================================
Received Import Request.
  Time since last request: 0.000042 seconds.
  path: Assets/Space Exploration/Picto_Icons/White/book-32.png
  artifactKey: Guid(9f3aabd41316b10498a1e424a5dd9337) Importer(2089858483,b0f066a214c2f5e87bad3c948f4d605d)
Start importing Assets/Space Exploration/Picto_Icons/White/book-32.png using Guid(9f3aabd41316b10498a1e424a5dd9337) Importer(2089858483,b0f066a214c2f5e87bad3c948f4d605d) (ScriptedImporter) -> (artifact id: '5ff186e5fef538f8053898ded4bc7769') in 0.0414271 seconds
Number of updated asset objects reloaded before import = 0Number of asset objects unloaded after import = 3

========================================================================
Received Import Request.
  Time since last request: 0.000030 seconds.
  path: Assets/Space Exploration/Picto_Icons/Light_Purple/music-256.png
  artifactKey: Guid(b5e1d6c4b62033748a5b2b7b26af2a53) Importer(2089858483,b0f066a214c2f5e87bad3c948f4d605d)
Start importing Assets/Space Exploration/Picto_Icons/Light_Purple/music-256.png using Guid(b5e1d6c4b62033748a5b2b7b26af2a53) Importer(2089858483,b0f066a214c2f5e87bad3c948f4d605d) (ScriptedImporter) -> (artifact id: '80ef81d92c9caf4d43e08f270c6c91cc') in 0.0490288 seconds
Number of updated asset objects reloaded before import = 0Number of asset objects unloaded after import = 3

========================================================================
Received Import Request.
  Time since last request: 0.000038 seconds.
  path: Assets/Space Exploration/Picto_Icons/Light_Purple/diamond-128.png
  artifactKey: Guid(8f304f3012710994485c0d322ba271e8) Importer(2089858483,b0f066a214c2f5e87bad3c948f4d605d)
Start importing Assets/Space Exploration/Picto_Icons/Light_Purple/diamond-128.png using Guid(8f304f3012710994485c0d322ba271e8) Importer(2089858483,b0f066a214c2f5e87bad3c948f4d605d) (ScriptedImporter) -> (artifact id: 'a8721a2f134a32c00019198958c0097d') in 0.0388594 seconds
Number of updated asset objects reloaded before import = 0Number of asset objects unloaded after import = 3

========================================================================
Received Import Request.
  Time since last request: 0.000031 seconds.
  path: Assets/Space Exploration/Button_Images/Pressed_Sprites/Medium/short-yellow-pressed-medium.png
  artifactKey: Guid(454159d125ac3704cbb10bbba5e45303) Importer(2089858483,b0f066a214c2f5e87bad3c948f4d605d)
Start importing Assets/Space Exploration/Button_Images/Pressed_Sprites/Medium/short-yellow-pressed-medium.png using Guid(454159d125ac3704cbb10bbba5e45303) Importer(2089858483,b0f066a214c2f5e87bad3c948f4d605d) (ScriptedImporter) -> (artifact id: '26c246cf97e1728848c0ba18da1361f1') in 0.0319246 seconds
Number of updated asset objects reloaded before import = 0Number of asset objects unloaded after import = 3

========================================================================
Received Import Request.
  Time since last request: 0.000040 seconds.
  path: Assets/Space Exploration/Picto_Icons/Light_Purple/fast-forward-32.png
  artifactKey: Guid(adfba0e5f881ed7448a64abc74dae9b9) Importer(2089858483,b0f066a214c2f5e87bad3c948f4d605d)
Start importing Assets/Space Exploration/Picto_Icons/Light_Purple/fast-forward-32.png using Guid(adfba0e5f881ed7448a64abc74dae9b9) Importer(2089858483,b0f066a214c2f5e87bad3c948f4d605d) (ScriptedImporter) -> (artifact id: '76378c30bf890e6c1e2bb45568d67c0e') in 0.0485983 seconds
Number of updated asset objects reloaded before import = 0Number of asset objects unloaded after import = 3

========================================================================
Received Import Request.
  Time since last request: 0.000035 seconds.
  path: Assets/Space Exploration/Settings_&_Menu_Components/Large/vertical-scroll-bar-container-large.png
  artifactKey: Guid(4f7d676e3e99347459852f7ee0a7545f) Importer(2089858483,b0f066a214c2f5e87bad3c948f4d605d)
Start importing Assets/Space Exploration/Settings_&_Menu_Components/Large/vertical-scroll-bar-container-large.png using Guid(4f7d676e3e99347459852f7ee0a7545f) Importer(2089858483,b0f066a214c2f5e87bad3c948f4d605d) (ScriptedImporter) -> (artifact id: 'cba3aca0916c9b510cf999450d2ed985') in 0.0302276 seconds
Number of updated asset objects reloaded before import = 0Number of asset objects unloaded after import = 3

========================================================================
Received Import Request.
  Time since last request: 0.000054 seconds.
  path: Assets/Space Exploration/Containers/Extra Large/victory-defeat-container-extra-large.png
  artifactKey: Guid(ce5e89e4ebd8116499f145328753ad31) Importer(2089858483,b0f066a214c2f5e87bad3c948f4d605d)
Start importing Assets/Space Exploration/Containers/Extra Large/victory-defeat-container-extra-large.png using Guid(ce5e89e4ebd8116499f145328753ad31) Importer(2089858483,b0f066a214c2f5e87bad3c948f4d605d) (ScriptedImporter) -> (artifact id: '4d8d877b0c32447a63861a905d0455a4') in 0.0460572 seconds
Number of updated asset objects reloaded before import = 0Number of asset objects unloaded after import = 3

========================================================================
Received Import Request.
  Time since last request: 0.000028 seconds.
  path: Assets/Space Exploration/Rank_System_Components/Medium/ranking-4+-medium 1.png
  artifactKey: Guid(5df626031ab287e4285bfeee17aa7d7a) Importer(2089858483,b0f066a214c2f5e87bad3c948f4d605d)
Start importing Assets/Space Exploration/Rank_System_Components/Medium/ranking-4+-medium 1.png using Guid(5df626031ab287e4285bfeee17aa7d7a) Importer(2089858483,b0f066a214c2f5e87bad3c948f4d605d) (ScriptedImporter) -> (artifact id: 'c782909d5eac87020ea89f9d80d0a6b1') in 0.0417721 seconds
Number of updated asset objects reloaded before import = 0Number of asset objects unloaded after import = 3

========================================================================
Received Import Request.
  Time since last request: 0.000043 seconds.
  path: Assets/Space Exploration/Picto_Icons/Light_Purple/mic-256.png
  artifactKey: Guid(6fb2b36b77057104e855d6bf2d68c14b) Importer(2089858483,b0f066a214c2f5e87bad3c948f4d605d)
Start importing Assets/Space Exploration/Picto_Icons/Light_Purple/mic-256.png using Guid(6fb2b36b77057104e855d6bf2d68c14b) Importer(2089858483,b0f066a214c2f5e87bad3c948f4d605d) (ScriptedImporter) -> (artifact id: '48cda9f7210a9713512fc9a319492565') in 0.0437191 seconds
Number of updated asset objects reloaded before import = 0Number of asset objects unloaded after import = 3

========================================================================
Received Import Request.
  Time since last request: 0.000031 seconds.
  path: Assets/Space Exploration/Picto_Icons/Light_Purple/stop-64.png
  artifactKey: Guid(a6ba4a28b647acb45aa1d20e1d6cc3ad) Importer(2089858483,b0f066a214c2f5e87bad3c948f4d605d)
Start importing Assets/Space Exploration/Picto_Icons/Light_Purple/stop-64.png using Guid(a6ba4a28b647acb45aa1d20e1d6cc3ad) Importer(2089858483,b0f066a214c2f5e87bad3c948f4d605d) (ScriptedImporter) -> (artifact id: '9a4be37b58d71bf5191eb2171602f259') in 0.0470663 seconds
Number of updated asset objects reloaded before import = 0Number of asset objects unloaded after import = 3

========================================================================
Received Import Request.
  Time since last request: 0.000041 seconds.
  path: Assets/Space Exploration/Button_Images/Highlighted_Sprite/extra large/short-purple-highlight-extra-large.png
  artifactKey: Guid(648697457c35ddc41b9ca90847452baa) Importer(2089858483,b0f066a214c2f5e87bad3c948f4d605d)
Start importing Assets/Space Exploration/Button_Images/Highlighted_Sprite/extra large/short-purple-highlight-extra-large.png using Guid(648697457c35ddc41b9ca90847452baa) Importer(2089858483,b0f066a214c2f5e87bad3c948f4d605d) (ScriptedImporter) -> (artifact id: 'f5e708aa755d05c38ceb0e634852edf7') in 0.0341318 seconds
Number of updated asset objects reloaded before import = 0Number of asset objects unloaded after import = 3

========================================================================
Received Import Request.
  Time since last request: 0.000026 seconds.
  path: Assets/Space Exploration/Icons/potion-pink-1-512.png
  artifactKey: Guid(42a83c64a1ce4634bac0b99f508041e3) Importer(2089858483,b0f066a214c2f5e87bad3c948f4d605d)
Start importing Assets/Space Exploration/Icons/potion-pink-1-512.png using Guid(42a83c64a1ce4634bac0b99f508041e3) Importer(2089858483,b0f066a214c2f5e87bad3c948f4d605d) (ScriptedImporter) -> (artifact id: '40bb4892c058ac5542690402b41f42fd') in 0.0403082 seconds
Number of updated asset objects reloaded before import = 0Number of asset objects unloaded after import = 3

========================================================================
Received Import Request.
  Time since last request: 0.000026 seconds.
  path: Assets/Space Exploration/Picto_Icons/White/mic-32.png
  artifactKey: Guid(c3538383444219f45b0e3672c765f904) Importer(2089858483,b0f066a214c2f5e87bad3c948f4d605d)
Start importing Assets/Space Exploration/Picto_Icons/White/mic-32.png using Guid(c3538383444219f45b0e3672c765f904) Importer(2089858483,b0f066a214c2f5e87bad3c948f4d605d) (ScriptedImporter) -> (artifact id: '1fea6443c57a803a4b7df60af9b224db') in 0.0408608 seconds
Number of updated asset objects reloaded before import = 0Number of asset objects unloaded after import = 3

========================================================================
Received Import Request.
  Time since last request: 0.000040 seconds.
  path: Assets/Space Exploration/Picto_Icons/Light_Purple/@-128.png
  artifactKey: Guid(e430ba8a392e5a446b3a51780df02b58) Importer(2089858483,b0f066a214c2f5e87bad3c948f4d605d)
Start importing Assets/Space Exploration/Picto_Icons/Light_Purple/@-128.png using Guid(e430ba8a392e5a446b3a51780df02b58) Importer(2089858483,b0f066a214c2f5e87bad3c948f4d605d) (ScriptedImporter) -> (artifact id: 'd892178812b995e45dddb465803f1a53') in 0.0289401 seconds
Number of updated asset objects reloaded before import = 0Number of asset objects unloaded after import = 3

========================================================================
Received Import Request.
  Time since last request: 0.000029 seconds.
  path: Assets/Space Exploration/Button_Images/Source_Image_Sprites/large/square-blue-large.png
  artifactKey: Guid(b055e39f3d278f14fad02576e2f7aee8) Importer(2089858483,b0f066a214c2f5e87bad3c948f4d605d)
Start importing Assets/Space Exploration/Button_Images/Source_Image_Sprites/large/square-blue-large.png using Guid(b055e39f3d278f14fad02576e2f7aee8) Importer(2089858483,b0f066a214c2f5e87bad3c948f4d605d) (ScriptedImporter) -> (artifact id: 'fb704c396c03c7f8d7f28a8c7ff1d0c6') in 0.0279167 seconds
Number of updated asset objects reloaded before import = 0Number of asset objects unloaded after import = 3

========================================================================
Received Import Request.
  Time since last request: 0.000045 seconds.
  path: Assets/Photon/PhotonUnityNetworking/Demos/Shared Assets/Textures/Robot_Normal.png
  artifactKey: Guid(a1454d7237641fa49a7f66d6bee624ad) Importer(2089858483,b0f066a214c2f5e87bad3c948f4d605d)
Start importing Assets/Photon/PhotonUnityNetworking/Demos/Shared Assets/Textures/Robot_Normal.png using Guid(a1454d7237641fa49a7f66d6bee624ad) Importer(2089858483,b0f066a214c2f5e87bad3c948f4d605d) (ScriptedImporter) -> (artifact id: '5825a280f1c3d50102979b2988a0c460') in 0.029742 seconds
Number of updated asset objects reloaded before import = 0Number of asset objects unloaded after import = 1

========================================================================
Received Import Request.
  Time since last request: 0.000031 seconds.
  path: Assets/Space Exploration/Picto_Icons/Dark_Purple/bell-off-64.png
  artifactKey: Guid(9fcc2886a62b14d4590f31dcf4c43293) Importer(2089858483,b0f066a214c2f5e87bad3c948f4d605d)
Start importing Assets/Space Exploration/Picto_Icons/Dark_Purple/bell-off-64.png using Guid(9fcc2886a62b14d4590f31dcf4c43293) Importer(2089858483,b0f066a214c2f5e87bad3c948f4d605d) (ScriptedImporter) -> (artifact id: '4df51cc26af19bd0c939f1ff8a59d623') in 0.0408419 seconds
Number of updated asset objects reloaded before import = 0Number of asset objects unloaded after import = 3

========================================================================
Received Import Request.
  Time since last request: 0.000042 seconds.
  path: Assets/Space Exploration/Picto_Icons/Light_Purple/mic-off-256.png
  artifactKey: Guid(1c628a4abe5588144b9d97c3eafffb17) Importer(2089858483,b0f066a214c2f5e87bad3c948f4d605d)
Start importing Assets/Space Exploration/Picto_Icons/Light_Purple/mic-off-256.png using Guid(1c628a4abe5588144b9d97c3eafffb17) Importer(2089858483,b0f066a214c2f5e87bad3c948f4d605d) (ScriptedImporter) -> (artifact id: '4610d6b04e63be981ef1fdce01a98396') in 0.0378538 seconds
Number of updated asset objects reloaded before import = 0Number of asset objects unloaded after import = 3

========================================================================
Received Import Request.
  Time since last request: 0.000023 seconds.
  path: Assets/Space Exploration/Picto_Icons/White/crescent-moon-64.png
  artifactKey: Guid(54694470c04fb2a43a61fb8d4b6ef9b7) Importer(2089858483,b0f066a214c2f5e87bad3c948f4d605d)
Start importing Assets/Space Exploration/Picto_Icons/White/crescent-moon-64.png using Guid(54694470c04fb2a43a61fb8d4b6ef9b7) Importer(2089858483,b0f066a214c2f5e87bad3c948f4d605d) (ScriptedImporter) -> (artifact id: 'f933eb52748a2f12b47f9d860710908e') in 0.0477199 seconds
Number of updated asset objects reloaded before import = 0Number of asset objects unloaded after import = 3

========================================================================
Received Import Request.
  Time since last request: 0.000028 seconds.
  path: Assets/Space Exploration/Picto_Icons/White/page-256.png
  artifactKey: Guid(df79da7a7741162428327ba7c9181628) Importer(2089858483,b0f066a214c2f5e87bad3c948f4d605d)
Start importing Assets/Space Exploration/Picto_Icons/White/page-256.png using Guid(df79da7a7741162428327ba7c9181628) Importer(2089858483,b0f066a214c2f5e87bad3c948f4d605d) (ScriptedImporter) -> (artifact id: '84e0f6c4574c08db1828a31d35193e57') in 0.046042 seconds
Number of updated asset objects reloaded before import = 0Number of asset objects unloaded after import = 3

========================================================================
Received Import Request.
  Time since last request: 0.000040 seconds.
  path: Assets/Space Exploration/Picto_Icons/White/flame-64.png
  artifactKey: Guid(b7c8fc1d6917bd542aba38400465599e) Importer(2089858483,b0f066a214c2f5e87bad3c948f4d605d)
Start importing Assets/Space Exploration/Picto_Icons/White/flame-64.png using Guid(b7c8fc1d6917bd542aba38400465599e) Importer(2089858483,b0f066a214c2f5e87bad3c948f4d605d) (ScriptedImporter) -> (artifact id: '2d1e163c9d8081fd92154561d18a88b0') in 0.0429627 seconds
Number of updated asset objects reloaded before import = 0Number of asset objects unloaded after import = 3

========================================================================
Received Import Request.
  Time since last request: 0.000031 seconds.
  path: Assets/Space Exploration/Picto_Icons/Dark_Purple/key-256.png
  artifactKey: Guid(d25e26e632bcdfb48b592ef98bf103b5) Importer(2089858483,b0f066a214c2f5e87bad3c948f4d605d)
Start importing Assets/Space Exploration/Picto_Icons/Dark_Purple/key-256.png using Guid(d25e26e632bcdfb48b592ef98bf103b5) Importer(2089858483,b0f066a214c2f5e87bad3c948f4d605d) (ScriptedImporter) -> (artifact id: 'f92bfd975d7f2edb6ba7c589bc139b42') in 0.039807 seconds
Number of updated asset objects reloaded before import = 0Number of asset objects unloaded after import = 3

========================================================================
Received Import Request.
  Time since last request: 0.000035 seconds.
  path: Assets/Space Exploration/Prefabs/Buttons_Simple/Extra Large/Purple/Large_Purple_Extra_Large_Button.prefab
  artifactKey: Guid(065998ef1a1526f47b1eb1b2aa547dec) Importer(2089858483,b0f066a214c2f5e87bad3c948f4d605d)
Start importing Assets/Space Exploration/Prefabs/Buttons_Simple/Extra Large/Purple/Large_Purple_Extra_Large_Button.prefab using Guid(065998ef1a1526f47b1eb1b2aa547dec) Importer(2089858483,b0f066a214c2f5e87bad3c948f4d605d) (ScriptedImporter) -> (artifact id: '5dace64b91ef2bcdeb2f3aed0b2c75bf') in 0.0613686 seconds
Number of updated asset objects reloaded before import = 0Number of asset objects unloaded after import = 18

========================================================================
Received Import Request.
  Time since last request: 0.000037 seconds.
  path: Assets/Space Exploration/Button_Images/Highlighted_Sprite/extra large
  artifactKey: Guid(c02425c3f5af8e34db9bb7ed025018c2) Importer(2089858483,b0f066a214c2f5e87bad3c948f4d605d)
Start importing Assets/Space Exploration/Button_Images/Highlighted_Sprite/extra large using Guid(c02425c3f5af8e34db9bb7ed025018c2) Importer(2089858483,b0f066a214c2f5e87bad3c948f4d605d) (ScriptedImporter) -> (artifact id: '069fc2b6a5aaf43efefb3a17a30f9b39') in 0.0197916 seconds
Number of updated asset objects reloaded before import = 0Number of asset objects unloaded after import = 1

========================================================================
Received Import Request.
  Time since last request: 0.000040 seconds.
  path: Assets/Space Exploration/Settings_&_Menu_Components/Small
  artifactKey: Guid(7ca253dace719724ba4eeb3cbc52c180) Importer(2089858483,b0f066a214c2f5e87bad3c948f4d605d)
Start importing Assets/Space Exploration/Settings_&_Menu_Components/Small using Guid(7ca253dace719724ba4eeb3cbc52c180) Importer(2089858483,b0f066a214c2f5e87bad3c948f4d605d) (ScriptedImporter) -> (artifact id: '1072cd457bb698728d07d2c667a954b5') in 0.0192224 seconds
Number of updated asset objects reloaded before import = 0Number of asset objects unloaded after import = 1

========================================================================
Received Import Request.
  Time since last request: 0.000024 seconds.
  path: Assets/Space Exploration/Button_Images/Pressed_Sprites/Extra_Large/short-yellow-pressed-extra-large.png
  artifactKey: Guid(2f29148c1d44fcd40a53f8e069862c74) Importer(2089858483,b0f066a214c2f5e87bad3c948f4d605d)
Start importing Assets/Space Exploration/Button_Images/Pressed_Sprites/Extra_Large/short-yellow-pressed-extra-large.png using Guid(2f29148c1d44fcd40a53f8e069862c74) Importer(2089858483,b0f066a214c2f5e87bad3c948f4d605d) (ScriptedImporter) -> (artifact id: 'd06711ba48a8739beac8f73a1b96fadd') in 0.0300277 seconds
Number of updated asset objects reloaded before import = 0Number of asset objects unloaded after import = 3

========================================================================
Received Import Request.
  Time since last request: 0.000028 seconds.
  path: Assets/Space Exploration/Picto_Icons/White/web-128.png
  artifactKey: Guid(c323cea48975590499bb5bc0e38d27fd) Importer(2089858483,b0f066a214c2f5e87bad3c948f4d605d)
Start importing Assets/Space Exploration/Picto_Icons/White/web-128.png using Guid(c323cea48975590499bb5bc0e38d27fd) Importer(2089858483,b0f066a214c2f5e87bad3c948f4d605d) (ScriptedImporter) -> (artifact id: '7bdc33a05a7f2c4f2fb5a5ed7482d031') in 0.039813 seconds
Number of updated asset objects reloaded before import = 0Number of asset objects unloaded after import = 3

========================================================================
Received Import Request.
  Time since last request: 0.000035 seconds.
  path: Assets/Photon/PhotonUnityNetworking/Demos/DemoAsteroids/Scripts/Lobby/LobbyMainPanel.cs
  artifactKey: Guid(84fd812a67908014cb408f749ca7a55e) Importer(2089858483,b0f066a214c2f5e87bad3c948f4d605d)
Start importing Assets/Photon/PhotonUnityNetworking/Demos/DemoAsteroids/Scripts/Lobby/LobbyMainPanel.cs using Guid(84fd812a67908014cb408f749ca7a55e) Importer(2089858483,b0f066a214c2f5e87bad3c948f4d605d) (ScriptedImporter) -> (artifact id: '84b2a6774b44fa8249b775dd287012be') in 0.0193517 seconds
Number of updated asset objects reloaded before import = 0Number of asset objects unloaded after import = 0

========================================================================
Received Import Request.
  Time since last request: 0.000023 seconds.
  path: Assets/Space Exploration/Picto_Icons/Light_Purple/zoom-in-128.png
  artifactKey: Guid(e4e01075baf6502469a5540b510ab055) Importer(2089858483,b0f066a214c2f5e87bad3c948f4d605d)
Start importing Assets/Space Exploration/Picto_Icons/Light_Purple/zoom-in-128.png using Guid(e4e01075baf6502469a5540b510ab055) Importer(2089858483,b0f066a214c2f5e87bad3c948f4d605d) (ScriptedImporter) -> (artifact id: 'bfcc5f5674df692f64eac5a77956811a') in 0.043488 seconds
Number of updated asset objects reloaded before import = 0Number of asset objects unloaded after import = 3

========================================================================
Received Import Request.
  Time since last request: 0.000044 seconds.
  path: Assets/TextMesh Pro/Fonts/LiberationSans - OFL.txt
  artifactKey: Guid(6e59c59b81ab47f9b6ec5781fa725d2c) Importer(2089858483,b0f066a214c2f5e87bad3c948f4d605d)
Start importing Assets/TextMesh Pro/Fonts/LiberationSans - OFL.txt using Guid(6e59c59b81ab47f9b6ec5781fa725d2c) Importer(2089858483,b0f066a214c2f5e87bad3c948f4d605d) (ScriptedImporter) -> (artifact id: '9271ffd5c184efc7d914abca04e90d11') in 0.0223225 seconds
Number of updated asset objects reloaded before import = 0Number of asset objects unloaded after import = 1

========================================================================
Received Import Request.
  Time since last request: 0.000043 seconds.
  path: Assets/Space Exploration/Picto_Icons/White/zoom-out-256.png
  artifactKey: Guid(daac99a14e099e9499b4ad7fa523f8b0) Importer(2089858483,b0f066a214c2f5e87bad3c948f4d605d)
Start importing Assets/Space Exploration/Picto_Icons/White/zoom-out-256.png using Guid(daac99a14e099e9499b4ad7fa523f8b0) Importer(2089858483,b0f066a214c2f5e87bad3c948f4d605d) (ScriptedImporter) -> (artifact id: 'a867433d3011e7990136e09f76fc7a22') in 0.048317 seconds
Number of updated asset objects reloaded before import = 0Number of asset objects unloaded after import = 3

========================================================================
Received Import Request.
  Time since last request: 0.000030 seconds.
  path: Assets/Space Exploration/Picto_Icons/Dark_Purple/shuffle-arrow-256.png
  artifactKey: Guid(58ae1628439bb3042a7ecaf5b848fe6d) Importer(2089858483,b0f066a214c2f5e87bad3c948f4d605d)
Start importing Assets/Space Exploration/Picto_Icons/Dark_Purple/shuffle-arrow-256.png using Guid(58ae1628439bb3042a7ecaf5b848fe6d) Importer(2089858483,b0f066a214c2f5e87bad3c948f4d605d) (ScriptedImporter) -> (artifact id: '25d088ed95376eed64d293806f1777b5') in 0.0444078 seconds
Number of updated asset objects reloaded before import = 0Number of asset objects unloaded after import = 3

========================================================================
Received Import Request.
  Time since last request: 0.000040 seconds.
  path: Assets/Space Exploration/Picto_Icons/Light_Purple/right-128.png
  artifactKey: Guid(ca4c6ddd63a0dd547a9848a22c7719ed) Importer(2089858483,b0f066a214c2f5e87bad3c948f4d605d)
Start importing Assets/Space Exploration/Picto_Icons/Light_Purple/right-128.png using Guid(ca4c6ddd63a0dd547a9848a22c7719ed) Importer(2089858483,b0f066a214c2f5e87bad3c948f4d605d) (ScriptedImporter) -> (artifact id: 'c348cde8e23d708670520f39624beeae') in 0.0409615 seconds
Number of updated asset objects reloaded before import = 0Number of asset objects unloaded after import = 3

========================================================================
Received Import Request.
  Time since last request: 0.000030 seconds.
  path: Assets/Space Exploration/Grid_Components/Small/inventory-locked-highlight-small.png
  artifactKey: Guid(b7be67c58091b3041886672d31d4a53a) Importer(2089858483,b0f066a214c2f5e87bad3c948f4d605d)
Start importing Assets/Space Exploration/Grid_Components/Small/inventory-locked-highlight-small.png using Guid(b7be67c58091b3041886672d31d4a53a) Importer(2089858483,b0f066a214c2f5e87bad3c948f4d605d) (ScriptedImporter) -> (artifact id: 'b6c8273e6cbca4269588a5ea537d8647') in 0.0410085 seconds
Number of updated asset objects reloaded before import = 0Number of asset objects unloaded after import = 3

========================================================================
Received Import Request.
  Time since last request: 0.000045 seconds.
  path: Assets/Space Exploration/Settings_&_Menu_Components/Medium/short-button-flat-dark-purple-medium.png
  artifactKey: Guid(e782af7de9179fc4cbe4cdffea5e8d34) Importer(2089858483,b0f066a214c2f5e87bad3c948f4d605d)
Start importing Assets/Space Exploration/Settings_&_Menu_Components/Medium/short-button-flat-dark-purple-medium.png using Guid(e782af7de9179fc4cbe4cdffea5e8d34) Importer(2089858483,b0f066a214c2f5e87bad3c948f4d605d) (ScriptedImporter) -> (artifact id: 'be327572635cf265c16625af8af88d82') in 0.0399169 seconds
Number of updated asset objects reloaded before import = 0Number of asset objects unloaded after import = 3

========================================================================
Received Import Request.
  Time since last request: 0.000025 seconds.
  path: Assets/Space Exploration/Prefabs/UI_Elements/Extra_Large/Menu Buttons/Forward_Button_Extra_Large.prefab
  artifactKey: Guid(86d78d8357e0bd9458c983a7098fc205) Importer(2089858483,b0f066a214c2f5e87bad3c948f4d605d)
Start importing Assets/Space Exploration/Prefabs/UI_Elements/Extra_Large/Menu Buttons/Forward_Button_Extra_Large.prefab using Guid(86d78d8357e0bd9458c983a7098fc205) Importer(2089858483,b0f066a214c2f5e87bad3c948f4d605d) (ScriptedImporter) -> (artifact id: 'd7e0b08bed8c68f02945dddf13bd0b71') in 0.051694 seconds
Number of updated asset objects reloaded before import = 0Number of asset objects unloaded after import = 13

========================================================================
Received Import Request.
  Time since last request: 0.000031 seconds.
  path: Assets/Space Exploration/Prefabs/Buttons_Simple/Large/Purple
  artifactKey: Guid(2738ec0a019da2942ba39caac0752d49) Importer(2089858483,b0f066a214c2f5e87bad3c948f4d605d)
Start importing Assets/Space Exploration/Prefabs/Buttons_Simple/Large/Purple using Guid(2738ec0a019da2942ba39caac0752d49) Importer(2089858483,b0f066a214c2f5e87bad3c948f4d605d) (ScriptedImporter) -> (artifact id: '2172da21312ee5a2bfad6ced086ae666') in 0.0190372 seconds
Number of updated asset objects reloaded before import = 0Number of asset objects unloaded after import = 1

========================================================================
Received Import Request.
  Time since last request: 0.000042 seconds.
  path: Assets/Space Exploration/Button_Images/Highlighted_Sprite/small/large-yellow-sparkle-highlight-small.png
  artifactKey: Guid(206d9c586397bbb42a711807444fa743) Importer(2089858483,b0f066a214c2f5e87bad3c948f4d605d)
Start importing Assets/Space Exploration/Button_Images/Highlighted_Sprite/small/large-yellow-sparkle-highlight-small.png using Guid(206d9c586397bbb42a711807444fa743) Importer(2089858483,b0f066a214c2f5e87bad3c948f4d605d) (ScriptedImporter) -> (artifact id: '73354e100ddca1232da2132ee56ac734') in 0.0322003 seconds
Number of updated asset objects reloaded before import = 0Number of asset objects unloaded after import = 3

========================================================================
Received Import Request.
  Time since last request: 0.000043 seconds.
  path: Assets/Space Exploration/Picto_Icons/Light_Purple/up-arrow-128.png
  artifactKey: Guid(59de9c85495c65c42955e29dca2f54d7) Importer(2089858483,b0f066a214c2f5e87bad3c948f4d605d)
Start importing Assets/Space Exploration/Picto_Icons/Light_Purple/up-arrow-128.png using Guid(59de9c85495c65c42955e29dca2f54d7) Importer(2089858483,b0f066a214c2f5e87bad3c948f4d605d) (ScriptedImporter) -> (artifact id: '5acdef775756a31198b51f4bdc1c7680') in 0.0414564 seconds
Number of updated asset objects reloaded before import = 0Number of asset objects unloaded after import = 3

========================================================================
Received Import Request.
  Time since last request: 0.000032 seconds.
  path: Assets/Space Exploration/Prefabs/UI_Elements/Medium
  artifactKey: Guid(6e57d381b13477f498287adcc7f97464) Importer(2089858483,b0f066a214c2f5e87bad3c948f4d605d)
Start importing Assets/Space Exploration/Prefabs/UI_Elements/Medium using Guid(6e57d381b13477f498287adcc7f97464) Importer(2089858483,b0f066a214c2f5e87bad3c948f4d605d) (ScriptedImporter) -> (artifact id: '0deaaee716e1f85c15858be2c2ca77a6') in 0.0181742 seconds
Number of updated asset objects reloaded before import = 0Number of asset objects unloaded after import = 1

========================================================================
Received Import Request.
  Time since last request: 0.000058 seconds.
  path: Assets/Photon/PhotonChat/Demos/Demo Chat/Resources/OpenSans/OpenSans-Regular.ttf
  artifactKey: Guid(439afd3f954cea94c8e910eef29cd81f) Importer(2089858483,b0f066a214c2f5e87bad3c948f4d605d)
Start importing Assets/Photon/PhotonChat/Demos/Demo Chat/Resources/OpenSans/OpenSans-Regular.ttf using Guid(439afd3f954cea94c8e910eef29cd81f) Importer(2089858483,b0f066a214c2f5e87bad3c948f4d605d) (ScriptedImporter) -> (artifact id: 'c12ef9b52763c8f29401ac3457b48d06') in 0.0335746 seconds
Number of updated asset objects reloaded before import = 0Number of asset objects unloaded after import = 3

========================================================================
Received Import Request.
  Time since last request: 0.000025 seconds.
  path: Assets/Space Exploration/Picto_Icons/Dark_Purple/bow-64.png
  artifactKey: Guid(80519f4d04aab71479e39ecb3c2ef775) Importer(2089858483,b0f066a214c2f5e87bad3c948f4d605d)
Start importing Assets/Space Exploration/Picto_Icons/Dark_Purple/bow-64.png using Guid(80519f4d04aab71479e39ecb3c2ef775) Importer(2089858483,b0f066a214c2f5e87bad3c948f4d605d) (ScriptedImporter) -> (artifact id: '0e235821f54888ccaa076c3010890055') in 0.047979 seconds
Number of updated asset objects reloaded before import = 0Number of asset objects unloaded after import = 3

========================================================================
Received Import Request.
  Time since last request: 0.000038 seconds.
  path: Assets/Space Exploration/Picto_Icons/Dark_Purple/cross-64.png
  artifactKey: Guid(18e160ca46ad6f74ca2d8721e3036d17) Importer(2089858483,b0f066a214c2f5e87bad3c948f4d605d)
Start importing Assets/Space Exploration/Picto_Icons/Dark_Purple/cross-64.png using Guid(18e160ca46ad6f74ca2d8721e3036d17) Importer(2089858483,b0f066a214c2f5e87bad3c948f4d605d) (ScriptedImporter) -> (artifact id: '1fd4220fdfa17fd5504847db8f109511') in 0.041218 seconds
Number of updated asset objects reloaded before import = 0Number of asset objects unloaded after import = 3

========================================================================
Received Import Request.
  Time since last request: 0.000036 seconds.
  path: Assets/Space Exploration/Picto_Icons/Light_Purple/sword-128.png
  artifactKey: Guid(d3f0e0deb9c01bd44a875dcbdd47cba2) Importer(2089858483,b0f066a214c2f5e87bad3c948f4d605d)
Start importing Assets/Space Exploration/Picto_Icons/Light_Purple/sword-128.png using Guid(d3f0e0deb9c01bd44a875dcbdd47cba2) Importer(2089858483,b0f066a214c2f5e87bad3c948f4d605d) (ScriptedImporter) -> (artifact id: '7ab0a5e1a552261ab15c0e1e40b69bb6') in 0.0423788 seconds
Number of updated asset objects reloaded before import = 0Number of asset objects unloaded after import = 3

========================================================================
Received Import Request.
  Time since last request: 0.000026 seconds.
  path: Assets/Space Exploration/Prefabs/Buttons_Simple/Large/Yellow/Medium_Yellow_Large_Button.prefab
  artifactKey: Guid(5c5708deeec687843aa42b2a124bd34d) Importer(2089858483,b0f066a214c2f5e87bad3c948f4d605d)
Start importing Assets/Space Exploration/Prefabs/Buttons_Simple/Large/Yellow/Medium_Yellow_Large_Button.prefab using Guid(5c5708deeec687843aa42b2a124bd34d) Importer(2089858483,b0f066a214c2f5e87bad3c948f4d605d) (ScriptedImporter) -> (artifact id: '84de550935bf458f3c5836f924f35d10') in 0.0548876 seconds
Number of updated asset objects reloaded before import = 0Number of asset objects unloaded after import = 18

========================================================================
Received Import Request.
  Time since last request: 0.000037 seconds.
  path: Assets/Space Exploration/Settings_&_Menu_Components/Extra Large/sound-bar-fill-segment-extra-large.png
  artifactKey: Guid(a402df34670fab44487908ed9e1baa00) Importer(2089858483,b0f066a214c2f5e87bad3c948f4d605d)
Start importing Assets/Space Exploration/Settings_&_Menu_Components/Extra Large/sound-bar-fill-segment-extra-large.png using Guid(a402df34670fab44487908ed9e1baa00) Importer(2089858483,b0f066a214c2f5e87bad3c948f4d605d) (ScriptedImporter) -> (artifact id: '10534a6faa54379e821e34a1faa9b65d') in 0.0290401 seconds
Number of updated asset objects reloaded before import = 0Number of asset objects unloaded after import = 3

========================================================================
Received Import Request.
  Time since last request: 0.000044 seconds.
  path: Assets/Space Exploration/Picto_Icons/White/chat-128.png
  artifactKey: Guid(9eb93a0baf40b8546a5f44f53a8487ec) Importer(2089858483,b0f066a214c2f5e87bad3c948f4d605d)
Start importing Assets/Space Exploration/Picto_Icons/White/chat-128.png using Guid(9eb93a0baf40b8546a5f44f53a8487ec) Importer(2089858483,b0f066a214c2f5e87bad3c948f4d605d) (ScriptedImporter) -> (artifact id: 'd98f21c053d0c52fa4a172e20a28273a') in 0.0418546 seconds
Number of updated asset objects reloaded before import = 0Number of asset objects unloaded after import = 3

========================================================================
Received Import Request.
  Time since last request: 0.000029 seconds.
  path: Assets/Photon/PhotonUnityNetworking/Demos/PunCockpit/Scripts/Lists/FriendListCell.cs
  artifactKey: Guid(b7be18b2f537f4428b8e4cd92373a1e0) Importer(2089858483,b0f066a214c2f5e87bad3c948f4d605d)
Start importing Assets/Photon/PhotonUnityNetworking/Demos/PunCockpit/Scripts/Lists/FriendListCell.cs using Guid(b7be18b2f537f4428b8e4cd92373a1e0) Importer(2089858483,b0f066a214c2f5e87bad3c948f4d605d) (ScriptedImporter) -> (artifact id: '808081f664c1960c5b71e0f6179ac1dc') in 0.0206966 seconds
Number of updated asset objects reloaded before import = 0Number of asset objects unloaded after import = 0

========================================================================
Received Import Request.
  Time since last request: 0.000024 seconds.
  path: Assets/Space Exploration/Picto_Icons/Dark_Purple/half-moon-64.png
  artifactKey: Guid(3b7ab70d7d1b52c4b8c14bdd2d3711c6) Importer(2089858483,b0f066a214c2f5e87bad3c948f4d605d)
Start importing Assets/Space Exploration/Picto_Icons/Dark_Purple/half-moon-64.png using Guid(3b7ab70d7d1b52c4b8c14bdd2d3711c6) Importer(2089858483,b0f066a214c2f5e87bad3c948f4d605d) (ScriptedImporter) -> (artifact id: '23ed4976f380c1dd5d868add76c4e4e3') in 0.0449349 seconds
Number of updated asset objects reloaded before import = 0Number of asset objects unloaded after import = 3

========================================================================
Received Import Request.
  Time since last request: 0.000041 seconds.
  path: Assets/Space Exploration/Picto_Icons/Dark_Purple/home-64.png
  artifactKey: Guid(c2a32d5b07232b74c90db9ad2fc7401e) Importer(2089858483,b0f066a214c2f5e87bad3c948f4d605d)
Start importing Assets/Space Exploration/Picto_Icons/Dark_Purple/home-64.png using Guid(c2a32d5b07232b74c90db9ad2fc7401e) Importer(2089858483,b0f066a214c2f5e87bad3c948f4d605d) (ScriptedImporter) -> (artifact id: '655587d845235bb048812d462e71fbca') in 0.0376328 seconds
Number of updated asset objects reloaded before import = 0Number of asset objects unloaded after import = 3

========================================================================
Received Import Request.
  Time since last request: 0.000046 seconds.
  path: Assets/Space Exploration/Button_Images/Pressed_Sprites/Extra_Large/square-yellow-pressed-extra-large.png
  artifactKey: Guid(93e75622eadbb95479d235aad5a126d7) Importer(2089858483,b0f066a214c2f5e87bad3c948f4d605d)
Start importing Assets/Space Exploration/Button_Images/Pressed_Sprites/Extra_Large/square-yellow-pressed-extra-large.png using Guid(93e75622eadbb95479d235aad5a126d7) Importer(2089858483,b0f066a214c2f5e87bad3c948f4d605d) (ScriptedImporter) -> (artifact id: '98b92c9cd562d62abbecbcf3de577b9e') in 0.0321051 seconds
Number of updated asset objects reloaded before import = 0Number of asset objects unloaded after import = 3

========================================================================
Received Import Request.
  Time since last request: 0.000029 seconds.
  path: Assets/Space Exploration/Prefabs/Buttons_Simple/Medium/Pink/Long_Pink_Medium_Button.prefab
  artifactKey: Guid(8fa808ad015cbd849bf4fdfefce33e42) Importer(2089858483,b0f066a214c2f5e87bad3c948f4d605d)
Start importing Assets/Space Exploration/Prefabs/Buttons_Simple/Medium/Pink/Long_Pink_Medium_Button.prefab using Guid(8fa808ad015cbd849bf4fdfefce33e42) Importer(2089858483,b0f066a214c2f5e87bad3c948f4d605d) (ScriptedImporter) -> (artifact id: '531d1b54af14726b46fd27d73474fd6a') in 0.0623392 seconds
Number of updated asset objects reloaded before import = 0Number of asset objects unloaded after import = 18

========================================================================
Received Import Request.
  Time since last request: 0.000036 seconds.
  path: Assets/Space Exploration/Picto_Icons/White/ranking-64.png
  artifactKey: Guid(7dae3da20eb42a44aab82240e124a218) Importer(2089858483,b0f066a214c2f5e87bad3c948f4d605d)
Start importing Assets/Space Exploration/Picto_Icons/White/ranking-64.png using Guid(7dae3da20eb42a44aab82240e124a218) Importer(2089858483,b0f066a214c2f5e87bad3c948f4d605d) (ScriptedImporter) -> (artifact id: '385c81092b29b9fe4110112cb2821eb2') in 0.0391236 seconds
Number of updated asset objects reloaded before import = 0Number of asset objects unloaded after import = 3

========================================================================
Received Import Request.
  Time since last request: 0.000029 seconds.
  path: Assets/Settings/PC_RPAsset.asset
  artifactKey: Guid(4b83569d67af61e458304325a23e5dfd) Importer(2089858483,b0f066a214c2f5e87bad3c948f4d605d)
Start importing Assets/Settings/PC_RPAsset.asset using Guid(4b83569d67af61e458304325a23e5dfd) Importer(2089858483,b0f066a214c2f5e87bad3c948f4d605d) (ScriptedImporter) -> (artifact id: 'e049266c80924b6c60db50e8a58c05b9') in 0.0377731 seconds
Number of updated asset objects reloaded before import = 0Number of asset objects unloaded after import = 1

========================================================================
Received Import Request.
  Time since last request: 0.000031 seconds.
  path: Assets/Space Exploration/Grid_Components/Medium/item-shop-container-medium.png
  artifactKey: Guid(ba280a2c0ebfe7f4a9b014a19d9cbd49) Importer(2089858483,b0f066a214c2f5e87bad3c948f4d605d)
Start importing Assets/Space Exploration/Grid_Components/Medium/item-shop-container-medium.png using Guid(ba280a2c0ebfe7f4a9b014a19d9cbd49) Importer(2089858483,b0f066a214c2f5e87bad3c948f4d605d) (ScriptedImporter) -> (artifact id: '28d4faf0b546faa7a27d5b5a27cf666b') in 0.0571171 seconds
Number of updated asset objects reloaded before import = 0Number of asset objects unloaded after import = 3

========================================================================
Received Import Request.
  Time since last request: 0.000049 seconds.
  path: Assets/Photon/PhotonChat/Code/ChatPeer.cs
  artifactKey: Guid(3f712805dec728943a668b3bf19dc422) Importer(2089858483,b0f066a214c2f5e87bad3c948f4d605d)
Start importing Assets/Photon/PhotonChat/Code/ChatPeer.cs using Guid(3f712805dec728943a668b3bf19dc422) Importer(2089858483,b0f066a214c2f5e87bad3c948f4d605d) (ScriptedImporter) -> (artifact id: '977b434801b8da87a9d3d3a2a851ca8b') in 0.0215855 seconds
Number of updated asset objects reloaded before import = 0Number of asset objects unloaded after import = 0

========================================================================
Received Import Request.
  Time since last request: 0.000040 seconds.
  path: Assets/Photon/PhotonLibs/WebSocket/WebSocket.jslib
  artifactKey: Guid(04bb5f307f2e48b4fbaa6da865fd4091) Importer(2089858483,b0f066a214c2f5e87bad3c948f4d605d)
Start importing Assets/Photon/PhotonLibs/WebSocket/WebSocket.jslib using Guid(04bb5f307f2e48b4fbaa6da865fd4091) Importer(2089858483,b0f066a214c2f5e87bad3c948f4d605d) (ScriptedImporter) -> (artifact id: '87878f2d4ea2063a5e6c5ec5fa906a66') in 0.0243921 seconds
Number of updated asset objects reloaded before import = 0Number of asset objects unloaded after import = 0

========================================================================
Received Import Request.
  Time since last request: 0.000030 seconds.
  path: Assets/Space Exploration/Button_Images/Pressed_Sprites/Extra_Large/large-purple-sparkle-pressed-extra-large.png
  artifactKey: Guid(46c0cc582808f1b4f9dea40acbc03fe5) Importer(2089858483,b0f066a214c2f5e87bad3c948f4d605d)
Start importing Assets/Space Exploration/Button_Images/Pressed_Sprites/Extra_Large/large-purple-sparkle-pressed-extra-large.png using Guid(46c0cc582808f1b4f9dea40acbc03fe5) Importer(2089858483,b0f066a214c2f5e87bad3c948f4d605d) (ScriptedImporter) -> (artifact id: 'b45c3765b9175b43afb0a933171d7fc9') in 0.031458 seconds
Number of updated asset objects reloaded before import = 0Number of asset objects unloaded after import = 3

========================================================================
Received Import Request.
  Time since last request: 0.000039 seconds.
  path: Assets/Space Exploration/Icons/uranus-512.png
  artifactKey: Guid(cda9786f6accc8343a4a7cb09c26c0bf) Importer(2089858483,b0f066a214c2f5e87bad3c948f4d605d)
Start importing Assets/Space Exploration/Icons/uranus-512.png using Guid(cda9786f6accc8343a4a7cb09c26c0bf) Importer(2089858483,b0f066a214c2f5e87bad3c948f4d605d) (ScriptedImporter) -> (artifact id: 'd4a42e0fbadca3ffad907635e33848cb') in 0.0451317 seconds
Number of updated asset objects reloaded before import = 0Number of asset objects unloaded after import = 3

========================================================================
Received Import Request.
  Time since last request: 0.000028 seconds.
  path: Assets/Photon/PhotonUnityNetworking/Demos/PunCockpit/Scripts/Autonomous UI/SendRateField.cs
  artifactKey: Guid(f6ed1c2b7c01b4b3cba625a08a991c7f) Importer(2089858483,b0f066a214c2f5e87bad3c948f4d605d)
Start importing Assets/Photon/PhotonUnityNetworking/Demos/PunCockpit/Scripts/Autonomous UI/SendRateField.cs using Guid(f6ed1c2b7c01b4b3cba625a08a991c7f) Importer(2089858483,b0f066a214c2f5e87bad3c948f4d605d) (ScriptedImporter) -> (artifact id: 'bc84a05fb7a2a174625527b50b0076db') in 0.0199328 seconds
Number of updated asset objects reloaded before import = 0Number of asset objects unloaded after import = 0

========================================================================
Received Import Request.
  Time since last request: 0.000029 seconds.
  path: Assets/Space Exploration/Picto_Icons/Dark_Purple/home-128.png
  artifactKey: Guid(eb8eb0617799fed4aa1a471e65835c93) Importer(2089858483,b0f066a214c2f5e87bad3c948f4d605d)
Start importing Assets/Space Exploration/Picto_Icons/Dark_Purple/home-128.png using Guid(eb8eb0617799fed4aa1a471e65835c93) Importer(2089858483,b0f066a214c2f5e87bad3c948f4d605d) (ScriptedImporter) -> (artifact id: 'e35470fc84a3ed502ef9d70e287f364d') in 0.0461963 seconds
Number of updated asset objects reloaded before import = 0Number of asset objects unloaded after import = 3

========================================================================
Received Import Request.
  Time since last request: 0.000042 seconds.
  path: Assets/Space Exploration/Settings_&_Menu_Components/Large/mission-bar-full-large.png
  artifactKey: Guid(8e6bc159e32383649a51ddf894a65089) Importer(2089858483,b0f066a214c2f5e87bad3c948f4d605d)
Start importing Assets/Space Exploration/Settings_&_Menu_Components/Large/mission-bar-full-large.png using Guid(8e6bc159e32383649a51ddf894a65089) Importer(2089858483,b0f066a214c2f5e87bad3c948f4d605d) (ScriptedImporter) -> (artifact id: 'afb4d65bec5b629ae0bf982097eda9ad') in 0.0286784 seconds
Number of updated asset objects reloaded before import = 0Number of asset objects unloaded after import = 3

========================================================================
Received Import Request.
  Time since last request: 0.000027 seconds.
  path: Assets/Space Exploration/Picto_Icons/Dark_Purple/page-64.png
  artifactKey: Guid(52cfed06ebef94d4392616f1e91aa247) Importer(2089858483,b0f066a214c2f5e87bad3c948f4d605d)
Start importing Assets/Space Exploration/Picto_Icons/Dark_Purple/page-64.png using Guid(52cfed06ebef94d4392616f1e91aa247) Importer(2089858483,b0f066a214c2f5e87bad3c948f4d605d) (ScriptedImporter) -> (artifact id: '8897fb90705a7d1ecce55bf5df2ca8f4') in 0.0386064 seconds
Number of updated asset objects reloaded before import = 0Number of asset objects unloaded after import = 3

========================================================================
Received Import Request.
  Time since last request: 0.000034 seconds.
  path: Assets/Space Exploration/Prefabs/UI_Elements/Large/Menu Buttons
  artifactKey: Guid(d1b1efc8be66e8540aa0c9cc5c42ffc4) Importer(2089858483,b0f066a214c2f5e87bad3c948f4d605d)
Start importing Assets/Space Exploration/Prefabs/UI_Elements/Large/Menu Buttons using Guid(d1b1efc8be66e8540aa0c9cc5c42ffc4) Importer(2089858483,b0f066a214c2f5e87bad3c948f4d605d) (ScriptedImporter) -> (artifact id: '01fca04a810008b3e0ff91656f171278') in 0.018998 seconds
Number of updated asset objects reloaded before import = 0Number of asset objects unloaded after import = 1

========================================================================
Received Import Request.
  Time since last request: 0.000038 seconds.
  path: Assets/Photon/PhotonUnityNetworking/UtilityScripts/PhotonPlayer/Editor
  artifactKey: Guid(f1d46a1c486645945a3667d8bbe2d2e7) Importer(2089858483,b0f066a214c2f5e87bad3c948f4d605d)
Start importing Assets/Photon/PhotonUnityNetworking/UtilityScripts/PhotonPlayer/Editor using Guid(f1d46a1c486645945a3667d8bbe2d2e7) Importer(2089858483,b0f066a214c2f5e87bad3c948f4d605d) (ScriptedImporter) -> (artifact id: '5f06e95d150aa8a164692c33708761ee') in 0.0208106 seconds
Number of updated asset objects reloaded before import = 0Number of asset objects unloaded after import = 1

========================================================================
Received Import Request.
  Time since last request: 0.000028 seconds.
  path: Assets/Space Exploration/Icons/inventory-256.png
  artifactKey: Guid(26f53aee181113a4a843db08c4f9c828) Importer(2089858483,b0f066a214c2f5e87bad3c948f4d605d)
Start importing Assets/Space Exploration/Icons/inventory-256.png using Guid(26f53aee181113a4a843db08c4f9c828) Importer(2089858483,b0f066a214c2f5e87bad3c948f4d605d) (ScriptedImporter) -> (artifact id: 'c3386184efc621cb0501d0b98b735f57') in 0.0398146 seconds
Number of updated asset objects reloaded before import = 0Number of asset objects unloaded after import = 3

========================================================================
Received Import Request.
  Time since last request: 0.000028 seconds.
  path: Assets/Photon/PhotonLibs/Metro/Photon3Unity3D.dll
  artifactKey: Guid(3b5a0a7dce46a13459199d174ad3db3f) Importer(2089858483,b0f066a214c2f5e87bad3c948f4d605d)
Start importing Assets/Photon/PhotonLibs/Metro/Photon3Unity3D.dll using Guid(3b5a0a7dce46a13459199d174ad3db3f) Importer(2089858483,b0f066a214c2f5e87bad3c948f4d605d) (ScriptedImporter) -> (artifact id: 'ab8f05f21d8b70ad5ecb7e2647b03184') in 0.019711 seconds
Number of updated asset objects reloaded before import = 0Number of asset objects unloaded after import = 0

========================================================================
Received Import Request.
  Time since last request: 0.000049 seconds.
  path: Assets/Space Exploration/Picto_Icons/White/astronaut-256.png
  artifactKey: Guid(3f5bcf250fa91e643bc44ceb78c2cb02) Importer(2089858483,b0f066a214c2f5e87bad3c948f4d605d)
Start importing Assets/Space Exploration/Picto_Icons/White/astronaut-256.png using Guid(3f5bcf250fa91e643bc44ceb78c2cb02) Importer(2089858483,b0f066a214c2f5e87bad3c948f4d605d) (ScriptedImporter) -> (artifact id: '6a8b0118bc70b57a1ab8b19df27637db') in 0.0270188 seconds
Number of updated asset objects reloaded before import = 0Number of asset objects unloaded after import = 3

========================================================================
Received Import Request.
  Time since last request: 0.000025 seconds.
  path: Assets/Space Exploration/Picto_Icons/Light_Purple/shield-128.png
  artifactKey: Guid(f54435d3ff17b874eb76089989502615) Importer(2089858483,b0f066a214c2f5e87bad3c948f4d605d)
Start importing Assets/Space Exploration/Picto_Icons/Light_Purple/shield-128.png using Guid(f54435d3ff17b874eb76089989502615) Importer(2089858483,b0f066a214c2f5e87bad3c948f4d605d) (ScriptedImporter) -> (artifact id: 'c04cafe24a71e451d2981c81b2e95dbf') in 0.0374119 seconds
Number of updated asset objects reloaded before import = 0Number of asset objects unloaded after import = 3

========================================================================
Received Import Request.
  Time since last request: 0.000060 seconds.
  path: Assets/Space Exploration/Picto_Icons/Dark_Purple/picture-128.png
  artifactKey: Guid(1e8a454737747a14fa2a0e5b84bb9391) Importer(2089858483,b0f066a214c2f5e87bad3c948f4d605d)
Start importing Assets/Space Exploration/Picto_Icons/Dark_Purple/picture-128.png using Guid(1e8a454737747a14fa2a0e5b84bb9391) Importer(2089858483,b0f066a214c2f5e87bad3c948f4d605d) (ScriptedImporter) -> (artifact id: '3a4fa26f686a7db6519d749ea3c26ed6') in 0.0408977 seconds
Number of updated asset objects reloaded before import = 0Number of asset objects unloaded after import = 3

========================================================================
Received Import Request.
  Time since last request: 0.000036 seconds.
  path: Assets/Space Exploration/Picto_Icons/White/page-64.png
  artifactKey: Guid(b46d99f7376fc54449eca52a58d12733) Importer(2089858483,b0f066a214c2f5e87bad3c948f4d605d)
Start importing Assets/Space Exploration/Picto_Icons/White/page-64.png using Guid(b46d99f7376fc54449eca52a58d12733) Importer(2089858483,b0f066a214c2f5e87bad3c948f4d605d) (ScriptedImporter) -> (artifact id: '5761a27f59f7b189a4294ea9023d5349') in 0.0459466 seconds
Number of updated asset objects reloaded before import = 0Number of asset objects unloaded after import = 3

========================================================================
Received Import Request.
  Time since last request: 0.000025 seconds.
  path: Assets/Space Exploration/Picto_Icons/Dark_Purple/no-wifi-32.png
  artifactKey: Guid(97803084a923cc140ba458b8116b67ff) Importer(2089858483,b0f066a214c2f5e87bad3c948f4d605d)
Start importing Assets/Space Exploration/Picto_Icons/Dark_Purple/no-wifi-32.png using Guid(97803084a923cc140ba458b8116b67ff) Importer(2089858483,b0f066a214c2f5e87bad3c948f4d605d) (ScriptedImporter) -> (artifact id: '7e9525c4cff359e713fd77f33d9c66c1') in 0.0781114 seconds
Number of updated asset objects reloaded before import = 0Number of asset objects unloaded after import = 3

========================================================================
Received Import Request.
  Time since last request: 0.000033 seconds.
  path: Assets/Space Exploration/Fonts/Font Sources/static/Asap_SemiExpanded-BoldItalic.ttf
  artifactKey: Guid(acb0fa3a0d76d034bb365f88dfbaa49d) Importer(2089858483,b0f066a214c2f5e87bad3c948f4d605d)
Start importing Assets/Space Exploration/Fonts/Font Sources/static/Asap_SemiExpanded-BoldItalic.ttf using Guid(acb0fa3a0d76d034bb365f88dfbaa49d) Importer(2089858483,b0f066a214c2f5e87bad3c948f4d605d) (ScriptedImporter) -> (artifact id: '444528a244765e2100f73f64e9977c44') in 0.0260893 seconds
Number of updated asset objects reloaded before import = 0Number of asset objects unloaded after import = 3

========================================================================
Received Import Request.
  Time since last request: 0.000052 seconds.
  path: Assets/Photon/PhotonRealtime/Demos/DemoLoadBalancing
  artifactKey: Guid(32dc3abb17a2b434a9b7b347bdbea7b3) Importer(2089858483,b0f066a214c2f5e87bad3c948f4d605d)
Start importing Assets/Photon/PhotonRealtime/Demos/DemoLoadBalancing using Guid(32dc3abb17a2b434a9b7b347bdbea7b3) Importer(2089858483,b0f066a214c2f5e87bad3c948f4d605d) (ScriptedImporter) -> (artifact id: 'f77e22acc62477e18ee4a9358ae4343a') in 0.0209844 seconds
Number of updated asset objects reloaded before import = 0Number of asset objects unloaded after import = 1

========================================================================
Received Import Request.
  Time since last request: 0.000029 seconds.
  path: Assets/Space Exploration/Icons/home-512.png
  artifactKey: Guid(0196cf78e3672c7438d794edb92f33f1) Importer(2089858483,b0f066a214c2f5e87bad3c948f4d605d)
Start importing Assets/Space Exploration/Icons/home-512.png using Guid(0196cf78e3672c7438d794edb92f33f1) Importer(2089858483,b0f066a214c2f5e87bad3c948f4d605d) (ScriptedImporter) -> (artifact id: 'e0d590e8019364ae635f9fd3ccd4a3dd') in 0.0420184 seconds
Number of updated asset objects reloaded before import = 0Number of asset objects unloaded after import = 3

========================================================================
Received Import Request.
  Time since last request: 0.000031 seconds.
  path: Assets/Space Exploration/Icons/solar-system-2-512.png
  artifactKey: Guid(54f22d25fadf62e469b1f81a8e05f628) Importer(2089858483,b0f066a214c2f5e87bad3c948f4d605d)
Start importing Assets/Space Exploration/Icons/solar-system-2-512.png using Guid(54f22d25fadf62e469b1f81a8e05f628) Importer(2089858483,b0f066a214c2f5e87bad3c948f4d605d) (ScriptedImporter) -> (artifact id: 'c32e73349c2d2f9c321c1b1c89b7a681') in 0.0399446 seconds
Number of updated asset objects reloaded before import = 0Number of asset objects unloaded after import = 3

========================================================================
Received Import Request.
  Time since last request: 0.000044 seconds.
  path: Assets/Photon/PhotonUnityNetworking/Demos/DemoSlotRacer/Kenney Assets/Racing Kit/Models/roadStraight.fbx
  artifactKey: Guid(ca7c80957e4a0044c8068142334ca1b3) Importer(2089858483,b0f066a214c2f5e87bad3c948f4d605d)
Start importing Assets/Photon/PhotonUnityNetworking/Demos/DemoSlotRacer/Kenney Assets/Racing Kit/Models/roadStraight.fbx using Guid(ca7c80957e4a0044c8068142334ca1b3) Importer(2089858483,b0f066a214c2f5e87bad3c948f4d605d) (ScriptedImporter) -> (artifact id: 'a262ca43fb49375e4bd8e761816416e0') in 0.0324409 seconds
Number of updated asset objects reloaded before import = 0Number of asset objects unloaded after import = 10

========================================================================
Received Import Request.
  Time since last request: 0.000031 seconds.
  path: Assets/Space Exploration/Icons/chest-1-256.png
  artifactKey: Guid(d20bb6348965af444bfba5bebf849413) Importer(2089858483,b0f066a214c2f5e87bad3c948f4d605d)
Start importing Assets/Space Exploration/Icons/chest-1-256.png using Guid(d20bb6348965af444bfba5bebf849413) Importer(2089858483,b0f066a214c2f5e87bad3c948f4d605d) (ScriptedImporter) -> (artifact id: '14eb08ce26cab068c49d3cb175d14249') in 0.039941 seconds
Number of updated asset objects reloaded before import = 0Number of asset objects unloaded after import = 3

========================================================================
Received Import Request.
  Time since last request: 0.000030 seconds.
  path: Assets/Photon/PhotonUnityNetworking/UtilityScripts/PhotonView
  artifactKey: Guid(199121930ec5d4aa9bb53d836180b74f) Importer(2089858483,b0f066a214c2f5e87bad3c948f4d605d)
Start importing Assets/Photon/PhotonUnityNetworking/UtilityScripts/PhotonView using Guid(199121930ec5d4aa9bb53d836180b74f) Importer(2089858483,b0f066a214c2f5e87bad3c948f4d605d) (ScriptedImporter) -> (artifact id: '4ce1cd168b0a9f1a3d679dd635262400') in 0.0176728 seconds
Number of updated asset objects reloaded before import = 0Number of asset objects unloaded after import = 1

========================================================================
Received Import Request.
  Time since last request: 0.000038 seconds.
  path: Assets/Space Exploration/Picto_Icons/Light_Purple/buy-256.png
  artifactKey: Guid(80c5cd0e3deedd749bc75b0fa0359518) Importer(2089858483,b0f066a214c2f5e87bad3c948f4d605d)
Start importing Assets/Space Exploration/Picto_Icons/Light_Purple/buy-256.png using Guid(80c5cd0e3deedd749bc75b0fa0359518) Importer(2089858483,b0f066a214c2f5e87bad3c948f4d605d) (ScriptedImporter) -> (artifact id: 'e9d1026e846432e504ba8782a4cfc6b1') in 0.0437487 seconds
Number of updated asset objects reloaded before import = 0Number of asset objects unloaded after import = 3

========================================================================
Received Import Request.
  Time since last request: 0.000027 seconds.
  path: Assets/Space Exploration/Prefabs/UI_Elements/Extra_Large/Currency Bars/Diamond_Amount_Extra_Large.prefab
  artifactKey: Guid(99cb110bb72e1d841b479daaeb2233af) Importer(2089858483,b0f066a214c2f5e87bad3c948f4d605d)
Start importing Assets/Space Exploration/Prefabs/UI_Elements/Extra_Large/Currency Bars/Diamond_Amount_Extra_Large.prefab using Guid(99cb110bb72e1d841b479daaeb2233af) Importer(2089858483,b0f066a214c2f5e87bad3c948f4d605d) (ScriptedImporter) -> (artifact id: 'a47308f592bef7a7a5ea16f66137e6e4') in 0.0431342 seconds
Number of updated asset objects reloaded before import = 0Number of asset objects unloaded after import = 27

========================================================================
Received Import Request.
  Time since last request: 0.000027 seconds.
  path: Assets/Space Exploration/Button_Images/Pressed_Sprites/Extra_Large/square-blue-pressed-extra-large.png
  artifactKey: Guid(128b07a0b4053d44680ad6a3382f6ab8) Importer(2089858483,b0f066a214c2f5e87bad3c948f4d605d)
Start importing Assets/Space Exploration/Button_Images/Pressed_Sprites/Extra_Large/square-blue-pressed-extra-large.png using Guid(128b07a0b4053d44680ad6a3382f6ab8) Importer(2089858483,b0f066a214c2f5e87bad3c948f4d605d) (ScriptedImporter) -> (artifact id: 'e73ef98d4b3a0aa007f4fa18986c8dfe') in 0.026779 seconds
Number of updated asset objects reloaded before import = 0Number of asset objects unloaded after import = 3

========================================================================
Received Import Request.
  Time since last request: 0.000039 seconds.
  path: Assets/Space Exploration/Picto_Icons/White/download-64.png
  artifactKey: Guid(5088b1746e3b2504c845d30dd092c6f8) Importer(2089858483,b0f066a214c2f5e87bad3c948f4d605d)
Start importing Assets/Space Exploration/Picto_Icons/White/download-64.png using Guid(5088b1746e3b2504c845d30dd092c6f8) Importer(2089858483,b0f066a214c2f5e87bad3c948f4d605d) (ScriptedImporter) -> (artifact id: '158cab92d9d6f8ca9d6b2afff76bb3fd') in 0.0409044 seconds
Number of updated asset objects reloaded before import = 0Number of asset objects unloaded after import = 3

========================================================================
Received Import Request.
  Time since last request: 0.000025 seconds.
  path: Assets/Space Exploration/Picto_Icons/Light_Purple/exclamation-256.png
  artifactKey: Guid(e9a18651c9a76f24b8a532ca685f7586) Importer(2089858483,b0f066a214c2f5e87bad3c948f4d605d)
Start importing Assets/Space Exploration/Picto_Icons/Light_Purple/exclamation-256.png using Guid(e9a18651c9a76f24b8a532ca685f7586) Importer(2089858483,b0f066a214c2f5e87bad3c948f4d605d) (ScriptedImporter) -> (artifact id: '978144f5b52e873e902fd161fc7d7e44') in 0.0369791 seconds
Number of updated asset objects reloaded before import = 0Number of asset objects unloaded after import = 3

========================================================================
Received Import Request.
  Time since last request: 0.000029 seconds.
  path: Assets/Photon/PhotonUnityNetworking/Demos/DemoSlotRacer/Kenney Assets/Racing Kit/Models/Materials/tankco.mat
  artifactKey: Guid(cceec12884c418c4bb19cef32dc2abc1) Importer(2089858483,b0f066a214c2f5e87bad3c948f4d605d)
Start importing Assets/Photon/PhotonUnityNetworking/Demos/DemoSlotRacer/Kenney Assets/Racing Kit/Models/Materials/tankco.mat using Guid(cceec12884c418c4bb19cef32dc2abc1) Importer(2089858483,b0f066a214c2f5e87bad3c948f4d605d) (ScriptedImporter) -> (artifact id: '3c96299caff7cc5e3a5b6c83feeb5f58') in 0.0267916 seconds
Number of updated asset objects reloaded before import = 0Number of asset objects unloaded after import = 2

========================================================================
Received Import Request.
  Time since last request: 0.000034 seconds.
  path: Assets/TextMesh Pro/Resources/Fonts & Materials/LiberationSans SDF - Fallback.asset
  artifactKey: Guid(2e498d1c8094910479dc3e1b768306a4) Importer(2089858483,b0f066a214c2f5e87bad3c948f4d605d)
Start importing Assets/TextMesh Pro/Resources/Fonts & Materials/LiberationSans SDF - Fallback.asset using Guid(2e498d1c8094910479dc3e1b768306a4) Importer(2089858483,b0f066a214c2f5e87bad3c948f4d605d) (ScriptedImporter) -> (artifact id: 'ed6cc3c6155212437950a72f28c684b9') in 0.0566181 seconds
Number of updated asset objects reloaded before import = 0Number of asset objects unloaded after import = 5

========================================================================
Received Import Request.
  Time since last request: 0.000024 seconds.
  path: Assets/Space Exploration/Picto_Icons/Dark_Purple/leaf-64.png
  artifactKey: Guid(6f47032c71dd75a4e89052d71eaebf42) Importer(2089858483,b0f066a214c2f5e87bad3c948f4d605d)
Start importing Assets/Space Exploration/Picto_Icons/Dark_Purple/leaf-64.png using Guid(6f47032c71dd75a4e89052d71eaebf42) Importer(2089858483,b0f066a214c2f5e87bad3c948f4d605d) (ScriptedImporter) -> (artifact id: '007487ff7789062482138a08b3d54433') in 0.0441503 seconds
Number of updated asset objects reloaded before import = 0Number of asset objects unloaded after import = 3

========================================================================
Received Import Request.
  Time since last request: 0.000038 seconds.
  path: Assets/Space Exploration/Picto_Icons/Light_Purple/trash-64.png
  artifactKey: Guid(82bf634e100f59b46b73f104feaf6c7c) Importer(2089858483,b0f066a214c2f5e87bad3c948f4d605d)
Start importing Assets/Space Exploration/Picto_Icons/Light_Purple/trash-64.png using Guid(82bf634e100f59b46b73f104feaf6c7c) Importer(2089858483,b0f066a214c2f5e87bad3c948f4d605d) (ScriptedImporter) -> (artifact id: 'd77950d5e764b1eb7a7c8e63fc0f139d') in 0.0462851 seconds
Number of updated asset objects reloaded before import = 0Number of asset objects unloaded after import = 3

========================================================================
Received Import Request.
  Time since last request: 0.000040 seconds.
  path: Assets/Space Exploration/Icons/empty-heart-128.png
  artifactKey: Guid(2eb5acfa3a7bf9f408b97f33a890cf8c) Importer(2089858483,b0f066a214c2f5e87bad3c948f4d605d)
Start importing Assets/Space Exploration/Icons/empty-heart-128.png using Guid(2eb5acfa3a7bf9f408b97f33a890cf8c) Importer(2089858483,b0f066a214c2f5e87bad3c948f4d605d) (ScriptedImporter) -> (artifact id: '25688194c5422a6d442340938bebf233') in 0.0389962 seconds
Number of updated asset objects reloaded before import = 0Number of asset objects unloaded after import = 3

========================================================================
Received Import Request.
  Time since last request: 0.000021 seconds.
  path: Assets/Space Exploration/Picto_Icons/White/black-hole-128.png
  artifactKey: Guid(3675335aea8c98c4dac401c273f039b8) Importer(2089858483,b0f066a214c2f5e87bad3c948f4d605d)
Start importing Assets/Space Exploration/Picto_Icons/White/black-hole-128.png using Guid(3675335aea8c98c4dac401c273f039b8) Importer(2089858483,b0f066a214c2f5e87bad3c948f4d605d) (ScriptedImporter) -> (artifact id: '462a6d47be5b4921bcf9e34f1e355ce7') in 0.0382401 seconds
Number of updated asset objects reloaded before import = 0Number of asset objects unloaded after import = 3

========================================================================
Received Import Request.
  Time since last request: 0.000027 seconds.
  path: Assets/Space Exploration/Picto_Icons/Dark_Purple/mic-off-64.png
  artifactKey: Guid(5c1e2680fbb365f4181ca705dd1b0a43) Importer(2089858483,b0f066a214c2f5e87bad3c948f4d605d)
Start importing Assets/Space Exploration/Picto_Icons/Dark_Purple/mic-off-64.png using Guid(5c1e2680fbb365f4181ca705dd1b0a43) Importer(2089858483,b0f066a214c2f5e87bad3c948f4d605d) (ScriptedImporter) -> (artifact id: 'efb7814851ad660a5054603f1b9e9fbf') in 0.0415113 seconds
Number of updated asset objects reloaded before import = 0Number of asset objects unloaded after import = 3

========================================================================
Received Import Request.
  Time since last request: 0.000038 seconds.
  path: Assets/Free Stylized Sci-Fi Scout Bot/Animation
  artifactKey: Guid(a4df487d4cd0a8d41ac09af33c2141c1) Importer(2089858483,b0f066a214c2f5e87bad3c948f4d605d)
Start importing Assets/Free Stylized Sci-Fi Scout Bot/Animation using Guid(a4df487d4cd0a8d41ac09af33c2141c1) Importer(2089858483,b0f066a214c2f5e87bad3c948f4d605d) (ScriptedImporter) -> (artifact id: '7f9bedd56f39876b98735a19ed7df7b0') in 0.0171599 seconds
Number of updated asset objects reloaded before import = 0Number of asset objects unloaded after import = 1

========================================================================
Received Import Request.
  Time since last request: 0.000028 seconds.
  path: Assets/Space Exploration/Fonts/Font Sources/static/Asap-Black.ttf
  artifactKey: Guid(55e4db458c396694dbc945bf487b97f0) Importer(2089858483,b0f066a214c2f5e87bad3c948f4d605d)
Start importing Assets/Space Exploration/Fonts/Font Sources/static/Asap-Black.ttf using Guid(55e4db458c396694dbc945bf487b97f0) Importer(2089858483,b0f066a214c2f5e87bad3c948f4d605d) (ScriptedImporter) -> (artifact id: '7276336714a90a5f5a5c21e569378312') in 0.0278322 seconds
Number of updated asset objects reloaded before import = 0Number of asset objects unloaded after import = 3

========================================================================
Received Import Request.
  Time since last request: 0.000029 seconds.
  path: Assets/Space Exploration/Prefabs/UI_Elements/Extra_Large/Input Fields/Username_Input_Extra_Large.prefab
  artifactKey: Guid(4af8d13e9e02d5d419df49ceda0ed1e3) Importer(2089858483,b0f066a214c2f5e87bad3c948f4d605d)
Start importing Assets/Space Exploration/Prefabs/UI_Elements/Extra_Large/Input Fields/Username_Input_Extra_Large.prefab using Guid(4af8d13e9e02d5d419df49ceda0ed1e3) Importer(2089858483,b0f066a214c2f5e87bad3c948f4d605d) (ScriptedImporter) -> (artifact id: '9102cf3ec284b4f78fe06da4dfbb7c71') in 0.1312596 seconds
Number of updated asset objects reloaded before import = 0Number of asset objects unloaded after import = 29

========================================================================
Received Import Request.
  Time since last request: 0.000036 seconds.
  path: Assets/Space Exploration/Prefabs/Buttons_Simple/Medium/Purple/Sparkle_Large_Purple_Medium_Button.prefab
  artifactKey: Guid(63a35115bfe690c49b677ff5217d629f) Importer(2089858483,b0f066a214c2f5e87bad3c948f4d605d)
Start importing Assets/Space Exploration/Prefabs/Buttons_Simple/Medium/Purple/Sparkle_Large_Purple_Medium_Button.prefab using Guid(63a35115bfe690c49b677ff5217d629f) Importer(2089858483,b0f066a214c2f5e87bad3c948f4d605d) (ScriptedImporter) -> (artifact id: '78cc1f3020f7694031e79c234e780e82') in 0.0503621 seconds
Number of updated asset objects reloaded before import = 0Number of asset objects unloaded after import = 18

========================================================================
Received Import Request.
  Time since last request: 0.000026 seconds.
  path: Assets/Space Exploration/Picto_Icons/White/badge-64.png
  artifactKey: Guid(261b1fff1f52c6247870c01a155a62e0) Importer(2089858483,b0f066a214c2f5e87bad3c948f4d605d)
Start importing Assets/Space Exploration/Picto_Icons/White/badge-64.png using Guid(261b1fff1f52c6247870c01a155a62e0) Importer(2089858483,b0f066a214c2f5e87bad3c948f4d605d) (ScriptedImporter) -> (artifact id: 'ca3c7f0f963b44a2bef4b792aaad0254') in 0.040156 seconds
Number of updated asset objects reloaded before import = 0Number of asset objects unloaded after import = 3

========================================================================
Received Import Request.
  Time since last request: 0.000029 seconds.
  path: Assets/Space Exploration/Picto_Icons/Light_Purple/chat-64.png
  artifactKey: Guid(c6d972c6a2f080f489823be31a609088) Importer(2089858483,b0f066a214c2f5e87bad3c948f4d605d)
Start importing Assets/Space Exploration/Picto_Icons/Light_Purple/chat-64.png using Guid(c6d972c6a2f080f489823be31a609088) Importer(2089858483,b0f066a214c2f5e87bad3c948f4d605d) (ScriptedImporter) -> (artifact id: 'ce968cc70529f4964df719522f3bca2f') in 0.0410718 seconds
Number of updated asset objects reloaded before import = 0Number of asset objects unloaded after import = 3

========================================================================
Received Import Request.
  Time since last request: 0.000041 seconds.
  path: Assets/Space Exploration/Settings_&_Menu_Components/Extra Large/level-bar-empty-extra-large.png
  artifactKey: Guid(dd86359b170faa943b1694b66035c54b) Importer(2089858483,b0f066a214c2f5e87bad3c948f4d605d)
Start importing Assets/Space Exploration/Settings_&_Menu_Components/Extra Large/level-bar-empty-extra-large.png using Guid(dd86359b170faa943b1694b66035c54b) Importer(2089858483,b0f066a214c2f5e87bad3c948f4d605d) (ScriptedImporter) -> (artifact id: '7fb11231b7f147f6af2dd7f4778a94dd') in 0.0288156 seconds
Number of updated asset objects reloaded before import = 0Number of asset objects unloaded after import = 3

========================================================================
Received Import Request.
  Time since last request: 0.000024 seconds.
  path: Assets/Space Exploration/Rank_System_Components/Extra Large/ranking-2nd-highlight-extra-large.png
  artifactKey: Guid(6a62b8f2296eb4841ad45ccf385fd5aa) Importer(2089858483,b0f066a214c2f5e87bad3c948f4d605d)
Start importing Assets/Space Exploration/Rank_System_Components/Extra Large/ranking-2nd-highlight-extra-large.png using Guid(6a62b8f2296eb4841ad45ccf385fd5aa) Importer(2089858483,b0f066a214c2f5e87bad3c948f4d605d) (ScriptedImporter) -> (artifact id: 'b15ea32baa0fff53aa2b15a47c2e5c64') in 0.0402192 seconds
Number of updated asset objects reloaded before import = 0Number of asset objects unloaded after import = 3

========================================================================
Received Import Request.
  Time since last request: 0.000031 seconds.
  path: Assets/Space Exploration/Picto_Icons/Dark_Purple/flame-256.png
  artifactKey: Guid(088573f74f9619847909f829a2eea720) Importer(2089858483,b0f066a214c2f5e87bad3c948f4d605d)
Start importing Assets/Space Exploration/Picto_Icons/Dark_Purple/flame-256.png using Guid(088573f74f9619847909f829a2eea720) Importer(2089858483,b0f066a214c2f5e87bad3c948f4d605d) (ScriptedImporter) -> (artifact id: '42b5543596c0f72a5385dbc73c7ea6f0') in 0.0408575 seconds
Number of updated asset objects reloaded before import = 0Number of asset objects unloaded after import = 3

========================================================================
Received Import Request.
  Time since last request: 0.000036 seconds.
  path: Assets/Space Exploration/Fonts/Font Sources/Righteous-Regular.ttf
  artifactKey: Guid(3365d868468c1f143aa3fbb4d8a4e397) Importer(2089858483,b0f066a214c2f5e87bad3c948f4d605d)
Start importing Assets/Space Exploration/Fonts/Font Sources/Righteous-Regular.ttf using Guid(3365d868468c1f143aa3fbb4d8a4e397) Importer(2089858483,b0f066a214c2f5e87bad3c948f4d605d) (ScriptedImporter) -> (artifact id: '656ad25ffccf139f05996ebe2952c56f') in 0.0238209 seconds
Number of updated asset objects reloaded before import = 0Number of asset objects unloaded after import = 3

========================================================================
Received Import Request.
  Time since last request: 0.000029 seconds.
  path: Assets/Space Exploration/Picto_Icons/White/location-256.png
  artifactKey: Guid(921f235509c9f114eb61656870bbeceb) Importer(2089858483,b0f066a214c2f5e87bad3c948f4d605d)
Start importing Assets/Space Exploration/Picto_Icons/White/location-256.png using Guid(921f235509c9f114eb61656870bbeceb) Importer(2089858483,b0f066a214c2f5e87bad3c948f4d605d) (ScriptedImporter) -> (artifact id: '72b64b44f60bea0bd15dde3a467f35cb') in 0.0406599 seconds
Number of updated asset objects reloaded before import = 0Number of asset objects unloaded after import = 3

========================================================================
Received Import Request.
  Time since last request: 0.000035 seconds.
  path: Assets/Space Exploration/Icons/commet-256.png
  artifactKey: Guid(3fe6587c6fd61e34f9aa695ff74f5cac) Importer(2089858483,b0f066a214c2f5e87bad3c948f4d605d)
Start importing Assets/Space Exploration/Icons/commet-256.png using Guid(3fe6587c6fd61e34f9aa695ff74f5cac) Importer(2089858483,b0f066a214c2f5e87bad3c948f4d605d) (ScriptedImporter) -> (artifact id: 'ea5a412748b10578113b56f343699179') in 0.040353 seconds
Number of updated asset objects reloaded before import = 0Number of asset objects unloaded after import = 3

========================================================================
Received Import Request.
  Time since last request: 0.000069 seconds.
  path: Assets/Space Exploration/Picto_Icons/Light_Purple/door-256.png
  artifactKey: Guid(9cd94b47fd18ed04d83c748d419744fa) Importer(2089858483,b0f066a214c2f5e87bad3c948f4d605d)
Start importing Assets/Space Exploration/Picto_Icons/Light_Purple/door-256.png using Guid(9cd94b47fd18ed04d83c748d419744fa) Importer(2089858483,b0f066a214c2f5e87bad3c948f4d605d) (ScriptedImporter) -> (artifact id: 'f17ace0aff9a8ff3e12250b673d258c4') in 0.0385377 seconds
Number of updated asset objects reloaded before import = 0Number of asset objects unloaded after import = 4

========================================================================
Received Import Request.
  Time since last request: 0.000024 seconds.
  path: Assets/Space Exploration/Picto_Icons/Dark_Purple/share-256.png
  artifactKey: Guid(f78744bf9dc1eb746810cfcc096be22d) Importer(2089858483,b0f066a214c2f5e87bad3c948f4d605d)
Start importing Assets/Space Exploration/Picto_Icons/Dark_Purple/share-256.png using Guid(f78744bf9dc1eb746810cfcc096be22d) Importer(2089858483,b0f066a214c2f5e87bad3c948f4d605d) (ScriptedImporter) -> (artifact id: 'd67d61a82756863c823aad0aba2e2f3a') in 0.0432987 seconds
Number of updated asset objects reloaded before import = 0Number of asset objects unloaded after import = 3

========================================================================
Received Import Request.
  Time since last request: 0.000029 seconds.
  path: Assets/PlayFabEditorExtensions/Editor/Scripts/Components/ProgressBar.cs
  artifactKey: Guid(73c59009a8870444f8f5658099fc86f8) Importer(2089858483,b0f066a214c2f5e87bad3c948f4d605d)
Start importing Assets/PlayFabEditorExtensions/Editor/Scripts/Components/ProgressBar.cs using Guid(73c59009a8870444f8f5658099fc86f8) Importer(2089858483,b0f066a214c2f5e87bad3c948f4d605d) (ScriptedImporter) -> (artifact id: 'af341e203999af8357e1efc519b6de89') in 0.0226979 seconds
Number of updated asset objects reloaded before import = 0Number of asset objects unloaded after import = 0

========================================================================
Received Import Request.
  Time since last request: 0.000039 seconds.
  path: Assets/Photon/PhotonUnityNetworking/Demos/DemoSlotRacer/Kenney Assets/Stylized city/Materials/roof.mat
  artifactKey: Guid(ede00b712b6fb134282e1efba44fefd8) Importer(2089858483,b0f066a214c2f5e87bad3c948f4d605d)
Start importing Assets/Photon/PhotonUnityNetworking/Demos/DemoSlotRacer/Kenney Assets/Stylized city/Materials/roof.mat using Guid(ede00b712b6fb134282e1efba44fefd8) Importer(2089858483,b0f066a214c2f5e87bad3c948f4d605d) (ScriptedImporter) -> (artifact id: 'f7613aa8265bd9ead88acae4d2c2d9f6') in 0.023048 seconds
Number of updated asset objects reloaded before import = 0Number of asset objects unloaded after import = 1

========================================================================
Received Import Request.
  Time since last request: 0.000029 seconds.
  path: Assets/Space Exploration/Button_Images/Pressed_Sprites/Small/large-purple-pressed-small.png
  artifactKey: Guid(0dd9c66f2cbf702478291d55f9838080) Importer(2089858483,b0f066a214c2f5e87bad3c948f4d605d)
Start importing Assets/Space Exploration/Button_Images/Pressed_Sprites/Small/large-purple-pressed-small.png using Guid(0dd9c66f2cbf702478291d55f9838080) Importer(2089858483,b0f066a214c2f5e87bad3c948f4d605d) (ScriptedImporter) -> (artifact id: '46ac2f6403a014700cdc8ca56e786bcd') in 0.0283218 seconds
Number of updated asset objects reloaded before import = 0Number of asset objects unloaded after import = 3

========================================================================
Received Import Request.
  Time since last request: 0.000046 seconds.
  path: Assets/Space Exploration/Containers/Large
  artifactKey: Guid(9faa343412ecaec459a8c9aab329d1d7) Importer(2089858483,b0f066a214c2f5e87bad3c948f4d605d)
Start importing Assets/Space Exploration/Containers/Large using Guid(9faa343412ecaec459a8c9aab329d1d7) Importer(2089858483,b0f066a214c2f5e87bad3c948f4d605d) (ScriptedImporter) -> (artifact id: '9a5aa2bec4aaed059bec24d5f4de1fe5') in 0.0222332 seconds
Number of updated asset objects reloaded before import = 0Number of asset objects unloaded after import = 1

========================================================================
Received Import Request.
  Time since last request: 0.000041 seconds.
  path: Assets/Space Exploration/Button_Images/Disabled_Sprites/Large
  artifactKey: Guid(5a99dbf201bcb9f4bbaf12d656bc0a05) Importer(2089858483,b0f066a214c2f5e87bad3c948f4d605d)
Start importing Assets/Space Exploration/Button_Images/Disabled_Sprites/Large using Guid(5a99dbf201bcb9f4bbaf12d656bc0a05) Importer(2089858483,b0f066a214c2f5e87bad3c948f4d605d) (ScriptedImporter) -> (artifact id: '2a105ad0ec1f1573374a7c1754279b70') in 0.0177336 seconds
Number of updated asset objects reloaded before import = 0Number of asset objects unloaded after import = 1

========================================================================
Received Import Request.
  Time since last request: 0.000026 seconds.
  path: Assets/Space Exploration/Icons/gem-1-128.png
  artifactKey: Guid(d8e4740d25fd92c428289af0088208d0) Importer(2089858483,b0f066a214c2f5e87bad3c948f4d605d)
Start importing Assets/Space Exploration/Icons/gem-1-128.png using Guid(d8e4740d25fd92c428289af0088208d0) Importer(2089858483,b0f066a214c2f5e87bad3c948f4d605d) (ScriptedImporter) -> (artifact id: 'ee70e92cbda242b097a3d0eba70e7182') in 0.0284445 seconds
Number of updated asset objects reloaded before import = 0Number of asset objects unloaded after import = 3

========================================================================
Received Import Request.
  Time since last request: 0.000029 seconds.
  path: Assets/Photon/PhotonRealtime
  artifactKey: Guid(b54c221855bde4a4ba511877e7b6b904) Importer(2089858483,b0f066a214c2f5e87bad3c948f4d605d)
Start importing Assets/Photon/PhotonRealtime using Guid(b54c221855bde4a4ba511877e7b6b904) Importer(2089858483,b0f066a214c2f5e87bad3c948f4d605d) (ScriptedImporter) -> (artifact id: '1e1ba0073f3ae4e51ecc1eeefffbf7f9') in 0.0200063 seconds
Number of updated asset objects reloaded before import = 0Number of asset objects unloaded after import = 1

========================================================================
Received Import Request.
  Time since last request: 0.000045 seconds.
  path: Assets/Photon/PhotonUnityNetworking/Demos/Shared Assets/Materials/UnitTextureBlue.mat
  artifactKey: Guid(1401c9e6acd739e49a9caa91ab07ac7a) Importer(2089858483,b0f066a214c2f5e87bad3c948f4d605d)
Start importing Assets/Photon/PhotonUnityNetworking/Demos/Shared Assets/Materials/UnitTextureBlue.mat using Guid(1401c9e6acd739e49a9caa91ab07ac7a) Importer(2089858483,b0f066a214c2f5e87bad3c948f4d605d) (ScriptedImporter) -> (artifact id: 'bd58296a6be68d5d9785f549beb13511') in 0.0237891 seconds
Number of updated asset objects reloaded before import = 0Number of asset objects unloaded after import = 3

========================================================================
Received Import Request.
  Time since last request: 0.000028 seconds.
  path: Assets/Space Exploration/Prefabs/UI_Elements/Large/Slider Bars
  artifactKey: Guid(e3463f8e4e4716c4c8f2fc0acd7f767b) Importer(2089858483,b0f066a214c2f5e87bad3c948f4d605d)
Start importing Assets/Space Exploration/Prefabs/UI_Elements/Large/Slider Bars using Guid(e3463f8e4e4716c4c8f2fc0acd7f767b) Importer(2089858483,b0f066a214c2f5e87bad3c948f4d605d) (ScriptedImporter) -> (artifact id: '6c351870a1ec24f21f754ba05d10ac9d') in 0.018846 seconds
Number of updated asset objects reloaded before import = 0Number of asset objects unloaded after import = 1

========================================================================
Received Import Request.
  Time since last request: 0.000027 seconds.
  path: Assets/Space Exploration/Icons/potion-green-1-256.png
  artifactKey: Guid(01ab083b85a9c2a49b4030a90cc85209) Importer(2089858483,b0f066a214c2f5e87bad3c948f4d605d)
Start importing Assets/Space Exploration/Icons/potion-green-1-256.png using Guid(01ab083b85a9c2a49b4030a90cc85209) Importer(2089858483,b0f066a214c2f5e87bad3c948f4d605d) (ScriptedImporter) -> (artifact id: 'beefd5977a69315af52cc25b06ab0d1c') in 0.0367356 seconds
Number of updated asset objects reloaded before import = 0Number of asset objects unloaded after import = 3

========================================================================
Received Import Request.
  Time since last request: 0.000038 seconds.
  path: Assets/Space Exploration/Picto_Icons/White/upload-128.png
  artifactKey: Guid(2128281c1b2a23a4cbe2ba28dc0ec24c) Importer(2089858483,b0f066a214c2f5e87bad3c948f4d605d)
Start importing Assets/Space Exploration/Picto_Icons/White/upload-128.png using Guid(2128281c1b2a23a4cbe2ba28dc0ec24c) Importer(2089858483,b0f066a214c2f5e87bad3c948f4d605d) (ScriptedImporter) -> (artifact id: '2c3ba08194769886f4ee3d7761637af8') in 0.0381764 seconds
Number of updated asset objects reloaded before import = 0Number of asset objects unloaded after import = 3

========================================================================
Received Import Request.
  Time since last request: 0.000030 seconds.
  path: Assets/Photon/PhotonUnityNetworking/Demos/Shared Assets/Skin/Toggle.png
  artifactKey: Guid(b213d4a4b20760f49a105e29da3e4a9a) Importer(2089858483,b0f066a214c2f5e87bad3c948f4d605d)
Start importing Assets/Photon/PhotonUnityNetworking/Demos/Shared Assets/Skin/Toggle.png using Guid(b213d4a4b20760f49a105e29da3e4a9a) Importer(2089858483,b0f066a214c2f5e87bad3c948f4d605d) (ScriptedImporter) -> (artifact id: '8f86354bc41d0da75cc7eb983e2686cc') in 0.0386635 seconds
Number of updated asset objects reloaded before import = 0Number of asset objects unloaded after import = 1

========================================================================
Received Import Request.
  Time since last request: 0.000039 seconds.
  path: Assets/Space Exploration/Prefabs/Buttons_Simple/Extra Large/Pink/Pink_Extra_Large_Button.prefab
  artifactKey: Guid(f9d7b85bf9d203a4fa55a5fa120f6f16) Importer(2089858483,b0f066a214c2f5e87bad3c948f4d605d)
Start importing Assets/Space Exploration/Prefabs/Buttons_Simple/Extra Large/Pink/Pink_Extra_Large_Button.prefab using Guid(f9d7b85bf9d203a4fa55a5fa120f6f16) Importer(2089858483,b0f066a214c2f5e87bad3c948f4d605d) (ScriptedImporter) -> (artifact id: '750d99cf76595ccfa519480a4d989f26') in 0.0500529 seconds
Number of updated asset objects reloaded before import = 0Number of asset objects unloaded after import = 18

========================================================================
Received Import Request.
  Time since last request: 0.000027 seconds.
  path: Assets/Space Exploration/Picto_Icons/White/crescent-moon-32.png
  artifactKey: Guid(7407a54ee180eb64391813fe65f949fc) Importer(2089858483,b0f066a214c2f5e87bad3c948f4d605d)
Start importing Assets/Space Exploration/Picto_Icons/White/crescent-moon-32.png using Guid(7407a54ee180eb64391813fe65f949fc) Importer(2089858483,b0f066a214c2f5e87bad3c948f4d605d) (ScriptedImporter) -> (artifact id: '498883acd0b9c3b0b02d95ee2c2a7070') in 0.0468296 seconds
Number of updated asset objects reloaded before import = 0Number of asset objects unloaded after import = 3

========================================================================
Received Import Request.
  Time since last request: 0.000030 seconds.
  path: Assets/Space Exploration/Picto_Icons/Light_Purple/crescent-moon-256.png
  artifactKey: Guid(69f582cff653bb146a9182b3ed1e7ddc) Importer(2089858483,b0f066a214c2f5e87bad3c948f4d605d)
Start importing Assets/Space Exploration/Picto_Icons/Light_Purple/crescent-moon-256.png using Guid(69f582cff653bb146a9182b3ed1e7ddc) Importer(2089858483,b0f066a214c2f5e87bad3c948f4d605d) (ScriptedImporter) -> (artifact id: '774a1d2c8e53e24d44107a05689e5a5f') in 0.0382594 seconds
Number of updated asset objects reloaded before import = 0Number of asset objects unloaded after import = 3

========================================================================
Received Import Request.
  Time since last request: 0.000038 seconds.
  path: Assets/Space Exploration/Picto_Icons/Light_Purple/gun-64.png
  artifactKey: Guid(aff9fea0cebfb8942929961627dbcfcb) Importer(2089858483,b0f066a214c2f5e87bad3c948f4d605d)
Start importing Assets/Space Exploration/Picto_Icons/Light_Purple/gun-64.png using Guid(aff9fea0cebfb8942929961627dbcfcb) Importer(2089858483,b0f066a214c2f5e87bad3c948f4d605d) (ScriptedImporter) -> (artifact id: '436a2951bf6b50ce0ddc54933eb1819f') in 0.0383918 seconds
Number of updated asset objects reloaded before import = 0Number of asset objects unloaded after import = 3

========================================================================
Received Import Request.
  Time since last request: 0.000019 seconds.
  path: Assets/Space Exploration/Picto_Icons/White/right-arrow-32.png
  artifactKey: Guid(d88fd5b55b11af34d92dc9b0b86491f6) Importer(2089858483,b0f066a214c2f5e87bad3c948f4d605d)
Start importing Assets/Space Exploration/Picto_Icons/White/right-arrow-32.png using Guid(d88fd5b55b11af34d92dc9b0b86491f6) Importer(2089858483,b0f066a214c2f5e87bad3c948f4d605d) (ScriptedImporter) -> (artifact id: 'b1b3ff4cc54c64c3e23604e5f5deaa2d') in 0.0443784 seconds
Number of updated asset objects reloaded before import = 0Number of asset objects unloaded after import = 3

========================================================================
Received Import Request.
  Time since last request: 0.000028 seconds.
  path: Assets/Photon/PhotonUnityNetworking/Demos/Shared Assets/Scripts/DocLinks.cs
  artifactKey: Guid(07e445bad5cb64ae8ad6661ce248d844) Importer(2089858483,b0f066a214c2f5e87bad3c948f4d605d)
Start importing Assets/Photon/PhotonUnityNetworking/Demos/Shared Assets/Scripts/DocLinks.cs using Guid(07e445bad5cb64ae8ad6661ce248d844) Importer(2089858483,b0f066a214c2f5e87bad3c948f4d605d) (ScriptedImporter) -> (artifact id: 'f1373b834298b9b180d5c60ab740fd48') in 0.0200278 seconds
Number of updated asset objects reloaded before import = 0Number of asset objects unloaded after import = 0

========================================================================
Received Import Request.
  Time since last request: 0.000034 seconds.
  path: Assets/Space Exploration/Picto_Icons/White/chest-256.png
  artifactKey: Guid(1b27dc9e41f6d714199acc1632bb6083) Importer(2089858483,b0f066a214c2f5e87bad3c948f4d605d)
Start importing Assets/Space Exploration/Picto_Icons/White/chest-256.png using Guid(1b27dc9e41f6d714199acc1632bb6083) Importer(2089858483,b0f066a214c2f5e87bad3c948f4d605d) (ScriptedImporter) -> (artifact id: '489ccbbf651312d6259b14c610dde5a4') in 0.0397095 seconds
Number of updated asset objects reloaded before import = 0Number of asset objects unloaded after import = 3

========================================================================
Received Import Request.
  Time since last request: 0.000026 seconds.
  path: Assets/Space Exploration/Picto_Icons/White/expand-64.png
  artifactKey: Guid(ca1334c692760834a9794604992b928f) Importer(2089858483,b0f066a214c2f5e87bad3c948f4d605d)
Start importing Assets/Space Exploration/Picto_Icons/White/expand-64.png using Guid(ca1334c692760834a9794604992b928f) Importer(2089858483,b0f066a214c2f5e87bad3c948f4d605d) (ScriptedImporter) -> (artifact id: '7389a90939624b26c4fd4dcfaa9d9f6d') in 0.0408882 seconds
Number of updated asset objects reloaded before import = 0Number of asset objects unloaded after import = 3

========================================================================
Received Import Request.
  Time since last request: 0.000032 seconds.
  path: Assets/Space Exploration/Picto_Icons/Light_Purple/axe-32.png
  artifactKey: Guid(77819bbd185d3ef48a795c5129549a99) Importer(2089858483,b0f066a214c2f5e87bad3c948f4d605d)
Start importing Assets/Space Exploration/Picto_Icons/Light_Purple/axe-32.png using Guid(77819bbd185d3ef48a795c5129549a99) Importer(2089858483,b0f066a214c2f5e87bad3c948f4d605d) (ScriptedImporter) -> (artifact id: '4a673b4cd2623e61aac3e80d764cbaa0') in 0.0426235 seconds
Number of updated asset objects reloaded before import = 0Number of asset objects unloaded after import = 3

========================================================================
Received Import Request.
  Time since last request: 0.000036 seconds.
  path: Assets/Photon/PhotonChat/Code/ChatUserStatus.cs
  artifactKey: Guid(7db67e7f5face2e42b6daafcaf4e6c82) Importer(2089858483,b0f066a214c2f5e87bad3c948f4d605d)
Start importing Assets/Photon/PhotonChat/Code/ChatUserStatus.cs using Guid(7db67e7f5face2e42b6daafcaf4e6c82) Importer(2089858483,b0f066a214c2f5e87bad3c948f4d605d) (ScriptedImporter) -> (artifact id: 'f29a9ecb947308fcfb6136e122c2a973') in 0.0194669 seconds
Number of updated asset objects reloaded before import = 0Number of asset objects unloaded after import = 0

========================================================================
Received Import Request.
  Time since last request: 0.000044 seconds.
  path: Assets/Space Exploration/Picto_Icons/Light_Purple/mic-off-64.png
  artifactKey: Guid(9f28a8ac21383b8449757483342ab4d6) Importer(2089858483,b0f066a214c2f5e87bad3c948f4d605d)
Start importing Assets/Space Exploration/Picto_Icons/Light_Purple/mic-off-64.png using Guid(9f28a8ac21383b8449757483342ab4d6) Importer(2089858483,b0f066a214c2f5e87bad3c948f4d605d) (ScriptedImporter) -> (artifact id: 'be0c7035badbcdabb626f7f3e53d5609') in 0.0412346 seconds
Number of updated asset objects reloaded before import = 0Number of asset objects unloaded after import = 3

========================================================================
Received Import Request.
  Time since last request: 0.000027 seconds.
  path: Assets/Space Exploration/Picto_Icons/Light_Purple/send-64.png
  artifactKey: Guid(eee5833655f6fab4498b3e5aaba6e976) Importer(2089858483,b0f066a214c2f5e87bad3c948f4d605d)
Start importing Assets/Space Exploration/Picto_Icons/Light_Purple/send-64.png using Guid(eee5833655f6fab4498b3e5aaba6e976) Importer(2089858483,b0f066a214c2f5e87bad3c948f4d605d) (ScriptedImporter) -> (artifact id: '369e02fc059549bc8ab9a345e05058ef') in 0.0462735 seconds
Number of updated asset objects reloaded before import = 0Number of asset objects unloaded after import = 3

========================================================================
Received Import Request.
  Time since last request: 0.000041 seconds.
  path: Assets/Space Exploration/Picto_Icons/Light_Purple/lock-128.png
  artifactKey: Guid(89a53b7f2b20dd24ca8e73b7e6e5f9bf) Importer(2089858483,b0f066a214c2f5e87bad3c948f4d605d)
Start importing Assets/Space Exploration/Picto_Icons/Light_Purple/lock-128.png using Guid(89a53b7f2b20dd24ca8e73b7e6e5f9bf) Importer(2089858483,b0f066a214c2f5e87bad3c948f4d605d) (ScriptedImporter) -> (artifact id: 'd4389216b953b9601c4dcd8e96d45b41') in 0.0315312 seconds
Number of updated asset objects reloaded before import = 0Number of asset objects unloaded after import = 3

========================================================================
Received Import Request.
  Time since last request: 0.000088 seconds.
  path: Assets/Space Exploration/Picto_Icons/Dark_Purple/map-256.png
  artifactKey: Guid(9a97737fb05a5f941a52eaf2dc1f8358) Importer(2089858483,b0f066a214c2f5e87bad3c948f4d605d)
Start importing Assets/Space Exploration/Picto_Icons/Dark_Purple/map-256.png using Guid(9a97737fb05a5f941a52eaf2dc1f8358) Importer(2089858483,b0f066a214c2f5e87bad3c948f4d605d) (ScriptedImporter) -> (artifact id: 'ab3e5e18ea9fc3d5fc997bdc835b4e45') in 0.0463173 seconds
Number of updated asset objects reloaded before import = 0Number of asset objects unloaded after import = 3

========================================================================
Received Import Request.
  Time since last request: 0.000023 seconds.
  path: Assets/Space Exploration/Other_Images/Large/shooting-star-pink-large.png
  artifactKey: Guid(0aee59d13c7ae93428b778e0a49d26db) Importer(2089858483,b0f066a214c2f5e87bad3c948f4d605d)
Start importing Assets/Space Exploration/Other_Images/Large/shooting-star-pink-large.png using Guid(0aee59d13c7ae93428b778e0a49d26db) Importer(2089858483,b0f066a214c2f5e87bad3c948f4d605d) (ScriptedImporter) -> (artifact id: 'a31ccdf53ae63bcc06c888543d892519') in 0.0398615 seconds
Number of updated asset objects reloaded before import = 0Number of asset objects unloaded after import = 3

========================================================================
Received Import Request.
  Time since last request: 0.000039 seconds.
  path: Assets/Space Exploration/Fonts/Font Sources/static/Asap_Expanded-LightItalic.ttf
  artifactKey: Guid(4637ea70be717ae4c960dc3375c21291) Importer(2089858483,b0f066a214c2f5e87bad3c948f4d605d)
Start importing Assets/Space Exploration/Fonts/Font Sources/static/Asap_Expanded-LightItalic.ttf using Guid(4637ea70be717ae4c960dc3375c21291) Importer(2089858483,b0f066a214c2f5e87bad3c948f4d605d) (ScriptedImporter) -> (artifact id: '1715d050ec5a14b1f44931bb034b0ce0') in 0.0282772 seconds
Number of updated asset objects reloaded before import = 0Number of asset objects unloaded after import = 3

========================================================================
Received Import Request.
  Time since last request: 0.000032 seconds.
  path: Assets/Space Exploration/Picto_Icons/Dark_Purple/gun-64.png
  artifactKey: Guid(768bdef63d368f144950a14490a1b7a7) Importer(2089858483,b0f066a214c2f5e87bad3c948f4d605d)
Start importing Assets/Space Exploration/Picto_Icons/Dark_Purple/gun-64.png using Guid(768bdef63d368f144950a14490a1b7a7) Importer(2089858483,b0f066a214c2f5e87bad3c948f4d605d) (ScriptedImporter) -> (artifact id: 'a24d8fcebaafb24ad0d257d9657fbbe0') in 0.0404299 seconds
Number of updated asset objects reloaded before import = 0Number of asset objects unloaded after import = 3

========================================================================
Received Import Request.
  Time since last request: 0.000032 seconds.
  path: Assets/Space Exploration/Other_Images/Large/sparkle-large.png
  artifactKey: Guid(63d299342fd54cb468c92d9e00799b7e) Importer(2089858483,b0f066a214c2f5e87bad3c948f4d605d)
Start importing Assets/Space Exploration/Other_Images/Large/sparkle-large.png using Guid(63d299342fd54cb468c92d9e00799b7e) Importer(2089858483,b0f066a214c2f5e87bad3c948f4d605d) (ScriptedImporter) -> (artifact id: '2f49749bfcbe0eb78c0fc6329c1d11b6') in 0.0457664 seconds
Number of updated asset objects reloaded before import = 0Number of asset objects unloaded after import = 3

========================================================================
Received Import Request.
  Time since last request: 0.000038 seconds.
  path: Assets/Space Exploration/Containers/Extra Large/loot-found-container-extra-large.png
  artifactKey: Guid(9c632ac46848f2147a60719b6cb281ec) Importer(2089858483,b0f066a214c2f5e87bad3c948f4d605d)
Start importing Assets/Space Exploration/Containers/Extra Large/loot-found-container-extra-large.png using Guid(9c632ac46848f2147a60719b6cb281ec) Importer(2089858483,b0f066a214c2f5e87bad3c948f4d605d) (ScriptedImporter) -> (artifact id: '20a0d76c4fac37916b71a46a5ca9dc55') in 0.0421019 seconds
Number of updated asset objects reloaded before import = 0Number of asset objects unloaded after import = 3

========================================================================
Received Import Request.
  Time since last request: 0.000024 seconds.
  path: Assets/Space Exploration/Containers/Large/pause-container-large.png
  artifactKey: Guid(b9c3d390e696aa14d9c0d77410a27d12) Importer(2089858483,b0f066a214c2f5e87bad3c948f4d605d)
Start importing Assets/Space Exploration/Containers/Large/pause-container-large.png using Guid(b9c3d390e696aa14d9c0d77410a27d12) Importer(2089858483,b0f066a214c2f5e87bad3c948f4d605d) (ScriptedImporter) -> (artifact id: 'e7da582060d8248e75981c2e862e9672') in 0.0512647 seconds
Number of updated asset objects reloaded before import = 0Number of asset objects unloaded after import = 3

========================================================================
Received Import Request.
  Time since last request: 0.000046 seconds.
  path: Assets/Space Exploration/Icons/dark-ore-512.png
  artifactKey: Guid(9d303a665ef36dc4b8a2543bb3ab5a9a) Importer(2089858483,b0f066a214c2f5e87bad3c948f4d605d)
Start importing Assets/Space Exploration/Icons/dark-ore-512.png using Guid(9d303a665ef36dc4b8a2543bb3ab5a9a) Importer(2089858483,b0f066a214c2f5e87bad3c948f4d605d) (ScriptedImporter) -> (artifact id: 'e6e1f85b861fe529d683f57e68d34e15') in 0.0416348 seconds
Number of updated asset objects reloaded before import = 0Number of asset objects unloaded after import = 3

========================================================================
Received Import Request.
  Time since last request: 0.000039 seconds.
  path: Assets/Space Exploration/Prefabs/UI_Elements/Extra_Large/Slider Bars/Experience_Points_Container_Extra_Large.prefab
  artifactKey: Guid(7d1a47bc0ff1ff940a8ac10d69fac71c) Importer(2089858483,b0f066a214c2f5e87bad3c948f4d605d)
Start importing Assets/Space Exploration/Prefabs/UI_Elements/Extra_Large/Slider Bars/Experience_Points_Container_Extra_Large.prefab using Guid(7d1a47bc0ff1ff940a8ac10d69fac71c) Importer(2089858483,b0f066a214c2f5e87bad3c948f4d605d) (ScriptedImporter) -> (artifact id: 'b19d5080aad4c65a1affc0ee5c8ca29c') in 0.0440953 seconds
Number of updated asset objects reloaded before import = 0Number of asset objects unloaded after import = 45

========================================================================
Received Import Request.
  Time since last request: 0.000029 seconds.
  path: Assets/Space Exploration/Picto_Icons/Light_Purple/crown-64.png
  artifactKey: Guid(e05e37b6e4a2da04c8980a6821e81708) Importer(2089858483,b0f066a214c2f5e87bad3c948f4d605d)
Start importing Assets/Space Exploration/Picto_Icons/Light_Purple/crown-64.png using Guid(e05e37b6e4a2da04c8980a6821e81708) Importer(2089858483,b0f066a214c2f5e87bad3c948f4d605d) (ScriptedImporter) -> (artifact id: '6fc5b3a8a5d0753cb60b4e5a9f762d9c') in 0.0397217 seconds
Number of updated asset objects reloaded before import = 0Number of asset objects unloaded after import = 3

========================================================================
Received Import Request.
  Time since last request: 0.000029 seconds.
  path: Assets/Space Exploration/Picto_Icons/White/sword-128.png
  artifactKey: Guid(6025336166ea5ad4a93dab4adf795a10) Importer(2089858483,b0f066a214c2f5e87bad3c948f4d605d)
Start importing Assets/Space Exploration/Picto_Icons/White/sword-128.png using Guid(6025336166ea5ad4a93dab4adf795a10) Importer(2089858483,b0f066a214c2f5e87bad3c948f4d605d) (ScriptedImporter) -> (artifact id: 'f3f05a8202e1e3e12fc14a07abd7ed7c') in 0.0422233 seconds
Number of updated asset objects reloaded before import = 0Number of asset objects unloaded after import = 3

========================================================================
Received Import Request.
  Time since last request: 0.000042 seconds.
  path: Assets/Space Exploration/Fonts/Font Sources/static/Asap_SemiCondensed-BoldItalic.ttf
  artifactKey: Guid(ceb088e11727ea64fbf38f9683ac36fb) Importer(2089858483,b0f066a214c2f5e87bad3c948f4d605d)
Start importing Assets/Space Exploration/Fonts/Font Sources/static/Asap_SemiCondensed-BoldItalic.ttf using Guid(ceb088e11727ea64fbf38f9683ac36fb) Importer(2089858483,b0f066a214c2f5e87bad3c948f4d605d) (ScriptedImporter) -> (artifact id: '142fefdd7133aa8a6af3d8dc5d70774f') in 0.0365216 seconds
Number of updated asset objects reloaded before import = 0Number of asset objects unloaded after import = 3

========================================================================
Received Import Request.
  Time since last request: 0.000025 seconds.
  path: Assets/Space Exploration/Fonts/Font Sources/static/Asap_Expanded-ThinItalic.ttf
  artifactKey: Guid(f009c59ee443aea4fa8fd63829dfada2) Importer(2089858483,b0f066a214c2f5e87bad3c948f4d605d)
Start importing Assets/Space Exploration/Fonts/Font Sources/static/Asap_Expanded-ThinItalic.ttf using Guid(f009c59ee443aea4fa8fd63829dfada2) Importer(2089858483,b0f066a214c2f5e87bad3c948f4d605d) (ScriptedImporter) -> (artifact id: '9523f78f926ec7a9ac04b5bbe7e078d7') in 0.0463309 seconds
Number of updated asset objects reloaded before import = 0Number of asset objects unloaded after import = 3

========================================================================
Received Import Request.
  Time since last request: 0.000028 seconds.
  path: Assets/Space Exploration/Icons/gem-1-512.png
  artifactKey: Guid(e93aaa7f86f3d884ca8cefa5d8dfa6b2) Importer(2089858483,b0f066a214c2f5e87bad3c948f4d605d)
Start importing Assets/Space Exploration/Icons/gem-1-512.png using Guid(e93aaa7f86f3d884ca8cefa5d8dfa6b2) Importer(2089858483,b0f066a214c2f5e87bad3c948f4d605d) (ScriptedImporter) -> (artifact id: '6456e2c79165324e89f82bbbe8e3b470') in 0.0675732 seconds
Number of updated asset objects reloaded before import = 0Number of asset objects unloaded after import = 3

========================================================================
Received Import Request.
  Time since last request: 0.000036 seconds.
  path: Assets/Space Exploration/Button_Images/Pressed_Sprites/Extra_Large/large-blue-sparkle-pressed-extra-large.png
  artifactKey: Guid(4c96cec8d94d92a4691fb5fd5b41af6f) Importer(2089858483,b0f066a214c2f5e87bad3c948f4d605d)
Start importing Assets/Space Exploration/Button_Images/Pressed_Sprites/Extra_Large/large-blue-sparkle-pressed-extra-large.png using Guid(4c96cec8d94d92a4691fb5fd5b41af6f) Importer(2089858483,b0f066a214c2f5e87bad3c948f4d605d) (ScriptedImporter) -> (artifact id: '56d5ef733d341ca9f41b27e08b52e1bd') in 0.0507978 seconds
Number of updated asset objects reloaded before import = 0Number of asset objects unloaded after import = 3

========================================================================
Received Import Request.
  Time since last request: 0.000049 seconds.
  path: Assets/Space Exploration/Picto_Icons/White/book-256.png
  artifactKey: Guid(a4441d8d63a69204a9036e38028bb7cd) Importer(2089858483,b0f066a214c2f5e87bad3c948f4d605d)
Start importing Assets/Space Exploration/Picto_Icons/White/book-256.png using Guid(a4441d8d63a69204a9036e38028bb7cd) Importer(2089858483,b0f066a214c2f5e87bad3c948f4d605d) (ScriptedImporter) -> (artifact id: '286e7b2eeb4c9bc0d8af41bd5bfe982f') in 0.0507992 seconds
Number of updated asset objects reloaded before import = 0Number of asset objects unloaded after import = 3

========================================================================
Received Import Request.
  Time since last request: 0.000048 seconds.
  path: Assets/TextMesh Pro/Sprites/EmojiOne.png
  artifactKey: Guid(dffef66376be4fa480fb02b19edbe903) Importer(2089858483,b0f066a214c2f5e87bad3c948f4d605d)
Start importing Assets/TextMesh Pro/Sprites/EmojiOne.png using Guid(dffef66376be4fa480fb02b19edbe903) Importer(2089858483,b0f066a214c2f5e87bad3c948f4d605d) (ScriptedImporter) -> (artifact id: '3ed85b0c851bec884ff7990c1d0ff022') in 0.0848389 seconds
Number of updated asset objects reloaded before import = 0Number of asset objects unloaded after import = 1

========================================================================
Received Import Request.
  Time since last request: 0.000027 seconds.
  path: Assets/Space Exploration/Button_Images/Highlighted_Sprite/extra large/square-pink-highlight-extra-large.png
  artifactKey: Guid(e18361adbc4025947999c624f8450311) Importer(2089858483,b0f066a214c2f5e87bad3c948f4d605d)
Start importing Assets/Space Exploration/Button_Images/Highlighted_Sprite/extra large/square-pink-highlight-extra-large.png using Guid(e18361adbc4025947999c624f8450311) Importer(2089858483,b0f066a214c2f5e87bad3c948f4d605d) (ScriptedImporter) -> (artifact id: '401d72c251d55fb1652e92aa8e829d62') in 0.0338232 seconds
Number of updated asset objects reloaded before import = 0Number of asset objects unloaded after import = 3

========================================================================
Received Import Request.
  Time since last request: 0.000048 seconds.
  path: Assets/Space Exploration/Picto_Icons/White/eat-64.png
  artifactKey: Guid(5b563b409c1bfe646830c23a68757b4e) Importer(2089858483,b0f066a214c2f5e87bad3c948f4d605d)
Start importing Assets/Space Exploration/Picto_Icons/White/eat-64.png using Guid(5b563b409c1bfe646830c23a68757b4e) Importer(2089858483,b0f066a214c2f5e87bad3c948f4d605d) (ScriptedImporter) -> (artifact id: '5a789c6a006a5155dee753c252560d88') in 0.0628258 seconds
Number of updated asset objects reloaded before import = 0Number of asset objects unloaded after import = 3

========================================================================
Received Import Request.
  Time since last request: 0.000039 seconds.
  path: Assets/Space Exploration/Picto_Icons/Dark_Purple/left-arrow-64.png
  artifactKey: Guid(a15ee81293f776e40b523431b940afdf) Importer(2089858483,b0f066a214c2f5e87bad3c948f4d605d)
Start importing Assets/Space Exploration/Picto_Icons/Dark_Purple/left-arrow-64.png using Guid(a15ee81293f776e40b523431b940afdf) Importer(2089858483,b0f066a214c2f5e87bad3c948f4d605d) (ScriptedImporter) -> (artifact id: 'c27a67864733c36f3af7e7ab6b29ea1a') in 0.0475603 seconds
Number of updated asset objects reloaded before import = 0Number of asset objects unloaded after import = 3

========================================================================
Received Import Request.
  Time since last request: 0.000087 seconds.
  path: Assets/Space Exploration/Icons/venus-64.png
  artifactKey: Guid(d8f8e9d3a40d9b841bb82529ffca3404) Importer(2089858483,b0f066a214c2f5e87bad3c948f4d605d)
Start importing Assets/Space Exploration/Icons/venus-64.png using Guid(d8f8e9d3a40d9b841bb82529ffca3404) Importer(2089858483,b0f066a214c2f5e87bad3c948f4d605d) (ScriptedImporter) -> (artifact id: '6d9afa7661d0ac4b84d15f4c485a3b11') in 0.0452878 seconds
Number of updated asset objects reloaded before import = 0Number of asset objects unloaded after import = 3

========================================================================
Received Import Request.
  Time since last request: 0.000025 seconds.
  path: Assets/Space Exploration/Picto_Icons/Light_Purple/no-wifi-128.png
  artifactKey: Guid(48fb2879b8356f04380e23ab27d69469) Importer(2089858483,b0f066a214c2f5e87bad3c948f4d605d)
Start importing Assets/Space Exploration/Picto_Icons/Light_Purple/no-wifi-128.png using Guid(48fb2879b8356f04380e23ab27d69469) Importer(2089858483,b0f066a214c2f5e87bad3c948f4d605d) (ScriptedImporter) -> (artifact id: 'a9e765c0a77017ffb52f5d8b957ad052') in 0.0444147 seconds
Number of updated asset objects reloaded before import = 0Number of asset objects unloaded after import = 3

========================================================================
Received Import Request.
  Time since last request: 0.000030 seconds.
  path: Assets/Photon/PhotonUnityNetworking/Demos/DemoSlotRacer/Kenney Assets/Racing Kit/Models/Materials/wall.mat
  artifactKey: Guid(b5e9e0cb388c83440adfb6c0c023ee8b) Importer(2089858483,b0f066a214c2f5e87bad3c948f4d605d)
Start importing Assets/Photon/PhotonUnityNetworking/Demos/DemoSlotRacer/Kenney Assets/Racing Kit/Models/Materials/wall.mat using Guid(b5e9e0cb388c83440adfb6c0c023ee8b) Importer(2089858483,b0f066a214c2f5e87bad3c948f4d605d) (ScriptedImporter) -> (artifact id: '694ef12071695d4c46cf718bfc698c78') in 0.0222862 seconds
Number of updated asset objects reloaded before import = 0Number of asset objects unloaded after import = 1

========================================================================
Received Import Request.
  Time since last request: 0.000057 seconds.
  path: Assets/Space Exploration/Button_Images/Pressed_Sprites/Extra_Large/extra-long-blue-pressed-extra-large.png
  artifactKey: Guid(dd307c1bb466ba246805ebd6376cd0c2) Importer(2089858483,b0f066a214c2f5e87bad3c948f4d605d)
Start importing Assets/Space Exploration/Button_Images/Pressed_Sprites/Extra_Large/extra-long-blue-pressed-extra-large.png using Guid(dd307c1bb466ba246805ebd6376cd0c2) Importer(2089858483,b0f066a214c2f5e87bad3c948f4d605d) (ScriptedImporter) -> (artifact id: 'dfa5806764945fc21941704330468c2f') in 0.0309832 seconds
Number of updated asset objects reloaded before import = 0Number of asset objects unloaded after import = 3

========================================================================
Received Import Request.
  Time since last request: 0.000033 seconds.
  path: Assets/PlayFabSDK/Multiplayer/PlayFabMultiplayerInstanceAPI.cs
  artifactKey: Guid(a4dbb109fa8001b4b9fa53260ba50cf8) Importer(2089858483,b0f066a214c2f5e87bad3c948f4d605d)
Start importing Assets/PlayFabSDK/Multiplayer/PlayFabMultiplayerInstanceAPI.cs using Guid(a4dbb109fa8001b4b9fa53260ba50cf8) Importer(2089858483,b0f066a214c2f5e87bad3c948f4d605d) (ScriptedImporter) -> (artifact id: 'f9cc174e3541608a6262f52361a72a14') in 0.0184684 seconds
Number of updated asset objects reloaded before import = 0Number of asset objects unloaded after import = 0

========================================================================
Received Import Request.
  Time since last request: 0.000030 seconds.
  path: Assets/PlayFabSDK/Shared/Internal/PlayFabHttp/PlayFabUnityHttp.cs
  artifactKey: Guid(fdda21a9c6bb5c74d85422afab113b0f) Importer(2089858483,b0f066a214c2f5e87bad3c948f4d605d)
Start importing Assets/PlayFabSDK/Shared/Internal/PlayFabHttp/PlayFabUnityHttp.cs using Guid(fdda21a9c6bb5c74d85422afab113b0f) Importer(2089858483,b0f066a214c2f5e87bad3c948f4d605d) (ScriptedImporter) -> (artifact id: 'ea570cf0d7b0f328e39f119e40f64ecd') in 0.0188353 seconds
Number of updated asset objects reloaded before import = 0Number of asset objects unloaded after import = 0

========================================================================
Received Import Request.
  Time since last request: 0.000044 seconds.
  path: Assets/Space Exploration/Button_Images/Highlighted_Sprite/extra large/large-purple-sparkle-highlight-extra-large.png
  artifactKey: Guid(d7bcf52b3cfe5bd428d6fd3b140d0406) Importer(2089858483,b0f066a214c2f5e87bad3c948f4d605d)
Start importing Assets/Space Exploration/Button_Images/Highlighted_Sprite/extra large/large-purple-sparkle-highlight-extra-large.png using Guid(d7bcf52b3cfe5bd428d6fd3b140d0406) Importer(2089858483,b0f066a214c2f5e87bad3c948f4d605d) (ScriptedImporter) -> (artifact id: '811303431c16d0311fc1f5475c8aabca') in 0.0421611 seconds
Number of updated asset objects reloaded before import = 0Number of asset objects unloaded after import = 3

========================================================================
Received Import Request.
  Time since last request: 0.000028 seconds.
  path: Assets/Scenes
  artifactKey: Guid(13a499b79f2aa994faa013d962b916fc) Importer(2089858483,b0f066a214c2f5e87bad3c948f4d605d)
Start importing Assets/Scenes using Guid(13a499b79f2aa994faa013d962b916fc) Importer(2089858483,b0f066a214c2f5e87bad3c948f4d605d) (ScriptedImporter) -> (artifact id: 'c58d95082ffdde20477b78f5f8456d71') in 0.0326925 seconds
Number of updated asset objects reloaded before import = 0Number of asset objects unloaded after import = 1

========================================================================
Received Import Request.
  Time since last request: 0.000029 seconds.
  path: Assets/Space Exploration/Picto_Icons/White/back-64.png
  artifactKey: Guid(e7d361d2a73b3644b9f88a0afdfae2f9) Importer(2089858483,b0f066a214c2f5e87bad3c948f4d605d)
Start importing Assets/Space Exploration/Picto_Icons/White/back-64.png using Guid(e7d361d2a73b3644b9f88a0afdfae2f9) Importer(2089858483,b0f066a214c2f5e87bad3c948f4d605d) (ScriptedImporter) -> (artifact id: 'e93926832dfc0c30ba65530d45e7c504') in 0.0385267 seconds
Number of updated asset objects reloaded before import = 0Number of asset objects unloaded after import = 3

========================================================================
Received Import Request.
  Time since last request: 0.000046 seconds.
  path: Assets/Space Exploration/Prefabs/Buttons_Simple/Small/Yellow/Large_Yellow_Small_Button.prefab
  artifactKey: Guid(447b151e1073ebc46bc41595d3962ec0) Importer(2089858483,b0f066a214c2f5e87bad3c948f4d605d)
Start importing Assets/Space Exploration/Prefabs/Buttons_Simple/Small/Yellow/Large_Yellow_Small_Button.prefab using Guid(447b151e1073ebc46bc41595d3962ec0) Importer(2089858483,b0f066a214c2f5e87bad3c948f4d605d) (ScriptedImporter) -> (artifact id: 'cf883a7bc177c015c4bcfdb4253a6b52') in 0.0748687 seconds
Number of updated asset objects reloaded before import = 0Number of asset objects unloaded after import = 18

========================================================================
Received Import Request.
  Time since last request: 0.000027 seconds.
  path: Assets/Space Exploration/Icons/satellite-512.png
  artifactKey: Guid(e73e4a164c4915a42b58ae150c5d2537) Importer(2089858483,b0f066a214c2f5e87bad3c948f4d605d)
Start importing Assets/Space Exploration/Icons/satellite-512.png using Guid(e73e4a164c4915a42b58ae150c5d2537) Importer(2089858483,b0f066a214c2f5e87bad3c948f4d605d) (ScriptedImporter) -> (artifact id: '484435ae1b823db65113efbb7414b6da') in 0.0443771 seconds
Number of updated asset objects reloaded before import = 0Number of asset objects unloaded after import = 3

========================================================================
Received Import Request.
  Time since last request: 0.000032 seconds.
  path: Assets/Space Exploration/Containers/Small/shop-item-container-small.png
  artifactKey: Guid(38d2df49147663f459d27a5115432633) Importer(2089858483,b0f066a214c2f5e87bad3c948f4d605d)
Start importing Assets/Space Exploration/Containers/Small/shop-item-container-small.png using Guid(38d2df49147663f459d27a5115432633) Importer(2089858483,b0f066a214c2f5e87bad3c948f4d605d) (ScriptedImporter) -> (artifact id: '57337ebb582eaa01f7d5739a625e8521') in 0.0623925 seconds
Number of updated asset objects reloaded before import = 0Number of asset objects unloaded after import = 3

========================================================================
Received Import Request.
  Time since last request: 0.000043 seconds.
  path: Assets/Space Exploration/Containers/Medium
  artifactKey: Guid(0f34f4a1d87cffd4c887cdde762e09aa) Importer(2089858483,b0f066a214c2f5e87bad3c948f4d605d)
Start importing Assets/Space Exploration/Containers/Medium using Guid(0f34f4a1d87cffd4c887cdde762e09aa) Importer(2089858483,b0f066a214c2f5e87bad3c948f4d605d) (ScriptedImporter) -> (artifact id: '0e871201e18719d68be55183c46388f8') in 0.0240744 seconds
Number of updated asset objects reloaded before import = 0Number of asset objects unloaded after import = 1

========================================================================
Received Import Request.
  Time since last request: 0.000028 seconds.
  path: Assets/Free LowPoly Pack/Meshes/FloorInteriorA6_mesh.fbx
  artifactKey: Guid(bb26efff5bd20b047b87b0df33781012) Importer(2089858483,b0f066a214c2f5e87bad3c948f4d605d)
Start importing Assets/Free LowPoly Pack/Meshes/FloorInteriorA6_mesh.fbx using Guid(bb26efff5bd20b047b87b0df33781012) Importer(2089858483,b0f066a214c2f5e87bad3c948f4d605d) (ScriptedImporter) -> (artifact id: '2a3389eced038a80725bf89086dffe00') in 0.057009 seconds
Number of updated asset objects reloaded before import = 0Number of asset objects unloaded after import = 12

========================================================================
Received Import Request.
  Time since last request: 0.000038 seconds.
  path: Assets/Space Exploration/Picto_Icons/Light_Purple/download-64.png
  artifactKey: Guid(e2f30956590a33e4da863a2451f5571b) Importer(2089858483,b0f066a214c2f5e87bad3c948f4d605d)
Start importing Assets/Space Exploration/Picto_Icons/Light_Purple/download-64.png using Guid(e2f30956590a33e4da863a2451f5571b) Importer(2089858483,b0f066a214c2f5e87bad3c948f4d605d) (ScriptedImporter) -> (artifact id: '3056ce1e99650fd66552b78284b9313f') in 0.0482339 seconds
Number of updated asset objects reloaded before import = 0Number of asset objects unloaded after import = 3

========================================================================
Received Import Request.
  Time since last request: 0.000043 seconds.
  path: Assets/PlayFabSDK/Localization/PlayFabLocalizationInstanceAPI.cs
  artifactKey: Guid(0e3a59c48c3c6fb45a9d83845b225dde) Importer(2089858483,b0f066a214c2f5e87bad3c948f4d605d)
Start importing Assets/PlayFabSDK/Localization/PlayFabLocalizationInstanceAPI.cs using Guid(0e3a59c48c3c6fb45a9d83845b225dde) Importer(2089858483,b0f066a214c2f5e87bad3c948f4d605d) (ScriptedImporter) -> (artifact id: 'e4f5cafee96cec67121cd4bae79f6138') in 0.0462694 seconds
Number of updated asset objects reloaded before import = 0Number of asset objects unloaded after import = 0

========================================================================
Received Import Request.
  Time since last request: 0.000034 seconds.
  path: Assets/Space Exploration/Prefabs/UI_Elements/Large/Slider Bars/Vertical_Slider_Large.prefab
  artifactKey: Guid(26d5e6ca5c7c10943b9a0a99d5803e4f) Importer(2089858483,b0f066a214c2f5e87bad3c948f4d605d)
Start importing Assets/Space Exploration/Prefabs/UI_Elements/Large/Slider Bars/Vertical_Slider_Large.prefab using Guid(26d5e6ca5c7c10943b9a0a99d5803e4f) Importer(2089858483,b0f066a214c2f5e87bad3c948f4d605d) (ScriptedImporter) -> (artifact id: '94f75a8e28f83d7fe064d5e550553a9c') in 0.0983274 seconds
Number of updated asset objects reloaded before import = 0Number of asset objects unloaded after import = 15

========================================================================
Received Import Request.
  Time since last request: 0.000037 seconds.
  path: Assets/Photon/PhotonUnityNetworking/Demos/PunBasics-Tutorial/Scripts/PlayerManager.cs
  artifactKey: Guid(98fac77b304554f238a61572f5720187) Importer(2089858483,b0f066a214c2f5e87bad3c948f4d605d)
Start importing Assets/Photon/PhotonUnityNetworking/Demos/PunBasics-Tutorial/Scripts/PlayerManager.cs using Guid(98fac77b304554f238a61572f5720187) Importer(2089858483,b0f066a214c2f5e87bad3c948f4d605d) (ScriptedImporter) -> (artifact id: '9d95e0aad8b7d72fec8ffa1f28a65c46') in 0.0233536 seconds
Number of updated asset objects reloaded before import = 0Number of asset objects unloaded after import = 0

========================================================================
Received Import Request.
  Time since last request: 0.000028 seconds.
  path: Assets/PlayFabSDK/Shared/Internal
  artifactKey: Guid(91910e31dc88043ea918915ee9d665d9) Importer(2089858483,b0f066a214c2f5e87bad3c948f4d605d)
Start importing Assets/PlayFabSDK/Shared/Internal using Guid(91910e31dc88043ea918915ee9d665d9) Importer(2089858483,b0f066a214c2f5e87bad3c948f4d605d) (ScriptedImporter) -> (artifact id: 'c567d177c5024086addf85926f650b94') in 0.0290054 seconds
Number of updated asset objects reloaded before import = 0Number of asset objects unloaded after import = 1

========================================================================
Received Import Request.
  Time since last request: 0.000074 seconds.
  path: Assets/Space Exploration/Picto_Icons/White/share-128.png
  artifactKey: Guid(421669c76bce94f4e935fce71f0568bf) Importer(2089858483,b0f066a214c2f5e87bad3c948f4d605d)
Start importing Assets/Space Exploration/Picto_Icons/White/share-128.png using Guid(421669c76bce94f4e935fce71f0568bf) Importer(2089858483,b0f066a214c2f5e87bad3c948f4d605d) (ScriptedImporter) -> (artifact id: '85224dd64ebe9880acb1c8ce01a0c39c') in 0.0524689 seconds
Number of updated asset objects reloaded before import = 0Number of asset objects unloaded after import = 3

========================================================================
Received Import Request.
  Time since last request: 0.000030 seconds.
  path: Assets/PlayFabEditorExtensions/Editor/Scripts/Utils/PlayFabEditorVersion.cs
  artifactKey: Guid(24ef2cb033a5dfd4588226fe1447bf5a) Importer(2089858483,b0f066a214c2f5e87bad3c948f4d605d)
Start importing Assets/PlayFabEditorExtensions/Editor/Scripts/Utils/PlayFabEditorVersion.cs using Guid(24ef2cb033a5dfd4588226fe1447bf5a) Importer(2089858483,b0f066a214c2f5e87bad3c948f4d605d) (ScriptedImporter) -> (artifact id: '083e82d37d6699417d84197a4b07b622') in 0.0351943 seconds
Number of updated asset objects reloaded before import = 0Number of asset objects unloaded after import = 0

========================================================================
Received Import Request.
  Time since last request: 0.000043 seconds.
  path: Assets/Space Exploration/Icons/sword-2-256.png
  artifactKey: Guid(69abae23199a82b44be3eec7a31ad3d6) Importer(2089858483,b0f066a214c2f5e87bad3c948f4d605d)
Start importing Assets/Space Exploration/Icons/sword-2-256.png using Guid(69abae23199a82b44be3eec7a31ad3d6) Importer(2089858483,b0f066a214c2f5e87bad3c948f4d605d) (ScriptedImporter) -> (artifact id: '60501f8562f584dab575207d90ed88d3') in 0.1425143 seconds
Number of updated asset objects reloaded before import = 0Number of asset objects unloaded after import = 3

========================================================================
Received Import Request.
  Time since last request: 0.000034 seconds.
  path: Assets/Space Exploration/Prefabs/Buttons_Simple/Large/Pink/Long_Pink_Large_Button.prefab
  artifactKey: Guid(b12e5f4c395df5e4abba688eb787e532) Importer(2089858483,b0f066a214c2f5e87bad3c948f4d605d)
Start importing Assets/Space Exploration/Prefabs/Buttons_Simple/Large/Pink/Long_Pink_Large_Button.prefab using Guid(b12e5f4c395df5e4abba688eb787e532) Importer(2089858483,b0f066a214c2f5e87bad3c948f4d605d) (ScriptedImporter) -> (artifact id: '89daad8a8dec520b373b222dd5a725ec') in 0.0724037 seconds
Number of updated asset objects reloaded before import = 0Number of asset objects unloaded after import = 18

========================================================================
Received Import Request.
  Time since last request: 0.000042 seconds.
  path: Assets/Space Exploration/Settings_&_Menu_Components/Extra Large/missions-container-extra-large.png
  artifactKey: Guid(712c0d6e30204c74bbd1f1ec0c037cb0) Importer(2089858483,b0f066a214c2f5e87bad3c948f4d605d)
Start importing Assets/Space Exploration/Settings_&_Menu_Components/Extra Large/missions-container-extra-large.png using Guid(712c0d6e30204c74bbd1f1ec0c037cb0) Importer(2089858483,b0f066a214c2f5e87bad3c948f4d605d) (ScriptedImporter) -> (artifact id: '37aeb39f1ae00284de938b06ed729258') in 0.083419 seconds
Number of updated asset objects reloaded before import = 0Number of asset objects unloaded after import = 3

========================================================================
Received Import Request.
  Time since last request: 0.000108 seconds.
  path: Assets/Space Exploration/Grid_Components/Small/loot-icon-container-small.png
  artifactKey: Guid(112aa3c3633e6444ea12f50f2c659643) Importer(2089858483,b0f066a214c2f5e87bad3c948f4d605d)
Start importing Assets/Space Exploration/Grid_Components/Small/loot-icon-container-small.png using Guid(112aa3c3633e6444ea12f50f2c659643) Importer(2089858483,b0f066a214c2f5e87bad3c948f4d605d) (ScriptedImporter) -> (artifact id: '114da7ae49f1ee0b146c252b219ed746') in 0.0503519 seconds
Number of updated asset objects reloaded before import = 0Number of asset objects unloaded after import = 3

========================================================================
Received Import Request.
  Time since last request: 0.000062 seconds.
  path: Assets/Photon/PhotonUnityNetworking/UtilityScripts/TurnBased
  artifactKey: Guid(2edc8c63e86d94f6990d3f7e7e90066a) Importer(2089858483,b0f066a214c2f5e87bad3c948f4d605d)
Start importing Assets/Photon/PhotonUnityNetworking/UtilityScripts/TurnBased using Guid(2edc8c63e86d94f6990d3f7e7e90066a) Importer(2089858483,b0f066a214c2f5e87bad3c948f4d605d) (ScriptedImporter) -> (artifact id: '66292f68b8b0ec2c08b672c247efa751') in 0.0281805 seconds
Number of updated asset objects reloaded before import = 0Number of asset objects unloaded after import = 1

========================================================================
Received Import Request.
  Time since last request: 0.000031 seconds.
  path: Assets/Space Exploration/Shop_Assets/gems-tier-3-small.png
  artifactKey: Guid(5b17181bd7632e545a30916892674b1a) Importer(2089858483,b0f066a214c2f5e87bad3c948f4d605d)
Start importing Assets/Space Exploration/Shop_Assets/gems-tier-3-small.png using Guid(5b17181bd7632e545a30916892674b1a) Importer(2089858483,b0f066a214c2f5e87bad3c948f4d605d) (ScriptedImporter) -> (artifact id: '8b80637f7ce6bd946394456fa699a769') in 0.0554724 seconds
Number of updated asset objects reloaded before import = 0Number of asset objects unloaded after import = 3

========================================================================
Received Import Request.
  Time since last request: 0.000040 seconds.
  path: Assets/Space Exploration/Picto_Icons/Light_Purple/download-32.png
  artifactKey: Guid(1b1427d382c1da94e8b12283ae1cf700) Importer(2089858483,b0f066a214c2f5e87bad3c948f4d605d)
Start importing Assets/Space Exploration/Picto_Icons/Light_Purple/download-32.png using Guid(1b1427d382c1da94e8b12283ae1cf700) Importer(2089858483,b0f066a214c2f5e87bad3c948f4d605d) (ScriptedImporter) -> (artifact id: '64e5e52bc1791417f6079a43b8b54a5a') in 0.0518134 seconds
Number of updated asset objects reloaded before import = 0Number of asset objects unloaded after import = 3

========================================================================
Received Import Request.
  Time since last request: 0.000028 seconds.
  path: Assets/Space Exploration/Shop_Assets/sale-banner-extra-large.png
  artifactKey: Guid(b0cb7c56a5165cb488b4a1bb0ead02b3) Importer(2089858483,b0f066a214c2f5e87bad3c948f4d605d)
Start importing Assets/Space Exploration/Shop_Assets/sale-banner-extra-large.png using Guid(b0cb7c56a5165cb488b4a1bb0ead02b3) Importer(2089858483,b0f066a214c2f5e87bad3c948f4d605d) (ScriptedImporter) -> (artifact id: '794f1fa8da64cc89d60a865aa1317e57') in 0.0455643 seconds
Number of updated asset objects reloaded before import = 0Number of asset objects unloaded after import = 3

========================================================================
Received Import Request.
  Time since last request: 0.000030 seconds.
  path: Assets/Space Exploration/Picto_Icons/Dark_Purple/fast-forward-256.png
  artifactKey: Guid(6b4e6fdbb87c9e94b920c006bd04d25f) Importer(2089858483,b0f066a214c2f5e87bad3c948f4d605d)
Start importing Assets/Space Exploration/Picto_Icons/Dark_Purple/fast-forward-256.png using Guid(6b4e6fdbb87c9e94b920c006bd04d25f) Importer(2089858483,b0f066a214c2f5e87bad3c948f4d605d) (ScriptedImporter) -> (artifact id: 'e48aba9e26b098e51030037408e295ae') in 0.0605972 seconds
Number of updated asset objects reloaded before import = 0Number of asset objects unloaded after import = 3

========================================================================
Received Import Request.
  Time since last request: 0.000035 seconds.
  path: Assets/Space Exploration/Prefabs/UI_Elements/Small/Currency Bars/Heart_Amount_Small.prefab
  artifactKey: Guid(686fad3317da5da4897df30555512cea) Importer(2089858483,b0f066a214c2f5e87bad3c948f4d605d)
Start importing Assets/Space Exploration/Prefabs/UI_Elements/Small/Currency Bars/Heart_Amount_Small.prefab using Guid(686fad3317da5da4897df30555512cea) Importer(2089858483,b0f066a214c2f5e87bad3c948f4d605d) (ScriptedImporter) -> (artifact id: 'adc98f961311a9d75911538b66ac8052') in 0.0475965 seconds
Number of updated asset objects reloaded before import = 0Number of asset objects unloaded after import = 25

========================================================================
Received Import Request.
  Time since last request: 0.000029 seconds.
  path: Assets/Space Exploration/Containers/Small/setting-container-small.png
  artifactKey: Guid(0a51b131c965b6f4581d874200c0878f) Importer(2089858483,b0f066a214c2f5e87bad3c948f4d605d)
Start importing Assets/Space Exploration/Containers/Small/setting-container-small.png using Guid(0a51b131c965b6f4581d874200c0878f) Importer(2089858483,b0f066a214c2f5e87bad3c948f4d605d) (ScriptedImporter) -> (artifact id: '27b613ca277145049a2914a7f4054e84') in 0.085889 seconds
Number of updated asset objects reloaded before import = 0Number of asset objects unloaded after import = 3

========================================================================
Received Import Request.
  Time since last request: 0.000051 seconds.
  path: Assets/Space Exploration/Picto_Icons/Light_Purple/picture-32.png
  artifactKey: Guid(b56a0dab000dd3d4a80c2932749a6d05) Importer(2089858483,b0f066a214c2f5e87bad3c948f4d605d)
Start importing Assets/Space Exploration/Picto_Icons/Light_Purple/picture-32.png using Guid(b56a0dab000dd3d4a80c2932749a6d05) Importer(2089858483,b0f066a214c2f5e87bad3c948f4d605d) (ScriptedImporter) -> (artifact id: 'e344f95e71424ef42a75c12e44c31024') in 0.0664351 seconds
Number of updated asset objects reloaded before import = 0Number of asset objects unloaded after import = 3

========================================================================
Received Import Request.
  Time since last request: 0.000029 seconds.
  path: Assets/Space Exploration/Picto_Icons/Light_Purple/unlock-64.png
  artifactKey: Guid(f7bd18fbb755b7e44ace11bb1c6badfa) Importer(2089858483,b0f066a214c2f5e87bad3c948f4d605d)
Start importing Assets/Space Exploration/Picto_Icons/Light_Purple/unlock-64.png using Guid(f7bd18fbb755b7e44ace11bb1c6badfa) Importer(2089858483,b0f066a214c2f5e87bad3c948f4d605d) (ScriptedImporter) -> (artifact id: 'ed6bb268f4bb061cf1990b7c7e23ae1c') in 0.0593101 seconds
Number of updated asset objects reloaded before import = 0Number of asset objects unloaded after import = 3

========================================================================
Received Import Request.
  Time since last request: 0.000039 seconds.
  path: Assets/Space Exploration/Picto_Icons/Light_Purple/crescent-moon-64.png
  artifactKey: Guid(a0d823ceb47659c418bcf0ef74879db8) Importer(2089858483,b0f066a214c2f5e87bad3c948f4d605d)
Start importing Assets/Space Exploration/Picto_Icons/Light_Purple/crescent-moon-64.png using Guid(a0d823ceb47659c418bcf0ef74879db8) Importer(2089858483,b0f066a214c2f5e87bad3c948f4d605d) (ScriptedImporter) -> (artifact id: 'cb7e8a595a52fb802fed2093c97abfd4') in 0.1073224 seconds
Number of updated asset objects reloaded before import = 0Number of asset objects unloaded after import = 3

========================================================================
Received Import Request.
  Time since last request: 0.000068 seconds.
  path: Assets/Space Exploration/Prefabs/UI_Elements/Extra_Large/Input Fields/Password_Input_Extra_Large.prefab
  artifactKey: Guid(408c9e27d2bbf46469a1d8ece9b4f622) Importer(2089858483,b0f066a214c2f5e87bad3c948f4d605d)
Start importing Assets/Space Exploration/Prefabs/UI_Elements/Extra_Large/Input Fields/Password_Input_Extra_Large.prefab using Guid(408c9e27d2bbf46469a1d8ece9b4f622) Importer(2089858483,b0f066a214c2f5e87bad3c948f4d605d) (ScriptedImporter) -> (artifact id: '0bc0ec6ac6066bddb586db7bbc3ae737') in 0.1608369 seconds
Number of updated asset objects reloaded before import = 0Number of asset objects unloaded after import = 29

========================================================================
Received Import Request.
  Time since last request: 0.000072 seconds.
  path: Assets/Photon/PhotonUnityNetworking/Demos/DemoSlotRacer/Kenney Assets/Stylized city/Materials/13 - Default.mat
  artifactKey: Guid(b957742c5b9bfd441b9b330c8b55d0c5) Importer(2089858483,b0f066a214c2f5e87bad3c948f4d605d)
Start importing Assets/Photon/PhotonUnityNetworking/Demos/DemoSlotRacer/Kenney Assets/Stylized city/Materials/13 - Default.mat using Guid(b957742c5b9bfd441b9b330c8b55d0c5) Importer(2089858483,b0f066a214c2f5e87bad3c948f4d605d) (ScriptedImporter) -> (artifact id: '8775215828d8b3ded8658f6a542503a0') in 0.0368002 seconds
Number of updated asset objects reloaded before import = 0Number of asset objects unloaded after import = 1

========================================================================
Received Import Request.
  Time since last request: 0.000032 seconds.
  path: Assets/Space Exploration/Picto_Icons/Dark_Purple/like-256.png
  artifactKey: Guid(184d734753fdd3e4ba45480e855b49dd) Importer(2089858483,b0f066a214c2f5e87bad3c948f4d605d)
Start importing Assets/Space Exploration/Picto_Icons/Dark_Purple/like-256.png using Guid(184d734753fdd3e4ba45480e855b49dd) Importer(2089858483,b0f066a214c2f5e87bad3c948f4d605d) (ScriptedImporter) -> (artifact id: '4722d58fd9b15cf013b02b0548fa90ca') in 0.0499224 seconds
Number of updated asset objects reloaded before import = 0Number of asset objects unloaded after import = 3

========================================================================
Received Import Request.
  Time since last request: 0.000092 seconds.
  path: Assets/Space Exploration/Picto_Icons/Light_Purple/telescope-256.png
  artifactKey: Guid(233f282d4bb57ad45ba138f0aa9ef74a) Importer(2089858483,b0f066a214c2f5e87bad3c948f4d605d)
Start importing Assets/Space Exploration/Picto_Icons/Light_Purple/telescope-256.png using Guid(233f282d4bb57ad45ba138f0aa9ef74a) Importer(2089858483,b0f066a214c2f5e87bad3c948f4d605d) (ScriptedImporter) -> (artifact id: '514a7eff162744037381418671479f83') in 0.0530109 seconds
Number of updated asset objects reloaded before import = 0Number of asset objects unloaded after import = 3

========================================================================
Received Import Request.
  Time since last request: 0.000033 seconds.
  path: Assets/TextMesh Pro/Shaders/TMP_SDF.shader
  artifactKey: Guid(68e6db2ebdc24f95958faec2be5558d6) Importer(2089858483,b0f066a214c2f5e87bad3c948f4d605d)
Start importing Assets/TextMesh Pro/Shaders/TMP_SDF.shader using Guid(68e6db2ebdc24f95958faec2be5558d6) Importer(2089858483,b0f066a214c2f5e87bad3c948f4d605d) (ScriptedImporter) -> (artifact id: 'a9928d67f3a15aeb3bf2999584f8aa48') in 0.0396534 seconds
Number of updated asset objects reloaded before import = 0Number of asset objects unloaded after import = 1

========================================================================
Received Import Request.
  Time since last request: 0.000042 seconds.
  path: Assets/PlayFabSDK/Localization
  artifactKey: Guid(36cb4effc7537d94294cbcd603c399af) Importer(2089858483,b0f066a214c2f5e87bad3c948f4d605d)
Start importing Assets/PlayFabSDK/Localization using Guid(36cb4effc7537d94294cbcd603c399af) Importer(2089858483,b0f066a214c2f5e87bad3c948f4d605d) (ScriptedImporter) -> (artifact id: '005ea9dd2ef86f271e882a35a9565b3d') in 0.0286462 seconds
Number of updated asset objects reloaded before import = 0Number of asset objects unloaded after import = 1

========================================================================
Received Import Request.
  Time since last request: 0.000032 seconds.
  path: Assets/Logs/Packages-Update.log
  artifactKey: Guid(64a3c32a2b100254ea97f795a0eb0155) Importer(2089858483,b0f066a214c2f5e87bad3c948f4d605d)
Start importing Assets/Logs/Packages-Update.log using Guid(64a3c32a2b100254ea97f795a0eb0155) Importer(2089858483,b0f066a214c2f5e87bad3c948f4d605d) (ScriptedImporter) -> (artifact id: '2c3b071c2040f994b56e58b7410d951f') in 0.0447873 seconds
Number of updated asset objects reloaded before import = 0Number of asset objects unloaded after import = 1

========================================================================
Received Import Request.
  Time since last request: 0.000084 seconds.
  path: Assets/Space Exploration/Icons/pickaxe-64.png
  artifactKey: Guid(68c43e1985bbf854fb6c94d97e7b0cc2) Importer(2089858483,b0f066a214c2f5e87bad3c948f4d605d)
Start importing Assets/Space Exploration/Icons/pickaxe-64.png using Guid(68c43e1985bbf854fb6c94d97e7b0cc2) Importer(2089858483,b0f066a214c2f5e87bad3c948f4d605d) (ScriptedImporter) -> (artifact id: '0cb208c1b7b225568f786bf47c0ba94b') in 0.0736578 seconds
Number of updated asset objects reloaded before import = 0Number of asset objects unloaded after import = 3

========================================================================
Received Import Request.
  Time since last request: 0.000033 seconds.
  path: Assets/Space Exploration/Icons/half-moon-512.png
  artifactKey: Guid(01336911ec484854ba31a114234f7616) Importer(2089858483,b0f066a214c2f5e87bad3c948f4d605d)
Start importing Assets/Space Exploration/Icons/half-moon-512.png using Guid(01336911ec484854ba31a114234f7616) Importer(2089858483,b0f066a214c2f5e87bad3c948f4d605d) (ScriptedImporter) -> (artifact id: '370a2ed8fad25f4b4213b35a84814b81') in 0.0708053 seconds
Number of updated asset objects reloaded before import = 0Number of asset objects unloaded after import = 3

========================================================================
Received Import Request.
  Time since last request: 0.000040 seconds.
  path: Assets/TextMesh Pro/Shaders/TMP_SDF-Mobile SSD.shader
  artifactKey: Guid(c8d12adcee749c344b8117cf7c7eb912) Importer(2089858483,b0f066a214c2f5e87bad3c948f4d605d)
Start importing Assets/TextMesh Pro/Shaders/TMP_SDF-Mobile SSD.shader using Guid(c8d12adcee749c344b8117cf7c7eb912) Importer(2089858483,b0f066a214c2f5e87bad3c948f4d605d) (ScriptedImporter) -> (artifact id: '496e3b7fff4971403782cbb704952508') in 0.0301501 seconds
Number of updated asset objects reloaded before import = 0Number of asset objects unloaded after import = 1

========================================================================
Received Import Request.
  Time since last request: 0.000029 seconds.
  path: Assets/Space Exploration/Icons/solar-system-2-128.png
  artifactKey: Guid(adf705fdb61d36f45b4de9500c28fdaa) Importer(2089858483,b0f066a214c2f5e87bad3c948f4d605d)
Start importing Assets/Space Exploration/Icons/solar-system-2-128.png using Guid(adf705fdb61d36f45b4de9500c28fdaa) Importer(2089858483,b0f066a214c2f5e87bad3c948f4d605d) (ScriptedImporter) -> (artifact id: '25b6f69cf66497e7b29e97323e2d2a9c') in 0.0896678 seconds
Number of updated asset objects reloaded before import = 0Number of asset objects unloaded after import = 3

========================================================================
Received Import Request.
  Time since last request: 0.000040 seconds.
  path: Assets/Space Exploration/Grid_Components/Medium/loot-icon-container-medium.png
  artifactKey: Guid(a07300743dd3900459d24032554a5eb0) Importer(2089858483,b0f066a214c2f5e87bad3c948f4d605d)
Start importing Assets/Space Exploration/Grid_Components/Medium/loot-icon-container-medium.png using Guid(a07300743dd3900459d24032554a5eb0) Importer(2089858483,b0f066a214c2f5e87bad3c948f4d605d) (ScriptedImporter) -> (artifact id: '136cdd46eecbf58caa747a44c8833d68') in 0.085137 seconds
Number of updated asset objects reloaded before import = 0Number of asset objects unloaded after import = 3

========================================================================
Received Import Request.
  Time since last request: 0.000026 seconds.
  path: Assets/ProjectSettings/QualitySettings.asset
  artifactKey: Guid(65c04b2a47ec3744a903f3df6b18078f) Importer(2089858483,b0f066a214c2f5e87bad3c948f4d605d)
Start importing Assets/ProjectSettings/QualitySettings.asset using Guid(65c04b2a47ec3744a903f3df6b18078f) Importer(2089858483,b0f066a214c2f5e87bad3c948f4d605d) (ScriptedImporter) -> (artifact id: '62d9d8e442c8996523c5083b1de3cfa0') in 0.0757148 seconds
Number of updated asset objects reloaded before import = 0Number of asset objects unloaded after import = 1

========================================================================
Received Import Request.
  Time since last request: 0.000038 seconds.
  path: Assets/Photon/PhotonChat/Code/ChannelCreationOptions.cs
  artifactKey: Guid(6c1aa0fceaa2bc14eabdf85976f4e2c8) Importer(2089858483,b0f066a214c2f5e87bad3c948f4d605d)
Start importing Assets/Photon/PhotonChat/Code/ChannelCreationOptions.cs using Guid(6c1aa0fceaa2bc14eabdf85976f4e2c8) Importer(2089858483,b0f066a214c2f5e87bad3c948f4d605d) (ScriptedImporter) -> (artifact id: 'd3866ec69161e556f45d58c06b8d0c41') in 0.0253084 seconds
Number of updated asset objects reloaded before import = 0Number of asset objects unloaded after import = 0

========================================================================
Received Import Request.
  Time since last request: 0.000029 seconds.
  path: Assets/Space Exploration/Rank_System_Components/Small/ranking-1st-highlight-small.png
  artifactKey: Guid(09134b756e76b534ca800a1773816e0c) Importer(2089858483,b0f066a214c2f5e87bad3c948f4d605d)
Start importing Assets/Space Exploration/Rank_System_Components/Small/ranking-1st-highlight-small.png using Guid(09134b756e76b534ca800a1773816e0c) Importer(2089858483,b0f066a214c2f5e87bad3c948f4d605d) (ScriptedImporter) -> (artifact id: 'b98da612e923a4b9f53a9901771f858f') in 0.0655103 seconds
Number of updated asset objects reloaded before import = 0Number of asset objects unloaded after import = 3

========================================================================
Received Import Request.
  Time since last request: 0.000041 seconds.
  path: Assets/Space Exploration/Prefabs/UI_Elements/Large/Slider Bars/Experience_Points_Container_Large.prefab
  artifactKey: Guid(6a4759a00eaa5d742af30f6afd4c2bc5) Importer(2089858483,b0f066a214c2f5e87bad3c948f4d605d)
Start importing Assets/Space Exploration/Prefabs/UI_Elements/Large/Slider Bars/Experience_Points_Container_Large.prefab using Guid(6a4759a00eaa5d742af30f6afd4c2bc5) Importer(2089858483,b0f066a214c2f5e87bad3c948f4d605d) (ScriptedImporter) -> (artifact id: '90045096c832360e5287a96d408a694e') in 0.0747372 seconds
Number of updated asset objects reloaded before import = 0Number of asset objects unloaded after import = 45

========================================================================
Received Import Request.
  Time since last request: 0.000026 seconds.
  path: Assets/Space Exploration/Picto_Icons/Light_Purple/trophy-256.png
  artifactKey: Guid(42f3c025964410445ab6f226abe07d57) Importer(2089858483,b0f066a214c2f5e87bad3c948f4d605d)
Start importing Assets/Space Exploration/Picto_Icons/Light_Purple/trophy-256.png using Guid(42f3c025964410445ab6f226abe07d57) Importer(2089858483,b0f066a214c2f5e87bad3c948f4d605d) (ScriptedImporter) -> (artifact id: 'cfa07a7781676aeb0af1a6f32f76635a') in 0.0582023 seconds
Number of updated asset objects reloaded before import = 0Number of asset objects unloaded after import = 3

========================================================================
Received Import Request.
  Time since last request: 0.000036 seconds.
  path: Assets/Space Exploration/Prefabs/UI_Elements/Medium/Menu Buttons/Claim_Button_Medium.prefab
  artifactKey: Guid(7c8dee8a30bab9248b3f276b217f785f) Importer(2089858483,b0f066a214c2f5e87bad3c948f4d605d)
Start importing Assets/Space Exploration/Prefabs/UI_Elements/Medium/Menu Buttons/Claim_Button_Medium.prefab using Guid(7c8dee8a30bab9248b3f276b217f785f) Importer(2089858483,b0f066a214c2f5e87bad3c948f4d605d) (ScriptedImporter) -> (artifact id: 'fb726f432ec32a98a8d74b60304800dd') in 0.0701328 seconds
Number of updated asset objects reloaded before import = 0Number of asset objects unloaded after import = 18

========================================================================
Received Import Request.
  Time since last request: 0.000088 seconds.
  path: Assets/Space Exploration/Other_Images/Small/cloud-1-small.png
  artifactKey: Guid(8d95dbd2a6995464081d5927de428172) Importer(2089858483,b0f066a214c2f5e87bad3c948f4d605d)
Start importing Assets/Space Exploration/Other_Images/Small/cloud-1-small.png using Guid(8d95dbd2a6995464081d5927de428172) Importer(2089858483,b0f066a214c2f5e87bad3c948f4d605d) (ScriptedImporter) -> (artifact id: 'c87fb074cf5a6237315e555a5f0036f3') in 0.0646467 seconds
Number of updated asset objects reloaded before import = 0Number of asset objects unloaded after import = 3

========================================================================
Received Import Request.
  Time since last request: 0.000062 seconds.
  path: Assets/Space Exploration/Icons/shop-128.png
  artifactKey: Guid(3ab8fd6854849a342b9858333e83135e) Importer(2089858483,b0f066a214c2f5e87bad3c948f4d605d)
Start importing Assets/Space Exploration/Icons/shop-128.png using Guid(3ab8fd6854849a342b9858333e83135e) Importer(2089858483,b0f066a214c2f5e87bad3c948f4d605d) (ScriptedImporter) -> (artifact id: '8396dfab688f0818dbfff4a4536efe41') in 0.054917 seconds
Number of updated asset objects reloaded before import = 0Number of asset objects unloaded after import = 3

========================================================================
Received Import Request.
  Time since last request: 0.000030 seconds.
  path: Assets/Photon/PhotonUnityNetworking/Code/PhotonNetworkPart.cs
  artifactKey: Guid(cbf2b3734a024f842bd50f8738feb400) Importer(2089858483,b0f066a214c2f5e87bad3c948f4d605d)
Start importing Assets/Photon/PhotonUnityNetworking/Code/PhotonNetworkPart.cs using Guid(cbf2b3734a024f842bd50f8738feb400) Importer(2089858483,b0f066a214c2f5e87bad3c948f4d605d) (ScriptedImporter) -> (artifact id: 'a782a700e13dc288e36cb09d1b78ec1e') in 0.0336845 seconds
Number of updated asset objects reloaded before import = 0Number of asset objects unloaded after import = 0

========================================================================
Received Import Request.
  Time since last request: 0.000041 seconds.
  path: Assets/Photon/PhotonUnityNetworking/Demos/PunBasics-Tutorial/Prefabs/Game Manager.prefab
  artifactKey: Guid(b7fe671fa5d4d4772a4b20715fb9b0ff) Importer(2089858483,b0f066a214c2f5e87bad3c948f4d605d)
Start importing Assets/Photon/PhotonUnityNetworking/Demos/PunBasics-Tutorial/Prefabs/Game Manager.prefab using Guid(b7fe671fa5d4d4772a4b20715fb9b0ff) Importer(2089858483,b0f066a214c2f5e87bad3c948f4d605d) (ScriptedImporter) -> (artifact id: 'd4d355c88915a9fefe68f0c7751383f8') in 0.1197343 seconds
Number of updated asset objects reloaded before import = 0Number of asset objects unloaded after import = 157

========================================================================
Received Import Request.
  Time since last request: 0.000030 seconds.
  path: Assets/Space Exploration/Settings_&_Menu_Components/Small/settings-divider-small.png
  artifactKey: Guid(f56ed98515fdf0e48b31a8176a39ae92) Importer(2089858483,b0f066a214c2f5e87bad3c948f4d605d)
Start importing Assets/Space Exploration/Settings_&_Menu_Components/Small/settings-divider-small.png using Guid(f56ed98515fdf0e48b31a8176a39ae92) Importer(2089858483,b0f066a214c2f5e87bad3c948f4d605d) (ScriptedImporter) -> (artifact id: '19ca12654270eb51d0b55aa2db081c4e') in 0.0645791 seconds
Number of updated asset objects reloaded before import = 0Number of asset objects unloaded after import = 3

========================================================================
Received Import Request.
  Time since last request: 0.000046 seconds.
  path: Assets/Photon/PhotonUnityNetworking/Demos/DemoAsteroids/Scripts/Game/Spaceship.cs
  artifactKey: Guid(c565458f43b8ad4469a2ca341c210318) Importer(2089858483,b0f066a214c2f5e87bad3c948f4d605d)
Start importing Assets/Photon/PhotonUnityNetworking/Demos/DemoAsteroids/Scripts/Game/Spaceship.cs using Guid(c565458f43b8ad4469a2ca341c210318) Importer(2089858483,b0f066a214c2f5e87bad3c948f4d605d) (ScriptedImporter) -> (artifact id: 'b6c1cdb4f29372208f4c40c8e371f5b3') in 0.0357129 seconds
Number of updated asset objects reloaded before import = 0Number of asset objects unloaded after import = 0

========================================================================
Received Import Request.
  Time since last request: 0.000029 seconds.
  path: Assets/Space Exploration/Shop_Assets/coins-tier-3-extra-large.png
  artifactKey: Guid(080c331d3daa51841ae5b07f45f28a2d) Importer(2089858483,b0f066a214c2f5e87bad3c948f4d605d)
Start importing Assets/Space Exploration/Shop_Assets/coins-tier-3-extra-large.png using Guid(080c331d3daa51841ae5b07f45f28a2d) Importer(2089858483,b0f066a214c2f5e87bad3c948f4d605d) (ScriptedImporter) -> (artifact id: '02ed7bfe872ddf52a58bdc6002adc203') in 0.1048386 seconds
Number of updated asset objects reloaded before import = 0Number of asset objects unloaded after import = 3

========================================================================
Received Import Request.
  Time since last request: 0.000026 seconds.
  path: Assets/PlayFabSDK/Matchmaker
  artifactKey: Guid(8a412908d5a194e469d8ca0be97748d7) Importer(2089858483,b0f066a214c2f5e87bad3c948f4d605d)
Start importing Assets/PlayFabSDK/Matchmaker using Guid(8a412908d5a194e469d8ca0be97748d7) Importer(2089858483,b0f066a214c2f5e87bad3c948f4d605d) (ScriptedImporter) -> (artifact id: 'd454bb17a90d60b7926338034ef0edb1') in 0.0278647 seconds
Number of updated asset objects reloaded before import = 0Number of asset objects unloaded after import = 1

========================================================================
Received Import Request.
  Time since last request: 0.000039 seconds.
  path: Assets/Space Exploration/Picto_Icons/Dark_Purple/unlock-128.png
  artifactKey: Guid(16aa5304239664c4c9eec89f281f9e61) Importer(2089858483,b0f066a214c2f5e87bad3c948f4d605d)
Start importing Assets/Space Exploration/Picto_Icons/Dark_Purple/unlock-128.png using Guid(16aa5304239664c4c9eec89f281f9e61) Importer(2089858483,b0f066a214c2f5e87bad3c948f4d605d) (ScriptedImporter) -> (artifact id: 'db277ebe5025107bb584873078333eea') in 0.0472596 seconds
Number of updated asset objects reloaded before import = 0Number of asset objects unloaded after import = 3

========================================================================
Received Import Request.
  Time since last request: 0.000031 seconds.
  path: Assets/Space Exploration/Icons/lock-2-128.png
  artifactKey: Guid(22167a794ea50f24b88cfb5a2efa7e4b) Importer(2089858483,b0f066a214c2f5e87bad3c948f4d605d)
Start importing Assets/Space Exploration/Icons/lock-2-128.png using Guid(22167a794ea50f24b88cfb5a2efa7e4b) Importer(2089858483,b0f066a214c2f5e87bad3c948f4d605d) (ScriptedImporter) -> (artifact id: '359d82c53b4623054069183b4edb110d') in 0.0417772 seconds
Number of updated asset objects reloaded before import = 0Number of asset objects unloaded after import = 3

========================================================================
Received Import Request.
  Time since last request: 0.000031 seconds.
  path: Assets/Space Exploration/Fonts/Font Sources/static/Asap-ExtraBoldItalic.ttf
  artifactKey: Guid(5f60ce3fd407f6341a1cc1d1ad778f9c) Importer(2089858483,b0f066a214c2f5e87bad3c948f4d605d)
Start importing Assets/Space Exploration/Fonts/Font Sources/static/Asap-ExtraBoldItalic.ttf using Guid(5f60ce3fd407f6341a1cc1d1ad778f9c) Importer(2089858483,b0f066a214c2f5e87bad3c948f4d605d) (ScriptedImporter) -> (artifact id: '3f9601a5a1b63dfafe93caec56bcf6b9') in 0.0308169 seconds
Number of updated asset objects reloaded before import = 0Number of asset objects unloaded after import = 3

========================================================================
Received Import Request.
  Time since last request: 0.000030 seconds.
  path: Assets/Space Exploration/Button_Images/Source_Image_Sprites/medium/large-purple-medium.png
  artifactKey: Guid(c7bd924bd8a30f245a1b3046a2c194e9) Importer(2089858483,b0f066a214c2f5e87bad3c948f4d605d)
Start importing Assets/Space Exploration/Button_Images/Source_Image_Sprites/medium/large-purple-medium.png using Guid(c7bd924bd8a30f245a1b3046a2c194e9) Importer(2089858483,b0f066a214c2f5e87bad3c948f4d605d) (ScriptedImporter) -> (artifact id: '6091211a5da085a26afa3d70759532c1') in 0.0550547 seconds
Number of updated asset objects reloaded before import = 0Number of asset objects unloaded after import = 3

========================================================================
Received Import Request.
  Time since last request: 0.000039 seconds.
  path: Assets/PlayFabSDK/Shared/Public/ISerializerPlugin.cs
  artifactKey: Guid(d33ec65e8a628fe44a4aa5c55289a16d) Importer(2089858483,b0f066a214c2f5e87bad3c948f4d605d)
Start importing Assets/PlayFabSDK/Shared/Public/ISerializerPlugin.cs using Guid(d33ec65e8a628fe44a4aa5c55289a16d) Importer(2089858483,b0f066a214c2f5e87bad3c948f4d605d) (ScriptedImporter) -> (artifact id: '256c8904c24a1316f7fc0b7ec420647b') in 0.037456 seconds
Number of updated asset objects reloaded before import = 0Number of asset objects unloaded after import = 0

========================================================================
Received Import Request.
  Time since last request: 0.000032 seconds.
  path: Assets/PlayFabSDK/Progression/PlayFabProgressionModels.cs
  artifactKey: Guid(98dd4b7b25d8a1c4481a206e643cb9e3) Importer(2089858483,b0f066a214c2f5e87bad3c948f4d605d)
Start importing Assets/PlayFabSDK/Progression/PlayFabProgressionModels.cs using Guid(98dd4b7b25d8a1c4481a206e643cb9e3) Importer(2089858483,b0f066a214c2f5e87bad3c948f4d605d) (ScriptedImporter) -> (artifact id: 'b4aefe7ed70b8db0124b3a59afac6a8a') in 0.0393743 seconds
Number of updated asset objects reloaded before import = 0Number of asset objects unloaded after import = 0

========================================================================
Received Import Request.
  Time since last request: 0.000037 seconds.
  path: Assets/Space Exploration/Picto_Icons/White/gun-32.png
  artifactKey: Guid(da39e27cb7c6d374f8eaf3c8c1027a7d) Importer(2089858483,b0f066a214c2f5e87bad3c948f4d605d)
Start importing Assets/Space Exploration/Picto_Icons/White/gun-32.png using Guid(da39e27cb7c6d374f8eaf3c8c1027a7d) Importer(2089858483,b0f066a214c2f5e87bad3c948f4d605d) (ScriptedImporter) -> (artifact id: '9c2e5969c1978430dcc3b76a635beead') in 0.0360132 seconds
Number of updated asset objects reloaded before import = 0Number of asset objects unloaded after import = 3

========================================================================
Received Import Request.
  Time since last request: 0.000033 seconds.
  path: Assets/Photon/PhotonUnityNetworking/Demos/PunCockpit/Scripts/PropertyFields/UserIdField.cs
  artifactKey: Guid(4cc6aa808aba246ffa12d8e765f470ff) Importer(2089858483,b0f066a214c2f5e87bad3c948f4d605d)
Start importing Assets/Photon/PhotonUnityNetworking/Demos/PunCockpit/Scripts/PropertyFields/UserIdField.cs using Guid(4cc6aa808aba246ffa12d8e765f470ff) Importer(2089858483,b0f066a214c2f5e87bad3c948f4d605d) (ScriptedImporter) -> (artifact id: '0376e5f4068d56ff2a8d0a02dcc3d844') in 0.0257052 seconds
Number of updated asset objects reloaded before import = 0Number of asset objects unloaded after import = 0

========================================================================
Received Import Request.
  Time since last request: 0.000041 seconds.
  path: Assets/Space Exploration/Icons/exoplanet-5-64.png
  artifactKey: Guid(4003b457dfe51d442a8cc3a6fb5cc56c) Importer(2089858483,b0f066a214c2f5e87bad3c948f4d605d)
Start importing Assets/Space Exploration/Icons/exoplanet-5-64.png using Guid(4003b457dfe51d442a8cc3a6fb5cc56c) Importer(2089858483,b0f066a214c2f5e87bad3c948f4d605d) (ScriptedImporter) -> (artifact id: '6ab1febfd25a8c5a5a4e80cf148a3029') in 0.0458732 seconds
Number of updated asset objects reloaded before import = 0Number of asset objects unloaded after import = 3

========================================================================
Received Import Request.
  Time since last request: 0.000019 seconds.
  path: Assets/Space Exploration/Fonts/Font Sources/static/Asap_Condensed-SemiBold.ttf
  artifactKey: Guid(6bdc3438c3d6c70489258aec63575da4) Importer(2089858483,b0f066a214c2f5e87bad3c948f4d605d)
Start importing Assets/Space Exploration/Fonts/Font Sources/static/Asap_Condensed-SemiBold.ttf using Guid(6bdc3438c3d6c70489258aec63575da4) Importer(2089858483,b0f066a214c2f5e87bad3c948f4d605d) (ScriptedImporter) -> (artifact id: 'f2acb55f6432bee97e62bc1d3a795046') in 0.0278224 seconds
Number of updated asset objects reloaded before import = 0Number of asset objects unloaded after import = 3

========================================================================
Received Import Request.
  Time since last request: 0.000028 seconds.
  path: Assets/Space Exploration/Button_Images/Pressed_Sprites/Extra_Large/extra-long-purple-pressed-extra-large.png
  artifactKey: Guid(557c86208afe0a7459c4c2eed204b0ba) Importer(2089858483,b0f066a214c2f5e87bad3c948f4d605d)
Start importing Assets/Space Exploration/Button_Images/Pressed_Sprites/Extra_Large/extra-long-purple-pressed-extra-large.png using Guid(557c86208afe0a7459c4c2eed204b0ba) Importer(2089858483,b0f066a214c2f5e87bad3c948f4d605d) (ScriptedImporter) -> (artifact id: '49755061b9e16d16628d5f08dd82aa44') in 0.044417 seconds
Number of updated asset objects reloaded before import = 0Number of asset objects unloaded after import = 3

========================================================================
Received Import Request.
  Time since last request: 0.000040 seconds.
  path: Assets/Space Exploration/Other_Images/Extra_Large/sparkle-extra-large.png
  artifactKey: Guid(182bfe09bb6b1f1479bd2fc33c71f13e) Importer(2089858483,b0f066a214c2f5e87bad3c948f4d605d)
Start importing Assets/Space Exploration/Other_Images/Extra_Large/sparkle-extra-large.png using Guid(182bfe09bb6b1f1479bd2fc33c71f13e) Importer(2089858483,b0f066a214c2f5e87bad3c948f4d605d) (ScriptedImporter) -> (artifact id: '460deb6abcfb1bac71f56c9254141b43') in 0.0682048 seconds
Number of updated asset objects reloaded before import = 0Number of asset objects unloaded after import = 3

========================================================================
Received Import Request.
  Time since last request: 0.000054 seconds.
  path: Assets/Space Exploration/Picto_Icons/White/megaphone-64.png
  artifactKey: Guid(550db29a8f4c7364d83951d862fb3bfe) Importer(2089858483,b0f066a214c2f5e87bad3c948f4d605d)
Start importing Assets/Space Exploration/Picto_Icons/White/megaphone-64.png using Guid(550db29a8f4c7364d83951d862fb3bfe) Importer(2089858483,b0f066a214c2f5e87bad3c948f4d605d) (ScriptedImporter) -> (artifact id: 'c60c3118f675b66dde6e93687c25a525') in 0.0603043 seconds
Number of updated asset objects reloaded before import = 0Number of asset objects unloaded after import = 3

========================================================================
Received Import Request.
  Time since last request: 0.000036 seconds.
  path: Assets/Space Exploration/Picto_Icons/Light_Purple/web-256.png
  artifactKey: Guid(3f48626e7e61dee4d867b17256cfc674) Importer(2089858483,b0f066a214c2f5e87bad3c948f4d605d)
Start importing Assets/Space Exploration/Picto_Icons/Light_Purple/web-256.png using Guid(3f48626e7e61dee4d867b17256cfc674) Importer(2089858483,b0f066a214c2f5e87bad3c948f4d605d) (ScriptedImporter) -> (artifact id: '61a8a9518a7cb90df59619d2f294d35d') in 0.0597965 seconds
Number of updated asset objects reloaded before import = 0Number of asset objects unloaded after import = 3

========================================================================
Received Import Request.
  Time since last request: 0.000067 seconds.
  path: Assets/Photon/PhotonUnityNetworking/Code/Editor/help.png
  artifactKey: Guid(9f1212502533cb34188dd6ef094188cb) Importer(2089858483,b0f066a214c2f5e87bad3c948f4d605d)
Start importing Assets/Photon/PhotonUnityNetworking/Code/Editor/help.png using Guid(9f1212502533cb34188dd6ef094188cb) Importer(2089858483,b0f066a214c2f5e87bad3c948f4d605d) (ScriptedImporter) -> (artifact id: 'c532a86c4f0344ebd1873317d149c67d') in 0.0425308 seconds
Number of updated asset objects reloaded before import = 0Number of asset objects unloaded after import = 1

========================================================================
Received Import Request.
  Time since last request: 0.000042 seconds.
  path: Assets/Space Exploration/Button_Images/Highlighted_Sprite/extra large/short-yellow-highlight-extra-large.png
  artifactKey: Guid(30482ad39c739c248b565c58246f1702) Importer(2089858483,b0f066a214c2f5e87bad3c948f4d605d)
Start importing Assets/Space Exploration/Button_Images/Highlighted_Sprite/extra large/short-yellow-highlight-extra-large.png using Guid(30482ad39c739c248b565c58246f1702) Importer(2089858483,b0f066a214c2f5e87bad3c948f4d605d) (ScriptedImporter) -> (artifact id: 'ee872d851cca435befbf54bd7838e23c') in 0.0299474 seconds
Number of updated asset objects reloaded before import = 0Number of asset objects unloaded after import = 3

========================================================================
Received Import Request.
  Time since last request: 0.000029 seconds.
  path: Assets/Photon/PhotonUnityNetworking/UtilityScripts/PhotonPlayer
  artifactKey: Guid(94d453efd58794348867b36584d05a1e) Importer(2089858483,b0f066a214c2f5e87bad3c948f4d605d)
Start importing Assets/Photon/PhotonUnityNetworking/UtilityScripts/PhotonPlayer using Guid(94d453efd58794348867b36584d05a1e) Importer(2089858483,b0f066a214c2f5e87bad3c948f4d605d) (ScriptedImporter) -> (artifact id: 'f1a373e2eb53217cd43e0b0dffb75353') in 0.0287145 seconds
Number of updated asset objects reloaded before import = 0Number of asset objects unloaded after import = 1

========================================================================
Received Import Request.
  Time since last request: 0.000037 seconds.
  path: Assets/Space Exploration/Picto_Icons/Light_Purple/saturn-128.png
  artifactKey: Guid(02477fc99a58e024f8615f320d2e1630) Importer(2089858483,b0f066a214c2f5e87bad3c948f4d605d)
Start importing Assets/Space Exploration/Picto_Icons/Light_Purple/saturn-128.png using Guid(02477fc99a58e024f8615f320d2e1630) Importer(2089858483,b0f066a214c2f5e87bad3c948f4d605d) (ScriptedImporter) -> (artifact id: 'bd6ce39b38b469fafe92338b493ec9f6') in 0.0568424 seconds
Number of updated asset objects reloaded before import = 0Number of asset objects unloaded after import = 3

========================================================================
Received Import Request.
  Time since last request: 0.000032 seconds.
  path: Assets/Space Exploration/Prefabs/UI_Elements/Medium/Menu Buttons/Check_Box_Medium.prefab
  artifactKey: Guid(6ee71299f8a98154eb6aae912e381c17) Importer(2089858483,b0f066a214c2f5e87bad3c948f4d605d)
Start importing Assets/Space Exploration/Prefabs/UI_Elements/Medium/Menu Buttons/Check_Box_Medium.prefab using Guid(6ee71299f8a98154eb6aae912e381c17) Importer(2089858483,b0f066a214c2f5e87bad3c948f4d605d) (ScriptedImporter) -> (artifact id: 'e0b03b7a1d8702ea9f7e455d9b290fbf') in 0.0490455 seconds
Number of updated asset objects reloaded before import = 0Number of asset objects unloaded after import = 15

========================================================================
Received Import Request.
  Time since last request: 0.000036 seconds.
  path: Assets/Space Exploration/Button_Images/Highlighted_Sprite/small/extra-long-blue-highlight-small.png
  artifactKey: Guid(046afb086defe084b902318a353a9b94) Importer(2089858483,b0f066a214c2f5e87bad3c948f4d605d)
Start importing Assets/Space Exploration/Button_Images/Highlighted_Sprite/small/extra-long-blue-highlight-small.png using Guid(046afb086defe084b902318a353a9b94) Importer(2089858483,b0f066a214c2f5e87bad3c948f4d605d) (ScriptedImporter) -> (artifact id: 'd39078a00d200c4b8df1fa799be6f0f7') in 0.0470488 seconds
Number of updated asset objects reloaded before import = 0Number of asset objects unloaded after import = 3

========================================================================
Received Import Request.
  Time since last request: 0.000026 seconds.
  path: Assets/PlayFabSDK/Addon/PlayFabAddonAPI.cs
  artifactKey: Guid(16e6981cbc311934bab9111885dbfc1a) Importer(2089858483,b0f066a214c2f5e87bad3c948f4d605d)
Start importing Assets/PlayFabSDK/Addon/PlayFabAddonAPI.cs using Guid(16e6981cbc311934bab9111885dbfc1a) Importer(2089858483,b0f066a214c2f5e87bad3c948f4d605d) (ScriptedImporter) -> (artifact id: 'da5f73d870b513b2fb1a6248f68368a2') in 0.0583069 seconds
Number of updated asset objects reloaded before import = 0Number of asset objects unloaded after import = 0

========================================================================
Received Import Request.
  Time since last request: 0.000037 seconds.
  path: Assets/Space Exploration/Background_Images/large/Lobby.png
  artifactKey: Guid(20219dabb45dcf547b0390f6d10f76d2) Importer(2089858483,b0f066a214c2f5e87bad3c948f4d605d)
Start importing Assets/Space Exploration/Background_Images/large/Lobby.png using Guid(20219dabb45dcf547b0390f6d10f76d2) Importer(2089858483,b0f066a214c2f5e87bad3c948f4d605d) (ScriptedImporter) -> (artifact id: '1601f7347628eb74ed003f099827ba06') in 0.0690587 seconds
Number of updated asset objects reloaded before import = 0Number of asset objects unloaded after import = 3

========================================================================
Received Import Request.
  Time since last request: 0.000031 seconds.
  path: Assets/Space Exploration/Picto_Icons/Dark_Purple/page-32.png
  artifactKey: Guid(356013690afaedb4eb74853de732af3a) Importer(2089858483,b0f066a214c2f5e87bad3c948f4d605d)
Start importing Assets/Space Exploration/Picto_Icons/Dark_Purple/page-32.png using Guid(356013690afaedb4eb74853de732af3a) Importer(2089858483,b0f066a214c2f5e87bad3c948f4d605d) (ScriptedImporter) -> (artifact id: 'f068947c5f1c3c5502feb7b579267aea') in 0.3589857 seconds
Number of updated asset objects reloaded before import = 0Number of asset objects unloaded after import = 3

========================================================================
Received Import Request.
  Time since last request: 0.000034 seconds.
  path: Assets/Scripts/Managers/NetworkManager.cs
  artifactKey: Guid(ca28e2ff41debc84d8f82bfa9cf6778d) Importer(2089858483,b0f066a214c2f5e87bad3c948f4d605d)
Start importing Assets/Scripts/Managers/NetworkManager.cs using Guid(ca28e2ff41debc84d8f82bfa9cf6778d) Importer(2089858483,b0f066a214c2f5e87bad3c948f4d605d) (ScriptedImporter) -> (artifact id: 'df3a2dadb82ed3fc48193c7f1918e796') in 0.0273 seconds
Number of updated asset objects reloaded before import = 0Number of asset objects unloaded after import = 0

========================================================================
Received Import Request.
  Time since last request: 0.000027 seconds.
  path: Assets/Space Exploration/Button_Images/Pressed_Sprites/Large/large-pink-pressed-large.png
  artifactKey: Guid(3dcdacb6a9f24fe4b8f163c1d447bac1) Importer(2089858483,b0f066a214c2f5e87bad3c948f4d605d)
Start importing Assets/Space Exploration/Button_Images/Pressed_Sprites/Large/large-pink-pressed-large.png using Guid(3dcdacb6a9f24fe4b8f163c1d447bac1) Importer(2089858483,b0f066a214c2f5e87bad3c948f4d605d) (ScriptedImporter) -> (artifact id: '7a3b059894af974532f850f8aca52d70') in 0.0388326 seconds
Number of updated asset objects reloaded before import = 0Number of asset objects unloaded after import = 3

========================================================================
Received Import Request.
  Time since last request: 0.000025 seconds.
  path: Assets/Photon/PhotonUnityNetworking/Demos/Shared Assets
  artifactKey: Guid(01a8ebbcaee32cd4c883b944fe77e0b9) Importer(2089858483,b0f066a214c2f5e87bad3c948f4d605d)
Start importing Assets/Photon/PhotonUnityNetworking/Demos/Shared Assets using Guid(01a8ebbcaee32cd4c883b944fe77e0b9) Importer(2089858483,b0f066a214c2f5e87bad3c948f4d605d) (ScriptedImporter) -> (artifact id: '17cfa4d95949bf3fe164da21864a3546') in 0.0220674 seconds
Number of updated asset objects reloaded before import = 0Number of asset objects unloaded after import = 1

========================================================================
Received Import Request.
  Time since last request: 0.000036 seconds.
  path: Assets/Photon/PhotonUnityNetworking/Demos/Shared Assets/Animations/HumanoidStandTurn.fbx
  artifactKey: Guid(6fb3851da6a6f5948ab6892bee8ba920) Importer(2089858483,b0f066a214c2f5e87bad3c948f4d605d)
Start importing Assets/Photon/PhotonUnityNetworking/Demos/Shared Assets/Animations/HumanoidStandTurn.fbx using Guid(6fb3851da6a6f5948ab6892bee8ba920) Importer(2089858483,b0f066a214c2f5e87bad3c948f4d605d) (ScriptedImporter) -> (artifact id: '20afc00dc3ad14a30ebb8935b44cf496') in 0.1077501 seconds
Number of updated asset objects reloaded before import = 0Number of asset objects unloaded after import = 160

========================================================================
Received Import Request.
  Time since last request: 0.000029 seconds.
  path: Assets/Space Exploration/Picto_Icons/White/mail-128.png
  artifactKey: Guid(b319425369197194ebe224a7ddc534df) Importer(2089858483,b0f066a214c2f5e87bad3c948f4d605d)
Start importing Assets/Space Exploration/Picto_Icons/White/mail-128.png using Guid(b319425369197194ebe224a7ddc534df) Importer(2089858483,b0f066a214c2f5e87bad3c948f4d605d) (ScriptedImporter) -> (artifact id: '8afe26815c0744d24bed1377bd78e127') in 0.0597208 seconds
Number of updated asset objects reloaded before import = 0Number of asset objects unloaded after import = 3

========================================================================
Received Import Request.
  Time since last request: 0.000065 seconds.
  path: Assets/Space Exploration/Picto_Icons/Light_Purple/magnifying-32.png
  artifactKey: Guid(efec36cb5aaab0647b33fa862e7930e8) Importer(2089858483,b0f066a214c2f5e87bad3c948f4d605d)
Start importing Assets/Space Exploration/Picto_Icons/Light_Purple/magnifying-32.png using Guid(efec36cb5aaab0647b33fa862e7930e8) Importer(2089858483,b0f066a214c2f5e87bad3c948f4d605d) (ScriptedImporter) -> (artifact id: '0cb3822dc1aec6467eb6fe5189ebb35d') in 0.0756024 seconds
Number of updated asset objects reloaded before import = 0Number of asset objects unloaded after import = 3

========================================================================
Received Import Request.
  Time since last request: 0.000035 seconds.
  path: Assets/Space Exploration/Button_Images/Highlighted_Sprite/large/medium-purple-highlight-large.png
  artifactKey: Guid(37f7fd104297c6341b37bca3351db007) Importer(2089858483,b0f066a214c2f5e87bad3c948f4d605d)
Start importing Assets/Space Exploration/Button_Images/Highlighted_Sprite/large/medium-purple-highlight-large.png using Guid(37f7fd104297c6341b37bca3351db007) Importer(2089858483,b0f066a214c2f5e87bad3c948f4d605d) (ScriptedImporter) -> (artifact id: '5e753267570d1b8e76f0d3538805a471') in 0.0533514 seconds
Number of updated asset objects reloaded before import = 0Number of asset objects unloaded after import = 3

========================================================================
Received Import Request.
  Time since last request: 0.000041 seconds.
  path: Assets/PlayFabSDK/Shared/Models/SharedModels.cs
  artifactKey: Guid(8e2ad5324972b434883785ddddf9c851) Importer(2089858483,b0f066a214c2f5e87bad3c948f4d605d)
Start importing Assets/PlayFabSDK/Shared/Models/SharedModels.cs using Guid(8e2ad5324972b434883785ddddf9c851) Importer(2089858483,b0f066a214c2f5e87bad3c948f4d605d) (ScriptedImporter) -> (artifact id: '5b38ec0cf492fba26361ae3f0e94cace') in 0.0217915 seconds
Number of updated asset objects reloaded before import = 0Number of asset objects unloaded after import = 0

========================================================================
Received Import Request.
  Time since last request: 0.000026 seconds.
  path: Assets/Space Exploration/Button_Images/Source_Image_Sprites/extra large/extra-long-blue-extra-large.png
  artifactKey: Guid(2ea5eeeb8dd9f7642aa239ef8d009f50) Importer(2089858483,b0f066a214c2f5e87bad3c948f4d605d)
Start importing Assets/Space Exploration/Button_Images/Source_Image_Sprites/extra large/extra-long-blue-extra-large.png using Guid(2ea5eeeb8dd9f7642aa239ef8d009f50) Importer(2089858483,b0f066a214c2f5e87bad3c948f4d605d) (ScriptedImporter) -> (artifact id: '6bb7545f933cf380075a4bed36cebfcf') in 0.0755255 seconds
Number of updated asset objects reloaded before import = 0Number of asset objects unloaded after import = 3

========================================================================
Received Import Request.
  Time since last request: 0.000030 seconds.
  path: Assets/Photon/PhotonUnityNetworking/Demos/PunBasics-Tutorial/Prefabs
  artifactKey: Guid(bb03de2d6ee429e41a45bd16bf8caf87) Importer(2089858483,b0f066a214c2f5e87bad3c948f4d605d)
Start importing Assets/Photon/PhotonUnityNetworking/Demos/PunBasics-Tutorial/Prefabs using Guid(bb03de2d6ee429e41a45bd16bf8caf87) Importer(2089858483,b0f066a214c2f5e87bad3c948f4d605d) (ScriptedImporter) -> (artifact id: 'f8fa00c58c04e04d6968d1706f77b328') in 0.0265454 seconds
Number of updated asset objects reloaded before import = 0Number of asset objects unloaded after import = 1

========================================================================
Received Import Request.
  Time since last request: 0.000038 seconds.
  path: Assets/Space Exploration/Picto_Icons/Dark_Purple/commet-256.png
  artifactKey: Guid(94fdf9e7c17b116439e1cc17d4ad06bc) Importer(2089858483,b0f066a214c2f5e87bad3c948f4d605d)
Start importing Assets/Space Exploration/Picto_Icons/Dark_Purple/commet-256.png using Guid(94fdf9e7c17b116439e1cc17d4ad06bc) Importer(2089858483,b0f066a214c2f5e87bad3c948f4d605d) (ScriptedImporter) -> (artifact id: '89378df9dd1ee7b2995f134532843e2b') in 0.0667071 seconds
Number of updated asset objects reloaded before import = 0Number of asset objects unloaded after import = 3

========================================================================
Received Import Request.
  Time since last request: 0.000042 seconds.
  path: Assets/Space Exploration/Icons/exoplanet-5-128.png
  artifactKey: Guid(d3bc643210b56a24e8ed05f0c3bba93c) Importer(2089858483,b0f066a214c2f5e87bad3c948f4d605d)
Start importing Assets/Space Exploration/Icons/exoplanet-5-128.png using Guid(d3bc643210b56a24e8ed05f0c3bba93c) Importer(2089858483,b0f066a214c2f5e87bad3c948f4d605d) (ScriptedImporter) -> (artifact id: '018136984722743a515d9e3b141a3e36') in 0.0501505 seconds
Number of updated asset objects reloaded before import = 0Number of asset objects unloaded after import = 3

========================================================================
Received Import Request.
  Time since last request: 0.000046 seconds.
  path: Assets/Space Exploration/Button_Images/Highlighted_Sprite/large/medium-pink-highlight-large.png
  artifactKey: Guid(0cfa71b02b33a3e489dc63d92f7c9f95) Importer(2089858483,b0f066a214c2f5e87bad3c948f4d605d)
Start importing Assets/Space Exploration/Button_Images/Highlighted_Sprite/large/medium-pink-highlight-large.png using Guid(0cfa71b02b33a3e489dc63d92f7c9f95) Importer(2089858483,b0f066a214c2f5e87bad3c948f4d605d) (ScriptedImporter) -> (artifact id: 'ec88dc10c3469fff6b8ef5d635bcf73a') in 0.0450168 seconds
Number of updated asset objects reloaded before import = 0Number of asset objects unloaded after import = 3

========================================================================
Received Import Request.
  Time since last request: 0.000031 seconds.
  path: Assets/Space Exploration/Picto_Icons/Dark_Purple/power-64.png
  artifactKey: Guid(727e8d6bdc0df644e89aa803232359c9) Importer(2089858483,b0f066a214c2f5e87bad3c948f4d605d)
Start importing Assets/Space Exploration/Picto_Icons/Dark_Purple/power-64.png using Guid(727e8d6bdc0df644e89aa803232359c9) Importer(2089858483,b0f066a214c2f5e87bad3c948f4d605d) (ScriptedImporter) -> (artifact id: '0d0974b4f1c9217d7091d51481e3112f') in 0.0585188 seconds
Number of updated asset objects reloaded before import = 0Number of asset objects unloaded after import = 3

========================================================================
Received Import Request.
  Time since last request: 0.000045 seconds.
  path: Assets/Space Exploration/Picto_Icons/White/lock-32.png
  artifactKey: Guid(81b1a4143fe62ec459cdb26112ccb43c) Importer(2089858483,b0f066a214c2f5e87bad3c948f4d605d)
Start importing Assets/Space Exploration/Picto_Icons/White/lock-32.png using Guid(81b1a4143fe62ec459cdb26112ccb43c) Importer(2089858483,b0f066a214c2f5e87bad3c948f4d605d) (ScriptedImporter) -> (artifact id: 'f285953c3ebc8058cfeea22b53f52941') in 0.0642383 seconds
Number of updated asset objects reloaded before import = 0Number of asset objects unloaded after import = 3

========================================================================
Received Import Request.
  Time since last request: 0.000030 seconds.
  path: Assets/Photon/PhotonRealtime/Code/AppSettings.cs
  artifactKey: Guid(272beb7315eb9fc4daecafe2ff373baf) Importer(2089858483,b0f066a214c2f5e87bad3c948f4d605d)
Start importing Assets/Photon/PhotonRealtime/Code/AppSettings.cs using Guid(272beb7315eb9fc4daecafe2ff373baf) Importer(2089858483,b0f066a214c2f5e87bad3c948f4d605d) (ScriptedImporter) -> (artifact id: 'cbe05a3d3ee15860474e29bf658b9b77') in 0.0293782 seconds
Number of updated asset objects reloaded before import = 0Number of asset objects unloaded after import = 0

========================================================================
Received Import Request.
  Time since last request: 0.000039 seconds.
  path: Assets/Space Exploration/Picto_Icons/White/lock-64.png
  artifactKey: Guid(0c1c897242f9262469d013acf06e5541) Importer(2089858483,b0f066a214c2f5e87bad3c948f4d605d)
Start importing Assets/Space Exploration/Picto_Icons/White/lock-64.png using Guid(0c1c897242f9262469d013acf06e5541) Importer(2089858483,b0f066a214c2f5e87bad3c948f4d605d) (ScriptedImporter) -> (artifact id: 'c17b1fd477bb03e04c92f83d37115953') in 0.0509328 seconds
Number of updated asset objects reloaded before import = 0Number of asset objects unloaded after import = 3

========================================================================
Received Import Request.
  Time since last request: 0.000031 seconds.
  path: Assets/Space Exploration/Rank_System_Components/Small/ranking-4+-small.png
  artifactKey: Guid(0b51d1675d9fc894f802149b10813393) Importer(2089858483,b0f066a214c2f5e87bad3c948f4d605d)
Start importing Assets/Space Exploration/Rank_System_Components/Small/ranking-4+-small.png using Guid(0b51d1675d9fc894f802149b10813393) Importer(2089858483,b0f066a214c2f5e87bad3c948f4d605d) (ScriptedImporter) -> (artifact id: 'f41a3dc1b9486551893eafeaca1c9300') in 0.0678644 seconds
Number of updated asset objects reloaded before import = 0Number of asset objects unloaded after import = 3

========================================================================
Received Import Request.
  Time since last request: 0.000034 seconds.
  path: Assets/Space Exploration/Grid_Components/Medium/level-container-medium.png
  artifactKey: Guid(093c0b72de141f24085ad0085bdbc7df) Importer(2089858483,b0f066a214c2f5e87bad3c948f4d605d)
Start importing Assets/Space Exploration/Grid_Components/Medium/level-container-medium.png using Guid(093c0b72de141f24085ad0085bdbc7df) Importer(2089858483,b0f066a214c2f5e87bad3c948f4d605d) (ScriptedImporter) -> (artifact id: 'd86921d6131c840174d2bb473293951f') in 0.0976441 seconds
Number of updated asset objects reloaded before import = 0Number of asset objects unloaded after import = 3

========================================================================
Received Import Request.
  Time since last request: 0.000026 seconds.
  path: Assets/Space Exploration/Picto_Icons/White/black-hole-256.png
  artifactKey: Guid(55aeccb6742fd9e4ebe33fc577938422) Importer(2089858483,b0f066a214c2f5e87bad3c948f4d605d)
Start importing Assets/Space Exploration/Picto_Icons/White/black-hole-256.png using Guid(55aeccb6742fd9e4ebe33fc577938422) Importer(2089858483,b0f066a214c2f5e87bad3c948f4d605d) (ScriptedImporter) -> (artifact id: '93b41d214e99faac60f7e92c5efb02c7') in 0.1380112 seconds
Number of updated asset objects reloaded before import = 0Number of asset objects unloaded after import = 3

========================================================================
Received Import Request.
  Time since last request: 0.000049 seconds.
  path: Assets/Space Exploration/Settings_&_Menu_Components/Extra Large/circle-button-blank-extra-large.png
  artifactKey: Guid(308f2d4a6a3401b4380b7590c3c72a79) Importer(2089858483,b0f066a214c2f5e87bad3c948f4d605d)
Start importing Assets/Space Exploration/Settings_&_Menu_Components/Extra Large/circle-button-blank-extra-large.png using Guid(308f2d4a6a3401b4380b7590c3c72a79) Importer(2089858483,b0f066a214c2f5e87bad3c948f4d605d) (ScriptedImporter) -> (artifact id: '936ae7c32eb1f081afacc5c13cec1c94') in 0.0765043 seconds
Number of updated asset objects reloaded before import = 0Number of asset objects unloaded after import = 3

========================================================================
Received Import Request.
  Time since last request: 0.000030 seconds.
  path: Assets/Space Exploration/Picto_Icons/Light_Purple/rocket-256.png
  artifactKey: Guid(11bd9d8ae22f2fc4cbac0ea71841cdf3) Importer(2089858483,b0f066a214c2f5e87bad3c948f4d605d)
Start importing Assets/Space Exploration/Picto_Icons/Light_Purple/rocket-256.png using Guid(11bd9d8ae22f2fc4cbac0ea71841cdf3) Importer(2089858483,b0f066a214c2f5e87bad3c948f4d605d) (ScriptedImporter) -> (artifact id: '8abe30dcd252168d90e2bca6cfdf998b') in 0.0730534 seconds
Number of updated asset objects reloaded before import = 0Number of asset objects unloaded after import = 3

========================================================================
Received Import Request.
  Time since last request: 0.000044 seconds.
  path: Assets/Space Exploration/Picto_Icons/Dark_Purple/add-person-64.png
  artifactKey: Guid(cd300d6af5635fa4db581a166f8dace2) Importer(2089858483,b0f066a214c2f5e87bad3c948f4d605d)
Start importing Assets/Space Exploration/Picto_Icons/Dark_Purple/add-person-64.png using Guid(cd300d6af5635fa4db581a166f8dace2) Importer(2089858483,b0f066a214c2f5e87bad3c948f4d605d) (ScriptedImporter) -> (artifact id: '96809bd0593bf7299efdf3e5d34adb70') in 0.0778691 seconds
Number of updated asset objects reloaded before import = 0Number of asset objects unloaded after import = 3

========================================================================
Received Import Request.
  Time since last request: 0.000688 seconds.
  path: Assets/Space Exploration/Icons/gem-2-256.png
  artifactKey: Guid(9df2ef782e85ee44196438166d4567eb) Importer(2089858483,b0f066a214c2f5e87bad3c948f4d605d)
Start importing Assets/Space Exploration/Icons/gem-2-256.png using Guid(9df2ef782e85ee44196438166d4567eb) Importer(2089858483,b0f066a214c2f5e87bad3c948f4d605d) (ScriptedImporter) -> (artifact id: '004dfd386b14493dc4a1943bed131bf5') in 0.0660355 seconds
Number of updated asset objects reloaded before import = 0Number of asset objects unloaded after import = 3

========================================================================
Received Import Request.
  Time since last request: 0.000039 seconds.
  path: Assets/PlayFabSDK/Shared/Public/Resources/PlayFabSharedSettings.asset
  artifactKey: Guid(698b2db098268c640929a7b8090a31eb) Importer(2089858483,b0f066a214c2f5e87bad3c948f4d605d)
Start importing Assets/PlayFabSDK/Shared/Public/Resources/PlayFabSharedSettings.asset using Guid(698b2db098268c640929a7b8090a31eb) Importer(2089858483,b0f066a214c2f5e87bad3c948f4d605d) (ScriptedImporter) -> (artifact id: 'f0fdf85f7c3255cfb505a1309b945209') in 0.0228935 seconds
Number of updated asset objects reloaded before import = 0Number of asset objects unloaded after import = 1

========================================================================
Received Import Request.
  Time since last request: 0.000025 seconds.
  path: Assets/Space Exploration/Icons/earth-512.png
  artifactKey: Guid(4294fb30134bec243928bd7699231849) Importer(2089858483,b0f066a214c2f5e87bad3c948f4d605d)
Start importing Assets/Space Exploration/Icons/earth-512.png using Guid(4294fb30134bec243928bd7699231849) Importer(2089858483,b0f066a214c2f5e87bad3c948f4d605d) (ScriptedImporter) -> (artifact id: '3038818271961171563ca5e137671ecc') in 0.0532497 seconds
Number of updated asset objects reloaded before import = 0Number of asset objects unloaded after import = 3

========================================================================
Received Import Request.
  Time since last request: 0.000029 seconds.
  path: Assets/Space Exploration/Button_Images/Disabled_Sprites/Extra_Large/square-disabled-extra-large.png
  artifactKey: Guid(bf09ef3933a46de42a0b8f0d46f7f8fa) Importer(2089858483,b0f066a214c2f5e87bad3c948f4d605d)
Start importing Assets/Space Exploration/Button_Images/Disabled_Sprites/Extra_Large/square-disabled-extra-large.png using Guid(bf09ef3933a46de42a0b8f0d46f7f8fa) Importer(2089858483,b0f066a214c2f5e87bad3c948f4d605d) (ScriptedImporter) -> (artifact id: '8fa46eeaf731a26309859b3ed44cc2a1') in 0.0345163 seconds
Number of updated asset objects reloaded before import = 0Number of asset objects unloaded after import = 3

========================================================================
Received Import Request.
  Time since last request: 0.000039 seconds.
  path: Assets/Space Exploration/Picto_Icons/White/half-moon-64.png
  artifactKey: Guid(fff9156ffd100964ca16783768b20b06) Importer(2089858483,b0f066a214c2f5e87bad3c948f4d605d)
Start importing Assets/Space Exploration/Picto_Icons/White/half-moon-64.png using Guid(fff9156ffd100964ca16783768b20b06) Importer(2089858483,b0f066a214c2f5e87bad3c948f4d605d) (ScriptedImporter) -> (artifact id: '058f319bec7e8102bf4478aa73638640') in 0.0454432 seconds
Number of updated asset objects reloaded before import = 0Number of asset objects unloaded after import = 3

========================================================================
Received Import Request.
  Time since last request: 0.000029 seconds.
  path: Assets/Space Exploration/Picto_Icons/Dark_Purple/astronaut-32.png
  artifactKey: Guid(82d72013693bed94bb114f263673f34e) Importer(2089858483,b0f066a214c2f5e87bad3c948f4d605d)
Start importing Assets/Space Exploration/Picto_Icons/Dark_Purple/astronaut-32.png using Guid(82d72013693bed94bb114f263673f34e) Importer(2089858483,b0f066a214c2f5e87bad3c948f4d605d) (ScriptedImporter) -> (artifact id: '7c8e993a49f39405bb456d7c91d914db') in 0.0961759 seconds
Number of updated asset objects reloaded before import = 0Number of asset objects unloaded after import = 3

========================================================================
Received Import Request.
  Time since last request: 0.000040 seconds.
  path: Assets/Space Exploration/Prefabs/UI_Elements/Large/Currency Bars/Diamond_Amount_Large.prefab
  artifactKey: Guid(04d1db21e74eca5418ff1cab0d066a37) Importer(2089858483,b0f066a214c2f5e87bad3c948f4d605d)
Start importing Assets/Space Exploration/Prefabs/UI_Elements/Large/Currency Bars/Diamond_Amount_Large.prefab using Guid(04d1db21e74eca5418ff1cab0d066a37) Importer(2089858483,b0f066a214c2f5e87bad3c948f4d605d) (ScriptedImporter) -> (artifact id: '705f93c43fb9b82e33f7a3432f933bdf') in 0.0653392 seconds
Number of updated asset objects reloaded before import = 0Number of asset objects unloaded after import = 27

========================================================================
Received Import Request.
  Time since last request: 0.000029 seconds.
  path: Assets/Space Exploration/Picto_Icons/White/mushroom-256.png
  artifactKey: Guid(47557057eb35a934a99eb1aa91ff5188) Importer(2089858483,b0f066a214c2f5e87bad3c948f4d605d)
Start importing Assets/Space Exploration/Picto_Icons/White/mushroom-256.png using Guid(47557057eb35a934a99eb1aa91ff5188) Importer(2089858483,b0f066a214c2f5e87bad3c948f4d605d) (ScriptedImporter) -> (artifact id: '9af489cf6ef31bb80a19b9babce2556d') in 0.1026785 seconds
Number of updated asset objects reloaded before import = 0Number of asset objects unloaded after import = 3

========================================================================
Received Import Request.
  Time since last request: 0.000118 seconds.
  path: Assets/Stylized Astronaut/Character/Materials/White_Mat.mat
  artifactKey: Guid(06eb4e637b7ef614e9265f48c542664b) Importer(2089858483,b0f066a214c2f5e87bad3c948f4d605d)
Start importing Assets/Stylized Astronaut/Character/Materials/White_Mat.mat using Guid(06eb4e637b7ef614e9265f48c542664b) Importer(2089858483,b0f066a214c2f5e87bad3c948f4d605d) (ScriptedImporter) -> (artifact id: '530be3f787cb7fae81bb45111b491acc') in 0.029839 seconds
Number of updated asset objects reloaded before import = 0Number of asset objects unloaded after import = 1

========================================================================
Received Import Request.
  Time since last request: 0.000043 seconds.
  path: Assets/Space Exploration/Picto_Icons/Dark_Purple/check-256.png
  artifactKey: Guid(0da45e274e083a443a2076a92392696e) Importer(2089858483,b0f066a214c2f5e87bad3c948f4d605d)
Start importing Assets/Space Exploration/Picto_Icons/Dark_Purple/check-256.png using Guid(0da45e274e083a443a2076a92392696e) Importer(2089858483,b0f066a214c2f5e87bad3c948f4d605d) (ScriptedImporter) -> (artifact id: 'b3253b62ae45bd475461d8a9dd7f5ce9') in 0.0357814 seconds
Number of updated asset objects reloaded before import = 0Number of asset objects unloaded after import = 3

========================================================================
Received Import Request.
  Time since last request: 0.000041 seconds.
  path: Assets/Space Exploration/Picto_Icons/Dark_Purple/menu-64.png
  artifactKey: Guid(46867b5d2f5d1e3449724e089f9bc2cd) Importer(2089858483,b0f066a214c2f5e87bad3c948f4d605d)
Start importing Assets/Space Exploration/Picto_Icons/Dark_Purple/menu-64.png using Guid(46867b5d2f5d1e3449724e089f9bc2cd) Importer(2089858483,b0f066a214c2f5e87bad3c948f4d605d) (ScriptedImporter) -> (artifact id: '4ac3a02af4a48e69bc077092a39dac75') in 0.0702691 seconds
Number of updated asset objects reloaded before import = 0Number of asset objects unloaded after import = 3

========================================================================
Received Import Request.
  Time since last request: 0.000030 seconds.
  path: Assets/Space Exploration/Button_Images/Pressed_Sprites/Extra_Large/large-blue-pressed-extra-large.png
  artifactKey: Guid(ad99aa66f20315f4d96959130e52f601) Importer(2089858483,b0f066a214c2f5e87bad3c948f4d605d)
Start importing Assets/Space Exploration/Button_Images/Pressed_Sprites/Extra_Large/large-blue-pressed-extra-large.png using Guid(ad99aa66f20315f4d96959130e52f601) Importer(2089858483,b0f066a214c2f5e87bad3c948f4d605d) (ScriptedImporter) -> (artifact id: 'abe384fe8b1bec30e9a5f1042b1985c1') in 0.0635631 seconds
Number of updated asset objects reloaded before import = 0Number of asset objects unloaded after import = 3

========================================================================
Received Import Request.
  Time since last request: 0.000047 seconds.
  path: Assets/Space Exploration/Picto_Icons/Light_Purple/+-128.png
  artifactKey: Guid(c003ea244be706b4cbb7c502fbc408dd) Importer(2089858483,b0f066a214c2f5e87bad3c948f4d605d)
Start importing Assets/Space Exploration/Picto_Icons/Light_Purple/+-128.png using Guid(c003ea244be706b4cbb7c502fbc408dd) Importer(2089858483,b0f066a214c2f5e87bad3c948f4d605d) (ScriptedImporter) -> (artifact id: 'a8c57e03084867fc384760635ff5d6b2') in 0.0350758 seconds
Number of updated asset objects reloaded before import = 0Number of asset objects unloaded after import = 3

========================================================================
Received Import Request.
  Time since last request: 0.000023 seconds.
  path: Assets/Space Exploration/Rank_System_Components/Large/ranking-4+-large.png
  artifactKey: Guid(8b88dc7eb7201d34bbde7470741f7207) Importer(2089858483,b0f066a214c2f5e87bad3c948f4d605d)
Start importing Assets/Space Exploration/Rank_System_Components/Large/ranking-4+-large.png using Guid(8b88dc7eb7201d34bbde7470741f7207) Importer(2089858483,b0f066a214c2f5e87bad3c948f4d605d) (ScriptedImporter) -> (artifact id: 'dcf5ba3ee24b47a6dcafbfa1143c595e') in 0.0379902 seconds
Number of updated asset objects reloaded before import = 0Number of asset objects unloaded after import = 3

========================================================================
Received Import Request.
  Time since last request: 0.000030 seconds.
  path: Assets/Space Exploration/Button_Images/Highlighted_Sprite/extra large/large-yellow-highlight-extra-large.png
  artifactKey: Guid(25c398e85c65b794ea3bd96b3f14fd61) Importer(2089858483,b0f066a214c2f5e87bad3c948f4d605d)
Start importing Assets/Space Exploration/Button_Images/Highlighted_Sprite/extra large/large-yellow-highlight-extra-large.png using Guid(25c398e85c65b794ea3bd96b3f14fd61) Importer(2089858483,b0f066a214c2f5e87bad3c948f4d605d) (ScriptedImporter) -> (artifact id: '92a501f255f717a1ca6c0b0009fe43df') in 0.0265345 seconds
Number of updated asset objects reloaded before import = 0Number of asset objects unloaded after import = 3

========================================================================
Received Import Request.
  Time since last request: 0.018882 seconds.
  path: Assets/Photon/PhotonUnityNetworking/Demos/DemoSlotRacer/Scripts/BezierCurve
  artifactKey: Guid(459d76155d5c0d94ea6ece7fac829714) Importer(2089858483,b0f066a214c2f5e87bad3c948f4d605d)
Start importing Assets/Photon/PhotonUnityNetworking/Demos/DemoSlotRacer/Scripts/BezierCurve using Guid(459d76155d5c0d94ea6ece7fac829714) Importer(2089858483,b0f066a214c2f5e87bad3c948f4d605d) (ScriptedImporter) -> (artifact id: 'df55e1516c6186ab179f1bf4bd8a3764') in 0.045285 seconds
Number of updated asset objects reloaded before import = 0Number of asset objects unloaded after import = 1

========================================================================
Received Import Request.
  Time since last request: 0.000028 seconds.
  path: Assets/Space Exploration/Picto_Icons/Light_Purple/key-64.png
  artifactKey: Guid(2766ff9d34505ec45a6875ffbfb94aa9) Importer(2089858483,b0f066a214c2f5e87bad3c948f4d605d)
Start importing Assets/Space Exploration/Picto_Icons/Light_Purple/key-64.png using Guid(2766ff9d34505ec45a6875ffbfb94aa9) Importer(2089858483,b0f066a214c2f5e87bad3c948f4d605d) (ScriptedImporter) -> (artifact id: '7255ed8d8c16ae1eaa1e7e2c9d36464b') in 0.0968719 seconds
Number of updated asset objects reloaded before import = 0Number of asset objects unloaded after import = 3

========================================================================
Received Import Request.
  Time since last request: 0.000039 seconds.
  path: Assets/Space Exploration/Button_Images/Pressed_Sprites/Extra_Large/large-purple-pressed-extra-large.png
  artifactKey: Guid(267ff74688f889c46abe179fa462e661) Importer(2089858483,b0f066a214c2f5e87bad3c948f4d605d)
Start importing Assets/Space Exploration/Button_Images/Pressed_Sprites/Extra_Large/large-purple-pressed-extra-large.png using Guid(267ff74688f889c46abe179fa462e661) Importer(2089858483,b0f066a214c2f5e87bad3c948f4d605d) (ScriptedImporter) -> (artifact id: 'ebbeb0f273f123e904d81f43c447777c') in 0.0610247 seconds
Number of updated asset objects reloaded before import = 0Number of asset objects unloaded after import = 3

========================================================================
Received Import Request.
  Time since last request: 0.000032 seconds.
  path: Assets/Space Exploration/Grid_Components/Small/level-container-small.png
  artifactKey: Guid(9530a54eb79c7df4da9a683742f731cf) Importer(2089858483,b0f066a214c2f5e87bad3c948f4d605d)
Start importing Assets/Space Exploration/Grid_Components/Small/level-container-small.png using Guid(9530a54eb79c7df4da9a683742f731cf) Importer(2089858483,b0f066a214c2f5e87bad3c948f4d605d) (ScriptedImporter) -> (artifact id: 'adea2a410f0879232ec89555f1969042') in 0.1437037 seconds
Number of updated asset objects reloaded before import = 0Number of asset objects unloaded after import = 3

========================================================================
Received Import Request.
  Time since last request: 0.000041 seconds.
  path: Assets/Space Exploration/Picto_Icons/Light_Purple/fast-forward-64.png
  artifactKey: Guid(a190c9bc77d2fd64780c3cabb29cab43) Importer(2089858483,b0f066a214c2f5e87bad3c948f4d605d)
Start importing Assets/Space Exploration/Picto_Icons/Light_Purple/fast-forward-64.png using Guid(a190c9bc77d2fd64780c3cabb29cab43) Importer(2089858483,b0f066a214c2f5e87bad3c948f4d605d) (ScriptedImporter) -> (artifact id: '57b264a218bcd56c1e92b72d137d3480') in 0.1092113 seconds
Number of updated asset objects reloaded before import = 0Number of asset objects unloaded after import = 3

========================================================================
Received Import Request.
  Time since last request: 0.000034 seconds.
  path: Assets/Space Exploration/Picto_Icons/Light_Purple/crescent-moon-128.png
  artifactKey: Guid(3569a3fabffdb074fb81e245dedaa0fa) Importer(2089858483,b0f066a214c2f5e87bad3c948f4d605d)
Start importing Assets/Space Exploration/Picto_Icons/Light_Purple/crescent-moon-128.png using Guid(3569a3fabffdb074fb81e245dedaa0fa) Importer(2089858483,b0f066a214c2f5e87bad3c948f4d605d) (ScriptedImporter) -> (artifact id: 'a4bce840271ce296ca57ceddee601a4b') in 0.0497729 seconds
Number of updated asset objects reloaded before import = 0Number of asset objects unloaded after import = 3

========================================================================
Received Import Request.
  Time since last request: 0.000038 seconds.
  path: Assets/Space Exploration/Icons/skull-256.png
  artifactKey: Guid(970fad4ea8cafdf40b7c12a89d72f7eb) Importer(2089858483,b0f066a214c2f5e87bad3c948f4d605d)
Start importing Assets/Space Exploration/Icons/skull-256.png using Guid(970fad4ea8cafdf40b7c12a89d72f7eb) Importer(2089858483,b0f066a214c2f5e87bad3c948f4d605d) (ScriptedImporter) -> (artifact id: 'f9a8b48fba51225003dd97cb74175769') in 0.0562089 seconds
Number of updated asset objects reloaded before import = 0Number of asset objects unloaded after import = 3

========================================================================
Received Import Request.
  Time since last request: 0.000079 seconds.
  path: Assets/Space Exploration/Picto_Icons/White/zoom-out-128.png
  artifactKey: Guid(d08fe24c5f5df854fb895b597b05b07a) Importer(2089858483,b0f066a214c2f5e87bad3c948f4d605d)
Start importing Assets/Space Exploration/Picto_Icons/White/zoom-out-128.png using Guid(d08fe24c5f5df854fb895b597b05b07a) Importer(2089858483,b0f066a214c2f5e87bad3c948f4d605d) (ScriptedImporter) -> (artifact id: 'a28911e7cd734fb1bd65d202cd1851b1') in 0.0424781 seconds
Number of updated asset objects reloaded before import = 0Number of asset objects unloaded after import = 3

========================================================================
Received Import Request.
  Time since last request: 0.000042 seconds.
  path: Assets/Space Exploration/Grid_Components/Large/inventory-add-large.png
  artifactKey: Guid(70292836baa65bb4d91cf4a875c3b66a) Importer(2089858483,b0f066a214c2f5e87bad3c948f4d605d)
Start importing Assets/Space Exploration/Grid_Components/Large/inventory-add-large.png using Guid(70292836baa65bb4d91cf4a875c3b66a) Importer(2089858483,b0f066a214c2f5e87bad3c948f4d605d) (ScriptedImporter) -> (artifact id: 'ac2af81ec5c805b6ef4953af8033425d') in 0.0514607 seconds
Number of updated asset objects reloaded before import = 0Number of asset objects unloaded after import = 3

========================================================================
Received Import Request.
  Time since last request: 0.000589 seconds.
  path: Assets/Space Exploration/Shop_Assets/coins-tier-1-small.png
  artifactKey: Guid(fb25ddfe59245b0488959bca092ebbfa) Importer(2089858483,b0f066a214c2f5e87bad3c948f4d605d)
Start importing Assets/Space Exploration/Shop_Assets/coins-tier-1-small.png using Guid(fb25ddfe59245b0488959bca092ebbfa) Importer(2089858483,b0f066a214c2f5e87bad3c948f4d605d) (ScriptedImporter) -> (artifact id: '643e85712f45f6eb0b2ce512d05475d6') in 0.0609904 seconds
Number of updated asset objects reloaded before import = 0Number of asset objects unloaded after import = 4

========================================================================
Received Import Request.
  Time since last request: 0.000039 seconds.
  path: Assets/Space Exploration/Picto_Icons/Light_Purple/map-128.png
  artifactKey: Guid(a6448eb59d00b324aacb129ad35ba73b) Importer(2089858483,b0f066a214c2f5e87bad3c948f4d605d)
Start importing Assets/Space Exploration/Picto_Icons/Light_Purple/map-128.png using Guid(a6448eb59d00b324aacb129ad35ba73b) Importer(2089858483,b0f066a214c2f5e87bad3c948f4d605d) (ScriptedImporter) -> (artifact id: 'd5bac265ce4555d1aa9daa9162d9e1f9') in 0.0586457 seconds
Number of updated asset objects reloaded before import = 0Number of asset objects unloaded after import = 3

========================================================================
Received Import Request.
  Time since last request: 0.000029 seconds.
  path: Assets/Space Exploration/Settings_&_Menu_Components/Large/vertical-scroll-bar-handle-large.png
  artifactKey: Guid(5fb1f28e8fd404f429bc84e91f02dfd1) Importer(2089858483,b0f066a214c2f5e87bad3c948f4d605d)
Start importing Assets/Space Exploration/Settings_&_Menu_Components/Large/vertical-scroll-bar-handle-large.png using Guid(5fb1f28e8fd404f429bc84e91f02dfd1) Importer(2089858483,b0f066a214c2f5e87bad3c948f4d605d) (ScriptedImporter) -> (artifact id: '6e26ad7c53fe422d5478b8519cb33625') in 0.0909645 seconds
Number of updated asset objects reloaded before import = 0Number of asset objects unloaded after import = 3

========================================================================
Received Import Request.
  Time since last request: 0.000041 seconds.
  path: Assets/Space Exploration/Prefabs/Buttons_Simple/Small/Yellow
  artifactKey: Guid(5ddc27809483a204ab7604989f41d481) Importer(2089858483,b0f066a214c2f5e87bad3c948f4d605d)
Start importing Assets/Space Exploration/Prefabs/Buttons_Simple/Small/Yellow using Guid(5ddc27809483a204ab7604989f41d481) Importer(2089858483,b0f066a214c2f5e87bad3c948f4d605d) (ScriptedImporter) -> (artifact id: 'f34d43ed7808fcbfa95aa18e24b8d376') in 0.0173802 seconds
Number of updated asset objects reloaded before import = 0Number of asset objects unloaded after import = 1

========================================================================
Received Import Request.
  Time since last request: 0.000032 seconds.
  path: Assets/Photon/PhotonUnityNetworking/Demos/DemoAsteroids/Resources/SmallAsteroid.prefab
  artifactKey: Guid(18a79aea49b60d342b7a672b7a34edbe) Importer(2089858483,b0f066a214c2f5e87bad3c948f4d605d)
Start importing Assets/Photon/PhotonUnityNetworking/Demos/DemoAsteroids/Resources/SmallAsteroid.prefab using Guid(18a79aea49b60d342b7a672b7a34edbe) Importer(2089858483,b0f066a214c2f5e87bad3c948f4d605d) (ScriptedImporter) -> (artifact id: '30f73587e9530153854531ccbc827897') in 0.0632511 seconds
Number of updated asset objects reloaded before import = 0Number of asset objects unloaded after import = 13

========================================================================
Received Import Request.
  Time since last request: 0.000051 seconds.
  path: Assets/Space Exploration/Picto_Icons/Light_Purple/gun-32.png
  artifactKey: Guid(63070d66fa0d9c64b9bd9e73b38bae15) Importer(2089858483,b0f066a214c2f5e87bad3c948f4d605d)
Start importing Assets/Space Exploration/Picto_Icons/Light_Purple/gun-32.png using Guid(63070d66fa0d9c64b9bd9e73b38bae15) Importer(2089858483,b0f066a214c2f5e87bad3c948f4d605d) (ScriptedImporter) -> (artifact id: '742f09be0b7c5add8204dd4acbc2b7da') in 0.0438236 seconds
Number of updated asset objects reloaded before import = 0Number of asset objects unloaded after import = 3

========================================================================
Received Import Request.
  Time since last request: 0.000031 seconds.
  path: Assets/Space Exploration/Icons/map-128.png
  artifactKey: Guid(f0f38df3d865d6e43a732182ea92766b) Importer(2089858483,b0f066a214c2f5e87bad3c948f4d605d)
Start importing Assets/Space Exploration/Icons/map-128.png using Guid(f0f38df3d865d6e43a732182ea92766b) Importer(2089858483,b0f066a214c2f5e87bad3c948f4d605d) (ScriptedImporter) -> (artifact id: '4c797567c9a05724437fa01d2f82584f') in 0.0561655 seconds
Number of updated asset objects reloaded before import = 0Number of asset objects unloaded after import = 3

========================================================================
Received Import Request.
  Time since last request: 0.000040 seconds.
  path: Assets/Space Exploration/Picto_Icons/White/--64.png
  artifactKey: Guid(c4a56c8c3e1143b47b843f6f1facb98d) Importer(2089858483,b0f066a214c2f5e87bad3c948f4d605d)
Start importing Assets/Space Exploration/Picto_Icons/White/--64.png using Guid(c4a56c8c3e1143b47b843f6f1facb98d) Importer(2089858483,b0f066a214c2f5e87bad3c948f4d605d) (ScriptedImporter) -> (artifact id: 'e31affd6d29d3918760a9db4eeef9c40') in 0.0496383 seconds
Number of updated asset objects reloaded before import = 0Number of asset objects unloaded after import = 3

========================================================================
Received Import Request.
  Time since last request: 0.000045 seconds.
  path: Assets/Space Exploration/Picto_Icons/White/shrink-256.png
  artifactKey: Guid(e035ba3352c657140804962cb74ce915) Importer(2089858483,b0f066a214c2f5e87bad3c948f4d605d)
Start importing Assets/Space Exploration/Picto_Icons/White/shrink-256.png using Guid(e035ba3352c657140804962cb74ce915) Importer(2089858483,b0f066a214c2f5e87bad3c948f4d605d) (ScriptedImporter) -> (artifact id: '3ad69097633f7e50b335c2b77ed1d183') in 0.0556119 seconds
Number of updated asset objects reloaded before import = 0Number of asset objects unloaded after import = 3

========================================================================
Received Import Request.
  Time since last request: 0.000046 seconds.
  path: Assets/Space Exploration/Picto_Icons/White/@-128.png
  artifactKey: Guid(97e017db553a45345b6c43a475d1b015) Importer(2089858483,b0f066a214c2f5e87bad3c948f4d605d)
Start importing Assets/Space Exploration/Picto_Icons/White/@-128.png using Guid(97e017db553a45345b6c43a475d1b015) Importer(2089858483,b0f066a214c2f5e87bad3c948f4d605d) (ScriptedImporter) -> (artifact id: 'ba31751c4c6db353396b2b9075c9df45') in 0.0507418 seconds
Number of updated asset objects reloaded before import = 0Number of asset objects unloaded after import = 3

========================================================================
Received Import Request.
  Time since last request: 0.000033 seconds.
  path: Assets/Photon/PhotonUnityNetworking/Demos/DemoSlotRacer/Resources/Player Controller.prefab
  artifactKey: Guid(c9248d8e58293473bb27cf2f5505f88b) Importer(2089858483,b0f066a214c2f5e87bad3c948f4d605d)
Start importing Assets/Photon/PhotonUnityNetworking/Demos/DemoSlotRacer/Resources/Player Controller.prefab using Guid(c9248d8e58293473bb27cf2f5505f88b) Importer(2089858483,b0f066a214c2f5e87bad3c948f4d605d) (ScriptedImporter) -> (artifact id: '47b9cd621480bdcfcbcfa3de00dff5a1') in 0.0674622 seconds
Number of updated asset objects reloaded before import = 0Number of asset objects unloaded after import = 307

========================================================================
Received Import Request.
  Time since last request: 0.000039 seconds.
  path: Assets/Space Exploration/Picto_Icons/Light_Purple/trash-128.png
  artifactKey: Guid(3fd3dca535b192342b008f249742ecc9) Importer(2089858483,b0f066a214c2f5e87bad3c948f4d605d)
Start importing Assets/Space Exploration/Picto_Icons/Light_Purple/trash-128.png using Guid(3fd3dca535b192342b008f249742ecc9) Importer(2089858483,b0f066a214c2f5e87bad3c948f4d605d) (ScriptedImporter) -> (artifact id: '7bb19bcc1fea1a6b4d0ab0e307d0dff1') in 0.0574743 seconds
Number of updated asset objects reloaded before import = 0Number of asset objects unloaded after import = 3

========================================================================
Received Import Request.
  Time since last request: 0.000036 seconds.
  path: Assets/Space Exploration/Settings_&_Menu_Components/Extra Large/scroll-bar-extra-large.png
  artifactKey: Guid(72c9cb405bcca5c419b46e1793583439) Importer(2089858483,b0f066a214c2f5e87bad3c948f4d605d)
Start importing Assets/Space Exploration/Settings_&_Menu_Components/Extra Large/scroll-bar-extra-large.png using Guid(72c9cb405bcca5c419b46e1793583439) Importer(2089858483,b0f066a214c2f5e87bad3c948f4d605d) (ScriptedImporter) -> (artifact id: 'f826cbafb3fefae80cbdd6db81acd5cc') in 0.0822441 seconds
Number of updated asset objects reloaded before import = 0Number of asset objects unloaded after import = 3

========================================================================
Received Import Request.
  Time since last request: 0.000037 seconds.
  path: Assets/Space Exploration/Picto_Icons/Light_Purple/shield-64.png
  artifactKey: Guid(3cf1fa5d0dcc06b42b096ad9771a8cc6) Importer(2089858483,b0f066a214c2f5e87bad3c948f4d605d)
Start importing Assets/Space Exploration/Picto_Icons/Light_Purple/shield-64.png using Guid(3cf1fa5d0dcc06b42b096ad9771a8cc6) Importer(2089858483,b0f066a214c2f5e87bad3c948f4d605d) (ScriptedImporter) -> (artifact id: 'abb389cce0ba7ac2eb8bf5933ef23271') in 0.1005377 seconds
Number of updated asset objects reloaded before import = 0Number of asset objects unloaded after import = 3

========================================================================
Received Import Request.
  Time since last request: 0.000029 seconds.
  path: Assets/Space Exploration/Picto_Icons/White/shield-64.png
  artifactKey: Guid(c0ba0b14b1d033c41a9f47d4b5300273) Importer(2089858483,b0f066a214c2f5e87bad3c948f4d605d)
Start importing Assets/Space Exploration/Picto_Icons/White/shield-64.png using Guid(c0ba0b14b1d033c41a9f47d4b5300273) Importer(2089858483,b0f066a214c2f5e87bad3c948f4d605d) (ScriptedImporter) -> (artifact id: '1e2b883c68e0d027066b7dfa57f449c9') in 0.0402672 seconds
Number of updated asset objects reloaded before import = 0Number of asset objects unloaded after import = 3

========================================================================
Received Import Request.
  Time since last request: 0.000041 seconds.
  path: Assets/Space Exploration/Picto_Icons/Dark_Purple/caution-64.png
  artifactKey: Guid(478a91439507f354cba00b47b4e9733e) Importer(2089858483,b0f066a214c2f5e87bad3c948f4d605d)
Start importing Assets/Space Exploration/Picto_Icons/Dark_Purple/caution-64.png using Guid(478a91439507f354cba00b47b4e9733e) Importer(2089858483,b0f066a214c2f5e87bad3c948f4d605d) (ScriptedImporter) -> (artifact id: 'bff030cd17b6694d25031f8e69a8a9ae') in 0.1191656 seconds
Number of updated asset objects reloaded before import = 0Number of asset objects unloaded after import = 3

========================================================================
Received Import Request.
  Time since last request: 0.000028 seconds.
  path: Assets/Space Exploration/Picto_Icons/White/bow-256.png
  artifactKey: Guid(08d73f0e9169a444ba2a0eb797e9c519) Importer(2089858483,b0f066a214c2f5e87bad3c948f4d605d)
Start importing Assets/Space Exploration/Picto_Icons/White/bow-256.png using Guid(08d73f0e9169a444ba2a0eb797e9c519) Importer(2089858483,b0f066a214c2f5e87bad3c948f4d605d) (ScriptedImporter) -> (artifact id: '2ac118974ecfbffb97be2759df1c2b78') in 0.0511732 seconds
Number of updated asset objects reloaded before import = 0Number of asset objects unloaded after import = 3

========================================================================
Received Import Request.
  Time since last request: 0.000036 seconds.
  path: Assets/Space Exploration/Picto_Icons/Light_Purple/settings-256.png
  artifactKey: Guid(17bd55850e082c649a04556ff9f97517) Importer(2089858483,b0f066a214c2f5e87bad3c948f4d605d)
Start importing Assets/Space Exploration/Picto_Icons/Light_Purple/settings-256.png using Guid(17bd55850e082c649a04556ff9f97517) Importer(2089858483,b0f066a214c2f5e87bad3c948f4d605d) (ScriptedImporter) -> (artifact id: '1f663b84b2fd5ba2c3ba4c6019a7cf09') in 0.0941209 seconds
Number of updated asset objects reloaded before import = 0Number of asset objects unloaded after import = 3

========================================================================
Received Import Request.
  Time since last request: 0.000029 seconds.
  path: Assets/Space Exploration/Icons/exoplanet-2-512.png
  artifactKey: Guid(297ee4e3aaf33da4993d8bc4518437d9) Importer(2089858483,b0f066a214c2f5e87bad3c948f4d605d)
Start importing Assets/Space Exploration/Icons/exoplanet-2-512.png using Guid(297ee4e3aaf33da4993d8bc4518437d9) Importer(2089858483,b0f066a214c2f5e87bad3c948f4d605d) (ScriptedImporter) -> (artifact id: '14b0b656467004c9ab407c32abe4feb6') in 0.0937578 seconds
Number of updated asset objects reloaded before import = 0Number of asset objects unloaded after import = 3

========================================================================
Received Import Request.
  Time since last request: 0.000042 seconds.
  path: Assets/Space Exploration/Fonts/Font Sources/static/Asap_Condensed-ExtraBold.ttf
  artifactKey: Guid(c8e9b7b1d26f3da44bf08e0ea540fb84) Importer(2089858483,b0f066a214c2f5e87bad3c948f4d605d)
Start importing Assets/Space Exploration/Fonts/Font Sources/static/Asap_Condensed-ExtraBold.ttf using Guid(c8e9b7b1d26f3da44bf08e0ea540fb84) Importer(2089858483,b0f066a214c2f5e87bad3c948f4d605d) (ScriptedImporter) -> (artifact id: '5a80019b2f185b4a34e90721f8840d9a') in 0.0383533 seconds
Number of updated asset objects reloaded before import = 0Number of asset objects unloaded after import = 3

========================================================================
Received Import Request.
  Time since last request: 0.000028 seconds.
  path: Assets/Photon/PhotonUnityNetworking/Demos/Shared Assets/Textures/UnitTextureRed.png
  artifactKey: Guid(9349ff1a2d6d7804486fef5d7c3a67de) Importer(2089858483,b0f066a214c2f5e87bad3c948f4d605d)
Start importing Assets/Photon/PhotonUnityNetworking/Demos/Shared Assets/Textures/UnitTextureRed.png using Guid(9349ff1a2d6d7804486fef5d7c3a67de) Importer(2089858483,b0f066a214c2f5e87bad3c948f4d605d) (ScriptedImporter) -> (artifact id: '84c1afed88ec32d07c5969e6320ca04d') in 0.0482076 seconds
Number of updated asset objects reloaded before import = 0Number of asset objects unloaded after import = 1

========================================================================
Received Import Request.
  Time since last request: 0.000034 seconds.
  path: Assets/Space Exploration/Picto_Icons/Light_Purple/all-light-purple-256.png
  artifactKey: Guid(080c78023252a1049aaf6f6cb654b38c) Importer(2089858483,b0f066a214c2f5e87bad3c948f4d605d)
Start importing Assets/Space Exploration/Picto_Icons/Light_Purple/all-light-purple-256.png using Guid(080c78023252a1049aaf6f6cb654b38c) Importer(2089858483,b0f066a214c2f5e87bad3c948f4d605d) (ScriptedImporter) -> (artifact id: '9550a59aab8bf0fdf9e16c16a1ae2116') in 0.0540754 seconds
Number of updated asset objects reloaded before import = 0Number of asset objects unloaded after import = 3

========================================================================
Received Import Request.
  Time since last request: 0.000027 seconds.
  path: Assets/Space Exploration/Containers/Medium/shop-container-medium.png
  artifactKey: Guid(5ee9511f4a81cd34fb8b98f0924191d1) Importer(2089858483,b0f066a214c2f5e87bad3c948f4d605d)
Start importing Assets/Space Exploration/Containers/Medium/shop-container-medium.png using Guid(5ee9511f4a81cd34fb8b98f0924191d1) Importer(2089858483,b0f066a214c2f5e87bad3c948f4d605d) (ScriptedImporter) -> (artifact id: '85e02d9a4a8f2ce0053dfa0a0c279855') in 0.0535615 seconds
Number of updated asset objects reloaded before import = 0Number of asset objects unloaded after import = 3

========================================================================
Received Import Request.
  Time since last request: 0.000039 seconds.
  path: Assets/Space Exploration/Picto_Icons/White/telescope-128.png
  artifactKey: Guid(01960bd0658eee446860e9c275bd35d8) Importer(2089858483,b0f066a214c2f5e87bad3c948f4d605d)
Start importing Assets/Space Exploration/Picto_Icons/White/telescope-128.png using Guid(01960bd0658eee446860e9c275bd35d8) Importer(2089858483,b0f066a214c2f5e87bad3c948f4d605d) (ScriptedImporter) -> (artifact id: '5111ba5166ef0b71f2f99fc28894ef8b') in 0.0781584 seconds
Number of updated asset objects reloaded before import = 0Number of asset objects unloaded after import = 3

========================================================================
Received Import Request.
  Time since last request: 0.000036 seconds.
  path: Assets/Space Exploration/Picto_Icons/Dark_Purple/right-32.png
  artifactKey: Guid(cfb6e104254310f4cb6092c247ba1702) Importer(2089858483,b0f066a214c2f5e87bad3c948f4d605d)
Start importing Assets/Space Exploration/Picto_Icons/Dark_Purple/right-32.png using Guid(cfb6e104254310f4cb6092c247ba1702) Importer(2089858483,b0f066a214c2f5e87bad3c948f4d605d) (ScriptedImporter) -> (artifact id: 'c218fd66c31b63d726e909050160e9c8') in 0.0364206 seconds
Number of updated asset objects reloaded before import = 0Number of asset objects unloaded after import = 3

========================================================================
Received Import Request.
  Time since last request: 0.000094 seconds.
  path: Assets/Space Exploration/Prefabs/Buttons_Simple/Extra Large/Purple/Long_Purple_Extra_Large_Button.prefab
  artifactKey: Guid(61ba831a30720344a95d9c56c9c8b5ef) Importer(2089858483,b0f066a214c2f5e87bad3c948f4d605d)
Start importing Assets/Space Exploration/Prefabs/Buttons_Simple/Extra Large/Purple/Long_Purple_Extra_Large_Button.prefab using Guid(61ba831a30720344a95d9c56c9c8b5ef) Importer(2089858483,b0f066a214c2f5e87bad3c948f4d605d) (ScriptedImporter) -> (artifact id: '1da1dabb638d5b69ef13d1d8b3d0dc2b') in 0.0622528 seconds
Number of updated asset objects reloaded before import = 0Number of asset objects unloaded after import = 18

========================================================================
Received Import Request.
  Time since last request: 0.000031 seconds.
  path: Assets/Free Stylized Sci-Fi Scout Bot/Materials/Plane_M.mat
  artifactKey: Guid(86095c17a522e1744ad3d5772755017b) Importer(2089858483,b0f066a214c2f5e87bad3c948f4d605d)
Start importing Assets/Free Stylized Sci-Fi Scout Bot/Materials/Plane_M.mat using Guid(86095c17a522e1744ad3d5772755017b) Importer(2089858483,b0f066a214c2f5e87bad3c948f4d605d) (ScriptedImporter) -> (artifact id: '0d27c5f8da17978c6201c7e1551b55f5') in 0.0295648 seconds
Number of updated asset objects reloaded before import = 0Number of asset objects unloaded after import = 1

========================================================================
Received Import Request.
  Time since last request: 0.000036 seconds.
  path: Assets/Space Exploration/Icons/unlock-1-512.png
  artifactKey: Guid(a78d1085524421143960f0b137f9806a) Importer(2089858483,b0f066a214c2f5e87bad3c948f4d605d)
Start importing Assets/Space Exploration/Icons/unlock-1-512.png using Guid(a78d1085524421143960f0b137f9806a) Importer(2089858483,b0f066a214c2f5e87bad3c948f4d605d) (ScriptedImporter) -> (artifact id: '53c0d6631762b929e3014b388f8a24fa') in 0.0647069 seconds
Number of updated asset objects reloaded before import = 0Number of asset objects unloaded after import = 3

========================================================================
Received Import Request.
  Time since last request: 0.000024 seconds.
  path: Assets/Photon/PhotonUnityNetworking/UtilityScripts/PhotonPlayer/Editor/PlayerNumberingInspector.cs
  artifactKey: Guid(d6590f39353bf4efdb3b14691166135f) Importer(2089858483,b0f066a214c2f5e87bad3c948f4d605d)
Start importing Assets/Photon/PhotonUnityNetworking/UtilityScripts/PhotonPlayer/Editor/PlayerNumberingInspector.cs using Guid(d6590f39353bf4efdb3b14691166135f) Importer(2089858483,b0f066a214c2f5e87bad3c948f4d605d) (ScriptedImporter) -> (artifact id: '78504c2a70fbc710df3140cd94cad3e4') in 0.0753735 seconds
Number of updated asset objects reloaded before import = 0Number of asset objects unloaded after import = 0

========================================================================
Received Import Request.
  Time since last request: 0.000037 seconds.
  path: Assets/Space Exploration/Picto_Icons/White/wifi-64.png
  artifactKey: Guid(47979059c4a9c8043b417738706aded1) Importer(2089858483,b0f066a214c2f5e87bad3c948f4d605d)
Start importing Assets/Space Exploration/Picto_Icons/White/wifi-64.png using Guid(47979059c4a9c8043b417738706aded1) Importer(2089858483,b0f066a214c2f5e87bad3c948f4d605d) (ScriptedImporter) -> (artifact id: '29ded9f12bac26edc7e3117a5e198f03') in 0.0439216 seconds
Number of updated asset objects reloaded before import = 0Number of asset objects unloaded after import = 3

========================================================================
Received Import Request.
  Time since last request: 0.000030 seconds.
  path: Assets/Space Exploration/Icons/gold-ore-128.png
  artifactKey: Guid(5c5a33eafa2db004b85725a407684ab6) Importer(2089858483,b0f066a214c2f5e87bad3c948f4d605d)
Start importing Assets/Space Exploration/Icons/gold-ore-128.png using Guid(5c5a33eafa2db004b85725a407684ab6) Importer(2089858483,b0f066a214c2f5e87bad3c948f4d605d) (ScriptedImporter) -> (artifact id: '740459491cb32d262505f197a79422b6') in 0.093692 seconds
Number of updated asset objects reloaded before import = 0Number of asset objects unloaded after import = 3

========================================================================
Received Import Request.
  Time since last request: 0.000037 seconds.
  path: Assets/Space Exploration/Picto_Icons/Dark_Purple/flame-128.png
  artifactKey: Guid(110fe522b817cc14cbbae57dce469d0b) Importer(2089858483,b0f066a214c2f5e87bad3c948f4d605d)
Start importing Assets/Space Exploration/Picto_Icons/Dark_Purple/flame-128.png using Guid(110fe522b817cc14cbbae57dce469d0b) Importer(2089858483,b0f066a214c2f5e87bad3c948f4d605d) (ScriptedImporter) -> (artifact id: 'a8b349e3ea89d53155d5f0e0a7528885') in 0.0482571 seconds
Number of updated asset objects reloaded before import = 0Number of asset objects unloaded after import = 3

========================================================================
Received Import Request.
  Time since last request: 0.000029 seconds.
  path: Assets/Space Exploration/Picto_Icons/Light_Purple/sword-256.png
  artifactKey: Guid(2757e845f9a40a147a34317f7dc4d2a5) Importer(2089858483,b0f066a214c2f5e87bad3c948f4d605d)
Start importing Assets/Space Exploration/Picto_Icons/Light_Purple/sword-256.png using Guid(2757e845f9a40a147a34317f7dc4d2a5) Importer(2089858483,b0f066a214c2f5e87bad3c948f4d605d) (ScriptedImporter) -> (artifact id: '34547e00564967c203c0d087a3b93a84') in 0.0449633 seconds
Number of updated asset objects reloaded before import = 0Number of asset objects unloaded after import = 3

========================================================================
Received Import Request.
  Time since last request: 0.000036 seconds.
  path: Assets/Space Exploration/Picto_Icons/White/check-256.png
  artifactKey: Guid(a455e0901347f9d4783640818c1c88f3) Importer(2089858483,b0f066a214c2f5e87bad3c948f4d605d)
Start importing Assets/Space Exploration/Picto_Icons/White/check-256.png using Guid(a455e0901347f9d4783640818c1c88f3) Importer(2089858483,b0f066a214c2f5e87bad3c948f4d605d) (ScriptedImporter) -> (artifact id: '5c23eac049d1253a4899cab230187968') in 0.2406983 seconds
Number of updated asset objects reloaded before import = 0Number of asset objects unloaded after import = 3

========================================================================
Received Import Request.
  Time since last request: 0.000022 seconds.
  path: Assets/PlayFabEditorExtensions/Editor/Scripts/Utils/PlayFabEditorPrefsSO.cs
  artifactKey: Guid(5d0199c11aa6f514784c5c69cd8378d8) Importer(2089858483,b0f066a214c2f5e87bad3c948f4d605d)
Start importing Assets/PlayFabEditorExtensions/Editor/Scripts/Utils/PlayFabEditorPrefsSO.cs using Guid(5d0199c11aa6f514784c5c69cd8378d8) Importer(2089858483,b0f066a214c2f5e87bad3c948f4d605d) (ScriptedImporter) -> (artifact id: '01a05ec3112ec0b05e8de4500be71bf7') in 0.0236646 seconds
Number of updated asset objects reloaded before import = 0Number of asset objects unloaded after import = 0

========================================================================
Received Import Request.
  Time since last request: 0.000038 seconds.
  path: Assets/Photon/PhotonUnityNetworking/Demos/PunCockpit/Scripts/ReadOnlyProperties/AppVersionProperty.cs
  artifactKey: Guid(cd20e7aa24847434aae5f175732ef601) Importer(2089858483,b0f066a214c2f5e87bad3c948f4d605d)
Start importing Assets/Photon/PhotonUnityNetworking/Demos/PunCockpit/Scripts/ReadOnlyProperties/AppVersionProperty.cs using Guid(cd20e7aa24847434aae5f175732ef601) Importer(2089858483,b0f066a214c2f5e87bad3c948f4d605d) (ScriptedImporter) -> (artifact id: '23e825ade0939001df06ad71b418cc02') in 0.0263733 seconds
Number of updated asset objects reloaded before import = 0Number of asset objects unloaded after import = 0

========================================================================
Received Import Request.
  Time since last request: 0.000028 seconds.
  path: Assets/Photon/PhotonUnityNetworking/Demos/PunCockpit/Scripts/Autonomous UI
  artifactKey: Guid(474af3605718d36449f5dbe2c9ecdb8c) Importer(2089858483,b0f066a214c2f5e87bad3c948f4d605d)
Start importing Assets/Photon/PhotonUnityNetworking/Demos/PunCockpit/Scripts/Autonomous UI using Guid(474af3605718d36449f5dbe2c9ecdb8c) Importer(2089858483,b0f066a214c2f5e87bad3c948f4d605d) (ScriptedImporter) -> (artifact id: '402a76e3f577d2cd4d7f9a3fff82b7a5') in 0.0533455 seconds
Number of updated asset objects reloaded before import = 0Number of asset objects unloaded after import = 1

========================================================================
Received Import Request.
  Time since last request: 0.000039 seconds.
  path: Assets/Space Exploration/Rank_System_Components/Small/ranking-3rd-small.png
  artifactKey: Guid(933b99ad6f74edb44ab78ad2435e485e) Importer(2089858483,b0f066a214c2f5e87bad3c948f4d605d)
Start importing Assets/Space Exploration/Rank_System_Components/Small/ranking-3rd-small.png using Guid(933b99ad6f74edb44ab78ad2435e485e) Importer(2089858483,b0f066a214c2f5e87bad3c948f4d605d) (ScriptedImporter) -> (artifact id: '759ea4bc0edc562bbe7dc5c404ee024a') in 0.0965754 seconds
Number of updated asset objects reloaded before import = 0Number of asset objects unloaded after import = 3

========================================================================
Received Import Request.
  Time since last request: 0.000027 seconds.
  path: Assets/Space Exploration/Prefabs/Buttons_Simple/Large/Pink/Short_Pink_Large_Button.prefab
  artifactKey: Guid(24cbfb7384a4da74da42c31ce4e51e47) Importer(2089858483,b0f066a214c2f5e87bad3c948f4d605d)
Start importing Assets/Space Exploration/Prefabs/Buttons_Simple/Large/Pink/Short_Pink_Large_Button.prefab using Guid(24cbfb7384a4da74da42c31ce4e51e47) Importer(2089858483,b0f066a214c2f5e87bad3c948f4d605d) (ScriptedImporter) -> (artifact id: 'cc1eefdbfcdc53e1d330c2ca594dc285') in 0.0713776 seconds
Number of updated asset objects reloaded before import = 0Number of asset objects unloaded after import = 18

========================================================================
Received Import Request.
  Time since last request: 0.000033 seconds.
  path: Assets/Photon/PhotonLibs/netstandard2.0/Photon3Unity3D.deps.json
  artifactKey: Guid(a966b98b651e18748abf2829786b5899) Importer(2089858483,b0f066a214c2f5e87bad3c948f4d605d)
Start importing Assets/Photon/PhotonLibs/netstandard2.0/Photon3Unity3D.deps.json using Guid(a966b98b651e18748abf2829786b5899) Importer(2089858483,b0f066a214c2f5e87bad3c948f4d605d) (ScriptedImporter) -> (artifact id: 'b15622ccfc0be1257a61416df2258d60') in 0.1111693 seconds
Number of updated asset objects reloaded before import = 0Number of asset objects unloaded after import = 1

========================================================================
Received Import Request.
  Time since last request: 0.000029 seconds.
  path: Assets/Space Exploration/Button_Images/Disabled_Sprites/Small/medium-disabled-small.png
  artifactKey: Guid(bb43ef4996d14ba4ea7f738b740d649e) Importer(2089858483,b0f066a214c2f5e87bad3c948f4d605d)
Start importing Assets/Space Exploration/Button_Images/Disabled_Sprites/Small/medium-disabled-small.png using Guid(bb43ef4996d14ba4ea7f738b740d649e) Importer(2089858483,b0f066a214c2f5e87bad3c948f4d605d) (ScriptedImporter) -> (artifact id: 'e9027675e89eb2e472097bfa8b9ae6d6') in 0.0566544 seconds
Number of updated asset objects reloaded before import = 0Number of asset objects unloaded after import = 3

========================================================================
Received Import Request.
  Time since last request: 0.000042 seconds.
  path: Assets/Space Exploration/Picto_Icons/Light_Purple/redo-256.png
  artifactKey: Guid(2a103480e6032824086cf76f822573a3) Importer(2089858483,b0f066a214c2f5e87bad3c948f4d605d)
Start importing Assets/Space Exploration/Picto_Icons/Light_Purple/redo-256.png using Guid(2a103480e6032824086cf76f822573a3) Importer(2089858483,b0f066a214c2f5e87bad3c948f4d605d) (ScriptedImporter) -> (artifact id: '9d0eb78519b0c81b0830fbeae66e8a71') in 0.1013639 seconds
Number of updated asset objects reloaded before import = 0Number of asset objects unloaded after import = 3

========================================================================
Received Import Request.
  Time since last request: 0.000054 seconds.
  path: Assets/Space Exploration/Picto_Icons/Light_Purple/expand-128.png
  artifactKey: Guid(d0c1888724a394946bf8f133d3dcd166) Importer(2089858483,b0f066a214c2f5e87bad3c948f4d605d)
Start importing Assets/Space Exploration/Picto_Icons/Light_Purple/expand-128.png using Guid(d0c1888724a394946bf8f133d3dcd166) Importer(2089858483,b0f066a214c2f5e87bad3c948f4d605d) (ScriptedImporter) -> (artifact id: '9a1edf8919e134c7655b29fab4271097') in 0.057821 seconds
Number of updated asset objects reloaded before import = 0Number of asset objects unloaded after import = 3

========================================================================
Received Import Request.
  Time since last request: 0.000037 seconds.
  path: Assets/Space Exploration/Shop_Assets/coins-tier-2-small.png
  artifactKey: Guid(6f0eb4d23ae1ed446b4c8105137c281a) Importer(2089858483,b0f066a214c2f5e87bad3c948f4d605d)
Start importing Assets/Space Exploration/Shop_Assets/coins-tier-2-small.png using Guid(6f0eb4d23ae1ed446b4c8105137c281a) Importer(2089858483,b0f066a214c2f5e87bad3c948f4d605d) (ScriptedImporter) -> (artifact id: '8fe7f0de46f741b09edcaca6d81670a3') in 0.0974081 seconds
Number of updated asset objects reloaded before import = 0Number of asset objects unloaded after import = 3

========================================================================
Received Import Request.
  Time since last request: 0.000030 seconds.
  path: Assets/Space Exploration/Button_Images/Source_Image_Sprites/medium
  artifactKey: Guid(d98da46e44c47a443b09ebef9f24131d) Importer(2089858483,b0f066a214c2f5e87bad3c948f4d605d)
Start importing Assets/Space Exploration/Button_Images/Source_Image_Sprites/medium using Guid(d98da46e44c47a443b09ebef9f24131d) Importer(2089858483,b0f066a214c2f5e87bad3c948f4d605d) (ScriptedImporter) -> (artifact id: 'dd592ae7df97847036a614fcb8ca9d73') in 0.0248252 seconds
Number of updated asset objects reloaded before import = 0Number of asset objects unloaded after import = 1

========================================================================
Received Import Request.
  Time since last request: 0.000037 seconds.
  path: Assets/Photon/PhotonUnityNetworking/Demos/PunCockpit/Scripts/ReadOnlyProperties/IsConnectedAndReadyProperty.cs
  artifactKey: Guid(17aa2c6db1ece46789212ad7c5e21509) Importer(2089858483,b0f066a214c2f5e87bad3c948f4d605d)
Start importing Assets/Photon/PhotonUnityNetworking/Demos/PunCockpit/Scripts/ReadOnlyProperties/IsConnectedAndReadyProperty.cs using Guid(17aa2c6db1ece46789212ad7c5e21509) Importer(2089858483,b0f066a214c2f5e87bad3c948f4d605d) (ScriptedImporter) -> (artifact id: '312df810b7074b685bec1739b8bbbee3') in 0.0536489 seconds
Number of updated asset objects reloaded before import = 0Number of asset objects unloaded after import = 0

========================================================================
Received Import Request.
  Time since last request: 0.000031 seconds.
  path: Assets/Space Exploration/Picto_Icons/Light_Purple/star-32.png
  artifactKey: Guid(993504197c58cdf4f88c5b69bdf44737) Importer(2089858483,b0f066a214c2f5e87bad3c948f4d605d)
Start importing Assets/Space Exploration/Picto_Icons/Light_Purple/star-32.png using Guid(993504197c58cdf4f88c5b69bdf44737) Importer(2089858483,b0f066a214c2f5e87bad3c948f4d605d) (ScriptedImporter) -> (artifact id: 'f2dbfe8489a1e45ea38bb108956183ed') in 0.0475776 seconds
Number of updated asset objects reloaded before import = 0Number of asset objects unloaded after import = 3

========================================================================
Received Import Request.
  Time since last request: 0.000042 seconds.
  path: Assets/Space Exploration/Picto_Icons/Dark_Purple/star-32.png
  artifactKey: Guid(a3fe0ec7e65c2bc43a6e5470f89fcf89) Importer(2089858483,b0f066a214c2f5e87bad3c948f4d605d)
Start importing Assets/Space Exploration/Picto_Icons/Dark_Purple/star-32.png using Guid(a3fe0ec7e65c2bc43a6e5470f89fcf89) Importer(2089858483,b0f066a214c2f5e87bad3c948f4d605d) (ScriptedImporter) -> (artifact id: 'ed4eeee173b3631d796ef3b9fee75ab0') in 0.0679076 seconds
Number of updated asset objects reloaded before import = 0Number of asset objects unloaded after import = 3

========================================================================
Received Import Request.
  Time since last request: 0.000030 seconds.
  path: Assets/PlayFabSDK/Profiles/PlayFabEvents.cs
  artifactKey: Guid(108a292bd382f6c4a88576ed2173cb93) Importer(2089858483,b0f066a214c2f5e87bad3c948f4d605d)
Start importing Assets/PlayFabSDK/Profiles/PlayFabEvents.cs using Guid(108a292bd382f6c4a88576ed2173cb93) Importer(2089858483,b0f066a214c2f5e87bad3c948f4d605d) (ScriptedImporter) -> (artifact id: 'aaf9b41b35e8cb012ed07e69da0ca65c') in 0.0287024 seconds
Number of updated asset objects reloaded before import = 0Number of asset objects unloaded after import = 0

========================================================================
Received Import Request.
  Time since last request: 0.000070 seconds.
  path: Assets/Space Exploration/Icons/telescope-128.png
  artifactKey: Guid(85eecb0f489b2f24c95c9d7014c4e817) Importer(2089858483,b0f066a214c2f5e87bad3c948f4d605d)
Start importing Assets/Space Exploration/Icons/telescope-128.png using Guid(85eecb0f489b2f24c95c9d7014c4e817) Importer(2089858483,b0f066a214c2f5e87bad3c948f4d605d) (ScriptedImporter) -> (artifact id: '035f2b755b998684ee5de91c564daef3') in 0.0853136 seconds
Number of updated asset objects reloaded before import = 0Number of asset objects unloaded after import = 3

========================================================================
Received Import Request.
  Time since last request: 0.000027 seconds.
  path: Assets/Space Exploration/Prefabs/Buttons_Simple/Large/Blue/Large_Blue_Large_Button.prefab
  artifactKey: Guid(8121001839ca3864eac2a811a3a1ed53) Importer(2089858483,b0f066a214c2f5e87bad3c948f4d605d)
Start importing Assets/Space Exploration/Prefabs/Buttons_Simple/Large/Blue/Large_Blue_Large_Button.prefab using Guid(8121001839ca3864eac2a811a3a1ed53) Importer(2089858483,b0f066a214c2f5e87bad3c948f4d605d) (ScriptedImporter) -> (artifact id: 'd03d5ee7964abef0e9c2b68304bfcbf4') in 0.1160788 seconds
Number of updated asset objects reloaded before import = 0Number of asset objects unloaded after import = 18

========================================================================
Received Import Request.
  Time since last request: 0.000041 seconds.
  path: Assets/Photon/PhotonUnityNetworking/Demos/DemoProcedural/Scripts/Noise.cs
  artifactKey: Guid(980b260de9546514d80e3d867a591802) Importer(2089858483,b0f066a214c2f5e87bad3c948f4d605d)
Start importing Assets/Photon/PhotonUnityNetworking/Demos/DemoProcedural/Scripts/Noise.cs using Guid(980b260de9546514d80e3d867a591802) Importer(2089858483,b0f066a214c2f5e87bad3c948f4d605d) (ScriptedImporter) -> (artifact id: '63c8d7afa54957d4036d5d82ac53cfc0') in 0.0230216 seconds
Number of updated asset objects reloaded before import = 0Number of asset objects unloaded after import = 0

========================================================================
Received Import Request.
  Time since last request: 0.000029 seconds.
  path: Assets/PlayFabSDK/Shared/Public/PlayFabDataGatherer.cs
  artifactKey: Guid(9021fc3e0230b9a4db0f0e1b104b764b) Importer(2089858483,b0f066a214c2f5e87bad3c948f4d605d)
Start importing Assets/PlayFabSDK/Shared/Public/PlayFabDataGatherer.cs using Guid(9021fc3e0230b9a4db0f0e1b104b764b) Importer(2089858483,b0f066a214c2f5e87bad3c948f4d605d) (ScriptedImporter) -> (artifact id: '95ca256ace914b7eaa956f2cbeb8db6c') in 0.0469268 seconds
Number of updated asset objects reloaded before import = 0Number of asset objects unloaded after import = 0

========================================================================
Received Import Request.
  Time since last request: 0.000040 seconds.
  path: Assets/Space Exploration/Grid_Components/Small/item-info-picto-icon-container-small.png
  artifactKey: Guid(c64b0343b59108f4ba0e1c3a0612c75c) Importer(2089858483,b0f066a214c2f5e87bad3c948f4d605d)
Start importing Assets/Space Exploration/Grid_Components/Small/item-info-picto-icon-container-small.png using Guid(c64b0343b59108f4ba0e1c3a0612c75c) Importer(2089858483,b0f066a214c2f5e87bad3c948f4d605d) (ScriptedImporter) -> (artifact id: '222abba1989bff7576bca928a108d75e') in 0.0476642 seconds
Number of updated asset objects reloaded before import = 0Number of asset objects unloaded after import = 3

========================================================================
Received Import Request.
  Time since last request: 0.000036 seconds.
  path: Assets/Space Exploration/Containers/Small/loot-container-small.png
  artifactKey: Guid(5832567b44da5734097de8e7b67d39a6) Importer(2089858483,b0f066a214c2f5e87bad3c948f4d605d)
Start importing Assets/Space Exploration/Containers/Small/loot-container-small.png using Guid(5832567b44da5734097de8e7b67d39a6) Importer(2089858483,b0f066a214c2f5e87bad3c948f4d605d) (ScriptedImporter) -> (artifact id: 'ef4b660120cc177e9177aca1fd24dc49') in 0.1007314 seconds
Number of updated asset objects reloaded before import = 0Number of asset objects unloaded after import = 3

========================================================================
Received Import Request.
  Time since last request: 0.000039 seconds.
  path: Assets/Space Exploration/Prefabs/Buttons_Simple/Medium/Purple/Square_Purple_Medium_Button.prefab
  artifactKey: Guid(88206ad6e79c7a84ab789cb53f80c07e) Importer(2089858483,b0f066a214c2f5e87bad3c948f4d605d)
Start importing Assets/Space Exploration/Prefabs/Buttons_Simple/Medium/Purple/Square_Purple_Medium_Button.prefab using Guid(88206ad6e79c7a84ab789cb53f80c07e) Importer(2089858483,b0f066a214c2f5e87bad3c948f4d605d) (ScriptedImporter) -> (artifact id: '5d82caa3f3d8666580e1f419f5dec33c') in 0.1222401 seconds
Number of updated asset objects reloaded before import = 0Number of asset objects unloaded after import = 18

========================================================================
Received Import Request.
  Time since last request: 0.000031 seconds.
  path: Assets/Space Exploration/Picto_Icons/Light_Purple/zoom-in-256.png
  artifactKey: Guid(bf060a4264f2a42418abaa3416a9a030) Importer(2089858483,b0f066a214c2f5e87bad3c948f4d605d)
Start importing Assets/Space Exploration/Picto_Icons/Light_Purple/zoom-in-256.png using Guid(bf060a4264f2a42418abaa3416a9a030) Importer(2089858483,b0f066a214c2f5e87bad3c948f4d605d) (ScriptedImporter) -> (artifact id: '7b619804073ced8e43eb1cb938b01da4') in 0.078337 seconds
Number of updated asset objects reloaded before import = 0Number of asset objects unloaded after import = 3

========================================================================
Received Import Request.
  Time since last request: 0.000037 seconds.
  path: Assets/Space Exploration/Picto_Icons/Dark_Purple/no-wifi-256.png
  artifactKey: Guid(36368624c74c09648abae0efa1868ccc) Importer(2089858483,b0f066a214c2f5e87bad3c948f4d605d)
Start importing Assets/Space Exploration/Picto_Icons/Dark_Purple/no-wifi-256.png using Guid(36368624c74c09648abae0efa1868ccc) Importer(2089858483,b0f066a214c2f5e87bad3c948f4d605d) (ScriptedImporter) -> (artifact id: '244933469d66a32c61cb0ff697874038') in 0.0386018 seconds
Number of updated asset objects reloaded before import = 0Number of asset objects unloaded after import = 3

========================================================================
Received Import Request.
  Time since last request: 0.000026 seconds.
  path: Assets/Space Exploration/Prefabs/Buttons_Simple/Large
  artifactKey: Guid(12a743b5f689e7941b8ce45c3ba0cb69) Importer(2089858483,b0f066a214c2f5e87bad3c948f4d605d)
Start importing Assets/Space Exploration/Prefabs/Buttons_Simple/Large using Guid(12a743b5f689e7941b8ce45c3ba0cb69) Importer(2089858483,b0f066a214c2f5e87bad3c948f4d605d) (ScriptedImporter) -> (artifact id: 'aaeeccd07841396a8121fbfe7bc62eec') in 0.0277836 seconds
Number of updated asset objects reloaded before import = 0Number of asset objects unloaded after import = 1

========================================================================
Received Import Request.
  Time since last request: 0.000038 seconds.
  path: Assets/Space Exploration/Picto_Icons/Dark_Purple/alien-64.png
  artifactKey: Guid(0084c83640d30f44e9dbcd41d06096ee) Importer(2089858483,b0f066a214c2f5e87bad3c948f4d605d)
Start importing Assets/Space Exploration/Picto_Icons/Dark_Purple/alien-64.png using Guid(0084c83640d30f44e9dbcd41d06096ee) Importer(2089858483,b0f066a214c2f5e87bad3c948f4d605d) (ScriptedImporter) -> (artifact id: 'a4f87e1f07edbd8c3c2c7f6d81130e7a') in 0.0930253 seconds
Number of updated asset objects reloaded before import = 0Number of asset objects unloaded after import = 3

========================================================================
Received Import Request.
  Time since last request: 0.000037 seconds.
  path: Assets/Space Exploration/Button_Images/Pressed_Sprites/Large/large-blue-sparkle-pressed-large.png
  artifactKey: Guid(64fee904ce2d7974e898def007b2f58d) Importer(2089858483,b0f066a214c2f5e87bad3c948f4d605d)
Start importing Assets/Space Exploration/Button_Images/Pressed_Sprites/Large/large-blue-sparkle-pressed-large.png using Guid(64fee904ce2d7974e898def007b2f58d) Importer(2089858483,b0f066a214c2f5e87bad3c948f4d605d) (ScriptedImporter) -> (artifact id: '298ec93cc08b9e4f7f149a918a1ad7d8') in 0.1309804 seconds
Number of updated asset objects reloaded before import = 0Number of asset objects unloaded after import = 3

========================================================================
Received Import Request.
  Time since last request: 0.000027 seconds.
  path: Assets/Space Exploration/Picto_Icons/Dark_Purple/shrink-256.png
  artifactKey: Guid(087e6da8348959a46b391f272557216a) Importer(2089858483,b0f066a214c2f5e87bad3c948f4d605d)
Start importing Assets/Space Exploration/Picto_Icons/Dark_Purple/shrink-256.png using Guid(087e6da8348959a46b391f272557216a) Importer(2089858483,b0f066a214c2f5e87bad3c948f4d605d) (ScriptedImporter) -> (artifact id: '8ecfcb995e6b1b28945f3cc01775f3f6') in 0.0512084 seconds
Number of updated asset objects reloaded before import = 0Number of asset objects unloaded after import = 3

========================================================================
Received Import Request.
  Time since last request: 0.000053 seconds.
  path: Assets/Space Exploration/Picto_Icons/White/page-128.png
  artifactKey: Guid(5aac5f1b5ae208e4a8408734df2a5762) Importer(2089858483,b0f066a214c2f5e87bad3c948f4d605d)
Start importing Assets/Space Exploration/Picto_Icons/White/page-128.png using Guid(5aac5f1b5ae208e4a8408734df2a5762) Importer(2089858483,b0f066a214c2f5e87bad3c948f4d605d) (ScriptedImporter) -> (artifact id: 'ee180c435abc429ef152f1352d435934') in 0.0749318 seconds
Number of updated asset objects reloaded before import = 0Number of asset objects unloaded after import = 3

========================================================================
Received Import Request.
  Time since last request: 710.924363 seconds.
  path: Assets/Resources/Error.prefab
  artifactKey: Guid(f14068aa9b1021e4a88fb7e9afd97388) Importer(815301076,1909f56bfc062723c751e8b465ee728b)
Start importing Assets/Resources/Error.prefab using Guid(f14068aa9b1021e4a88fb7e9afd97388) Importer(815301076,1909f56bfc062723c751e8b465ee728b) (PreviewImporter) -> (artifact id: '5f555d2349a05a68b461f4d648ff5f07') in 0.1342855 seconds
Number of updated asset objects reloaded before import = 0Number of asset objects unloaded after import = 48

========================================================================
Received Import Request.
  Time since last request: 0.000029 seconds.
  path: Assets/Resources/Message.prefab
  artifactKey: Guid(a537ef6f181c7bc418a6076a5192d043) Importer(815301076,1909f56bfc062723c751e8b465ee728b)
Start importing Assets/Resources/Message.prefab using Guid(a537ef6f181c7bc418a6076a5192d043) Importer(815301076,1909f56bfc062723c751e8b465ee728b) (PreviewImporter) -> (artifact id: '555a8a3d2aedf137666885ad90220574') in 0.0026216 seconds
Number of updated asset objects reloaded before import = 0Number of asset objects unloaded after import = 6

========================================================================
Received Import Request.
  Time since last request: 0.000040 seconds.
  path: Assets/Resources/Room Button.prefab
  artifactKey: Guid(eb6d165ad458e0543900fd54557224d7) Importer(815301076,1909f56bfc062723c751e8b465ee728b)
Start importing Assets/Resources/Room Button.prefab using Guid(eb6d165ad458e0543900fd54557224d7) Importer(815301076,1909f56bfc062723c751e8b465ee728b) (PreviewImporter) -> (artifact id: '3eec8c3ba2c4ec6e6b2d1eb4377cd200') in 0.0160307 seconds
Number of updated asset objects reloaded before import = 0Number of asset objects unloaded after import = 25

========================================================================
Received Import Request.
  Time since last request: 0.000031 seconds.
  path: Assets/Resources/Pause.prefab
  artifactKey: Guid(42e008f9c64af3741baae103a64bd8a7) Importer(815301076,1909f56bfc062723c751e8b465ee728b)
Start importing Assets/Resources/Pause.prefab using Guid(42e008f9c64af3741baae103a64bd8a7) Importer(815301076,1909f56bfc062723c751e8b465ee728b) (PreviewImporter) -> (artifact id: '2b46a6ce99af8adb60914b13b0213852') in 0.0201053 seconds
Number of updated asset objects reloaded before import = 0Number of asset objects unloaded after import = 45

========================================================================
Received Import Request.
  Time since last request: 0.000042 seconds.
  path: Assets/Resources/Room.prefab
  artifactKey: Guid(de415980abc98d74a88d7df18a15e716) Importer(815301076,1909f56bfc062723c751e8b465ee728b)
Start importing Assets/Resources/Room.prefab using Guid(de415980abc98d74a88d7df18a15e716) Importer(815301076,1909f56bfc062723c751e8b465ee728b) (PreviewImporter) -> (artifact id: '91e44c738cda432f170da6477c384a26') in 0.0219119 seconds
Number of updated asset objects reloaded before import = 0Number of asset objects unloaded after import = 117

========================================================================
Received Import Request.
  Time since last request: 0.000049 seconds.
  path: Assets/Resources/Robot.prefab
  artifactKey: Guid(e93e0fb6a6befec4daffc57683af7b77) Importer(815301076,1909f56bfc062723c751e8b465ee728b)
Start importing Assets/Resources/Robot.prefab using Guid(e93e0fb6a6befec4daffc57683af7b77) Importer(815301076,1909f56bfc062723c751e8b465ee728b) (PreviewImporter) -> (artifact id: '9d136b2fea8e81ea3eed87a00e863fec') in 5.0682288 seconds
Number of updated asset objects reloaded before import = 0Number of asset objects unloaded after import = 47

========================================================================
Received Import Request.
  Time since last request: 2.103222 seconds.
  path: Assets/ProjectSettings/ClusterInputManager.asset
  artifactKey: Guid(81495b9015c33d249ab6aed2cbf8d75d) Importer(815301076,1909f56bfc062723c751e8b465ee728b)
Start importing Assets/ProjectSettings/ClusterInputManager.asset using Guid(81495b9015c33d249ab6aed2cbf8d75d) Importer(815301076,1909f56bfc062723c751e8b465ee728b) (PreviewImporter) -> (artifact id: 'e4300f1cd0be464c6e7b8210c4ef128d') in 0.0013636 seconds
Number of updated asset objects reloaded before import = 0Number of asset objects unloaded after import = 0

========================================================================
Received Import Request.
  Time since last request: 0.000043 seconds.
  path: Assets/ProjectSettings/NavMeshAreas.asset
  artifactKey: Guid(126b52f1828236e468ce1f42cf8c965a) Importer(815301076,1909f56bfc062723c751e8b465ee728b)
Start importing Assets/ProjectSettings/NavMeshAreas.asset using Guid(126b52f1828236e468ce1f42cf8c965a) Importer(815301076,1909f56bfc062723c751e8b465ee728b) (PreviewImporter) -> (artifact id: '2f11d37fd7ecdd32e19f22ebe3cd18af') in 0.0022235 seconds
Number of updated asset objects reloaded before import = 0Number of asset objects unloaded after import = 0

========================================================================
Received Import Request.
  Time since last request: 0.000049 seconds.
  path: Assets/ProjectSettings/PresetManager.asset
  artifactKey: Guid(f795a7a09a186554abbe52cf740ad3de) Importer(815301076,1909f56bfc062723c751e8b465ee728b)
Start importing Assets/ProjectSettings/PresetManager.asset using Guid(f795a7a09a186554abbe52cf740ad3de) Importer(815301076,1909f56bfc062723c751e8b465ee728b) (PreviewImporter) -> (artifact id: 'df61ae595eb5b305ab4ffe44b7ff42c2') in 0.0020818 seconds
Number of updated asset objects reloaded before import = 0Number of asset objects unloaded after import = 0

========================================================================
Received Import Request.
  Time since last request: 0.000042 seconds.
  path: Assets/ProjectSettings/MemorySettings.asset
  artifactKey: Guid(562587a317d92e24a96d089233f1cccd) Importer(815301076,1909f56bfc062723c751e8b465ee728b)
Start importing Assets/ProjectSettings/MemorySettings.asset using Guid(562587a317d92e24a96d089233f1cccd) Importer(815301076,1909f56bfc062723c751e8b465ee728b) (PreviewImporter) -> (artifact id: 'd9828fdda94b054e1f1bbdedfac82a63') in 0.0013334 seconds
Number of updated asset objects reloaded before import = 0Number of asset objects unloaded after import = 0

========================================================================
Received Import Request.
  Time since last request: 0.000043 seconds.
  path: Assets/ProjectSettings/DynamicsManager.asset
  artifactKey: Guid(d46ed0e8a237faf488584ef06fb2810f) Importer(815301076,1909f56bfc062723c751e8b465ee728b)
Start importing Assets/ProjectSettings/DynamicsManager.asset using Guid(d46ed0e8a237faf488584ef06fb2810f) Importer(815301076,1909f56bfc062723c751e8b465ee728b) (PreviewImporter) -> (artifact id: '8d708592d60d7124d53810b2d2080777') in 0.0024715 seconds
Number of updated asset objects reloaded before import = 0Number of asset objects unloaded after import = 0

========================================================================
Received Import Request.
  Time since last request: 0.000050 seconds.
  path: Assets/ProjectSettings/TimeManager.asset
  artifactKey: Guid(0e669494789d8d74cb62053efba349ba) Importer(815301076,1909f56bfc062723c751e8b465ee728b)
Start importing Assets/ProjectSettings/TimeManager.asset using Guid(0e669494789d8d74cb62053efba349ba) Importer(815301076,1909f56bfc062723c751e8b465ee728b) (PreviewImporter) -> (artifact id: '6abcf3a89b749eeefec90cced0b39d39') in 0.0026655 seconds
Number of updated asset objects reloaded before import = 0Number of asset objects unloaded after import = 0

========================================================================
Received Import Request.
  Time since last request: 0.000036 seconds.
  path: Assets/ProjectSettings/ProjectSettings.asset
  artifactKey: Guid(8bdbd92020bdedd49b4ba9db9a91ab82) Importer(815301076,1909f56bfc062723c751e8b465ee728b)
Start importing Assets/ProjectSettings/ProjectSettings.asset using Guid(8bdbd92020bdedd49b4ba9db9a91ab82) Importer(815301076,1909f56bfc062723c751e8b465ee728b) (PreviewImporter) -> (artifact id: 'ed08c03557a4aff99ca90807f0d565a4') in 0.0044142 seconds
Number of updated asset objects reloaded before import = 0Number of asset objects unloaded after import = 0

========================================================================
Received Import Request.
  Time since last request: 0.000047 seconds.
  path: Assets/ProjectSettings/EditorSettings.asset
  artifactKey: Guid(ba98f8f4c6e260f4ea05d67aefe86262) Importer(815301076,1909f56bfc062723c751e8b465ee728b)
Start importing Assets/ProjectSettings/EditorSettings.asset using Guid(ba98f8f4c6e260f4ea05d67aefe86262) Importer(815301076,1909f56bfc062723c751e8b465ee728b) (PreviewImporter) -> (artifact id: '46e08d06da0e2e26ab63341dc7dc2547') in 0.0017663 seconds
Number of updated asset objects reloaded before import = 0Number of asset objects unloaded after import = 0

Editor requested this worker to shutdown with reason: Scaling down because of idle timeout
AssetImportWorker is now disconnected from the server
Process exiting
Exiting without the bug reporter. Application will terminate with return code 0