[Licensing::Module] Trying to connect to existing licensing client channel...
Built from '6000.3/staging' branch; Version is '6000.3.15f1 (c1aa84e375f6) revision 12692100'; Using compiler version '194234433'; Build Type 'Release'
OS: 'Windows 11  (10.0.26200) Core' Language: 'ko' Physical Memory: 16317 MB
BatchMode: 1, IsHumanControllingUs: 0, StartBugReporterOnCrash: 0, Is64bit: 1
System  architecture: x64
Process architecture: x64
Date: 2026-07-28T03:48:32Z
[Licensing::IpcConnector] Successfully connected to: "LicenseClient-nwond" at "2026-07-28T03:48:32.0682843Z"

COMMAND LINE ARGUMENTS:
C:\Program Files\Unity\Hub\Editor\6000.3.15f1\Editor\Unity.exe
-adb2
-batchMode
-noUpm
-name
AssetImportWorker6
-projectPath
C:/Users/nwond/OneDrive/바탕 화면/Pocket-Racer/Program
-logFile
Logs/AssetImportWorker6.log
-srvPort
61214
-licensingIpc
LicenseClient-nwond
-job-worker-count
5
-background-job-worker-count
8
-gc-helper-count
1
-name
AssetImport
Successfully changed project path to: C:/Users/nwond/OneDrive/바탕 화면/Pocket-Racer/Program
C:/Users/nwond/OneDrive/바탕 화면/Pocket-Racer/Program
[UnityMemory] Configuration Parameters - Can be set up in boot.config
    "memorysetup-temp-allocator-size-nav-mesh-worker=65536"
    "memorysetup-temp-allocator-size-audio-worker=65536"
    "memorysetup-temp-allocator-size-gfx=262144"
    "memorysetup-allocator-temp-initial-block-size-main=262144"
    "memorysetup-allocator-temp-initial-block-size-worker=262144"
    "memorysetup-temp-allocator-size-background-worker=32768"
    "memorysetup-temp-allocator-size-job-worker=262144"
    "memorysetup-temp-allocator-size-preload-manager=33554432"
    "memorysetup-temp-allocator-size-gi-baking-worker=262144"
    "memorysetup-temp-allocator-size-gi-baking-worker=262144"
    "memorysetup-temp-allocator-size-gi-baking-worker=262144"
    "memorysetup-temp-allocator-size-gi-baking-worker=262144"
    "memorysetup-temp-allocator-size-gi-baking-worker=262144"
    "memorysetup-bucket-allocator-granularity=16"
    "memorysetup-bucket-allocator-bucket-count=8"
    "memorysetup-bucket-allocator-block-size=33554432"
    "memorysetup-bucket-allocator-block-count=8"
    "memorysetup-main-allocator-block-size=16777216"
    "memorysetup-thread-allocator-block-size=16777216"
    "memorysetup-gfx-main-allocator-block-size=16777216"
    "memorysetup-gfx-thread-allocator-block-size=16777216"
    "memorysetup-cache-allocator-block-size=4194304"
    "memorysetup-typetree-allocator-block-size=2097152"
    "memorysetup-profiler-bucket-allocator-granularity=16"
    "memorysetup-profiler-bucket-allocator-bucket-count=8"
    "memorysetup-profiler-bucket-allocator-block-size=33554432"
    "memorysetup-profiler-bucket-allocator-block-count=8"
    "memorysetup-profiler-allocator-block-size=16777216"
    "memorysetup-profiler-editor-allocator-block-size=1048576"
    "memorysetup-temp-allocator-size-main=16777216"
    "memorysetup-job-temp-allocator-block-size=2097152"
    "memorysetup-job-temp-allocator-block-size-background=1048576"
    "memorysetup-job-temp-allocator-reduction-small-platforms=262144"
    "memorysetup-temp-allocator-size-cloud-worker=32768"
Player connection [25156]  Target information:

Player connection [25156]  * "[IP] 192.168.219.104 [Port] 0 [Flags] 2 [Guid] 1200294928 [EditorId] 1200294928 [Version] 1048832 [Id] WindowsEditor(7,Dinosaur) [Debug] 1 [PackageName] WindowsEditor [ProjectName] Editor" 

Player connection [25156] Host joined multi-casting on [225.0.0.222:54997]...
Player connection [25156] Host joined alternative multi-casting on [225.0.0.222:34997]...
JobSystem: Creating JobQueue using job-worker-count value 5
Input System module state changed to: Initialized.
[Physics::Module] Initialized fallback backend.
[Physics::Module] Id: 0xdecafbad
Library Redirect Path: Library/
[Physics::Module] Selected backend.
[Physics::Module] Name: PhysX
[Physics::Module] Id: 0xf2b8ea05
[Physics::Module] SDK Version: 4.1.2
[Physics::Module] Integration Version: 1.0.0
[Physics::Module] Threading Mode: Multi-Threaded
Refreshing native plugins compatible for Editor in 38.65 ms, found 4 plugins.
Preloading 0 native plugins for Editor in 0.00 ms.
Initialize engine version: 6000.3.15f1 (c1aa84e375f6)
[Subsystems] Discovering subsystems at path C:/Program Files/Unity/Hub/Editor/6000.3.15f1/Editor/Data/Resources/UnitySubsystems
[Subsystems] Discovering subsystems at path C:/Users/nwond/OneDrive/바탕 화면/Pocket-Racer/Program/Assets
GfxDevice: creating device client; kGfxThreadingModeNonThreaded
Direct3D:
    Version:  Direct3D 11.0 [level 11.1]
    Renderer: NVIDIA GeForce RTX 3060 (ID=0x2544)
    Vendor:   NVIDIA
    VRAM:     8036 MB
    Driver:   32.0.16.1074
Initialize mono
Mono path[0] = 'C:/Program Files/Unity/Hub/Editor/6000.3.15f1/Editor/Data/Managed'
Mono path[1] = 'C:/Program Files/Unity/Hub/Editor/6000.3.15f1/Editor/Data/MonoBleedingEdge/lib/mono/unityjit-win32'
Mono config path = 'C:/Program Files/Unity/Hub/Editor/6000.3.15f1/Editor/Data/MonoBleedingEdge/etc'
Using monoOptions --debugger-agent=transport=dt_socket,embedding=1,server=y,suspend=n,address=127.0.0.1:56776
Begin MonoManager ReloadAssembly
[Licensing::Client] Error: HandshakeResponse reported an error:
	ResponseCode: 505
	ResponseStatus: Unsupported protocol version '1.18.1'.
[Licensing::Module] Error: Failed to handshake to channel: "LicenseClient-nwond"
[Licensing::IpcConnector] LicenseClient-nwond channel disconnected successfully.
[Licensing::IpcConnector] Successfully connected to: "LicenseClient-nwond-6000.3.15" at "2026-07-28T03:48:36.6329333Z"
[Licensing::Client] Code 10 while verifying Licensing Client signature (process Id: 25596, path: "C:/Program Files/Unity/Hub/Editor/6000.3.15f1/Editor/Data/Resources/Licensing/Client/Unity.Licensing.Client.exe")
[Licensing::Module] LicensingClient has failed validation; ignoring
[Licensing::Client] Handshaking with LicensingClient:
  Version:                 1.18.1+9fbee8e
  Session Id:              eaa9d6aed2754b19921d019223701fe1
  Correlation Id:          068ee9ad5a76ca94e523770b0f848c72
  External correlation Id: 4657822549987692786
  Machine Id:              vzHBHqQzprq0ab1zjqc1s15jH+s=
[Licensing::Module] Successfully connected to LicensingClient on channel: "LicenseClient-nwond-6000.3.15" (connect: 0.00s, validation: 0.00s, handshake: 0.01s)
[Licensing::IpcConnector] Successfully connected to: "LicenseClient-nwond-6000.3.15-notifications" at "2026-07-28T03:48:36.650669Z"
[Licensing::Module] Licensing Background thread has ended after 4.60s
Registering precompiled unity dll's ...
Register platform support module: C:/Program Files/Unity/Hub/Editor/6000.3.15f1/Editor/Data/PlaybackEngines/WindowsStandaloneSupport/UnityEditor.WindowsStandalone.Extensions.dll
Registered in 0.406184 seconds.
- Loaded All Assemblies, in 12.322 seconds
Native extension for WindowsStandalone target not found
Package Manager log level set to [2]
[Package Manager] Failed to launch server process. Reason: Unity was launched with the -noUpm command-line argument
[Package Manager] Unable to send message (not connected to server process).
[Package Manager] Cannot connect to Unity Package Manager local server
ScheduleIndexationOnStartup MainProcess:False IndexOnStartup:True
Mono: successfully reloaded assembly
- Finished resetting the current domain, in  0.772 seconds
Domain Reload Profiling: 13076ms
	BeginReloadAssembly (11204ms)
		ExecutionOrderSort (0ms)
		DisableScriptedObjects (0ms)
		BackupInstance (0ms)
		ReleaseScriptingObjects (0ms)
		CreateAndSetChildDomain (1ms)
	RebuildCommonClasses (81ms)
	RebuildNativeTypeToScriptingClass (25ms)
	initialDomainReloadingComplete (521ms)
	LoadAllAssembliesAndSetupDomain (470ms)
		LoadAssemblies (11190ms)
		RebuildTransferFunctionScriptingTraits (0ms)
		AnalyzeDomain (463ms)
			TypeCache.Refresh (460ms)
				TypeCache.ScanAssembly (432ms)
			BuildScriptInfoCaches (0ms)
			ResolveRequiredComponents (1ms)
	FinalizeReload (774ms)
		ReleaseScriptCaches (0ms)
		RebuildScriptCaches (0ms)
		SetupLoadedEditorAssemblies (706ms)
			LogAssemblyErrors (0ms)
			InitializePlatformSupportModulesInManaged (92ms)
			SetLoadedEditorAssemblies (7ms)
			BeforeProcessingInitializeOnLoad (157ms)
			ProcessInitializeOnLoadAttributes (272ms)
			ProcessInitializeOnLoadMethodAttributes (178ms)
			AfterProcessingInitializeOnLoad (0ms)
			EditorAssembliesLoaded (0ms)
		ExecutionOrderSort2 (0ms)
		AwakeInstancesAfterBackupRestoration (0ms)
========================================================================
Worker process is ready to serve import requests
Import Worker Mode flag is 0x00
Begin MonoManager ReloadAssembly
[Licensing::Client] Successfully resolved entitlement details
[Licensing::Module] License group:
  Id: 14569174559127-UnityPersXXXX
  Product: Unity Personal
  Type: Assigned
  Expiration: Unlimited
- Loaded All Assemblies, in 20.889 seconds
Refreshing native plugins compatible for Editor in 13.79 ms, found 4 plugins.
Native extension for WindowsStandalone target not found
[Package Manager] Failed to launch server process. Reason: Unity was launched with the -noUpm command-line argument
[Package Manager] Unable to send message (not connected to server process).
[Package Manager] Cannot connect to Unity Package Manager local server
Refreshing native plugins compatible for Editor in 7.96 ms, found 4 plugins.
[Package Manager] Failed to launch server process. Reason: Unity was launched with the -noUpm command-line argument
[Package Manager] Unable to send message (not connected to server process).
[Package Manager] Cannot connect to Unity Package Manager local server
ScheduleIndexationOnStartup MainProcess:False IndexOnStartup:True
Mono: successfully reloaded assembly
- Finished resetting the current domain, in  4.202 seconds
Domain Reload Profiling: 25030ms
	BeginReloadAssembly (2927ms)
		ExecutionOrderSort (0ms)
		DisableScriptedObjects (22ms)
		BackupInstance (0ms)
		ReleaseScriptingObjects (0ms)
		CreateAndSetChildDomain (56ms)
	RebuildCommonClasses (509ms)
	RebuildNativeTypeToScriptingClass (38ms)
	initialDomainReloadingComplete (856ms)
	LoadAllAssembliesAndSetupDomain (16497ms)
		LoadAssemblies (18635ms)
		RebuildTransferFunctionScriptingTraits (0ms)
		AnalyzeDomain (593ms)
			TypeCache.Refresh (439ms)
				TypeCache.ScanAssembly (407ms)
			BuildScriptInfoCaches (127ms)
			ResolveRequiredComponents (18ms)
	FinalizeReload (4203ms)
		ReleaseScriptCaches (0ms)
		RebuildScriptCaches (0ms)
		SetupLoadedEditorAssemblies (2984ms)
			LogAssemblyErrors (0ms)
			InitializePlatformSupportModulesInManaged (3ms)
			SetLoadedEditorAssemblies (6ms)
			BeforeProcessingInitializeOnLoad (474ms)
			ProcessInitializeOnLoadAttributes (2354ms)
			ProcessInitializeOnLoadMethodAttributes (121ms)
			AfterProcessingInitializeOnLoad (25ms)
			EditorAssembliesLoaded (0ms)
		ExecutionOrderSort2 (0ms)
		AwakeInstancesAfterBackupRestoration (25ms)
Launched and connected shader compiler UnityShaderCompiler.exe after 0.03 seconds
Refreshing native plugins compatible for Editor in 20.34 ms, found 4 plugins.
Preloading 0 native plugins for Editor in 0.00 ms.
Unloading 16 Unused Serialized files (Serialized files now loaded: 0)
Unloading 6805 unused Assets / (7.2 MB). Loaded Objects now: 7607.
Memory consumption went from 158.4 MB to 151.3 MB.
Total: 61.209400 ms (FindLiveObjects: 23.888800 ms CreateObjectMapping: 19.227200 ms MarkObjects: 9.414700 ms  DeleteObjects: 8.676700 ms)

========================================================================
Received Import Request.
  Time since last request: 757848.306047 seconds.
  path: Assets/Space Exploration/Picto_Icons/White/page-32.png
  artifactKey: Guid(7d785683fc5b9384b9b1baf18127d59e) Importer(2089858483,b0f066a214c2f5e87bad3c948f4d605d)
Start importing Assets/Space Exploration/Picto_Icons/White/page-32.png using Guid(7d785683fc5b9384b9b1baf18127d59e) Importer(2089858483,b0f066a214c2f5e87bad3c948f4d605d) (ScriptedImporter) -> (artifact id: '86ea225e896b50b7d6ff93e50b9b3926') in 0.7985094 seconds
Number of updated asset objects reloaded before import = 0Number of asset objects unloaded after import = 3

========================================================================
Received Import Request.
  Time since last request: 0.000040 seconds.
  path: Assets/Space Exploration/Icons/key-1-128.png
  artifactKey: Guid(464f1e61e04999141aa4cd924e10a76f) Importer(2089858483,b0f066a214c2f5e87bad3c948f4d605d)
Start importing Assets/Space Exploration/Icons/key-1-128.png using Guid(464f1e61e04999141aa4cd924e10a76f) Importer(2089858483,b0f066a214c2f5e87bad3c948f4d605d) (ScriptedImporter) -> (artifact id: '4465fc511330552710278d1cba0b578a') in 0.0764139 seconds
Number of updated asset objects reloaded before import = 0Number of asset objects unloaded after import = 3

========================================================================
Received Import Request.
  Time since last request: 0.000040 seconds.
  path: Assets/Space Exploration/Settings_&_Menu_Components/Large/drop-down-triangle-large.png
  artifactKey: Guid(12d48a6c0f507434da8799cef602f165) Importer(2089858483,b0f066a214c2f5e87bad3c948f4d605d)
Start importing Assets/Space Exploration/Settings_&_Menu_Components/Large/drop-down-triangle-large.png using Guid(12d48a6c0f507434da8799cef602f165) Importer(2089858483,b0f066a214c2f5e87bad3c948f4d605d) (ScriptedImporter) -> (artifact id: '27e7cae7121b6bf16b383c7c6b1346e4') in 0.0576387 seconds
Number of updated asset objects reloaded before import = 0Number of asset objects unloaded after import = 3

========================================================================
Received Import Request.
  Time since last request: 0.000136 seconds.
  path: Assets/Space Exploration/Settings_&_Menu_Components/Medium/drop-down-triangle-medium.png
  artifactKey: Guid(7046cc3cd788f1b4b88fdc4e1598fc87) Importer(2089858483,b0f066a214c2f5e87bad3c948f4d605d)
Start importing Assets/Space Exploration/Settings_&_Menu_Components/Medium/drop-down-triangle-medium.png using Guid(7046cc3cd788f1b4b88fdc4e1598fc87) Importer(2089858483,b0f066a214c2f5e87bad3c948f4d605d) (ScriptedImporter) -> (artifact id: '16e9c832d2f8f73dcc6fd37cae2bb7b5') in 0.0458998 seconds
Number of updated asset objects reloaded before import = 0Number of asset objects unloaded after import = 3

========================================================================
Received Import Request.
  Time since last request: 0.000042 seconds.
  path: Assets/PlayFabSDK/Experimentation/PlayFabExperimentationAPI.cs
  artifactKey: Guid(9dbcafaa60e9f2a41930b9907fb0c133) Importer(2089858483,b0f066a214c2f5e87bad3c948f4d605d)
Start importing Assets/PlayFabSDK/Experimentation/PlayFabExperimentationAPI.cs using Guid(9dbcafaa60e9f2a41930b9907fb0c133) Importer(2089858483,b0f066a214c2f5e87bad3c948f4d605d) (ScriptedImporter) -> (artifact id: '5cf2c2e3d81cb38e5ed95127b47e380d') in 0.0213191 seconds
Number of updated asset objects reloaded before import = 0Number of asset objects unloaded after import = 0

========================================================================
Received Import Request.
  Time since last request: 0.000036 seconds.
  path: Assets/Photon/PhotonUnityNetworking/Code/Editor/PunSceneSettingsInspector.cs
  artifactKey: Guid(1ad59deacfd0848dcb64a51b0a0eb960) Importer(2089858483,b0f066a214c2f5e87bad3c948f4d605d)
Start importing Assets/Photon/PhotonUnityNetworking/Code/Editor/PunSceneSettingsInspector.cs using Guid(1ad59deacfd0848dcb64a51b0a0eb960) Importer(2089858483,b0f066a214c2f5e87bad3c948f4d605d) (ScriptedImporter) -> (artifact id: 'f01834dfe762c288b2d2c8da64dc5261') in 0.0450866 seconds
Number of updated asset objects reloaded before import = 0Number of asset objects unloaded after import = 0

========================================================================
Received Import Request.
  Time since last request: 0.000049 seconds.
  path: Assets/Space Exploration/Prefabs/UI_Elements/Medium/Slider Bars/Sound_Slider_Medium.prefab
  artifactKey: Guid(0ae4c382184d63f4da9e7396e4ebdc1b) Importer(2089858483,b0f066a214c2f5e87bad3c948f4d605d)
Start importing Assets/Space Exploration/Prefabs/UI_Elements/Medium/Slider Bars/Sound_Slider_Medium.prefab using Guid(0ae4c382184d63f4da9e7396e4ebdc1b) Importer(2089858483,b0f066a214c2f5e87bad3c948f4d605d) (ScriptedImporter) -> (artifact id: '4a5f3f941a8c949e69c7d313372e3ecf') in 0.0683111 seconds
Number of updated asset objects reloaded before import = 0Number of asset objects unloaded after import = 25

========================================================================
Received Import Request.
  Time since last request: 0.000037 seconds.
  path: Assets/Space Exploration/Prefabs/UI_Elements/Small/Slider Bars/Progress_Slider_Small.prefab
  artifactKey: Guid(f596453703a2e384ab351cb2442b475a) Importer(2089858483,b0f066a214c2f5e87bad3c948f4d605d)
Start importing Assets/Space Exploration/Prefabs/UI_Elements/Small/Slider Bars/Progress_Slider_Small.prefab using Guid(f596453703a2e384ab351cb2442b475a) Importer(2089858483,b0f066a214c2f5e87bad3c948f4d605d) (ScriptedImporter) -> (artifact id: '4c6bb7ba5ace111c9d0c2a184757e8fc') in 0.0404725 seconds
Number of updated asset objects reloaded before import = 0Number of asset objects unloaded after import = 25

========================================================================
Received Import Request.
  Time since last request: 0.000045 seconds.
  path: Assets/Photon/PhotonUnityNetworking/Code/Views/PhotonTransformViewClassic.cs
  artifactKey: Guid(8efc6b1d64977384eb3405357896c656) Importer(2089858483,b0f066a214c2f5e87bad3c948f4d605d)
Start importing Assets/Photon/PhotonUnityNetworking/Code/Views/PhotonTransformViewClassic.cs using Guid(8efc6b1d64977384eb3405357896c656) Importer(2089858483,b0f066a214c2f5e87bad3c948f4d605d) (ScriptedImporter) -> (artifact id: 'b6c35db072e1cf6337548762c53ab721') in 0.0214007 seconds
Number of updated asset objects reloaded before import = 0Number of asset objects unloaded after import = 0

========================================================================
Received Import Request.
  Time since last request: 0.000024 seconds.
  path: Assets/Space Exploration/Picto_Icons/Dark_Purple/add-256.png
  artifactKey: Guid(71b84618de36e94438ca4831315de910) Importer(2089858483,b0f066a214c2f5e87bad3c948f4d605d)
Start importing Assets/Space Exploration/Picto_Icons/Dark_Purple/add-256.png using Guid(71b84618de36e94438ca4831315de910) Importer(2089858483,b0f066a214c2f5e87bad3c948f4d605d) (ScriptedImporter) -> (artifact id: 'aec85074e5bbade66513bfcafa73c6b5') in 0.0583622 seconds
Number of updated asset objects reloaded before import = 0Number of asset objects unloaded after import = 3

========================================================================
Received Import Request.
  Time since last request: 0.000052 seconds.
  path: Assets/Photon/PhotonUnityNetworking/UtilityScripts/UI/OnPointerOverTooltip.cs
  artifactKey: Guid(ff93154db96e843fbbc5e816ec0d2b48) Importer(2089858483,b0f066a214c2f5e87bad3c948f4d605d)
Start importing Assets/Photon/PhotonUnityNetworking/UtilityScripts/UI/OnPointerOverTooltip.cs using Guid(ff93154db96e843fbbc5e816ec0d2b48) Importer(2089858483,b0f066a214c2f5e87bad3c948f4d605d) (ScriptedImporter) -> (artifact id: '402cef36149b0a0775c073391cfba20f') in 0.0219519 seconds
Number of updated asset objects reloaded before import = 0Number of asset objects unloaded after import = 0

========================================================================
Received Import Request.
  Time since last request: 0.000043 seconds.
  path: Assets/Space Exploration/Picto_Icons/Light_Purple/picture-256.png
  artifactKey: Guid(547c5f39b1cb0a24c8f328879c652305) Importer(2089858483,b0f066a214c2f5e87bad3c948f4d605d)
Start importing Assets/Space Exploration/Picto_Icons/Light_Purple/picture-256.png using Guid(547c5f39b1cb0a24c8f328879c652305) Importer(2089858483,b0f066a214c2f5e87bad3c948f4d605d) (ScriptedImporter) -> (artifact id: '75f7388704fb9bda93694b9680127e07') in 0.042835 seconds
Number of updated asset objects reloaded before import = 0Number of asset objects unloaded after import = 3

========================================================================
Received Import Request.
  Time since last request: 0.000029 seconds.
  path: Assets/Space Exploration/Picto_Icons/White/crescent-moon-256.png
  artifactKey: Guid(122be8ab3412fd04db2556efd7e93f1a) Importer(2089858483,b0f066a214c2f5e87bad3c948f4d605d)
Start importing Assets/Space Exploration/Picto_Icons/White/crescent-moon-256.png using Guid(122be8ab3412fd04db2556efd7e93f1a) Importer(2089858483,b0f066a214c2f5e87bad3c948f4d605d) (ScriptedImporter) -> (artifact id: '6b52b1561857267e8b14361f1ba0a07a') in 0.0462408 seconds
Number of updated asset objects reloaded before import = 0Number of asset objects unloaded after import = 3

========================================================================
Received Import Request.
  Time since last request: 0.000039 seconds.
  path: Assets/Photon/PhotonUnityNetworking/Demos/PunCockpit/Scripts/ReadOnlyProperties/CurrentRoomIsVisibleProperty.cs
  artifactKey: Guid(9caca36858e0a4cdb9511261f0525c72) Importer(2089858483,b0f066a214c2f5e87bad3c948f4d605d)
Start importing Assets/Photon/PhotonUnityNetworking/Demos/PunCockpit/Scripts/ReadOnlyProperties/CurrentRoomIsVisibleProperty.cs using Guid(9caca36858e0a4cdb9511261f0525c72) Importer(2089858483,b0f066a214c2f5e87bad3c948f4d605d) (ScriptedImporter) -> (artifact id: '1b2c4cc6886a9b164f202dd516175a64') in 0.0242744 seconds
Number of updated asset objects reloaded before import = 0Number of asset objects unloaded after import = 0

========================================================================
Received Import Request.
  Time since last request: 0.000035 seconds.
  path: Assets/Space Exploration/Prefabs/UI_Elements/Medium/Slider Bars/Experience_Points_Container_Medium.prefab
  artifactKey: Guid(0aa19887eea4c3842b03ecef7bb2b872) Importer(2089858483,b0f066a214c2f5e87bad3c948f4d605d)
Start importing Assets/Space Exploration/Prefabs/UI_Elements/Medium/Slider Bars/Experience_Points_Container_Medium.prefab using Guid(0aa19887eea4c3842b03ecef7bb2b872) Importer(2089858483,b0f066a214c2f5e87bad3c948f4d605d) (ScriptedImporter) -> (artifact id: 'd9e009e35ddaccf8bfb8adc34e77a06e') in 0.074611 seconds
Number of updated asset objects reloaded before import = 0Number of asset objects unloaded after import = 45

========================================================================
Received Import Request.
  Time since last request: 0.000043 seconds.
  path: Assets/Space Exploration/Fonts/Font Sources/static/Asap_Condensed-ExtraBoldItalic.ttf
  artifactKey: Guid(90ea4d5d4f433014c9281d29ea5f76d2) Importer(2089858483,b0f066a214c2f5e87bad3c948f4d605d)
Start importing Assets/Space Exploration/Fonts/Font Sources/static/Asap_Condensed-ExtraBoldItalic.ttf using Guid(90ea4d5d4f433014c9281d29ea5f76d2) Importer(2089858483,b0f066a214c2f5e87bad3c948f4d605d) (ScriptedImporter) -> (artifact id: 'fc70259fce95a7599d2d1cb3ff068f1d') in 0.0475524 seconds
Number of updated asset objects reloaded before import = 0Number of asset objects unloaded after import = 3

========================================================================
Received Import Request.
  Time since last request: 0.000027 seconds.
  path: Assets/Photon/PhotonRealtime/Code/Unity/Editor/Wizard/resources/photon-cloud-32-dark.png
  artifactKey: Guid(539ffdbefac7adf4f8fea83d804b72e8) Importer(2089858483,b0f066a214c2f5e87bad3c948f4d605d)
Start importing Assets/Photon/PhotonRealtime/Code/Unity/Editor/Wizard/resources/photon-cloud-32-dark.png using Guid(539ffdbefac7adf4f8fea83d804b72e8) Importer(2089858483,b0f066a214c2f5e87bad3c948f4d605d) (ScriptedImporter) -> (artifact id: '041b093d3e75c2ed163b7d34c59f28d2') in 0.0408779 seconds
Number of updated asset objects reloaded before import = 0Number of asset objects unloaded after import = 1

========================================================================
Received Import Request.
  Time since last request: 0.000039 seconds.
  path: Assets/PlayFabSDK/Events/PlayFabEventsAPI.cs
  artifactKey: Guid(6209aee5722aa2c46ba625e1944d6fa8) Importer(2089858483,b0f066a214c2f5e87bad3c948f4d605d)
Start importing Assets/PlayFabSDK/Events/PlayFabEventsAPI.cs using Guid(6209aee5722aa2c46ba625e1944d6fa8) Importer(2089858483,b0f066a214c2f5e87bad3c948f4d605d) (ScriptedImporter) -> (artifact id: '89b546a60854fdbe756830ba6064fb69') in 0.0176601 seconds
Number of updated asset objects reloaded before import = 0Number of asset objects unloaded after import = 0

========================================================================
Received Import Request.
  Time since last request: 0.000027 seconds.
  path: Assets/Photon/PhotonRealtime/Code/Unity/Editor/Wizard/resources/icons_welcome
  artifactKey: Guid(e5668a209dbc6e24a9fe3cc3633bd50b) Importer(2089858483,b0f066a214c2f5e87bad3c948f4d605d)
Start importing Assets/Photon/PhotonRealtime/Code/Unity/Editor/Wizard/resources/icons_welcome using Guid(e5668a209dbc6e24a9fe3cc3633bd50b) Importer(2089858483,b0f066a214c2f5e87bad3c948f4d605d) (ScriptedImporter) -> (artifact id: '90da496e5fca9a203a57c0d1c524deab') in 0.0171571 seconds
Number of updated asset objects reloaded before import = 0Number of asset objects unloaded after import = 1

========================================================================
Received Import Request.
  Time since last request: 0.000030 seconds.
  path: Assets/Space Exploration/Button_Images/Pressed_Sprites/Large/extra-long-pink-pressed-large.png
  artifactKey: Guid(591e2d119c429084eb19edb8f718d6d5) Importer(2089858483,b0f066a214c2f5e87bad3c948f4d605d)
Start importing Assets/Space Exploration/Button_Images/Pressed_Sprites/Large/extra-long-pink-pressed-large.png using Guid(591e2d119c429084eb19edb8f718d6d5) Importer(2089858483,b0f066a214c2f5e87bad3c948f4d605d) (ScriptedImporter) -> (artifact id: 'c8a0b0b3784a4d2018577a9224e7788b') in 0.0306829 seconds
Number of updated asset objects reloaded before import = 0Number of asset objects unloaded after import = 3

========================================================================
Received Import Request.
  Time since last request: 0.000044 seconds.
  path: Assets/Space Exploration/Rank_System_Components/Extra Large/ranking-2nd-extra-large.png
  artifactKey: Guid(ca5d51efb2d67cb4abfbf7838bfcd032) Importer(2089858483,b0f066a214c2f5e87bad3c948f4d605d)
Start importing Assets/Space Exploration/Rank_System_Components/Extra Large/ranking-2nd-extra-large.png using Guid(ca5d51efb2d67cb4abfbf7838bfcd032) Importer(2089858483,b0f066a214c2f5e87bad3c948f4d605d) (ScriptedImporter) -> (artifact id: '8b1a3c82aa48143787d46306e8996e2d') in 0.0397535 seconds
Number of updated asset objects reloaded before import = 0Number of asset objects unloaded after import = 3

========================================================================
Received Import Request.
  Time since last request: 0.000034 seconds.
  path: Assets/Space Exploration/Icons/uranus-128.png
  artifactKey: Guid(1428a71255530a54d8eeb0f1a4ddf9c3) Importer(2089858483,b0f066a214c2f5e87bad3c948f4d605d)
Start importing Assets/Space Exploration/Icons/uranus-128.png using Guid(1428a71255530a54d8eeb0f1a4ddf9c3) Importer(2089858483,b0f066a214c2f5e87bad3c948f4d605d) (ScriptedImporter) -> (artifact id: '7ea09e502ae3359d642499dbf655380e') in 0.0403985 seconds
Number of updated asset objects reloaded before import = 0Number of asset objects unloaded after import = 3

========================================================================
Received Import Request.
  Time since last request: 0.000029 seconds.
  path: Assets/Space Exploration/Settings_&_Menu_Components/Small/on-selected-small.png
  artifactKey: Guid(b6f9d71e1fbfd044c95265b396ca6577) Importer(2089858483,b0f066a214c2f5e87bad3c948f4d605d)
Start importing Assets/Space Exploration/Settings_&_Menu_Components/Small/on-selected-small.png using Guid(b6f9d71e1fbfd044c95265b396ca6577) Importer(2089858483,b0f066a214c2f5e87bad3c948f4d605d) (ScriptedImporter) -> (artifact id: '3c8c26ecf0db2e5f2599bdf7e861ac08') in 0.0250947 seconds
Number of updated asset objects reloaded before import = 0Number of asset objects unloaded after import = 3

========================================================================
Received Import Request.
  Time since last request: 0.000043 seconds.
  path: Assets/Space Exploration/Picto_Icons/Dark_Purple/location-64.png
  artifactKey: Guid(a26cb985c22150349af7f27ebbb1c078) Importer(2089858483,b0f066a214c2f5e87bad3c948f4d605d)
Start importing Assets/Space Exploration/Picto_Icons/Dark_Purple/location-64.png using Guid(a26cb985c22150349af7f27ebbb1c078) Importer(2089858483,b0f066a214c2f5e87bad3c948f4d605d) (ScriptedImporter) -> (artifact id: '2b34cf7a59942c18ff0a7b85945f0d38') in 0.0407297 seconds
Number of updated asset objects reloaded before import = 0Number of asset objects unloaded after import = 3

========================================================================
Received Import Request.
  Time since last request: 0.000024 seconds.
  path: Assets/Space Exploration/Picto_Icons/White/ring-256.png
  artifactKey: Guid(ee5c8517ddbfe1e4f862d8cb0e875360) Importer(2089858483,b0f066a214c2f5e87bad3c948f4d605d)
Start importing Assets/Space Exploration/Picto_Icons/White/ring-256.png using Guid(ee5c8517ddbfe1e4f862d8cb0e875360) Importer(2089858483,b0f066a214c2f5e87bad3c948f4d605d) (ScriptedImporter) -> (artifact id: '7186125dbf1731be8cec1cb652594262') in 0.0474218 seconds
Number of updated asset objects reloaded before import = 0Number of asset objects unloaded after import = 3

========================================================================
Received Import Request.
  Time since last request: 0.000031 seconds.
  path: Assets/Space Exploration/Picto_Icons/Light_Purple/pause-128.png
  artifactKey: Guid(b10729712fd81684a9933f0398425493) Importer(2089858483,b0f066a214c2f5e87bad3c948f4d605d)
Start importing Assets/Space Exploration/Picto_Icons/Light_Purple/pause-128.png using Guid(b10729712fd81684a9933f0398425493) Importer(2089858483,b0f066a214c2f5e87bad3c948f4d605d) (ScriptedImporter) -> (artifact id: '2328dc6572c1b33535d72f4ac82853d9') in 0.048393 seconds
Number of updated asset objects reloaded before import = 0Number of asset objects unloaded after import = 3

========================================================================
Received Import Request.
  Time since last request: 0.000037 seconds.
  path: Assets/Space Exploration/Fonts/Font Sources/static/Asap_Condensed-BlackItalic.ttf
  artifactKey: Guid(43945c0931bf0404198f03eea82ec978) Importer(2089858483,b0f066a214c2f5e87bad3c948f4d605d)
Start importing Assets/Space Exploration/Fonts/Font Sources/static/Asap_Condensed-BlackItalic.ttf using Guid(43945c0931bf0404198f03eea82ec978) Importer(2089858483,b0f066a214c2f5e87bad3c948f4d605d) (ScriptedImporter) -> (artifact id: 'c2a75d42cc593200ffd28fe99d6c6dde') in 0.0303279 seconds
Number of updated asset objects reloaded before import = 0Number of asset objects unloaded after import = 3

========================================================================
Received Import Request.
  Time since last request: 0.000029 seconds.
  path: Assets/Photon/PhotonUnityNetworking/Demos/PunCockpit/Scripts/ThirdParty
  artifactKey: Guid(a7a13965037324ac4be99d4b5a939725) Importer(2089858483,b0f066a214c2f5e87bad3c948f4d605d)
Start importing Assets/Photon/PhotonUnityNetworking/Demos/PunCockpit/Scripts/ThirdParty using Guid(a7a13965037324ac4be99d4b5a939725) Importer(2089858483,b0f066a214c2f5e87bad3c948f4d605d) (ScriptedImporter) -> (artifact id: '52a55064af0a689dd3b7208e149ea5b0') in 0.0195161 seconds
Number of updated asset objects reloaded before import = 0Number of asset objects unloaded after import = 1

========================================================================
Received Import Request.
  Time since last request: 1.320213 seconds.
  path: Assets/Space Exploration/Picto_Icons/White/lock-128.png
  artifactKey: Guid(0a6ee6696f5668d4f97b15c5fa17830d) Importer(2089858483,b0f066a214c2f5e87bad3c948f4d605d)
Start importing Assets/Space Exploration/Picto_Icons/White/lock-128.png using Guid(0a6ee6696f5668d4f97b15c5fa17830d) Importer(2089858483,b0f066a214c2f5e87bad3c948f4d605d) (ScriptedImporter) -> (artifact id: '3fc661aae71a511d0d6536eaae7656cf') in 0.0416248 seconds
Number of updated asset objects reloaded before import = 0Number of asset objects unloaded after import = 3

========================================================================
Received Import Request.
  Time since last request: 0.000026 seconds.
  path: Assets/Space Exploration/Picto_Icons/Light_Purple/mic-128.png
  artifactKey: Guid(2d1aca193b828324ab24b92d55a5fcc3) Importer(2089858483,b0f066a214c2f5e87bad3c948f4d605d)
Start importing Assets/Space Exploration/Picto_Icons/Light_Purple/mic-128.png using Guid(2d1aca193b828324ab24b92d55a5fcc3) Importer(2089858483,b0f066a214c2f5e87bad3c948f4d605d) (ScriptedImporter) -> (artifact id: 'b044fc3f57b583fa5ca0dd00ca90c328') in 0.0485784 seconds
Number of updated asset objects reloaded before import = 0Number of asset objects unloaded after import = 3

========================================================================
Received Import Request.
  Time since last request: 0.000036 seconds.
  path: Assets/Space Exploration/Grid_Components/Medium/inventory-highlight-medium.png
  artifactKey: Guid(abf777bb445ca9b479e383d2f0eefa3d) Importer(2089858483,b0f066a214c2f5e87bad3c948f4d605d)
Start importing Assets/Space Exploration/Grid_Components/Medium/inventory-highlight-medium.png using Guid(abf777bb445ca9b479e383d2f0eefa3d) Importer(2089858483,b0f066a214c2f5e87bad3c948f4d605d) (ScriptedImporter) -> (artifact id: '1d0b2f00d4eeb334b304f9641bad5e2f') in 0.0474879 seconds
Number of updated asset objects reloaded before import = 0Number of asset objects unloaded after import = 3

========================================================================
Received Import Request.
  Time since last request: 0.000036 seconds.
  path: Assets/Space Exploration/Icons/time-256.png
  artifactKey: Guid(e49e78d936ad1954eb15e7b40b946e45) Importer(2089858483,b0f066a214c2f5e87bad3c948f4d605d)
Start importing Assets/Space Exploration/Icons/time-256.png using Guid(e49e78d936ad1954eb15e7b40b946e45) Importer(2089858483,b0f066a214c2f5e87bad3c948f4d605d) (ScriptedImporter) -> (artifact id: 'ee26815aa208e156660c5e09b2761674') in 0.0489733 seconds
Number of updated asset objects reloaded before import = 0Number of asset objects unloaded after import = 3

========================================================================
Received Import Request.
  Time since last request: 0.000038 seconds.
  path: Assets/Space Exploration/Icons/telescope-256.png
  artifactKey: Guid(254663d8a8d3a37499c3f4d75d41090d) Importer(2089858483,b0f066a214c2f5e87bad3c948f4d605d)
Start importing Assets/Space Exploration/Icons/telescope-256.png using Guid(254663d8a8d3a37499c3f4d75d41090d) Importer(2089858483,b0f066a214c2f5e87bad3c948f4d605d) (ScriptedImporter) -> (artifact id: '63424212531693d136db3606ee4b00ca') in 0.0461295 seconds
Number of updated asset objects reloaded before import = 0Number of asset objects unloaded after import = 3

========================================================================
Received Import Request.
  Time since last request: 0.000035 seconds.
  path: Assets/Space Exploration/Picto_Icons/Light_Purple/half-moon-128.png
  artifactKey: Guid(d7b69bc2556a53b4e95ea919cac8300b) Importer(2089858483,b0f066a214c2f5e87bad3c948f4d605d)
Start importing Assets/Space Exploration/Picto_Icons/Light_Purple/half-moon-128.png using Guid(d7b69bc2556a53b4e95ea919cac8300b) Importer(2089858483,b0f066a214c2f5e87bad3c948f4d605d) (ScriptedImporter) -> (artifact id: 'fe134fdcc12fbf754389b2b8daae21c7') in 0.0598526 seconds
Number of updated asset objects reloaded before import = 0Number of asset objects unloaded after import = 3

========================================================================
Received Import Request.
  Time since last request: 0.000039 seconds.
  path: Assets/Space Exploration/Fonts/Font Sources/static/Asap_Expanded-ExtraBold.ttf
  artifactKey: Guid(579888fa49738d148a22d2054406f608) Importer(2089858483,b0f066a214c2f5e87bad3c948f4d605d)
Start importing Assets/Space Exploration/Fonts/Font Sources/static/Asap_Expanded-ExtraBold.ttf using Guid(579888fa49738d148a22d2054406f608) Importer(2089858483,b0f066a214c2f5e87bad3c948f4d605d) (ScriptedImporter) -> (artifact id: 'b40aacc712884cb032ad4db730d57f35') in 0.0335412 seconds
Number of updated asset objects reloaded before import = 0Number of asset objects unloaded after import = 3

========================================================================
Received Import Request.
  Time since last request: 0.000026 seconds.
  path: Assets/PlayFabSDK/Experimentation/PlayFabExperimentationInstanceAPI.cs
  artifactKey: Guid(ecc5b8d11fae41b4daaaf638349fdc78) Importer(2089858483,b0f066a214c2f5e87bad3c948f4d605d)
Start importing Assets/PlayFabSDK/Experimentation/PlayFabExperimentationInstanceAPI.cs using Guid(ecc5b8d11fae41b4daaaf638349fdc78) Importer(2089858483,b0f066a214c2f5e87bad3c948f4d605d) (ScriptedImporter) -> (artifact id: 'd20979085492ae64504626a67cd78655') in 0.0213135 seconds
Number of updated asset objects reloaded before import = 0Number of asset objects unloaded after import = 0

========================================================================
Received Import Request.
  Time since last request: 0.000030 seconds.
  path: Assets/Space Exploration/Fonts/Font Sources/static/Asap-LightItalic.ttf
  artifactKey: Guid(4a7cb4138343ab6459bb98b49e8766cd) Importer(2089858483,b0f066a214c2f5e87bad3c948f4d605d)
Start importing Assets/Space Exploration/Fonts/Font Sources/static/Asap-LightItalic.ttf using Guid(4a7cb4138343ab6459bb98b49e8766cd) Importer(2089858483,b0f066a214c2f5e87bad3c948f4d605d) (ScriptedImporter) -> (artifact id: 'f9ac91c4eb54d2f130e79ab4c4b19d18') in 0.0242513 seconds
Number of updated asset objects reloaded before import = 0Number of asset objects unloaded after import = 3

========================================================================
Received Import Request.
  Time since last request: 0.000051 seconds.
  path: Assets/Space Exploration/Icons/exoplanet-2-64.png
  artifactKey: Guid(0b546e26cf91b5b44b378842de1d4fd5) Importer(2089858483,b0f066a214c2f5e87bad3c948f4d605d)
Start importing Assets/Space Exploration/Icons/exoplanet-2-64.png using Guid(0b546e26cf91b5b44b378842de1d4fd5) Importer(2089858483,b0f066a214c2f5e87bad3c948f4d605d) (ScriptedImporter) -> (artifact id: '00300335ad5bc74fdbe8fb1f3e38f229') in 0.0380147 seconds
Number of updated asset objects reloaded before import = 0Number of asset objects unloaded after import = 3

========================================================================
Received Import Request.
  Time since last request: 0.000027 seconds.
  path: Assets/Space Exploration/Button_Images/Highlighted_Sprite/large/short-pink-highlight-large.png
  artifactKey: Guid(39c758ed67cc0a245beaebba74010f2d) Importer(2089858483,b0f066a214c2f5e87bad3c948f4d605d)
Start importing Assets/Space Exploration/Button_Images/Highlighted_Sprite/large/short-pink-highlight-large.png using Guid(39c758ed67cc0a245beaebba74010f2d) Importer(2089858483,b0f066a214c2f5e87bad3c948f4d605d) (ScriptedImporter) -> (artifact id: 'f955743320513d07a1bdfbd955c70acf') in 0.0322652 seconds
Number of updated asset objects reloaded before import = 0Number of asset objects unloaded after import = 3

========================================================================
Received Import Request.
  Time since last request: 0.000040 seconds.
  path: Assets/Space Exploration/Picto_Icons/White/power-128.png
  artifactKey: Guid(971bd5c98b4099049ad2ba215cc09f75) Importer(2089858483,b0f066a214c2f5e87bad3c948f4d605d)
Start importing Assets/Space Exploration/Picto_Icons/White/power-128.png using Guid(971bd5c98b4099049ad2ba215cc09f75) Importer(2089858483,b0f066a214c2f5e87bad3c948f4d605d) (ScriptedImporter) -> (artifact id: '8ac0267aae09776fdd33198ac9620dc1') in 0.0394821 seconds
Number of updated asset objects reloaded before import = 0Number of asset objects unloaded after import = 3

========================================================================
Received Import Request.
  Time since last request: 0.000022 seconds.
  path: Assets/Space Exploration/Button_Images/Highlighted_Sprite/extra large/square-yellow-highlight-extra-large.png
  artifactKey: Guid(5d6be3441a5325b4eaa58d443a68adfb) Importer(2089858483,b0f066a214c2f5e87bad3c948f4d605d)
Start importing Assets/Space Exploration/Button_Images/Highlighted_Sprite/extra large/square-yellow-highlight-extra-large.png using Guid(5d6be3441a5325b4eaa58d443a68adfb) Importer(2089858483,b0f066a214c2f5e87bad3c948f4d605d) (ScriptedImporter) -> (artifact id: 'd616c1722a1471fdffff82897aff8a7b') in 0.0343705 seconds
Number of updated asset objects reloaded before import = 0Number of asset objects unloaded after import = 3

========================================================================
Received Import Request.
  Time since last request: 0.000027 seconds.
  path: Assets/Space Exploration/Picto_Icons/Dark_Purple/bell-256.png
  artifactKey: Guid(c1e86e66c352f6341ad9ae7c895a9f93) Importer(2089858483,b0f066a214c2f5e87bad3c948f4d605d)
Start importing Assets/Space Exploration/Picto_Icons/Dark_Purple/bell-256.png using Guid(c1e86e66c352f6341ad9ae7c895a9f93) Importer(2089858483,b0f066a214c2f5e87bad3c948f4d605d) (ScriptedImporter) -> (artifact id: '1decf809d5e49459ab0db73bee8b6218') in 0.0429636 seconds
Number of updated asset objects reloaded before import = 0Number of asset objects unloaded after import = 3

========================================================================
Received Import Request.
  Time since last request: 0.000056 seconds.
  path: Assets/Space Exploration/Picto_Icons/Dark_Purple/astronaut-64.png
  artifactKey: Guid(5a60e4d4a94bf3649b012ee7a5a92151) Importer(2089858483,b0f066a214c2f5e87bad3c948f4d605d)
Start importing Assets/Space Exploration/Picto_Icons/Dark_Purple/astronaut-64.png using Guid(5a60e4d4a94bf3649b012ee7a5a92151) Importer(2089858483,b0f066a214c2f5e87bad3c948f4d605d) (ScriptedImporter) -> (artifact id: 'e9680b5754b9aebe4f4c741e3fdf27fb') in 0.0383011 seconds
Number of updated asset objects reloaded before import = 0Number of asset objects unloaded after import = 3

========================================================================
Received Import Request.
  Time since last request: 0.001125 seconds.
  path: Assets/Photon/PhotonUnityNetworking/Code/Editor/ReordableList
  artifactKey: Guid(62126d9bb7b8eb64ea07a039d902d0ac) Importer(2089858483,b0f066a214c2f5e87bad3c948f4d605d)
Start importing Assets/Photon/PhotonUnityNetworking/Code/Editor/ReordableList using Guid(62126d9bb7b8eb64ea07a039d902d0ac) Importer(2089858483,b0f066a214c2f5e87bad3c948f4d605d) (ScriptedImporter) -> (artifact id: '5011b875d5867473d5f4f032d2614f9f') in 0.0186499 seconds
Number of updated asset objects reloaded before import = 0Number of asset objects unloaded after import = 1

========================================================================
Received Import Request.
  Time since last request: 0.000027 seconds.
  path: Assets/Space Exploration/Picto_Icons/Dark_Purple/astronaut-256.png
  artifactKey: Guid(795a3539c8ef3a0479362a63d31b2bfa) Importer(2089858483,b0f066a214c2f5e87bad3c948f4d605d)
Start importing Assets/Space Exploration/Picto_Icons/Dark_Purple/astronaut-256.png using Guid(795a3539c8ef3a0479362a63d31b2bfa) Importer(2089858483,b0f066a214c2f5e87bad3c948f4d605d) (ScriptedImporter) -> (artifact id: '665be5cd3236566f3da9f77acc9bc5a9') in 0.0443206 seconds
Number of updated asset objects reloaded before import = 0Number of asset objects unloaded after import = 3

========================================================================
Received Import Request.
  Time since last request: 0.000040 seconds.
  path: Assets/Space Exploration/Button_Images/Pressed_Sprites/Extra_Large/desktop.ini
  artifactKey: Guid(4837bc3aab5c53c40b8f6c17e8ac1e4a) Importer(2089858483,b0f066a214c2f5e87bad3c948f4d605d)
Start importing Assets/Space Exploration/Button_Images/Pressed_Sprites/Extra_Large/desktop.ini using Guid(4837bc3aab5c53c40b8f6c17e8ac1e4a) Importer(2089858483,b0f066a214c2f5e87bad3c948f4d605d) (ScriptedImporter) -> (artifact id: 'bbb1e782ae3434954040bdeecdd611aa') in 0.0181663 seconds
Number of updated asset objects reloaded before import = 0Number of asset objects unloaded after import = 1

========================================================================
Received Import Request.
  Time since last request: 0.000025 seconds.
  path: Assets/Space Exploration/Containers/Medium/inventory-menu-container-medium.png
  artifactKey: Guid(b23da9a6556850c4db7f828b3302c44e) Importer(2089858483,b0f066a214c2f5e87bad3c948f4d605d)
Start importing Assets/Space Exploration/Containers/Medium/inventory-menu-container-medium.png using Guid(b23da9a6556850c4db7f828b3302c44e) Importer(2089858483,b0f066a214c2f5e87bad3c948f4d605d) (ScriptedImporter) -> (artifact id: '2215157bb8bd3e492cb4d4c059249256') in 0.0379888 seconds
Number of updated asset objects reloaded before import = 0Number of asset objects unloaded after import = 3

========================================================================
Received Import Request.
  Time since last request: 0.000033 seconds.
  path: Assets/PlayFabEditorExtensions/Editor/Scripts/Panels/PlayFabEditorSettings.cs
  artifactKey: Guid(cab05e4a89850364e8979904f46d0433) Importer(2089858483,b0f066a214c2f5e87bad3c948f4d605d)
Start importing Assets/PlayFabEditorExtensions/Editor/Scripts/Panels/PlayFabEditorSettings.cs using Guid(cab05e4a89850364e8979904f46d0433) Importer(2089858483,b0f066a214c2f5e87bad3c948f4d605d) (ScriptedImporter) -> (artifact id: '4d6a98423d6b9c7a6022766ba327d245') in 0.0186733 seconds
Number of updated asset objects reloaded before import = 0Number of asset objects unloaded after import = 0

========================================================================
Received Import Request.
  Time since last request: 0.000056 seconds.
  path: Assets/PlayFabEditorExtensions/Editor/Scripts/Panels/PlayFabEditorHelpMenu.cs
  artifactKey: Guid(ef5d79e80acc44a588d53dea61dcfc83) Importer(2089858483,b0f066a214c2f5e87bad3c948f4d605d)
Start importing Assets/PlayFabEditorExtensions/Editor/Scripts/Panels/PlayFabEditorHelpMenu.cs using Guid(ef5d79e80acc44a588d53dea61dcfc83) Importer(2089858483,b0f066a214c2f5e87bad3c948f4d605d) (ScriptedImporter) -> (artifact id: '5e9a86bc9b1bf32deaa51730a62d539a') in 0.0240742 seconds
Number of updated asset objects reloaded before import = 0Number of asset objects unloaded after import = 0

========================================================================
Received Import Request.
  Time since last request: 0.000028 seconds.
  path: Assets/Space Exploration/Picto_Icons/Dark_Purple/next-128.png
  artifactKey: Guid(bf1c526e02340844583905fdc08a4524) Importer(2089858483,b0f066a214c2f5e87bad3c948f4d605d)
Start importing Assets/Space Exploration/Picto_Icons/Dark_Purple/next-128.png using Guid(bf1c526e02340844583905fdc08a4524) Importer(2089858483,b0f066a214c2f5e87bad3c948f4d605d) (ScriptedImporter) -> (artifact id: 'b8ae69102ec1c3992d9f4180120482ab') in 0.0459996 seconds
Number of updated asset objects reloaded before import = 0Number of asset objects unloaded after import = 3

========================================================================
Received Import Request.
  Time since last request: 0.000028 seconds.
  path: Assets/Space Exploration/Picto_Icons/White/try-again-64.png
  artifactKey: Guid(ea60a50e11591ac4a930790b53783307) Importer(2089858483,b0f066a214c2f5e87bad3c948f4d605d)
Start importing Assets/Space Exploration/Picto_Icons/White/try-again-64.png using Guid(ea60a50e11591ac4a930790b53783307) Importer(2089858483,b0f066a214c2f5e87bad3c948f4d605d) (ScriptedImporter) -> (artifact id: 'e2936c0ed91d73e1d211c45642d357ce') in 0.0466771 seconds
Number of updated asset objects reloaded before import = 0Number of asset objects unloaded after import = 3

========================================================================
Received Import Request.
  Time since last request: 0.000048 seconds.
  path: Assets/Scripts/Data/Panel.cs
  artifactKey: Guid(568af954f43fa7948a9cd7620901a2f1) Importer(2089858483,b0f066a214c2f5e87bad3c948f4d605d)
Start importing Assets/Scripts/Data/Panel.cs using Guid(568af954f43fa7948a9cd7620901a2f1) Importer(2089858483,b0f066a214c2f5e87bad3c948f4d605d) (ScriptedImporter) -> (artifact id: '58c9cd721d1461893e457ca4f53bf2bc') in 0.0200497 seconds
Number of updated asset objects reloaded before import = 0Number of asset objects unloaded after import = 0

========================================================================
Received Import Request.
  Time since last request: 0.000032 seconds.
  path: Assets/Space Exploration/Settings_&_Menu_Components/Large/settings-divider-large.png
  artifactKey: Guid(b1746dd70b56d274f906d3375710d717) Importer(2089858483,b0f066a214c2f5e87bad3c948f4d605d)
Start importing Assets/Space Exploration/Settings_&_Menu_Components/Large/settings-divider-large.png using Guid(b1746dd70b56d274f906d3375710d717) Importer(2089858483,b0f066a214c2f5e87bad3c948f4d605d) (ScriptedImporter) -> (artifact id: '6419cbce28e60671296fbbedf0e92e94') in 0.0510567 seconds
Number of updated asset objects reloaded before import = 0Number of asset objects unloaded after import = 3

========================================================================
Received Import Request.
  Time since last request: 0.000031 seconds.
  path: Assets/Space Exploration/Picto_Icons/White/cloud-32.png
  artifactKey: Guid(a0ee32ea664500f4cba39caf9db4bbe8) Importer(2089858483,b0f066a214c2f5e87bad3c948f4d605d)
Start importing Assets/Space Exploration/Picto_Icons/White/cloud-32.png using Guid(a0ee32ea664500f4cba39caf9db4bbe8) Importer(2089858483,b0f066a214c2f5e87bad3c948f4d605d) (ScriptedImporter) -> (artifact id: 'e0d375adddfcb756f17060eaad8312c4') in 0.0439042 seconds
Number of updated asset objects reloaded before import = 0Number of asset objects unloaded after import = 3

========================================================================
Received Import Request.
  Time since last request: 0.000042 seconds.
  path: Assets/Space Exploration/Button_Images/Pressed_Sprites/Large/large-blue-pressed-large.png
  artifactKey: Guid(82f65b033583f184dbcbaf66059140d8) Importer(2089858483,b0f066a214c2f5e87bad3c948f4d605d)
Start importing Assets/Space Exploration/Button_Images/Pressed_Sprites/Large/large-blue-pressed-large.png using Guid(82f65b033583f184dbcbaf66059140d8) Importer(2089858483,b0f066a214c2f5e87bad3c948f4d605d) (ScriptedImporter) -> (artifact id: '3e1c8becaf1e5a18441c04f1710a7fe7') in 0.0351841 seconds
Number of updated asset objects reloaded before import = 0Number of asset objects unloaded after import = 3

========================================================================
Received Import Request.
  Time since last request: 0.000030 seconds.
  path: Assets/Space Exploration/Picto_Icons/Dark_Purple/music-128.png
  artifactKey: Guid(7a6ee27e7db9cdd469c63c1e0d61988a) Importer(2089858483,b0f066a214c2f5e87bad3c948f4d605d)
Start importing Assets/Space Exploration/Picto_Icons/Dark_Purple/music-128.png using Guid(7a6ee27e7db9cdd469c63c1e0d61988a) Importer(2089858483,b0f066a214c2f5e87bad3c948f4d605d) (ScriptedImporter) -> (artifact id: '6933e9c46a69ac432d1bc4374828439f') in 0.0454919 seconds
Number of updated asset objects reloaded before import = 0Number of asset objects unloaded after import = 3

========================================================================
Received Import Request.
  Time since last request: 0.000048 seconds.
  path: Assets/Free Stylized Sci-Fi Scout Bot/Materials/Stylized Sci-Fi Robot_M.mat
  artifactKey: Guid(4df33e3f41071fa4e8d00a0a9f00a8b8) Importer(2089858483,b0f066a214c2f5e87bad3c948f4d605d)
Start importing Assets/Free Stylized Sci-Fi Scout Bot/Materials/Stylized Sci-Fi Robot_M.mat using Guid(4df33e3f41071fa4e8d00a0a9f00a8b8) Importer(2089858483,b0f066a214c2f5e87bad3c948f4d605d) (ScriptedImporter) -> (artifact id: 'adb43a41ec2900c5ff2229416cfa3cd9') in 0.1198093 seconds
Number of updated asset objects reloaded before import = 0Number of asset objects unloaded after import = 2

========================================================================
Received Import Request.
  Time since last request: 0.000031 seconds.
  path: Assets/Space Exploration/Picto_Icons/Light_Purple/right-64.png
  artifactKey: Guid(c87924634a2202a4bb657ed384ee23be) Importer(2089858483,b0f066a214c2f5e87bad3c948f4d605d)
Start importing Assets/Space Exploration/Picto_Icons/Light_Purple/right-64.png using Guid(c87924634a2202a4bb657ed384ee23be) Importer(2089858483,b0f066a214c2f5e87bad3c948f4d605d) (ScriptedImporter) -> (artifact id: '4df74322205c466227fbc94d1f122b65') in 0.0751066 seconds
Number of updated asset objects reloaded before import = 0Number of asset objects unloaded after import = 3

========================================================================
Received Import Request.
  Time since last request: 0.000038 seconds.
  path: Assets/Space Exploration/Picto_Icons/Dark_Purple/share-32.png
  artifactKey: Guid(35bc8780626b6a143a29a89d1ad37954) Importer(2089858483,b0f066a214c2f5e87bad3c948f4d605d)
Start importing Assets/Space Exploration/Picto_Icons/Dark_Purple/share-32.png using Guid(35bc8780626b6a143a29a89d1ad37954) Importer(2089858483,b0f066a214c2f5e87bad3c948f4d605d) (ScriptedImporter) -> (artifact id: 'fc450c235b138785cd2225a6e2f59295') in 0.067633 seconds
Number of updated asset objects reloaded before import = 0Number of asset objects unloaded after import = 3

========================================================================
Received Import Request.
  Time since last request: 0.000029 seconds.
  path: Assets/Space Exploration/Picto_Icons/White/add-128.png
  artifactKey: Guid(8e3ecb6d5ab98fc4a9ee3803a6e64fcc) Importer(2089858483,b0f066a214c2f5e87bad3c948f4d605d)
Start importing Assets/Space Exploration/Picto_Icons/White/add-128.png using Guid(8e3ecb6d5ab98fc4a9ee3803a6e64fcc) Importer(2089858483,b0f066a214c2f5e87bad3c948f4d605d) (ScriptedImporter) -> (artifact id: '24794d0eb46d0ae03b7e1823386505e1') in 0.0562732 seconds
Number of updated asset objects reloaded before import = 0Number of asset objects unloaded after import = 3

========================================================================
Received Import Request.
  Time since last request: 0.000038 seconds.
  path: Assets/Space Exploration/Button_Images/Highlighted_Sprite/small/medium-yellow-highlight-small.png
  artifactKey: Guid(895ebc9bb60493348a8ccfb7db7242fd) Importer(2089858483,b0f066a214c2f5e87bad3c948f4d605d)
Start importing Assets/Space Exploration/Button_Images/Highlighted_Sprite/small/medium-yellow-highlight-small.png using Guid(895ebc9bb60493348a8ccfb7db7242fd) Importer(2089858483,b0f066a214c2f5e87bad3c948f4d605d) (ScriptedImporter) -> (artifact id: '25df95999078aa1ec9e326bb6e3dc4c6') in 0.0803 seconds
Number of updated asset objects reloaded before import = 0Number of asset objects unloaded after import = 3

========================================================================
Received Import Request.
  Time since last request: 0.000029 seconds.
  path: Assets/Space Exploration/Rank_System_Components/Extra Large
  artifactKey: Guid(33a202c74dd57c0458a3bd974fa57a57) Importer(2089858483,b0f066a214c2f5e87bad3c948f4d605d)
Start importing Assets/Space Exploration/Rank_System_Components/Extra Large using Guid(33a202c74dd57c0458a3bd974fa57a57) Importer(2089858483,b0f066a214c2f5e87bad3c948f4d605d) (ScriptedImporter) -> (artifact id: '2c0f3b2c198b8e333dfc7ce306335dca') in 0.0380278 seconds
Number of updated asset objects reloaded before import = 0Number of asset objects unloaded after import = 1

========================================================================
Received Import Request.
  Time since last request: 0.000040 seconds.
  path: Assets/Space Exploration/Settings_&_Menu_Components/Medium/on-off-deselected-blank-medium.png
  artifactKey: Guid(21a32c0eebe65d04a85f7f31c6e25f52) Importer(2089858483,b0f066a214c2f5e87bad3c948f4d605d)
Start importing Assets/Space Exploration/Settings_&_Menu_Components/Medium/on-off-deselected-blank-medium.png using Guid(21a32c0eebe65d04a85f7f31c6e25f52) Importer(2089858483,b0f066a214c2f5e87bad3c948f4d605d) (ScriptedImporter) -> (artifact id: '348e0b29a4f2cc1cd841accbcc96955e') in 0.1081034 seconds
Number of updated asset objects reloaded before import = 0Number of asset objects unloaded after import = 3

========================================================================
Received Import Request.
  Time since last request: 0.000025 seconds.
  path: Assets/Photon/PhotonUnityNetworking/Demos/Shared Assets/Prefabs/UI/Button Regular.prefab
  artifactKey: Guid(395d3cc3d7cf0014a870fee72cbd3490) Importer(2089858483,b0f066a214c2f5e87bad3c948f4d605d)
Start importing Assets/Photon/PhotonUnityNetworking/Demos/Shared Assets/Prefabs/UI/Button Regular.prefab using Guid(395d3cc3d7cf0014a870fee72cbd3490) Importer(2089858483,b0f066a214c2f5e87bad3c948f4d605d) (ScriptedImporter) -> (artifact id: '211bf1d17ce18f43e4eba916880adb4a') in 0.1983288 seconds
Number of updated asset objects reloaded before import = 0Number of asset objects unloaded after import = 16

========================================================================
Received Import Request.
  Time since last request: 0.000039 seconds.
  path: Assets/Space Exploration/Prefabs/UI_Elements/Small/Menu Buttons/Check_Box_Small.prefab
  artifactKey: Guid(4432fdb057a342c4a934d46b4482f57a) Importer(2089858483,b0f066a214c2f5e87bad3c948f4d605d)
Start importing Assets/Space Exploration/Prefabs/UI_Elements/Small/Menu Buttons/Check_Box_Small.prefab using Guid(4432fdb057a342c4a934d46b4482f57a) Importer(2089858483,b0f066a214c2f5e87bad3c948f4d605d) (ScriptedImporter) -> (artifact id: '98e2fc2a767d3fd719fd26a143feadf3') in 0.0857992 seconds
Number of updated asset objects reloaded before import = 0Number of asset objects unloaded after import = 15

========================================================================
Received Import Request.
  Time since last request: 0.000494 seconds.
  path: Assets/Space Exploration/Rank_System_Components/Medium/ranking-1st-medium.png
  artifactKey: Guid(f799a508e13acf84b9b86acbd791c742) Importer(2089858483,b0f066a214c2f5e87bad3c948f4d605d)
Start importing Assets/Space Exploration/Rank_System_Components/Medium/ranking-1st-medium.png using Guid(f799a508e13acf84b9b86acbd791c742) Importer(2089858483,b0f066a214c2f5e87bad3c948f4d605d) (ScriptedImporter) -> (artifact id: 'a89f16dbc72a23fd2b1518f80538e5b7') in 0.0606884 seconds
Number of updated asset objects reloaded before import = 0Number of asset objects unloaded after import = 3

========================================================================
Received Import Request.
  Time since last request: 0.000044 seconds.
  path: Assets/Space Exploration/Containers/Small/loot-found-container-small.png
  artifactKey: Guid(186621653e136734f84fd9e4932a5c5e) Importer(2089858483,b0f066a214c2f5e87bad3c948f4d605d)
Start importing Assets/Space Exploration/Containers/Small/loot-found-container-small.png using Guid(186621653e136734f84fd9e4932a5c5e) Importer(2089858483,b0f066a214c2f5e87bad3c948f4d605d) (ScriptedImporter) -> (artifact id: 'f847754d090f97c1d93e2893628d0a29') in 0.0481338 seconds
Number of updated asset objects reloaded before import = 0Number of asset objects unloaded after import = 3

========================================================================
Received Import Request.
  Time since last request: 0.000028 seconds.
  path: Assets/Space Exploration/Picto_Icons/Dark_Purple/wrench-128.png
  artifactKey: Guid(64074621831954343af8047a535d1ec3) Importer(2089858483,b0f066a214c2f5e87bad3c948f4d605d)
Start importing Assets/Space Exploration/Picto_Icons/Dark_Purple/wrench-128.png using Guid(64074621831954343af8047a535d1ec3) Importer(2089858483,b0f066a214c2f5e87bad3c948f4d605d) (ScriptedImporter) -> (artifact id: 'ff5169db1e5d0c7d182402a59e3d6a58') in 0.0472361 seconds
Number of updated asset objects reloaded before import = 0Number of asset objects unloaded after import = 3

========================================================================
Received Import Request.
  Time since last request: 0.000039 seconds.
  path: Assets/Logs/shadercompiler-UnityShaderCompiler.exe-0.log
  artifactKey: Guid(3a753080b28511c4fa47688f488a8e98) Importer(2089858483,b0f066a214c2f5e87bad3c948f4d605d)
Start importing Assets/Logs/shadercompiler-UnityShaderCompiler.exe-0.log using Guid(3a753080b28511c4fa47688f488a8e98) Importer(2089858483,b0f066a214c2f5e87bad3c948f4d605d) (ScriptedImporter) -> (artifact id: '4606e13bef75147a35ed2dde42c40610') in 0.0363981 seconds
Number of updated asset objects reloaded before import = 0Number of asset objects unloaded after import = 1

========================================================================
Received Import Request.
  Time since last request: 0.000030 seconds.
  path: Assets/Space Exploration/Button_Images/Source_Image_Sprites/medium/large-purple-sparkle-medium.png
  artifactKey: Guid(bc60f250aa15e614ca9a10e926784b11) Importer(2089858483,b0f066a214c2f5e87bad3c948f4d605d)
Start importing Assets/Space Exploration/Button_Images/Source_Image_Sprites/medium/large-purple-sparkle-medium.png using Guid(bc60f250aa15e614ca9a10e926784b11) Importer(2089858483,b0f066a214c2f5e87bad3c948f4d605d) (ScriptedImporter) -> (artifact id: '36e4a98926070a5a15357c0fafb13688') in 0.0683916 seconds
Number of updated asset objects reloaded before import = 0Number of asset objects unloaded after import = 3

========================================================================
Received Import Request.
  Time since last request: 0.000042 seconds.
  path: Assets/Space Exploration/Picto_Icons/White/potion-256.png
  artifactKey: Guid(9252e343d3575a148a75db64db093b27) Importer(2089858483,b0f066a214c2f5e87bad3c948f4d605d)
Start importing Assets/Space Exploration/Picto_Icons/White/potion-256.png using Guid(9252e343d3575a148a75db64db093b27) Importer(2089858483,b0f066a214c2f5e87bad3c948f4d605d) (ScriptedImporter) -> (artifact id: '7bc422c5fb8840c8f0f4f98491116407') in 0.0561655 seconds
Number of updated asset objects reloaded before import = 0Number of asset objects unloaded after import = 3

========================================================================
Received Import Request.
  Time since last request: 0.000028 seconds.
  path: Assets/Space Exploration/Button_Images/Highlighted_Sprite
  artifactKey: Guid(fe8f908c6e1bc6b42b6cfb7857b1ba1a) Importer(2089858483,b0f066a214c2f5e87bad3c948f4d605d)
Start importing Assets/Space Exploration/Button_Images/Highlighted_Sprite using Guid(fe8f908c6e1bc6b42b6cfb7857b1ba1a) Importer(2089858483,b0f066a214c2f5e87bad3c948f4d605d) (ScriptedImporter) -> (artifact id: 'd0dee20a20fbed32cdc29615e61148f3') in 0.0363843 seconds
Number of updated asset objects reloaded before import = 0Number of asset objects unloaded after import = 1

========================================================================
Received Import Request.
  Time since last request: 0.000041 seconds.
  path: Assets/Space Exploration/Icons/alien-128.png
  artifactKey: Guid(c15013f461b2269469b0cbcd12d16e37) Importer(2089858483,b0f066a214c2f5e87bad3c948f4d605d)
Start importing Assets/Space Exploration/Icons/alien-128.png using Guid(c15013f461b2269469b0cbcd12d16e37) Importer(2089858483,b0f066a214c2f5e87bad3c948f4d605d) (ScriptedImporter) -> (artifact id: 'd692996007d65786870a8338f7a4f2e4') in 0.0658554 seconds
Number of updated asset objects reloaded before import = 0Number of asset objects unloaded after import = 3

========================================================================
Received Import Request.
  Time since last request: 0.000043 seconds.
  path: Assets/Space Exploration/Picto_Icons/Dark_Purple/mic-128.png
  artifactKey: Guid(c8800c12a84aa5341b5956eb376090c6) Importer(2089858483,b0f066a214c2f5e87bad3c948f4d605d)
Start importing Assets/Space Exploration/Picto_Icons/Dark_Purple/mic-128.png using Guid(c8800c12a84aa5341b5956eb376090c6) Importer(2089858483,b0f066a214c2f5e87bad3c948f4d605d) (ScriptedImporter) -> (artifact id: '559da08e6a7a0a4ebaba347b56907b28') in 0.0600318 seconds
Number of updated asset objects reloaded before import = 0Number of asset objects unloaded after import = 3

========================================================================
Received Import Request.
  Time since last request: 0.000039 seconds.
  path: Assets/Photon/PhotonLibs
  artifactKey: Guid(ee1734b1a7bac244bb5f15ecd778b5f2) Importer(2089858483,b0f066a214c2f5e87bad3c948f4d605d)
Start importing Assets/Photon/PhotonLibs using Guid(ee1734b1a7bac244bb5f15ecd778b5f2) Importer(2089858483,b0f066a214c2f5e87bad3c948f4d605d) (ScriptedImporter) -> (artifact id: '6f76c1fee41272092b7360784b2440ec') in 0.0365091 seconds
Number of updated asset objects reloaded before import = 0Number of asset objects unloaded after import = 1

========================================================================
Received Import Request.
  Time since last request: 0.000028 seconds.
  path: Assets/Space Exploration/Icons/potion-green-2-256.png
  artifactKey: Guid(738a61680f37b1e43bef569bd6d051be) Importer(2089858483,b0f066a214c2f5e87bad3c948f4d605d)
Start importing Assets/Space Exploration/Icons/potion-green-2-256.png using Guid(738a61680f37b1e43bef569bd6d051be) Importer(2089858483,b0f066a214c2f5e87bad3c948f4d605d) (ScriptedImporter) -> (artifact id: '9d5ec3d1421ea8ced0fa96cc579e2f81') in 0.0954778 seconds
Number of updated asset objects reloaded before import = 0Number of asset objects unloaded after import = 3

========================================================================
Received Import Request.
  Time since last request: 0.000092 seconds.
  path: Assets/Space Exploration/Settings_&_Menu_Components/Small/username-password-container-selected-small.png
  artifactKey: Guid(b909733934d3b184c8a495437e182f0a) Importer(2089858483,b0f066a214c2f5e87bad3c948f4d605d)
Start importing Assets/Space Exploration/Settings_&_Menu_Components/Small/username-password-container-selected-small.png using Guid(b909733934d3b184c8a495437e182f0a) Importer(2089858483,b0f066a214c2f5e87bad3c948f4d605d) (ScriptedImporter) -> (artifact id: 'c0eb243f0c8f284b78063c5ff6a2813a') in 0.0970133 seconds
Number of updated asset objects reloaded before import = 0Number of asset objects unloaded after import = 3

========================================================================
Received Import Request.
  Time since last request: 0.000030 seconds.
  path: Assets/Space Exploration/Picto_Icons/Dark_Purple/mic-256.png
  artifactKey: Guid(18f1ca3bdddfa2b438b619172474e114) Importer(2089858483,b0f066a214c2f5e87bad3c948f4d605d)
Start importing Assets/Space Exploration/Picto_Icons/Dark_Purple/mic-256.png using Guid(18f1ca3bdddfa2b438b619172474e114) Importer(2089858483,b0f066a214c2f5e87bad3c948f4d605d) (ScriptedImporter) -> (artifact id: '82bdb2035db7f3fd611e26e3c527d3e3') in 0.0845625 seconds
Number of updated asset objects reloaded before import = 0Number of asset objects unloaded after import = 3

========================================================================
Received Import Request.
  Time since last request: 0.000299 seconds.
  path: Assets/Space Exploration/Icons/neptune-128.png
  artifactKey: Guid(9664e71c11bf5a449a94da9d4a369c5d) Importer(2089858483,b0f066a214c2f5e87bad3c948f4d605d)
Start importing Assets/Space Exploration/Icons/neptune-128.png using Guid(9664e71c11bf5a449a94da9d4a369c5d) Importer(2089858483,b0f066a214c2f5e87bad3c948f4d605d) (ScriptedImporter) -> (artifact id: '51630366ee7df76678ca8cba8a597a17') in 0.1237565 seconds
Number of updated asset objects reloaded before import = 0Number of asset objects unloaded after import = 3

========================================================================
Received Import Request.
  Time since last request: 0.000030 seconds.
  path: Assets/Space Exploration/Picto_Icons/Dark_Purple/download-64.png
  artifactKey: Guid(0712525d132440a4697e56e447b82c77) Importer(2089858483,b0f066a214c2f5e87bad3c948f4d605d)
Start importing Assets/Space Exploration/Picto_Icons/Dark_Purple/download-64.png using Guid(0712525d132440a4697e56e447b82c77) Importer(2089858483,b0f066a214c2f5e87bad3c948f4d605d) (ScriptedImporter) -> (artifact id: '54b3e9282a474c5020bcfe9c54ceb1c2') in 0.0612625 seconds
Number of updated asset objects reloaded before import = 0Number of asset objects unloaded after import = 3

========================================================================
Received Import Request.
  Time since last request: 0.000044 seconds.
  path: Assets/Space Exploration/Picto_Icons/Dark_Purple/play-32.png
  artifactKey: Guid(7f296a3de945eab478631a1806ea78d9) Importer(2089858483,b0f066a214c2f5e87bad3c948f4d605d)
Start importing Assets/Space Exploration/Picto_Icons/Dark_Purple/play-32.png using Guid(7f296a3de945eab478631a1806ea78d9) Importer(2089858483,b0f066a214c2f5e87bad3c948f4d605d) (ScriptedImporter) -> (artifact id: 'ff30be0e15045c3afd823e3d01c4a245') in 0.135807 seconds
Number of updated asset objects reloaded before import = 0Number of asset objects unloaded after import = 3

========================================================================
Received Import Request.
  Time since last request: 0.000026 seconds.
  path: Assets/Space Exploration/Prefabs/Buttons_Simple/Medium/Yellow/Large_Yellow_Medium_Button.prefab
  artifactKey: Guid(5e0d81b9be7d6e447b9f18d912188c9f) Importer(2089858483,b0f066a214c2f5e87bad3c948f4d605d)
Start importing Assets/Space Exploration/Prefabs/Buttons_Simple/Medium/Yellow/Large_Yellow_Medium_Button.prefab using Guid(5e0d81b9be7d6e447b9f18d912188c9f) Importer(2089858483,b0f066a214c2f5e87bad3c948f4d605d) (ScriptedImporter) -> (artifact id: '80626a6e6ed0cdec73375ad3dfa17f7e') in 0.0872767 seconds
Number of updated asset objects reloaded before import = 0Number of asset objects unloaded after import = 18

========================================================================
Received Import Request.
  Time since last request: 0.000044 seconds.
  path: Assets/Photon/PhotonUnityNetworking/Demos/PunCockpit/Scripts/Autonomous UI/LayoutElementMatchSize.cs
  artifactKey: Guid(3ec618017b87f49b4a2bfc6a0a0bff3d) Importer(2089858483,b0f066a214c2f5e87bad3c948f4d605d)
Start importing Assets/Photon/PhotonUnityNetworking/Demos/PunCockpit/Scripts/Autonomous UI/LayoutElementMatchSize.cs using Guid(3ec618017b87f49b4a2bfc6a0a0bff3d) Importer(2089858483,b0f066a214c2f5e87bad3c948f4d605d) (ScriptedImporter) -> (artifact id: '005d4c1bd9ef5b43e4cc240aa475e43d') in 0.0453463 seconds
Number of updated asset objects reloaded before import = 0Number of asset objects unloaded after import = 0

========================================================================
Received Import Request.
  Time since last request: 0.000041 seconds.
  path: Assets/Space Exploration/Icons/purple-ore-128.png
  artifactKey: Guid(af77d38e411cd584b91cf80cb240cbb6) Importer(2089858483,b0f066a214c2f5e87bad3c948f4d605d)
Start importing Assets/Space Exploration/Icons/purple-ore-128.png using Guid(af77d38e411cd584b91cf80cb240cbb6) Importer(2089858483,b0f066a214c2f5e87bad3c948f4d605d) (ScriptedImporter) -> (artifact id: '11dcc3091755db6a12689dfcce08b50d') in 0.0804396 seconds
Number of updated asset objects reloaded before import = 0Number of asset objects unloaded after import = 3

========================================================================
Received Import Request.
  Time since last request: 0.000051 seconds.
  path: Assets/Space Exploration/Button_Images/Pressed_Sprites/Small/large-yellow-sparkle-pressed-small.png
  artifactKey: Guid(dcd792ef4c039e54db39f02fdda62293) Importer(2089858483,b0f066a214c2f5e87bad3c948f4d605d)
Start importing Assets/Space Exploration/Button_Images/Pressed_Sprites/Small/large-yellow-sparkle-pressed-small.png using Guid(dcd792ef4c039e54db39f02fdda62293) Importer(2089858483,b0f066a214c2f5e87bad3c948f4d605d) (ScriptedImporter) -> (artifact id: '675d55120d896d8f732a0298114c05be') in 0.0450692 seconds
Number of updated asset objects reloaded before import = 0Number of asset objects unloaded after import = 3

========================================================================
Received Import Request.
  Time since last request: 0.000026 seconds.
  path: Assets/Free LowPoly Pack/Prefabs/CeilingLampA.prefab
  artifactKey: Guid(52ad5c9c020a19c4bb74de3a99cf0974) Importer(2089858483,b0f066a214c2f5e87bad3c948f4d605d)
Start importing Assets/Free LowPoly Pack/Prefabs/CeilingLampA.prefab using Guid(52ad5c9c020a19c4bb74de3a99cf0974) Importer(2089858483,b0f066a214c2f5e87bad3c948f4d605d) (ScriptedImporter) -> (artifact id: '4d1731006b19738d4343b208c2898220') in 0.1183359 seconds
Number of updated asset objects reloaded before import = 0Number of asset objects unloaded after import = 10

========================================================================
Received Import Request.
  Time since last request: 0.000039 seconds.
  path: Assets/Space Exploration/Button_Images/Pressed_Sprites/Extra_Large/short-purple-pressed-extra-large.png
  artifactKey: Guid(980c4cacfff9e0f48b93a8e7a0697e7b) Importer(2089858483,b0f066a214c2f5e87bad3c948f4d605d)
Start importing Assets/Space Exploration/Button_Images/Pressed_Sprites/Extra_Large/short-purple-pressed-extra-large.png using Guid(980c4cacfff9e0f48b93a8e7a0697e7b) Importer(2089858483,b0f066a214c2f5e87bad3c948f4d605d) (ScriptedImporter) -> (artifact id: 'd86fe4378f38ea59512fedeb385fee2b') in 0.0797795 seconds
Number of updated asset objects reloaded before import = 0Number of asset objects unloaded after import = 3

========================================================================
Received Import Request.
  Time since last request: 0.000029 seconds.
  path: Assets/Space Exploration/Picto_Icons/Light_Purple/next-64.png
  artifactKey: Guid(379434f83ad5b70459036edfd1513f07) Importer(2089858483,b0f066a214c2f5e87bad3c948f4d605d)
Start importing Assets/Space Exploration/Picto_Icons/Light_Purple/next-64.png using Guid(379434f83ad5b70459036edfd1513f07) Importer(2089858483,b0f066a214c2f5e87bad3c948f4d605d) (ScriptedImporter) -> (artifact id: '66f413f7b26ed8d897f45cfa4f876b92') in 0.0531985 seconds
Number of updated asset objects reloaded before import = 0Number of asset objects unloaded after import = 3

========================================================================
Received Import Request.
  Time since last request: 0.000037 seconds.
  path: Assets/Space Exploration/Picto_Icons/Dark_Purple/sword-256.png
  artifactKey: Guid(c0625fa6625f59d46a096ccb751c7d7e) Importer(2089858483,b0f066a214c2f5e87bad3c948f4d605d)
Start importing Assets/Space Exploration/Picto_Icons/Dark_Purple/sword-256.png using Guid(c0625fa6625f59d46a096ccb751c7d7e) Importer(2089858483,b0f066a214c2f5e87bad3c948f4d605d) (ScriptedImporter) -> (artifact id: 'c814133de32de2b6e4440e59c4892033') in 0.0524751 seconds
Number of updated asset objects reloaded before import = 0Number of asset objects unloaded after import = 3

========================================================================
Received Import Request.
  Time since last request: 0.000025 seconds.
  path: Assets/Space Exploration/Picto_Icons/Dark_Purple/leaf-32.png
  artifactKey: Guid(dd4b2d73da2b5374da4aa5a05db4c54c) Importer(2089858483,b0f066a214c2f5e87bad3c948f4d605d)
Start importing Assets/Space Exploration/Picto_Icons/Dark_Purple/leaf-32.png using Guid(dd4b2d73da2b5374da4aa5a05db4c54c) Importer(2089858483,b0f066a214c2f5e87bad3c948f4d605d) (ScriptedImporter) -> (artifact id: 'ef72623928dc61ddf88f1254a4626af9') in 0.0506007 seconds
Number of updated asset objects reloaded before import = 0Number of asset objects unloaded after import = 3

========================================================================
Received Import Request.
  Time since last request: 0.000045 seconds.
  path: Assets/Space Exploration/Prefabs/Buttons_Simple/Extra Large/Pink/Short_Pink_Extra_Large_Button.prefab
  artifactKey: Guid(43ec67d431b4aa648bef9dbbee51420a) Importer(2089858483,b0f066a214c2f5e87bad3c948f4d605d)
Start importing Assets/Space Exploration/Prefabs/Buttons_Simple/Extra Large/Pink/Short_Pink_Extra_Large_Button.prefab using Guid(43ec67d431b4aa648bef9dbbee51420a) Importer(2089858483,b0f066a214c2f5e87bad3c948f4d605d) (ScriptedImporter) -> (artifact id: '2ef8b6a883da9b50fd4e0da28e743a99') in 0.0835249 seconds
Number of updated asset objects reloaded before import = 0Number of asset objects unloaded after import = 18

========================================================================
Received Import Request.
  Time since last request: 0.000037 seconds.
  path: Assets/Space Exploration/Icons/heart-128.png
  artifactKey: Guid(97da73e1e810d264792bc5a70ff6e6b4) Importer(2089858483,b0f066a214c2f5e87bad3c948f4d605d)
Start importing Assets/Space Exploration/Icons/heart-128.png using Guid(97da73e1e810d264792bc5a70ff6e6b4) Importer(2089858483,b0f066a214c2f5e87bad3c948f4d605d) (ScriptedImporter) -> (artifact id: '5cc6292f7789d32ef7eb8222818ec836') in 0.0428638 seconds
Number of updated asset objects reloaded before import = 0Number of asset objects unloaded after import = 3

========================================================================
Received Import Request.
  Time since last request: 0.000047 seconds.
  path: Assets/Photon/PhotonUnityNetworking/Demos/PunCockpit
  artifactKey: Guid(09ab33cdd6af1144ea9ca35ac9f5b719) Importer(2089858483,b0f066a214c2f5e87bad3c948f4d605d)
Start importing Assets/Photon/PhotonUnityNetworking/Demos/PunCockpit using Guid(09ab33cdd6af1144ea9ca35ac9f5b719) Importer(2089858483,b0f066a214c2f5e87bad3c948f4d605d) (ScriptedImporter) -> (artifact id: '544d08dfa610f1dd5ac1dbf5548b2797') in 0.0383824 seconds
Number of updated asset objects reloaded before import = 0Number of asset objects unloaded after import = 1

========================================================================
Received Import Request.
  Time since last request: 0.000037 seconds.
  path: Assets/Photon/PhotonUnityNetworking/Icons/PunIconApp48.png
  artifactKey: Guid(44ebd8e6f42cae445ab4b22f0a9b48a0) Importer(2089858483,b0f066a214c2f5e87bad3c948f4d605d)
Start importing Assets/Photon/PhotonUnityNetworking/Icons/PunIconApp48.png using Guid(44ebd8e6f42cae445ab4b22f0a9b48a0) Importer(2089858483,b0f066a214c2f5e87bad3c948f4d605d) (ScriptedImporter) -> (artifact id: '7528f56b625633633188dd0cbd62449a') in 0.0570805 seconds
Number of updated asset objects reloaded before import = 0Number of asset objects unloaded after import = 3

========================================================================
Received Import Request.
  Time since last request: 0.000057 seconds.
  path: Assets/Space Exploration/Button_Images/Source_Image_Sprites/large/extra-long-yellow-large.png
  artifactKey: Guid(0e7afc1450c03cb418716e928679cecf) Importer(2089858483,b0f066a214c2f5e87bad3c948f4d605d)
Start importing Assets/Space Exploration/Button_Images/Source_Image_Sprites/large/extra-long-yellow-large.png using Guid(0e7afc1450c03cb418716e928679cecf) Importer(2089858483,b0f066a214c2f5e87bad3c948f4d605d) (ScriptedImporter) -> (artifact id: '9ba451c4813f08df0656aeff97378021') in 0.0449738 seconds
Number of updated asset objects reloaded before import = 0Number of asset objects unloaded after import = 3

========================================================================
Received Import Request.
  Time since last request: 0.000029 seconds.
  path: Assets/Space Exploration/Picto_Icons/Light_Purple/axe-256.png
  artifactKey: Guid(deb79b8ca22cdf04a9e723befbf6790c) Importer(2089858483,b0f066a214c2f5e87bad3c948f4d605d)
Start importing Assets/Space Exploration/Picto_Icons/Light_Purple/axe-256.png using Guid(deb79b8ca22cdf04a9e723befbf6790c) Importer(2089858483,b0f066a214c2f5e87bad3c948f4d605d) (ScriptedImporter) -> (artifact id: 'd4c7a08a035848e81ed4a78513c606cf') in 0.0813866 seconds
Number of updated asset objects reloaded before import = 0Number of asset objects unloaded after import = 3

========================================================================
Received Import Request.
  Time since last request: 0.000036 seconds.
  path: Assets/PlayFabSDK/Localization/PlayFabEvents.cs
  artifactKey: Guid(1c3bd18b65a5d8d4eb83e5ef98114e4d) Importer(2089858483,b0f066a214c2f5e87bad3c948f4d605d)
Start importing Assets/PlayFabSDK/Localization/PlayFabEvents.cs using Guid(1c3bd18b65a5d8d4eb83e5ef98114e4d) Importer(2089858483,b0f066a214c2f5e87bad3c948f4d605d) (ScriptedImporter) -> (artifact id: '9cfe6c91cbf17e67d54015d3f887320f') in 0.0422296 seconds
Number of updated asset objects reloaded before import = 0Number of asset objects unloaded after import = 0

========================================================================
Received Import Request.
  Time since last request: 0.000031 seconds.
  path: Assets/Photon/PhotonUnityNetworking/UtilityScripts/Culling/Editor
  artifactKey: Guid(fcede10f4c76b443483f21320fee20e5) Importer(2089858483,b0f066a214c2f5e87bad3c948f4d605d)
Start importing Assets/Photon/PhotonUnityNetworking/UtilityScripts/Culling/Editor using Guid(fcede10f4c76b443483f21320fee20e5) Importer(2089858483,b0f066a214c2f5e87bad3c948f4d605d) (ScriptedImporter) -> (artifact id: '4475ab21b416e36af88dd27cac26d2f5') in 0.0351925 seconds
Number of updated asset objects reloaded before import = 0Number of asset objects unloaded after import = 1

========================================================================
Received Import Request.
  Time since last request: 0.000067 seconds.
  path: Assets/PlayFabSDK/Shared/Internal/PlayFabHttp
  artifactKey: Guid(6de758a294727f04c82bf319fdd54c60) Importer(2089858483,b0f066a214c2f5e87bad3c948f4d605d)
Start importing Assets/PlayFabSDK/Shared/Internal/PlayFabHttp using Guid(6de758a294727f04c82bf319fdd54c60) Importer(2089858483,b0f066a214c2f5e87bad3c948f4d605d) (ScriptedImporter) -> (artifact id: 'dd973f08c871aec6b0199afe22b2e495') in 0.0252404 seconds
Number of updated asset objects reloaded before import = 0Number of asset objects unloaded after import = 1

========================================================================
Received Import Request.
  Time since last request: 0.000031 seconds.
  path: Assets/Space Exploration/Picto_Icons/Dark_Purple/power-32.png
  artifactKey: Guid(7b318798e5de1f947beb0af2f0c089b0) Importer(2089858483,b0f066a214c2f5e87bad3c948f4d605d)
Start importing Assets/Space Exploration/Picto_Icons/Dark_Purple/power-32.png using Guid(7b318798e5de1f947beb0af2f0c089b0) Importer(2089858483,b0f066a214c2f5e87bad3c948f4d605d) (ScriptedImporter) -> (artifact id: '84713301d7b3c90d4594aa2b745e20f7') in 0.0684292 seconds
Number of updated asset objects reloaded before import = 0Number of asset objects unloaded after import = 3

========================================================================
Received Import Request.
  Time since last request: 0.000042 seconds.
  path: Assets/Photon/PhotonChat/Demos/Demo Chat/Code/FriendItem.cs
  artifactKey: Guid(2a3cc2bf2597946e3a355de2affc40b5) Importer(2089858483,b0f066a214c2f5e87bad3c948f4d605d)
Start importing Assets/Photon/PhotonChat/Demos/Demo Chat/Code/FriendItem.cs using Guid(2a3cc2bf2597946e3a355de2affc40b5) Importer(2089858483,b0f066a214c2f5e87bad3c948f4d605d) (ScriptedImporter) -> (artifact id: '28c97e6045a0848961938e1e60b35eb5') in 0.027744 seconds
Number of updated asset objects reloaded before import = 0Number of asset objects unloaded after import = 0

========================================================================
Received Import Request.
  Time since last request: 0.000029 seconds.
  path: Assets/Space Exploration/Picto_Icons/Light_Purple/down-arrow-256.png
  artifactKey: Guid(5e594b2a509930d46912570c32dbbde4) Importer(2089858483,b0f066a214c2f5e87bad3c948f4d605d)
Start importing Assets/Space Exploration/Picto_Icons/Light_Purple/down-arrow-256.png using Guid(5e594b2a509930d46912570c32dbbde4) Importer(2089858483,b0f066a214c2f5e87bad3c948f4d605d) (ScriptedImporter) -> (artifact id: 'ca6c2967907e258aaca9ab61d570d3ed') in 0.0581919 seconds
Number of updated asset objects reloaded before import = 0Number of asset objects unloaded after import = 3

========================================================================
Received Import Request.
  Time since last request: 0.000041 seconds.
  path: Assets/Space Exploration/Prefabs/Buttons_Simple/Medium/Blue/Short_Blue_Medium_Button.prefab
  artifactKey: Guid(2e74127f2fc36574fa8e9b0694142b75) Importer(2089858483,b0f066a214c2f5e87bad3c948f4d605d)
Start importing Assets/Space Exploration/Prefabs/Buttons_Simple/Medium/Blue/Short_Blue_Medium_Button.prefab using Guid(2e74127f2fc36574fa8e9b0694142b75) Importer(2089858483,b0f066a214c2f5e87bad3c948f4d605d) (ScriptedImporter) -> (artifact id: '3655ae9aeb12cd81f5fa3295d331657f') in 0.0835479 seconds
Number of updated asset objects reloaded before import = 0Number of asset objects unloaded after import = 18

========================================================================
Received Import Request.
  Time since last request: 0.000032 seconds.
  path: Assets/Space Exploration/Picto_Icons/Dark_Purple/buy-256.png
  artifactKey: Guid(4d969515177c34146aaedbb09fc8bc36) Importer(2089858483,b0f066a214c2f5e87bad3c948f4d605d)
Start importing Assets/Space Exploration/Picto_Icons/Dark_Purple/buy-256.png using Guid(4d969515177c34146aaedbb09fc8bc36) Importer(2089858483,b0f066a214c2f5e87bad3c948f4d605d) (ScriptedImporter) -> (artifact id: '91e6970a7b7c380255b553e639f2d7ee') in 0.0931279 seconds
Number of updated asset objects reloaded before import = 0Number of asset objects unloaded after import = 3

========================================================================
Received Import Request.
  Time since last request: 0.000042 seconds.
  path: Assets/Space Exploration/Picto_Icons/Light_Purple/battle-256.png
  artifactKey: Guid(97a25baa2af062a458ab8ddf19a4ee3f) Importer(2089858483,b0f066a214c2f5e87bad3c948f4d605d)
Start importing Assets/Space Exploration/Picto_Icons/Light_Purple/battle-256.png using Guid(97a25baa2af062a458ab8ddf19a4ee3f) Importer(2089858483,b0f066a214c2f5e87bad3c948f4d605d) (ScriptedImporter) -> (artifact id: 'fd7edc34d27814e27361fc1817070e04') in 0.0592007 seconds
Number of updated asset objects reloaded before import = 0Number of asset objects unloaded after import = 3

========================================================================
Received Import Request.
  Time since last request: 0.000027 seconds.
  path: Assets/Photon/PhotonRealtime/Code/Unity/Editor/EditorIntegration.cs
  artifactKey: Guid(2bcf91572f7932545a99a0ee58fde6e4) Importer(2089858483,b0f066a214c2f5e87bad3c948f4d605d)
Start importing Assets/Photon/PhotonRealtime/Code/Unity/Editor/EditorIntegration.cs using Guid(2bcf91572f7932545a99a0ee58fde6e4) Importer(2089858483,b0f066a214c2f5e87bad3c948f4d605d) (ScriptedImporter) -> (artifact id: '87c39386226aaa4523dad424821a14f4') in 0.0610492 seconds
Number of updated asset objects reloaded before import = 0Number of asset objects unloaded after import = 0

========================================================================
Received Import Request.
  Time since last request: 0.000046 seconds.
  path: Assets/Space Exploration/Icons/lock-1-128.png
  artifactKey: Guid(e234695739d1b7444b9000a5a6cbb06a) Importer(2089858483,b0f066a214c2f5e87bad3c948f4d605d)
Start importing Assets/Space Exploration/Icons/lock-1-128.png using Guid(e234695739d1b7444b9000a5a6cbb06a) Importer(2089858483,b0f066a214c2f5e87bad3c948f4d605d) (ScriptedImporter) -> (artifact id: '3ef70512ffeb87d685bad105c4b59895') in 0.0720755 seconds
Number of updated asset objects reloaded before import = 0Number of asset objects unloaded after import = 3

========================================================================
Received Import Request.
  Time since last request: 0.000028 seconds.
  path: Assets/Space Exploration/Containers/Extra Large/setting-container-extra-large.png
  artifactKey: Guid(aa3438aa1d398674d8b1a32c1176337f) Importer(2089858483,b0f066a214c2f5e87bad3c948f4d605d)
Start importing Assets/Space Exploration/Containers/Extra Large/setting-container-extra-large.png using Guid(aa3438aa1d398674d8b1a32c1176337f) Importer(2089858483,b0f066a214c2f5e87bad3c948f4d605d) (ScriptedImporter) -> (artifact id: 'be33d7c764f7b8d70cb472030bfcd7a4') in 0.4035325 seconds
Number of updated asset objects reloaded before import = 0Number of asset objects unloaded after import = 3

========================================================================
Received Import Request.
  Time since last request: 0.000044 seconds.
  path: Assets/Space Exploration/Picto_Icons/Light_Purple/mic-64.png
  artifactKey: Guid(c5280754698d7474aa4d8a843dab8195) Importer(2089858483,b0f066a214c2f5e87bad3c948f4d605d)
Start importing Assets/Space Exploration/Picto_Icons/Light_Purple/mic-64.png using Guid(c5280754698d7474aa4d8a843dab8195) Importer(2089858483,b0f066a214c2f5e87bad3c948f4d605d) (ScriptedImporter) -> (artifact id: '8b03425644b2d5664ebad67c49f8294f') in 0.0455158 seconds
Number of updated asset objects reloaded before import = 0Number of asset objects unloaded after import = 3

========================================================================
Received Import Request.
  Time since last request: 0.000027 seconds.
  path: Assets/Photon/PhotonUnityNetworking/Demos/PunCockpit/Scripts/Lists/PropertyCell.cs
  artifactKey: Guid(b130ea0b2adec46ef87072879b8ac38c) Importer(2089858483,b0f066a214c2f5e87bad3c948f4d605d)
Start importing Assets/Photon/PhotonUnityNetworking/Demos/PunCockpit/Scripts/Lists/PropertyCell.cs using Guid(b130ea0b2adec46ef87072879b8ac38c) Importer(2089858483,b0f066a214c2f5e87bad3c948f4d605d) (ScriptedImporter) -> (artifact id: 'd918be2c6db7fb6b7b4d16300636c803') in 0.0263584 seconds
Number of updated asset objects reloaded before import = 0Number of asset objects unloaded after import = 0

========================================================================
Received Import Request.
  Time since last request: 0.000044 seconds.
  path: Assets/Space Exploration/Picto_Icons/White/redo-256.png
  artifactKey: Guid(a1b7a9f44dce4044a8261e0a0f01e7f9) Importer(2089858483,b0f066a214c2f5e87bad3c948f4d605d)
Start importing Assets/Space Exploration/Picto_Icons/White/redo-256.png using Guid(a1b7a9f44dce4044a8261e0a0f01e7f9) Importer(2089858483,b0f066a214c2f5e87bad3c948f4d605d) (ScriptedImporter) -> (artifact id: '7e69ed2edb3d24d8717843c88abca6e9') in 0.0862387 seconds
Number of updated asset objects reloaded before import = 0Number of asset objects unloaded after import = 3

========================================================================
Received Import Request.
  Time since last request: 0.000029 seconds.
  path: Assets/Space Exploration/Button_Images/Source_Image_Sprites/extra large/large-purple-sparkle-extra-large.png
  artifactKey: Guid(38c4d0910e0fadb4b9eb2a0ecc6d402f) Importer(2089858483,b0f066a214c2f5e87bad3c948f4d605d)
Start importing Assets/Space Exploration/Button_Images/Source_Image_Sprites/extra large/large-purple-sparkle-extra-large.png using Guid(38c4d0910e0fadb4b9eb2a0ecc6d402f) Importer(2089858483,b0f066a214c2f5e87bad3c948f4d605d) (ScriptedImporter) -> (artifact id: '82c07534f503b35c7f873d68f8e33786') in 0.075118 seconds
Number of updated asset objects reloaded before import = 0Number of asset objects unloaded after import = 3

========================================================================
Received Import Request.
  Time since last request: 0.000042 seconds.
  path: Assets/Space Exploration/Prefabs/Buttons_Simple/Medium/Yellow/Sparkle_Large_Yellow_Medium_Button.prefab
  artifactKey: Guid(48f8d2e1826217846abdff93f17ed37e) Importer(2089858483,b0f066a214c2f5e87bad3c948f4d605d)
Start importing Assets/Space Exploration/Prefabs/Buttons_Simple/Medium/Yellow/Sparkle_Large_Yellow_Medium_Button.prefab using Guid(48f8d2e1826217846abdff93f17ed37e) Importer(2089858483,b0f066a214c2f5e87bad3c948f4d605d) (ScriptedImporter) -> (artifact id: 'b985f700d7fedc94e51d1fae5591e4b4') in 0.1666459 seconds
Number of updated asset objects reloaded before import = 0Number of asset objects unloaded after import = 18

========================================================================
Received Import Request.
  Time since last request: 0.000033 seconds.
  path: Assets/Space Exploration/Picto_Icons/Dark_Purple/chat-256.png
  artifactKey: Guid(f232a047e5601ec45b81dc7a9e0fffaa) Importer(2089858483,b0f066a214c2f5e87bad3c948f4d605d)
Start importing Assets/Space Exploration/Picto_Icons/Dark_Purple/chat-256.png using Guid(f232a047e5601ec45b81dc7a9e0fffaa) Importer(2089858483,b0f066a214c2f5e87bad3c948f4d605d) (ScriptedImporter) -> (artifact id: '0e7f83589bb13c9d7dd35c8e3976fb1a') in 0.0746486 seconds
Number of updated asset objects reloaded before import = 0Number of asset objects unloaded after import = 3

========================================================================
Received Import Request.
  Time since last request: 0.000039 seconds.
  path: Assets/Photon/PhotonUnityNetworking/Demos/DemoSlotRacer/Kenney Assets/Stylized city/Materials/24 - Default.mat
  artifactKey: Guid(c14837dfa515883428e5652d93e80c72) Importer(2089858483,b0f066a214c2f5e87bad3c948f4d605d)
Start importing Assets/Photon/PhotonUnityNetworking/Demos/DemoSlotRacer/Kenney Assets/Stylized city/Materials/24 - Default.mat using Guid(c14837dfa515883428e5652d93e80c72) Importer(2089858483,b0f066a214c2f5e87bad3c948f4d605d) (ScriptedImporter) -> (artifact id: '0431c5e9ade93367b9d0be57d14ef00a') in 0.0555738 seconds
Number of updated asset objects reloaded before import = 0Number of asset objects unloaded after import = 1

========================================================================
Received Import Request.
  Time since last request: 0.000028 seconds.
  path: Assets/PlayFabSDK/Groups
  artifactKey: Guid(362835eaf7c8a5e47baa567500fe68b1) Importer(2089858483,b0f066a214c2f5e87bad3c948f4d605d)
Start importing Assets/PlayFabSDK/Groups using Guid(362835eaf7c8a5e47baa567500fe68b1) Importer(2089858483,b0f066a214c2f5e87bad3c948f4d605d) (ScriptedImporter) -> (artifact id: '8ba32bb753bbcdc1334e6e6724d80c56') in 0.0895672 seconds
Number of updated asset objects reloaded before import = 0Number of asset objects unloaded after import = 1

========================================================================
Received Import Request.
  Time since last request: 0.000042 seconds.
  path: Assets/PlayFabSDK/Server
  artifactKey: Guid(be1738c19ed8d48468d5163ea56f2b1e) Importer(2089858483,b0f066a214c2f5e87bad3c948f4d605d)
Start importing Assets/PlayFabSDK/Server using Guid(be1738c19ed8d48468d5163ea56f2b1e) Importer(2089858483,b0f066a214c2f5e87bad3c948f4d605d) (ScriptedImporter) -> (artifact id: '159145d62e2a03c15310d9131e32fd04') in 0.051322 seconds
Number of updated asset objects reloaded before import = 0Number of asset objects unloaded after import = 1

========================================================================
Received Import Request.
  Time since last request: 0.000029 seconds.
  path: Assets/Space Exploration/Grid_Components/Small/dark-square-button-blank-small.png
  artifactKey: Guid(3755dbed73b05ec4db08c45a01e48428) Importer(2089858483,b0f066a214c2f5e87bad3c948f4d605d)
Start importing Assets/Space Exploration/Grid_Components/Small/dark-square-button-blank-small.png using Guid(3755dbed73b05ec4db08c45a01e48428) Importer(2089858483,b0f066a214c2f5e87bad3c948f4d605d) (ScriptedImporter) -> (artifact id: '4ecb305fb8b7586d393aaee0c3d0c7ef') in 0.0367864 seconds
Number of updated asset objects reloaded before import = 0Number of asset objects unloaded after import = 3

========================================================================
Received Import Request.
  Time since last request: 0.000050 seconds.
  path: Assets/Space Exploration/Button_Images/Source_Image_Sprites/small/large-blue-small.png
  artifactKey: Guid(e3fd64505e97ed0419a0eb8ac50f7e28) Importer(2089858483,b0f066a214c2f5e87bad3c948f4d605d)
Start importing Assets/Space Exploration/Button_Images/Source_Image_Sprites/small/large-blue-small.png using Guid(e3fd64505e97ed0419a0eb8ac50f7e28) Importer(2089858483,b0f066a214c2f5e87bad3c948f4d605d) (ScriptedImporter) -> (artifact id: 'd2f2bd83a953e512a35da8b03113f736') in 0.0482669 seconds
Number of updated asset objects reloaded before import = 0Number of asset objects unloaded after import = 3

========================================================================
Received Import Request.
  Time since last request: 0.000028 seconds.
  path: Assets/Space Exploration/Picto_Icons/Light_Purple/mushroom-256.png
  artifactKey: Guid(61216a466d856844fbb6e92e5f7df09c) Importer(2089858483,b0f066a214c2f5e87bad3c948f4d605d)
Start importing Assets/Space Exploration/Picto_Icons/Light_Purple/mushroom-256.png using Guid(61216a466d856844fbb6e92e5f7df09c) Importer(2089858483,b0f066a214c2f5e87bad3c948f4d605d) (ScriptedImporter) -> (artifact id: '68b2ecf50a1728fd8ab4c0e93ef116d3') in 0.0545383 seconds
Number of updated asset objects reloaded before import = 0Number of asset objects unloaded after import = 3

========================================================================
Received Import Request.
  Time since last request: 0.000041 seconds.
  path: Assets/Photon/PhotonUnityNetworking/Demos/PunCockpit/Scripts/ReadOnlyProperties/CurrentRoomEmptyRoomTtlProperty.cs
  artifactKey: Guid(67529d68dc8144ab1a5b19abf91fce56) Importer(2089858483,b0f066a214c2f5e87bad3c948f4d605d)
Start importing Assets/Photon/PhotonUnityNetworking/Demos/PunCockpit/Scripts/ReadOnlyProperties/CurrentRoomEmptyRoomTtlProperty.cs using Guid(67529d68dc8144ab1a5b19abf91fce56) Importer(2089858483,b0f066a214c2f5e87bad3c948f4d605d) (ScriptedImporter) -> (artifact id: 'f320c08b404163133856f0698e3390f8') in 0.0286223 seconds
Number of updated asset objects reloaded before import = 0Number of asset objects unloaded after import = 0

========================================================================
Received Import Request.
  Time since last request: 0.000086 seconds.
  path: Assets/Space Exploration/Button_Images/Disabled_Sprites/Medium/short-disabled-medium.png
  artifactKey: Guid(b21442107ff719241b12d2ed31e5dc46) Importer(2089858483,b0f066a214c2f5e87bad3c948f4d605d)
Start importing Assets/Space Exploration/Button_Images/Disabled_Sprites/Medium/short-disabled-medium.png using Guid(b21442107ff719241b12d2ed31e5dc46) Importer(2089858483,b0f066a214c2f5e87bad3c948f4d605d) (ScriptedImporter) -> (artifact id: '7199147535c59c05b6a45d6ecd50dfbb') in 0.0570617 seconds
Number of updated asset objects reloaded before import = 0Number of asset objects unloaded after import = 3

========================================================================
Received Import Request.
  Time since last request: 0.000036 seconds.
  path: Assets/TextMesh Pro/Resources/Style Sheets
  artifactKey: Guid(4aecb92fff08436c8303b10eab8da368) Importer(2089858483,b0f066a214c2f5e87bad3c948f4d605d)
Start importing Assets/TextMesh Pro/Resources/Style Sheets using Guid(4aecb92fff08436c8303b10eab8da368) Importer(2089858483,b0f066a214c2f5e87bad3c948f4d605d) (ScriptedImporter) -> (artifact id: '1107e15f1abe6a2e81561e9d22b60b3b') in 0.031036 seconds
Number of updated asset objects reloaded before import = 0Number of asset objects unloaded after import = 1

========================================================================
Received Import Request.
  Time since last request: 0.000026 seconds.
  path: Assets/Space Exploration/Picto_Icons/Dark_Purple/ranking-32.png
  artifactKey: Guid(fd4c547b16d957e4cbe7fda223186649) Importer(2089858483,b0f066a214c2f5e87bad3c948f4d605d)
Start importing Assets/Space Exploration/Picto_Icons/Dark_Purple/ranking-32.png using Guid(fd4c547b16d957e4cbe7fda223186649) Importer(2089858483,b0f066a214c2f5e87bad3c948f4d605d) (ScriptedImporter) -> (artifact id: '1e3cb23baef93f4abb74cefc5c881386') in 0.0510107 seconds
Number of updated asset objects reloaded before import = 0Number of asset objects unloaded after import = 3

========================================================================
Received Import Request.
  Time since last request: 0.000036 seconds.
  path: Assets/Space Exploration/Picto_Icons/Dark_Purple/all-dark-purple-256.png
  artifactKey: Guid(650a8d123918ffc46a2114e959ec13e1) Importer(2089858483,b0f066a214c2f5e87bad3c948f4d605d)
Start importing Assets/Space Exploration/Picto_Icons/Dark_Purple/all-dark-purple-256.png using Guid(650a8d123918ffc46a2114e959ec13e1) Importer(2089858483,b0f066a214c2f5e87bad3c948f4d605d) (ScriptedImporter) -> (artifact id: '23087b52cf5d617f1512ba1604a5bdea') in 0.0945853 seconds
Number of updated asset objects reloaded before import = 0Number of asset objects unloaded after import = 3

========================================================================
Received Import Request.
  Time since last request: 0.000098 seconds.
  path: Assets/Space Exploration/Picto_Icons/Light_Purple/@-256.png
  artifactKey: Guid(d01ee54a6177b89468be919d1c9a90ec) Importer(2089858483,b0f066a214c2f5e87bad3c948f4d605d)
Start importing Assets/Space Exploration/Picto_Icons/Light_Purple/@-256.png using Guid(d01ee54a6177b89468be919d1c9a90ec) Importer(2089858483,b0f066a214c2f5e87bad3c948f4d605d) (ScriptedImporter) -> (artifact id: 'effd0b34564ae4481221d6d71d3c1200') in 0.0860846 seconds
Number of updated asset objects reloaded before import = 0Number of asset objects unloaded after import = 3

========================================================================
Received Import Request.
  Time since last request: 0.000038 seconds.
  path: Assets/Space Exploration/Picto_Icons/Light_Purple/web-64.png
  artifactKey: Guid(012a05af9cf14e6409b9d6a5a03b16fb) Importer(2089858483,b0f066a214c2f5e87bad3c948f4d605d)
Start importing Assets/Space Exploration/Picto_Icons/Light_Purple/web-64.png using Guid(012a05af9cf14e6409b9d6a5a03b16fb) Importer(2089858483,b0f066a214c2f5e87bad3c948f4d605d) (ScriptedImporter) -> (artifact id: 'a9b5c08123f2d2ddd8c913d403b71a56') in 0.1123471 seconds
Number of updated asset objects reloaded before import = 0Number of asset objects unloaded after import = 3

========================================================================
Received Import Request.
  Time since last request: 0.000031 seconds.
  path: Assets/Space Exploration/Picto_Icons/Dark_Purple/sparkles-256.png
  artifactKey: Guid(0334e95c5992ab8448ffea7c8be1c179) Importer(2089858483,b0f066a214c2f5e87bad3c948f4d605d)
Start importing Assets/Space Exploration/Picto_Icons/Dark_Purple/sparkles-256.png using Guid(0334e95c5992ab8448ffea7c8be1c179) Importer(2089858483,b0f066a214c2f5e87bad3c948f4d605d) (ScriptedImporter) -> (artifact id: '877cfd0659fcc40b3b36d631b2a03776') in 0.0584561 seconds
Number of updated asset objects reloaded before import = 0Number of asset objects unloaded after import = 3

========================================================================
Received Import Request.
  Time since last request: 0.000040 seconds.
  path: Assets/Space Exploration/Picto_Icons/Light_Purple/+-32.png
  artifactKey: Guid(21c2e23823934d249a75ca426a4aa925) Importer(2089858483,b0f066a214c2f5e87bad3c948f4d605d)
Start importing Assets/Space Exploration/Picto_Icons/Light_Purple/+-32.png using Guid(21c2e23823934d249a75ca426a4aa925) Importer(2089858483,b0f066a214c2f5e87bad3c948f4d605d) (ScriptedImporter) -> (artifact id: '020afc219d81ab1b2b678a8429e32804') in 0.046162 seconds
Number of updated asset objects reloaded before import = 0Number of asset objects unloaded after import = 3

========================================================================
Received Import Request.
  Time since last request: 0.000044 seconds.
  path: Assets/Space Exploration/Settings_&_Menu_Components/Medium/vertical-scroll-bar-handle-medium.png
  artifactKey: Guid(398fa3ecff7c66f43914873d61224466) Importer(2089858483,b0f066a214c2f5e87bad3c948f4d605d)
Start importing Assets/Space Exploration/Settings_&_Menu_Components/Medium/vertical-scroll-bar-handle-medium.png using Guid(398fa3ecff7c66f43914873d61224466) Importer(2089858483,b0f066a214c2f5e87bad3c948f4d605d) (ScriptedImporter) -> (artifact id: '09690ada17cd25ce9999dc7b8cb6abd0') in 0.0457246 seconds
Number of updated asset objects reloaded before import = 0Number of asset objects unloaded after import = 3

========================================================================
Received Import Request.
  Time since last request: 0.000045 seconds.
  path: Assets/Space Exploration/Picto_Icons/Dark_Purple/crescent-moon-64.png
  artifactKey: Guid(fc965ac378d096046a47274d5224a020) Importer(2089858483,b0f066a214c2f5e87bad3c948f4d605d)
Start importing Assets/Space Exploration/Picto_Icons/Dark_Purple/crescent-moon-64.png using Guid(fc965ac378d096046a47274d5224a020) Importer(2089858483,b0f066a214c2f5e87bad3c948f4d605d) (ScriptedImporter) -> (artifact id: 'b093143045b4f8b25a3b979a93a27459') in 0.0575092 seconds
Number of updated asset objects reloaded before import = 0Number of asset objects unloaded after import = 3

========================================================================
Received Import Request.
  Time since last request: 0.000028 seconds.
  path: Assets/Space Exploration/Button_Images/Source_Image_Sprites/medium/large-blue-medium.png
  artifactKey: Guid(010d54f1ec4cf5f4696878ea85d1a15e) Importer(2089858483,b0f066a214c2f5e87bad3c948f4d605d)
Start importing Assets/Space Exploration/Button_Images/Source_Image_Sprites/medium/large-blue-medium.png using Guid(010d54f1ec4cf5f4696878ea85d1a15e) Importer(2089858483,b0f066a214c2f5e87bad3c948f4d605d) (ScriptedImporter) -> (artifact id: 'd8674bb4cb08d6d66eca415858800048') in 0.048461 seconds
Number of updated asset objects reloaded before import = 0Number of asset objects unloaded after import = 3

========================================================================
Received Import Request.
  Time since last request: 0.000040 seconds.
  path: Assets/Space Exploration/Containers/Small/victory-defeat-container-small.png
  artifactKey: Guid(4fdaccec25219194594e3c6674b4b86d) Importer(2089858483,b0f066a214c2f5e87bad3c948f4d605d)
Start importing Assets/Space Exploration/Containers/Small/victory-defeat-container-small.png using Guid(4fdaccec25219194594e3c6674b4b86d) Importer(2089858483,b0f066a214c2f5e87bad3c948f4d605d) (ScriptedImporter) -> (artifact id: '568344a460a7aa549476b6d7bf62a82f') in 0.0673858 seconds
Number of updated asset objects reloaded before import = 0Number of asset objects unloaded after import = 3

========================================================================
Received Import Request.
  Time since last request: 0.000267 seconds.
  path: Assets/Space Exploration/Picto_Icons/Dark_Purple/link-256.png
  artifactKey: Guid(b66047d06559d3e4c8aa63d174da2929) Importer(2089858483,b0f066a214c2f5e87bad3c948f4d605d)
Start importing Assets/Space Exploration/Picto_Icons/Dark_Purple/link-256.png using Guid(b66047d06559d3e4c8aa63d174da2929) Importer(2089858483,b0f066a214c2f5e87bad3c948f4d605d) (ScriptedImporter) -> (artifact id: '05e92d3f9638f0247d658bff513f87ba') in 0.0508763 seconds
Number of updated asset objects reloaded before import = 0Number of asset objects unloaded after import = 3

========================================================================
Received Import Request.
  Time since last request: 0.000046 seconds.
  path: Assets/Space Exploration/Picto_Icons/Dark_Purple/book-128.png
  artifactKey: Guid(9177d7a619423c04b99bca3cd0629e12) Importer(2089858483,b0f066a214c2f5e87bad3c948f4d605d)
Start importing Assets/Space Exploration/Picto_Icons/Dark_Purple/book-128.png using Guid(9177d7a619423c04b99bca3cd0629e12) Importer(2089858483,b0f066a214c2f5e87bad3c948f4d605d) (ScriptedImporter) -> (artifact id: '51f3e38a291724b03b9ebe67f8f95132') in 0.0603775 seconds
Number of updated asset objects reloaded before import = 0Number of asset objects unloaded after import = 3

========================================================================
Received Import Request.
  Time since last request: 0.000033 seconds.
  path: Assets/Space Exploration/Prefabs/Buttons_Simple/Extra Large/Pink
  artifactKey: Guid(0c2676bd66adabe499dc850b718577e9) Importer(2089858483,b0f066a214c2f5e87bad3c948f4d605d)
Start importing Assets/Space Exploration/Prefabs/Buttons_Simple/Extra Large/Pink using Guid(0c2676bd66adabe499dc850b718577e9) Importer(2089858483,b0f066a214c2f5e87bad3c948f4d605d) (ScriptedImporter) -> (artifact id: '2b8ff85e53fbb0465284f65a5d98bbf2') in 0.0360682 seconds
Number of updated asset objects reloaded before import = 0Number of asset objects unloaded after import = 1

========================================================================
Received Import Request.
  Time since last request: 0.000041 seconds.
  path: Assets/Space Exploration/Picto_Icons/White/sound-off-64.png
  artifactKey: Guid(bac8a80e6acaf7e45aed8f3fbc770edd) Importer(2089858483,b0f066a214c2f5e87bad3c948f4d605d)
Start importing Assets/Space Exploration/Picto_Icons/White/sound-off-64.png using Guid(bac8a80e6acaf7e45aed8f3fbc770edd) Importer(2089858483,b0f066a214c2f5e87bad3c948f4d605d) (ScriptedImporter) -> (artifact id: '8f617ad8c5c1786a577a68a57c47fc51') in 0.0632727 seconds
Number of updated asset objects reloaded before import = 0Number of asset objects unloaded after import = 3

========================================================================
Received Import Request.
  Time since last request: 0.000050 seconds.
  path: Assets/Photon/PhotonUnityNetworking/Demos/PunCockpit/Scripts/Lists/FriendListView.cs
  artifactKey: Guid(ce2efcae64ac14edebdffc99a93e401a) Importer(2089858483,b0f066a214c2f5e87bad3c948f4d605d)
Start importing Assets/Photon/PhotonUnityNetworking/Demos/PunCockpit/Scripts/Lists/FriendListView.cs using Guid(ce2efcae64ac14edebdffc99a93e401a) Importer(2089858483,b0f066a214c2f5e87bad3c948f4d605d) (ScriptedImporter) -> (artifact id: '5ca47178158db207d4e90bc54c63ac26') in 0.0345049 seconds
Number of updated asset objects reloaded before import = 0Number of asset objects unloaded after import = 0

========================================================================
Received Import Request.
  Time since last request: 0.000061 seconds.
  path: Assets/Space Exploration/Other_Images/Extra_Large/shooting-star-pink-extra-large.png
  artifactKey: Guid(608c1a631c1d1694098080df3029b692) Importer(2089858483,b0f066a214c2f5e87bad3c948f4d605d)
Start importing Assets/Space Exploration/Other_Images/Extra_Large/shooting-star-pink-extra-large.png using Guid(608c1a631c1d1694098080df3029b692) Importer(2089858483,b0f066a214c2f5e87bad3c948f4d605d) (ScriptedImporter) -> (artifact id: 'a04bc94b3793ef3c18caea0ca42684db') in 0.0771764 seconds
Number of updated asset objects reloaded before import = 0Number of asset objects unloaded after import = 3

========================================================================
Received Import Request.
  Time since last request: 0.000028 seconds.
  path: Assets/Space Exploration/Picto_Icons/Light_Purple/shop-256.png
  artifactKey: Guid(d9bf06a8919d5664f9368c4c0fd9f1c5) Importer(2089858483,b0f066a214c2f5e87bad3c948f4d605d)
Start importing Assets/Space Exploration/Picto_Icons/Light_Purple/shop-256.png using Guid(d9bf06a8919d5664f9368c4c0fd9f1c5) Importer(2089858483,b0f066a214c2f5e87bad3c948f4d605d) (ScriptedImporter) -> (artifact id: '255898110efb4c62af82f5a256183eef') in 0.1227118 seconds
Number of updated asset objects reloaded before import = 0Number of asset objects unloaded after import = 3

========================================================================
Received Import Request.
  Time since last request: 0.000041 seconds.
  path: Assets/ProjectSettings/PackageManagerSettings.asset
  artifactKey: Guid(8f81ac0f5e4fd75448997543a293a6ac) Importer(2089858483,b0f066a214c2f5e87bad3c948f4d605d)
Start importing Assets/ProjectSettings/PackageManagerSettings.asset using Guid(8f81ac0f5e4fd75448997543a293a6ac) Importer(2089858483,b0f066a214c2f5e87bad3c948f4d605d) (ScriptedImporter) -> (artifact id: '9210e3677bfcaa70079fddb226d831f9') in 0.0502525 seconds
Number of updated asset objects reloaded before import = 0Number of asset objects unloaded after import = 1

========================================================================
Received Import Request.
  Time since last request: 0.000032 seconds.
  path: Assets/Space Exploration/Picto_Icons/White/alien-128.png
  artifactKey: Guid(61fc5998d0ff29c4e9222b1fe83d78ee) Importer(2089858483,b0f066a214c2f5e87bad3c948f4d605d)
Start importing Assets/Space Exploration/Picto_Icons/White/alien-128.png using Guid(61fc5998d0ff29c4e9222b1fe83d78ee) Importer(2089858483,b0f066a214c2f5e87bad3c948f4d605d) (ScriptedImporter) -> (artifact id: '71ae1f89494b88127eb1bd9629e3fb2e') in 0.0425261 seconds
Number of updated asset objects reloaded before import = 0Number of asset objects unloaded after import = 3

========================================================================
Received Import Request.
  Time since last request: 0.000041 seconds.
  path: Assets/Space Exploration/Fonts/Font Sources/static/Asap_Expanded-SemiBoldItalic.ttf
  artifactKey: Guid(9a94158f8e4d3ea46b1a64ecdc05e3d2) Importer(2089858483,b0f066a214c2f5e87bad3c948f4d605d)
Start importing Assets/Space Exploration/Fonts/Font Sources/static/Asap_Expanded-SemiBoldItalic.ttf using Guid(9a94158f8e4d3ea46b1a64ecdc05e3d2) Importer(2089858483,b0f066a214c2f5e87bad3c948f4d605d) (ScriptedImporter) -> (artifact id: '3cb95b8bb7f92416a5b8341d0eecadcd') in 0.0349836 seconds
Number of updated asset objects reloaded before import = 0Number of asset objects unloaded after import = 3

========================================================================
Received Import Request.
  Time since last request: 0.000039 seconds.
  path: Assets/Space Exploration/Picto_Icons/White/all-white-128.png
  artifactKey: Guid(1879019500549aa45a356fad9131eab2) Importer(2089858483,b0f066a214c2f5e87bad3c948f4d605d)
Start importing Assets/Space Exploration/Picto_Icons/White/all-white-128.png using Guid(1879019500549aa45a356fad9131eab2) Importer(2089858483,b0f066a214c2f5e87bad3c948f4d605d) (ScriptedImporter) -> (artifact id: 'ea3c262dc4d229ba6a2e2e95f4d10d0a') in 0.0602418 seconds
Number of updated asset objects reloaded before import = 0Number of asset objects unloaded after import = 3

========================================================================
Received Import Request.
  Time since last request: 0.000048 seconds.
  path: Assets/Space Exploration/Picto_Icons/White/question-32.png
  artifactKey: Guid(f097961d9c91eb446abaa5af31437e61) Importer(2089858483,b0f066a214c2f5e87bad3c948f4d605d)
Start importing Assets/Space Exploration/Picto_Icons/White/question-32.png using Guid(f097961d9c91eb446abaa5af31437e61) Importer(2089858483,b0f066a214c2f5e87bad3c948f4d605d) (ScriptedImporter) -> (artifact id: 'c7c61f23a52d334196f16fcc9c3774a1') in 0.0665414 seconds
Number of updated asset objects reloaded before import = 0Number of asset objects unloaded after import = 3

========================================================================
Received Import Request.
  Time since last request: 0.000044 seconds.
  path: Assets/Space Exploration/Icons/ufo-1-256.png
  artifactKey: Guid(acacb15e21d37324facef8e2fc55e335) Importer(2089858483,b0f066a214c2f5e87bad3c948f4d605d)
Start importing Assets/Space Exploration/Icons/ufo-1-256.png using Guid(acacb15e21d37324facef8e2fc55e335) Importer(2089858483,b0f066a214c2f5e87bad3c948f4d605d) (ScriptedImporter) -> (artifact id: '620a9fe9b056ba5bc19895b958827410') in 0.1115505 seconds
Number of updated asset objects reloaded before import = 0Number of asset objects unloaded after import = 3

========================================================================
Received Import Request.
  Time since last request: 0.000044 seconds.
  path: Assets/Space Exploration/Picto_Icons/Dark_Purple/trophy-2-64.png
  artifactKey: Guid(5f385e2d7804810449d85488a0d19755) Importer(2089858483,b0f066a214c2f5e87bad3c948f4d605d)
Start importing Assets/Space Exploration/Picto_Icons/Dark_Purple/trophy-2-64.png using Guid(5f385e2d7804810449d85488a0d19755) Importer(2089858483,b0f066a214c2f5e87bad3c948f4d605d) (ScriptedImporter) -> (artifact id: 'd1464d7a8723c2d882dfe20408f3d7f1') in 0.0471992 seconds
Number of updated asset objects reloaded before import = 0Number of asset objects unloaded after import = 3

========================================================================
Received Import Request.
  Time since last request: 0.000037 seconds.
  path: Assets/Photon/PhotonUnityNetworking/Code/Editor/Views/PhotonTransformViewClassicEditor.cs
  artifactKey: Guid(22292ca8ffb574945bedfaf49266672e) Importer(2089858483,b0f066a214c2f5e87bad3c948f4d605d)
Start importing Assets/Photon/PhotonUnityNetworking/Code/Editor/Views/PhotonTransformViewClassicEditor.cs using Guid(22292ca8ffb574945bedfaf49266672e) Importer(2089858483,b0f066a214c2f5e87bad3c948f4d605d) (ScriptedImporter) -> (artifact id: '3df9e7c888c766c4cdab400000775a30') in 0.0370851 seconds
Number of updated asset objects reloaded before import = 0Number of asset objects unloaded after import = 0

========================================================================
Received Import Request.
  Time since last request: 0.000037 seconds.
  path: Assets/Space Exploration/Picto_Icons/Dark_Purple/expand-32.png
  artifactKey: Guid(235ad7977a8322f41b6d8d0a510762f1) Importer(2089858483,b0f066a214c2f5e87bad3c948f4d605d)
Start importing Assets/Space Exploration/Picto_Icons/Dark_Purple/expand-32.png using Guid(235ad7977a8322f41b6d8d0a510762f1) Importer(2089858483,b0f066a214c2f5e87bad3c948f4d605d) (ScriptedImporter) -> (artifact id: 'c38dfb73f0cc1dc2ab07baa819b2e797') in 0.088177 seconds
Number of updated asset objects reloaded before import = 0Number of asset objects unloaded after import = 3

========================================================================
Received Import Request.
  Time since last request: 0.000029 seconds.
  path: Assets/Space Exploration/Icons/unlock-2-256.png
  artifactKey: Guid(419274bb2caa02d4b8d627f47e919b61) Importer(2089858483,b0f066a214c2f5e87bad3c948f4d605d)
Start importing Assets/Space Exploration/Icons/unlock-2-256.png using Guid(419274bb2caa02d4b8d627f47e919b61) Importer(2089858483,b0f066a214c2f5e87bad3c948f4d605d) (ScriptedImporter) -> (artifact id: 'b66bb275c74f4dee43c3891a44a59318') in 0.097884 seconds
Number of updated asset objects reloaded before import = 0Number of asset objects unloaded after import = 3

========================================================================
Received Import Request.
  Time since last request: 0.000038 seconds.
  path: Assets/Space Exploration/Picto_Icons/Light_Purple/flame-256.png
  artifactKey: Guid(fb33f3b01d40d8143a08880163b75014) Importer(2089858483,b0f066a214c2f5e87bad3c948f4d605d)
Start importing Assets/Space Exploration/Picto_Icons/Light_Purple/flame-256.png using Guid(fb33f3b01d40d8143a08880163b75014) Importer(2089858483,b0f066a214c2f5e87bad3c948f4d605d) (ScriptedImporter) -> (artifact id: 'b81e7fa164d5dba83f3970bf5ad9ddf4') in 0.1082607 seconds
Number of updated asset objects reloaded before import = 0Number of asset objects unloaded after import = 3

========================================================================
Received Import Request.
  Time since last request: 0.000031 seconds.
  path: Assets/Space Exploration/Picto_Icons/White/bell-off-128.png
  artifactKey: Guid(636071db9bcbdfd42959b63e8c0803d9) Importer(2089858483,b0f066a214c2f5e87bad3c948f4d605d)
Start importing Assets/Space Exploration/Picto_Icons/White/bell-off-128.png using Guid(636071db9bcbdfd42959b63e8c0803d9) Importer(2089858483,b0f066a214c2f5e87bad3c948f4d605d) (ScriptedImporter) -> (artifact id: '60a56776d6af19aa52e22881b18fd123') in 0.1616677 seconds
Number of updated asset objects reloaded before import = 0Number of asset objects unloaded after import = 3

========================================================================
Received Import Request.
  Time since last request: 0.000038 seconds.
  path: Assets/Space Exploration/Icons/potion-pink-1-256.png
  artifactKey: Guid(67a0f83169aba7a4f9dbbb13118c2c93) Importer(2089858483,b0f066a214c2f5e87bad3c948f4d605d)
Start importing Assets/Space Exploration/Icons/potion-pink-1-256.png using Guid(67a0f83169aba7a4f9dbbb13118c2c93) Importer(2089858483,b0f066a214c2f5e87bad3c948f4d605d) (ScriptedImporter) -> (artifact id: 'dcab38ab5dc02cceaa96d4d981ad4bf2') in 0.0703036 seconds
Number of updated asset objects reloaded before import = 0Number of asset objects unloaded after import = 3

========================================================================
Received Import Request.
  Time since last request: 0.000054 seconds.
  path: Assets/Space Exploration/Settings_&_Menu_Components/Medium/check-box-empty-medium.png
  artifactKey: Guid(141451560afc59242b334abfabf27806) Importer(2089858483,b0f066a214c2f5e87bad3c948f4d605d)
Start importing Assets/Space Exploration/Settings_&_Menu_Components/Medium/check-box-empty-medium.png using Guid(141451560afc59242b334abfabf27806) Importer(2089858483,b0f066a214c2f5e87bad3c948f4d605d) (ScriptedImporter) -> (artifact id: '000f9274ff04f17e087ff1cf300d43db') in 0.0406609 seconds
Number of updated asset objects reloaded before import = 0Number of asset objects unloaded after import = 3

========================================================================
Received Import Request.
  Time since last request: 0.000041 seconds.
  path: Assets/Space Exploration/Picto_Icons/Dark_Purple/gun-32.png
  artifactKey: Guid(197a5ceeb3ef4d04abc598eca9d6e43b) Importer(2089858483,b0f066a214c2f5e87bad3c948f4d605d)
Start importing Assets/Space Exploration/Picto_Icons/Dark_Purple/gun-32.png using Guid(197a5ceeb3ef4d04abc598eca9d6e43b) Importer(2089858483,b0f066a214c2f5e87bad3c948f4d605d) (ScriptedImporter) -> (artifact id: '35d809b70611fece634696a32f3f4740') in 0.1161299 seconds
Number of updated asset objects reloaded before import = 0Number of asset objects unloaded after import = 3

========================================================================
Received Import Request.
  Time since last request: 0.000026 seconds.
  path: Assets/Space Exploration/Picto_Icons/Light_Purple/menu-256.png
  artifactKey: Guid(cbd3ff3550a25b944ab3ec5f15d69b76) Importer(2089858483,b0f066a214c2f5e87bad3c948f4d605d)
Start importing Assets/Space Exploration/Picto_Icons/Light_Purple/menu-256.png using Guid(cbd3ff3550a25b944ab3ec5f15d69b76) Importer(2089858483,b0f066a214c2f5e87bad3c948f4d605d) (ScriptedImporter) -> (artifact id: '2278d99c1de039a2608f829dc38a2f94') in 0.0592781 seconds
Number of updated asset objects reloaded before import = 0Number of asset objects unloaded after import = 3

========================================================================
Received Import Request.
  Time since last request: 0.000048 seconds.
  path: Assets/Space Exploration/Icons/crescent-moon-64.png
  artifactKey: Guid(1c318c1cdcabaac43a25feda61fdce16) Importer(2089858483,b0f066a214c2f5e87bad3c948f4d605d)
Start importing Assets/Space Exploration/Icons/crescent-moon-64.png using Guid(1c318c1cdcabaac43a25feda61fdce16) Importer(2089858483,b0f066a214c2f5e87bad3c948f4d605d) (ScriptedImporter) -> (artifact id: 'b5237b0fec142afde7c9e62994c94320') in 0.0491929 seconds
Number of updated asset objects reloaded before import = 0Number of asset objects unloaded after import = 3

========================================================================
Received Import Request.
  Time since last request: 0.000036 seconds.
  path: Assets/Space Exploration/Prefabs/Buttons_Simple/Large/Yellow/Long_Yellow_Large_Button.prefab
  artifactKey: Guid(915a5fa346a2a5f4a888ea4f5c9f6542) Importer(2089858483,b0f066a214c2f5e87bad3c948f4d605d)
Start importing Assets/Space Exploration/Prefabs/Buttons_Simple/Large/Yellow/Long_Yellow_Large_Button.prefab using Guid(915a5fa346a2a5f4a888ea4f5c9f6542) Importer(2089858483,b0f066a214c2f5e87bad3c948f4d605d) (ScriptedImporter) -> (artifact id: '13826600c249d3100a1e7a4b4df2d522') in 0.0908852 seconds
Number of updated asset objects reloaded before import = 0Number of asset objects unloaded after import = 18

========================================================================
Received Import Request.
  Time since last request: 0.000045 seconds.
  path: Assets/Space Exploration/Picto_Icons/Light_Purple/shrink-256.png
  artifactKey: Guid(ecac4e9921f60994c8b22f5aa62159f0) Importer(2089858483,b0f066a214c2f5e87bad3c948f4d605d)
Start importing Assets/Space Exploration/Picto_Icons/Light_Purple/shrink-256.png using Guid(ecac4e9921f60994c8b22f5aa62159f0) Importer(2089858483,b0f066a214c2f5e87bad3c948f4d605d) (ScriptedImporter) -> (artifact id: '3e69ce43d5918caa242481961504f7d4') in 0.0747227 seconds
Number of updated asset objects reloaded before import = 0Number of asset objects unloaded after import = 3

========================================================================
Received Import Request.
  Time since last request: 0.000038 seconds.
  path: Assets/Photon/PhotonUnityNetworking/UtilityScripts/PhotonPlayer/PunPlayerScores.cs
  artifactKey: Guid(6b4df3943860f1d45bfe232053a58d80) Importer(2089858483,b0f066a214c2f5e87bad3c948f4d605d)
Start importing Assets/Photon/PhotonUnityNetworking/UtilityScripts/PhotonPlayer/PunPlayerScores.cs using Guid(6b4df3943860f1d45bfe232053a58d80) Importer(2089858483,b0f066a214c2f5e87bad3c948f4d605d) (ScriptedImporter) -> (artifact id: 'f188aa5a586113ff3e778139c9af5c6d') in 0.0530241 seconds
Number of updated asset objects reloaded before import = 0Number of asset objects unloaded after import = 0

========================================================================
Received Import Request.
  Time since last request: 0.000039 seconds.
  path: Assets/Space Exploration/Fonts/Font Sources/static/Asap_SemiCondensed-Bold.ttf
  artifactKey: Guid(7a845525895083e4fa8ba6d7e54186d9) Importer(2089858483,b0f066a214c2f5e87bad3c948f4d605d)
Start importing Assets/Space Exploration/Fonts/Font Sources/static/Asap_SemiCondensed-Bold.ttf using Guid(7a845525895083e4fa8ba6d7e54186d9) Importer(2089858483,b0f066a214c2f5e87bad3c948f4d605d) (ScriptedImporter) -> (artifact id: 'e0c54e25190b25fa01354ce4106ca7b9') in 0.0475265 seconds
Number of updated asset objects reloaded before import = 0Number of asset objects unloaded after import = 3

========================================================================
Received Import Request.
  Time since last request: 0.000029 seconds.
  path: Assets/Space Exploration/Picto_Icons/White/buy-64.png
  artifactKey: Guid(2c6178d1f72ce13429bacb952f933157) Importer(2089858483,b0f066a214c2f5e87bad3c948f4d605d)
Start importing Assets/Space Exploration/Picto_Icons/White/buy-64.png using Guid(2c6178d1f72ce13429bacb952f933157) Importer(2089858483,b0f066a214c2f5e87bad3c948f4d605d) (ScriptedImporter) -> (artifact id: '07ed05d908aa6f20e12234bd5fcfebf0') in 0.0766155 seconds
Number of updated asset objects reloaded before import = 0Number of asset objects unloaded after import = 3

========================================================================
Received Import Request.
  Time since last request: 0.000033 seconds.
  path: Assets/Space Exploration/Icons/exoplanet-3-64.png
  artifactKey: Guid(53c9a0375ec9a9449aed521e4170324f) Importer(2089858483,b0f066a214c2f5e87bad3c948f4d605d)
Start importing Assets/Space Exploration/Icons/exoplanet-3-64.png using Guid(53c9a0375ec9a9449aed521e4170324f) Importer(2089858483,b0f066a214c2f5e87bad3c948f4d605d) (ScriptedImporter) -> (artifact id: '7b12c9e17b0462036835ed3aaa2fbe01') in 0.0827998 seconds
Number of updated asset objects reloaded before import = 0Number of asset objects unloaded after import = 3

========================================================================
Received Import Request.
  Time since last request: 0.000039 seconds.
  path: Assets/Space Exploration/Button_Images/Pressed_Sprites/Small/medium-yellow-pressed-small.png
  artifactKey: Guid(2168ecd2976977d458171466c36196a0) Importer(2089858483,b0f066a214c2f5e87bad3c948f4d605d)
Start importing Assets/Space Exploration/Button_Images/Pressed_Sprites/Small/medium-yellow-pressed-small.png using Guid(2168ecd2976977d458171466c36196a0) Importer(2089858483,b0f066a214c2f5e87bad3c948f4d605d) (ScriptedImporter) -> (artifact id: '38ae60c71ae9d730bbebf037163c5f0f') in 0.0599218 seconds
Number of updated asset objects reloaded before import = 0Number of asset objects unloaded after import = 3

========================================================================
Received Import Request.
  Time since last request: 0.000040 seconds.
  path: Assets/Space Exploration/Picto_Icons/Light_Purple/telescope-128.png
  artifactKey: Guid(05220bbb67b1c2543b0bbdd956f6d11e) Importer(2089858483,b0f066a214c2f5e87bad3c948f4d605d)
Start importing Assets/Space Exploration/Picto_Icons/Light_Purple/telescope-128.png using Guid(05220bbb67b1c2543b0bbdd956f6d11e) Importer(2089858483,b0f066a214c2f5e87bad3c948f4d605d) (ScriptedImporter) -> (artifact id: '37b77f51287914beafec780bc5eb1445') in 0.0544497 seconds
Number of updated asset objects reloaded before import = 0Number of asset objects unloaded after import = 3

========================================================================
Received Import Request.
  Time since last request: 0.000031 seconds.
  path: Assets/Space Exploration/Picto_Icons/Light_Purple/share-64.png
  artifactKey: Guid(7bbf94cd4e3f61c449a5e47c3c50405a) Importer(2089858483,b0f066a214c2f5e87bad3c948f4d605d)
Start importing Assets/Space Exploration/Picto_Icons/Light_Purple/share-64.png using Guid(7bbf94cd4e3f61c449a5e47c3c50405a) Importer(2089858483,b0f066a214c2f5e87bad3c948f4d605d) (ScriptedImporter) -> (artifact id: 'e61e4c4c759eb6faf99df74c6d989e8e') in 0.0722742 seconds
Number of updated asset objects reloaded before import = 0Number of asset objects unloaded after import = 3

========================================================================
Received Import Request.
  Time since last request: 0.000036 seconds.
  path: Assets/Photon/PhotonUnityNetworking/Demos
  artifactKey: Guid(cb8ec42b3fa78bd4f9a20b7de289d9cd) Importer(2089858483,b0f066a214c2f5e87bad3c948f4d605d)
Start importing Assets/Photon/PhotonUnityNetworking/Demos using Guid(cb8ec42b3fa78bd4f9a20b7de289d9cd) Importer(2089858483,b0f066a214c2f5e87bad3c948f4d605d) (ScriptedImporter) -> (artifact id: 'cd78d5912e9889cd179c9251f3674b79') in 0.0349999 seconds
Number of updated asset objects reloaded before import = 0Number of asset objects unloaded after import = 1

========================================================================
Received Import Request.
  Time since last request: 0.000033 seconds.
  path: Assets/Photon/PhotonRealtime/Code/SupportLogger.cs
  artifactKey: Guid(9b61c60d38639484ebbd7f2100dd3d08) Importer(2089858483,b0f066a214c2f5e87bad3c948f4d605d)
Start importing Assets/Photon/PhotonRealtime/Code/SupportLogger.cs using Guid(9b61c60d38639484ebbd7f2100dd3d08) Importer(2089858483,b0f066a214c2f5e87bad3c948f4d605d) (ScriptedImporter) -> (artifact id: 'a828254cb5b8233acba93b74e0abcc5d') in 0.0237845 seconds
Number of updated asset objects reloaded before import = 0Number of asset objects unloaded after import = 0

========================================================================
Received Import Request.
  Time since last request: 0.000034 seconds.
  path: Assets/PlayFabSDK/Admin/PlayFabAdminModels.cs
  artifactKey: Guid(5d7a769446de4b7459591c36c05197ed) Importer(2089858483,b0f066a214c2f5e87bad3c948f4d605d)
Start importing Assets/PlayFabSDK/Admin/PlayFabAdminModels.cs using Guid(5d7a769446de4b7459591c36c05197ed) Importer(2089858483,b0f066a214c2f5e87bad3c948f4d605d) (ScriptedImporter) -> (artifact id: '6a3c3895d7ad44b9a62a6559e901e175') in 0.0294416 seconds
Number of updated asset objects reloaded before import = 0Number of asset objects unloaded after import = 0

========================================================================
Received Import Request.
  Time since last request: 0.000038 seconds.
  path: Assets/Space Exploration/Button_Images/Highlighted_Sprite/extra large/medium-blue-highlight-extra-large.png
  artifactKey: Guid(bbeb2a61e8e88cd4eaf1b823626fe296) Importer(2089858483,b0f066a214c2f5e87bad3c948f4d605d)
Start importing Assets/Space Exploration/Button_Images/Highlighted_Sprite/extra large/medium-blue-highlight-extra-large.png using Guid(bbeb2a61e8e88cd4eaf1b823626fe296) Importer(2089858483,b0f066a214c2f5e87bad3c948f4d605d) (ScriptedImporter) -> (artifact id: 'efb31fe9db7f120d3149c174e2f8384e') in 0.0303493 seconds
Number of updated asset objects reloaded before import = 0Number of asset objects unloaded after import = 3

========================================================================
Received Import Request.
  Time since last request: 0.000038 seconds.
  path: Assets/Space Exploration/Picto_Icons/Dark_Purple/sound-off-64.png
  artifactKey: Guid(3efa5b5dc23d1154a9980aba1a809cb3) Importer(2089858483,b0f066a214c2f5e87bad3c948f4d605d)
Start importing Assets/Space Exploration/Picto_Icons/Dark_Purple/sound-off-64.png using Guid(3efa5b5dc23d1154a9980aba1a809cb3) Importer(2089858483,b0f066a214c2f5e87bad3c948f4d605d) (ScriptedImporter) -> (artifact id: 'f7d8d53b72a027fdd2084fc0d44bb264') in 0.0661925 seconds
Number of updated asset objects reloaded before import = 0Number of asset objects unloaded after import = 3

========================================================================
Received Import Request.
  Time since last request: 0.000057 seconds.
  path: Assets/Space Exploration/Scenes/Gold_Demo.unity
  artifactKey: Guid(1219ab034c666cd47a4ad9a8b200703a) Importer(2089858483,b0f066a214c2f5e87bad3c948f4d605d)
Start importing Assets/Space Exploration/Scenes/Gold_Demo.unity using Guid(1219ab034c666cd47a4ad9a8b200703a) Importer(2089858483,b0f066a214c2f5e87bad3c948f4d605d) (ScriptedImporter) -> (artifact id: 'bee610dbae627c5dbdf2bd2c13641fa9') in 0.0593314 seconds
Number of updated asset objects reloaded before import = 0Number of asset objects unloaded after import = 1

========================================================================
Received Import Request.
  Time since last request: 0.000056 seconds.
  path: Assets/Space Exploration/Settings_&_Menu_Components/Small/vertical-scroll-bar-container-small.png
  artifactKey: Guid(aa7655e3a8b183040ac4ddf2079d57c7) Importer(2089858483,b0f066a214c2f5e87bad3c948f4d605d)
Start importing Assets/Space Exploration/Settings_&_Menu_Components/Small/vertical-scroll-bar-container-small.png using Guid(aa7655e3a8b183040ac4ddf2079d57c7) Importer(2089858483,b0f066a214c2f5e87bad3c948f4d605d) (ScriptedImporter) -> (artifact id: '36e1575f42630b9ef48d55b9db0ff48d') in 0.0533216 seconds
Number of updated asset objects reloaded before import = 0Number of asset objects unloaded after import = 3

========================================================================
Received Import Request.
  Time since last request: 0.000027 seconds.
  path: Assets/Photon/PhotonUnityNetworking/Code/Views/PhotonAnimatorView.cs
  artifactKey: Guid(9b8c4a61274f60b4ea5fb4299cfdbf14) Importer(2089858483,b0f066a214c2f5e87bad3c948f4d605d)
Start importing Assets/Photon/PhotonUnityNetworking/Code/Views/PhotonAnimatorView.cs using Guid(9b8c4a61274f60b4ea5fb4299cfdbf14) Importer(2089858483,b0f066a214c2f5e87bad3c948f4d605d) (ScriptedImporter) -> (artifact id: '450ddead37525bc7d895270ed63eb6f6') in 0.0309735 seconds
Number of updated asset objects reloaded before import = 0Number of asset objects unloaded after import = 0

========================================================================
Received Import Request.
  Time since last request: 0.000087 seconds.
  path: Assets/Space Exploration/Button_Images/Source_Image_Sprites/small/square-pink-small.png
  artifactKey: Guid(6c469634afcb01f41996989b0a9b0e05) Importer(2089858483,b0f066a214c2f5e87bad3c948f4d605d)
Start importing Assets/Space Exploration/Button_Images/Source_Image_Sprites/small/square-pink-small.png using Guid(6c469634afcb01f41996989b0a9b0e05) Importer(2089858483,b0f066a214c2f5e87bad3c948f4d605d) (ScriptedImporter) -> (artifact id: '27650d1a2d55b047734c56597779eab7') in 0.1381404 seconds
Number of updated asset objects reloaded before import = 0Number of asset objects unloaded after import = 3

========================================================================
Received Import Request.
  Time since last request: 0.000031 seconds.
  path: Assets/Photon/PhotonRealtime/Code/Unity/Editor/Wizard/resources/photon-wizard-light.png
  artifactKey: Guid(7a3990cd80582f3498fb51309f1d018c) Importer(2089858483,b0f066a214c2f5e87bad3c948f4d605d)
Start importing Assets/Photon/PhotonRealtime/Code/Unity/Editor/Wizard/resources/photon-wizard-light.png using Guid(7a3990cd80582f3498fb51309f1d018c) Importer(2089858483,b0f066a214c2f5e87bad3c948f4d605d) (ScriptedImporter) -> (artifact id: 'fb6edfb5e748e5c8e205b5f90bab2277') in 0.077681 seconds
Number of updated asset objects reloaded before import = 0Number of asset objects unloaded after import = 1

========================================================================
Received Import Request.
  Time since last request: 0.000039 seconds.
  path: Assets/Space Exploration/Prefabs/UI_Elements/Extra_Large/Currency Bars/Heart_Amount_Extra_Large.prefab
  artifactKey: Guid(7bfbfdf01bf401f4289a3521a5660f8b) Importer(2089858483,b0f066a214c2f5e87bad3c948f4d605d)
Start importing Assets/Space Exploration/Prefabs/UI_Elements/Extra_Large/Currency Bars/Heart_Amount_Extra_Large.prefab using Guid(7bfbfdf01bf401f4289a3521a5660f8b) Importer(2089858483,b0f066a214c2f5e87bad3c948f4d605d) (ScriptedImporter) -> (artifact id: '0eadb6275d22cb614904f5f1d0339d29') in 0.1768616 seconds
Number of updated asset objects reloaded before import = 0Number of asset objects unloaded after import = 25

========================================================================
Received Import Request.
  Time since last request: 0.000029 seconds.
  path: Assets/Photon/PhotonUnityNetworking/Demos/DemoSlotRacer/Kenney Assets/Stylized city/Materials/22 - Default.mat
  artifactKey: Guid(86080a783905b5740ad2b81f63a2c650) Importer(2089858483,b0f066a214c2f5e87bad3c948f4d605d)
Start importing Assets/Photon/PhotonUnityNetworking/Demos/DemoSlotRacer/Kenney Assets/Stylized city/Materials/22 - Default.mat using Guid(86080a783905b5740ad2b81f63a2c650) Importer(2089858483,b0f066a214c2f5e87bad3c948f4d605d) (ScriptedImporter) -> (artifact id: 'c08d8d5d619858dca4db5c3f36ab44c3') in 0.0952004 seconds
Number of updated asset objects reloaded before import = 0Number of asset objects unloaded after import = 1

========================================================================
Received Import Request.
  Time since last request: 0.000039 seconds.
  path: Assets/Space Exploration/Picto_Icons/Light_Purple/link-256.png
  artifactKey: Guid(fa0989260b9a10a49998b192d40a1ada) Importer(2089858483,b0f066a214c2f5e87bad3c948f4d605d)
Start importing Assets/Space Exploration/Picto_Icons/Light_Purple/link-256.png using Guid(fa0989260b9a10a49998b192d40a1ada) Importer(2089858483,b0f066a214c2f5e87bad3c948f4d605d) (ScriptedImporter) -> (artifact id: 'a92b8658c2b7c6a66be7f3f2b510904b') in 0.0374118 seconds
Number of updated asset objects reloaded before import = 0Number of asset objects unloaded after import = 3

========================================================================
Received Import Request.
  Time since last request: 0.000119 seconds.
  path: Assets/Space Exploration/Button_Images/Source_Image_Sprites/medium/short-blue-medium.png
  artifactKey: Guid(f33e2b1ae3df827498f84b09648c7562) Importer(2089858483,b0f066a214c2f5e87bad3c948f4d605d)
Start importing Assets/Space Exploration/Button_Images/Source_Image_Sprites/medium/short-blue-medium.png using Guid(f33e2b1ae3df827498f84b09648c7562) Importer(2089858483,b0f066a214c2f5e87bad3c948f4d605d) (ScriptedImporter) -> (artifact id: 'db1131d9a80b3eae6cf4c77e512dd370') in 0.059745 seconds
Number of updated asset objects reloaded before import = 0Number of asset objects unloaded after import = 3

========================================================================
Received Import Request.
  Time since last request: 0.000036 seconds.
  path: Assets/Space Exploration/Button_Images/Disabled_Sprites/Small/large-disabled-small.png
  artifactKey: Guid(9b33807c6fdc5974981ec4abd530851b) Importer(2089858483,b0f066a214c2f5e87bad3c948f4d605d)
Start importing Assets/Space Exploration/Button_Images/Disabled_Sprites/Small/large-disabled-small.png using Guid(9b33807c6fdc5974981ec4abd530851b) Importer(2089858483,b0f066a214c2f5e87bad3c948f4d605d) (ScriptedImporter) -> (artifact id: '4203e59b39023da5ea3390f9ee2851f0') in 0.0651958 seconds
Number of updated asset objects reloaded before import = 0Number of asset objects unloaded after import = 3

========================================================================
Received Import Request.
  Time since last request: 0.000026 seconds.
  path: Assets/Space Exploration/Picto_Icons/White/menu-256.png
  artifactKey: Guid(4e956c824ea59e44e95c307c891c4743) Importer(2089858483,b0f066a214c2f5e87bad3c948f4d605d)
Start importing Assets/Space Exploration/Picto_Icons/White/menu-256.png using Guid(4e956c824ea59e44e95c307c891c4743) Importer(2089858483,b0f066a214c2f5e87bad3c948f4d605d) (ScriptedImporter) -> (artifact id: 'e46c73e57f08608f98f25774f9cd3021') in 0.0698089 seconds
Number of updated asset objects reloaded before import = 0Number of asset objects unloaded after import = 3

========================================================================
Received Import Request.
  Time since last request: 0.000024 seconds.
  path: Assets/Photon/PhotonRealtime/Code/Unity/Editor/Wizard/scripts/WizardWindowUtils.cs
  artifactKey: Guid(8fb5ceb11dfed8748bfe208bced47b7f) Importer(2089858483,b0f066a214c2f5e87bad3c948f4d605d)
Start importing Assets/Photon/PhotonRealtime/Code/Unity/Editor/Wizard/scripts/WizardWindowUtils.cs using Guid(8fb5ceb11dfed8748bfe208bced47b7f) Importer(2089858483,b0f066a214c2f5e87bad3c948f4d605d) (ScriptedImporter) -> (artifact id: '067a651c0f6572eedb63c1a465a07333') in 0.0418216 seconds
Number of updated asset objects reloaded before import = 0Number of asset objects unloaded after import = 0

========================================================================
Received Import Request.
  Time since last request: 0.000027 seconds.
  path: Assets/Space Exploration/Picto_Icons/Dark_Purple/right-arrow-256.png
  artifactKey: Guid(93f875c4bcc7ab94f8724e21e1c6f6c4) Importer(2089858483,b0f066a214c2f5e87bad3c948f4d605d)
Start importing Assets/Space Exploration/Picto_Icons/Dark_Purple/right-arrow-256.png using Guid(93f875c4bcc7ab94f8724e21e1c6f6c4) Importer(2089858483,b0f066a214c2f5e87bad3c948f4d605d) (ScriptedImporter) -> (artifact id: 'ff81143ea5abb279695882b3c1e20640') in 0.099465 seconds
Number of updated asset objects reloaded before import = 0Number of asset objects unloaded after import = 3

========================================================================
Received Import Request.
  Time since last request: 0.000058 seconds.
  path: Assets/Space Exploration/Other_Images/Small/shooting-star-blue-small.png
  artifactKey: Guid(fa9324ca87205dd4cbe838a56b8e3ee3) Importer(2089858483,b0f066a214c2f5e87bad3c948f4d605d)
Start importing Assets/Space Exploration/Other_Images/Small/shooting-star-blue-small.png using Guid(fa9324ca87205dd4cbe838a56b8e3ee3) Importer(2089858483,b0f066a214c2f5e87bad3c948f4d605d) (ScriptedImporter) -> (artifact id: 'f4711f36ff0f14d617df1248bdd770aa') in 0.0472116 seconds
Number of updated asset objects reloaded before import = 0Number of asset objects unloaded after import = 3

========================================================================
Received Import Request.
  Time since last request: 0.000034 seconds.
  path: Assets/Space Exploration/Picto_Icons/Light_Purple/wrench-128.png
  artifactKey: Guid(a95a1e26d6e3b5149b04c447848daf7f) Importer(2089858483,b0f066a214c2f5e87bad3c948f4d605d)
Start importing Assets/Space Exploration/Picto_Icons/Light_Purple/wrench-128.png using Guid(a95a1e26d6e3b5149b04c447848daf7f) Importer(2089858483,b0f066a214c2f5e87bad3c948f4d605d) (ScriptedImporter) -> (artifact id: '11dc888d73574a5e47ab1b774638330c') in 0.0495651 seconds
Number of updated asset objects reloaded before import = 0Number of asset objects unloaded after import = 3

========================================================================
Received Import Request.
  Time since last request: 0.000053 seconds.
  path: Assets/Space Exploration/Icons/solar-system-1-128.png
  artifactKey: Guid(958fde4f0184af54497ea47d81043735) Importer(2089858483,b0f066a214c2f5e87bad3c948f4d605d)
Start importing Assets/Space Exploration/Icons/solar-system-1-128.png using Guid(958fde4f0184af54497ea47d81043735) Importer(2089858483,b0f066a214c2f5e87bad3c948f4d605d) (ScriptedImporter) -> (artifact id: '6a8c25541edc6d92aef80f9e9aa30c5d') in 0.0495586 seconds
Number of updated asset objects reloaded before import = 0Number of asset objects unloaded after import = 3

========================================================================
Received Import Request.
  Time since last request: 0.000030 seconds.
  path: Assets/PlayFabSDK/Server/PlayFabServerInstanceAPI.cs
  artifactKey: Guid(76d4a622fa263d34b9f73488c0095f8b) Importer(2089858483,b0f066a214c2f5e87bad3c948f4d605d)
Start importing Assets/PlayFabSDK/Server/PlayFabServerInstanceAPI.cs using Guid(76d4a622fa263d34b9f73488c0095f8b) Importer(2089858483,b0f066a214c2f5e87bad3c948f4d605d) (ScriptedImporter) -> (artifact id: 'b9e36f9ee9323e3c138f6d3a543c0e0b') in 0.0257533 seconds
Number of updated asset objects reloaded before import = 0Number of asset objects unloaded after import = 0

========================================================================
Received Import Request.
  Time since last request: 0.000040 seconds.
  path: Assets/Space Exploration/Picto_Icons/Light_Purple/cross-32.png
  artifactKey: Guid(b84a227de3ff910418bf560d964c4096) Importer(2089858483,b0f066a214c2f5e87bad3c948f4d605d)
Start importing Assets/Space Exploration/Picto_Icons/Light_Purple/cross-32.png using Guid(b84a227de3ff910418bf560d964c4096) Importer(2089858483,b0f066a214c2f5e87bad3c948f4d605d) (ScriptedImporter) -> (artifact id: '89e4d048370b3ed7fd7da479b1651514') in 0.048761 seconds
Number of updated asset objects reloaded before import = 0Number of asset objects unloaded after import = 3

========================================================================
Received Import Request.
  Time since last request: 0.000028 seconds.
  path: Assets/Space Exploration/Picto_Icons/Dark_Purple/map-128.png
  artifactKey: Guid(54c5bac09cde55844bf1bbb3926c226d) Importer(2089858483,b0f066a214c2f5e87bad3c948f4d605d)
Start importing Assets/Space Exploration/Picto_Icons/Dark_Purple/map-128.png using Guid(54c5bac09cde55844bf1bbb3926c226d) Importer(2089858483,b0f066a214c2f5e87bad3c948f4d605d) (ScriptedImporter) -> (artifact id: 'd9896fb71c78b4fa81a8be6f3f7faab1') in 0.0554765 seconds
Number of updated asset objects reloaded before import = 0Number of asset objects unloaded after import = 3

========================================================================
Received Import Request.
  Time since last request: 0.000035 seconds.
  path: Assets/Space Exploration/Picto_Icons/Light_Purple/power-64.png
  artifactKey: Guid(1c3294b25a18e5244af00116378e4c16) Importer(2089858483,b0f066a214c2f5e87bad3c948f4d605d)
Start importing Assets/Space Exploration/Picto_Icons/Light_Purple/power-64.png using Guid(1c3294b25a18e5244af00116378e4c16) Importer(2089858483,b0f066a214c2f5e87bad3c948f4d605d) (ScriptedImporter) -> (artifact id: '67221f3291ee67167838e9e688264033') in 0.0473601 seconds
Number of updated asset objects reloaded before import = 0Number of asset objects unloaded after import = 3

========================================================================
Received Import Request.
  Time since last request: 0.000032 seconds.
  path: Assets/Space Exploration/Picto_Icons/Dark_Purple/check-32.png
  artifactKey: Guid(6804667a1818769428d1d2afe9ef257a) Importer(2089858483,b0f066a214c2f5e87bad3c948f4d605d)
Start importing Assets/Space Exploration/Picto_Icons/Dark_Purple/check-32.png using Guid(6804667a1818769428d1d2afe9ef257a) Importer(2089858483,b0f066a214c2f5e87bad3c948f4d605d) (ScriptedImporter) -> (artifact id: 'c771352a034da17a819906cb8730a961') in 0.0379883 seconds
Number of updated asset objects reloaded before import = 0Number of asset objects unloaded after import = 3

========================================================================
Received Import Request.
  Time since last request: 0.000034 seconds.
  path: Assets/Space Exploration/Icons/radar-512.png
  artifactKey: Guid(d3afb621ce490854ca2b26c20f7f40e2) Importer(2089858483,b0f066a214c2f5e87bad3c948f4d605d)
Start importing Assets/Space Exploration/Icons/radar-512.png using Guid(d3afb621ce490854ca2b26c20f7f40e2) Importer(2089858483,b0f066a214c2f5e87bad3c948f4d605d) (ScriptedImporter) -> (artifact id: 'ded5c6221e158ec754223849413d4993') in 0.0449091 seconds
Number of updated asset objects reloaded before import = 0Number of asset objects unloaded after import = 3

========================================================================
Received Import Request.
  Time since last request: 0.000029 seconds.
  path: Assets/Space Exploration/Picto_Icons/White/redo-128.png
  artifactKey: Guid(4db9803b07f17d04086337f1559f5c11) Importer(2089858483,b0f066a214c2f5e87bad3c948f4d605d)
Start importing Assets/Space Exploration/Picto_Icons/White/redo-128.png using Guid(4db9803b07f17d04086337f1559f5c11) Importer(2089858483,b0f066a214c2f5e87bad3c948f4d605d) (ScriptedImporter) -> (artifact id: 'b5c49336bc52364495cc897f853e3ed6') in 0.0467611 seconds
Number of updated asset objects reloaded before import = 0Number of asset objects unloaded after import = 3

========================================================================
Received Import Request.
  Time since last request: 0.000043 seconds.
  path: Assets/Space Exploration/Settings_&_Menu_Components/Medium/sound-bar-full-medium.png
  artifactKey: Guid(6dcfd3c359c81b149b2e77765001f5d6) Importer(2089858483,b0f066a214c2f5e87bad3c948f4d605d)
Start importing Assets/Space Exploration/Settings_&_Menu_Components/Medium/sound-bar-full-medium.png using Guid(6dcfd3c359c81b149b2e77765001f5d6) Importer(2089858483,b0f066a214c2f5e87bad3c948f4d605d) (ScriptedImporter) -> (artifact id: '79d31c9b4a47468cadc65f5aa517ee4f') in 0.0886932 seconds
Number of updated asset objects reloaded before import = 0Number of asset objects unloaded after import = 22

========================================================================
Received Import Request.
  Time since last request: 0.000027 seconds.
  path: Assets/PlayFabSDK/Experimentation
  artifactKey: Guid(f95f1281203327240a7f9f479dd781d9) Importer(2089858483,b0f066a214c2f5e87bad3c948f4d605d)
Start importing Assets/PlayFabSDK/Experimentation using Guid(f95f1281203327240a7f9f479dd781d9) Importer(2089858483,b0f066a214c2f5e87bad3c948f4d605d) (ScriptedImporter) -> (artifact id: 'f68898cc4cf6011e1ff3c37c6302dc8b') in 0.0195533 seconds
Number of updated asset objects reloaded before import = 0Number of asset objects unloaded after import = 1

========================================================================
Received Import Request.
  Time since last request: 0.000041 seconds.
  path: Assets/Space Exploration/Settings_&_Menu_Components/Extra Large/check-box-ticked-extra-large.png
  artifactKey: Guid(58910f54b27a42740a1a8d25366ff4ff) Importer(2089858483,b0f066a214c2f5e87bad3c948f4d605d)
Start importing Assets/Space Exploration/Settings_&_Menu_Components/Extra Large/check-box-ticked-extra-large.png using Guid(58910f54b27a42740a1a8d25366ff4ff) Importer(2089858483,b0f066a214c2f5e87bad3c948f4d605d) (ScriptedImporter) -> (artifact id: 'cf41d3168f8badcc062809e4d98880f9') in 0.03724 seconds
Number of updated asset objects reloaded before import = 0Number of asset objects unloaded after import = 3

========================================================================
Received Import Request.
  Time since last request: 0.000028 seconds.
  path: Assets/Space Exploration/Prefabs/Buttons_Simple/Extra Large/Yellow/Square_Yellow_Extra_Large_Button.prefab
  artifactKey: Guid(76465d7dcc45c024cbd3748763298063) Importer(2089858483,b0f066a214c2f5e87bad3c948f4d605d)
Start importing Assets/Space Exploration/Prefabs/Buttons_Simple/Extra Large/Yellow/Square_Yellow_Extra_Large_Button.prefab using Guid(76465d7dcc45c024cbd3748763298063) Importer(2089858483,b0f066a214c2f5e87bad3c948f4d605d) (ScriptedImporter) -> (artifact id: '73dfc61c670ab875543950193df2c589') in 0.0587659 seconds
Number of updated asset objects reloaded before import = 0Number of asset objects unloaded after import = 18

========================================================================
Received Import Request.
  Time since last request: 0.000046 seconds.
  path: Assets/PlayFabSDK/CloudScript/PlayFabCloudScriptInstanceAPI.cs
  artifactKey: Guid(ac313c777a2b7054e9632c96829e1f7d) Importer(2089858483,b0f066a214c2f5e87bad3c948f4d605d)
Start importing Assets/PlayFabSDK/CloudScript/PlayFabCloudScriptInstanceAPI.cs using Guid(ac313c777a2b7054e9632c96829e1f7d) Importer(2089858483,b0f066a214c2f5e87bad3c948f4d605d) (ScriptedImporter) -> (artifact id: 'b72c8ca93150679120e25357dae9e78b') in 0.0209922 seconds
Number of updated asset objects reloaded before import = 0Number of asset objects unloaded after import = 0

========================================================================
Received Import Request.
  Time since last request: 0.000025 seconds.
  path: Assets/Photon/PhotonUnityNetworking/UtilityScripts/Prototyping/OnClickDestroy.cs
  artifactKey: Guid(9dab7328ba500e944a99d62065fba6c0) Importer(2089858483,b0f066a214c2f5e87bad3c948f4d605d)
Start importing Assets/Photon/PhotonUnityNetworking/UtilityScripts/Prototyping/OnClickDestroy.cs using Guid(9dab7328ba500e944a99d62065fba6c0) Importer(2089858483,b0f066a214c2f5e87bad3c948f4d605d) (ScriptedImporter) -> (artifact id: 'fc06ad54936b20db085db0914d609cc7') in 0.0184412 seconds
Number of updated asset objects reloaded before import = 0Number of asset objects unloaded after import = 0

========================================================================
Received Import Request.
  Time since last request: 0.000028 seconds.
  path: Assets/Space Exploration/Picto_Icons/White/mic-128.png
  artifactKey: Guid(1f33c4be9bc274145b6e2f4cea5bcda4) Importer(2089858483,b0f066a214c2f5e87bad3c948f4d605d)
Start importing Assets/Space Exploration/Picto_Icons/White/mic-128.png using Guid(1f33c4be9bc274145b6e2f4cea5bcda4) Importer(2089858483,b0f066a214c2f5e87bad3c948f4d605d) (ScriptedImporter) -> (artifact id: 'b5ec0c594c9ee0a947d819b1dbb8d29b') in 0.0392226 seconds
Number of updated asset objects reloaded before import = 0Number of asset objects unloaded after import = 3

========================================================================
Received Import Request.
  Time since last request: 0.000061 seconds.
  path: Assets/Space Exploration/Picto_Icons/Light_Purple/back-128.png
  artifactKey: Guid(f57a45e2cef75df4ea52c82690f8c097) Importer(2089858483,b0f066a214c2f5e87bad3c948f4d605d)
Start importing Assets/Space Exploration/Picto_Icons/Light_Purple/back-128.png using Guid(f57a45e2cef75df4ea52c82690f8c097) Importer(2089858483,b0f066a214c2f5e87bad3c948f4d605d) (ScriptedImporter) -> (artifact id: '4f80217b2e0258d9915ade949fcb82d6') in 0.0396061 seconds
Number of updated asset objects reloaded before import = 0Number of asset objects unloaded after import = 3

========================================================================
Received Import Request.
  Time since last request: 0.000029 seconds.
  path: Assets/Space Exploration/Icons/lock-2-256.png
  artifactKey: Guid(cd2a2d01c7c62814fa97208aaf905a24) Importer(2089858483,b0f066a214c2f5e87bad3c948f4d605d)
Start importing Assets/Space Exploration/Icons/lock-2-256.png using Guid(cd2a2d01c7c62814fa97208aaf905a24) Importer(2089858483,b0f066a214c2f5e87bad3c948f4d605d) (ScriptedImporter) -> (artifact id: 'cc7fc90297cc42b95db2126c30202469') in 0.040305 seconds
Number of updated asset objects reloaded before import = 0Number of asset objects unloaded after import = 3

========================================================================
Received Import Request.
  Time since last request: 0.000032 seconds.
  path: Assets/Space Exploration/Prefabs/UI_Elements/Small/Input Fields/Username_Input_Small.prefab
  artifactKey: Guid(2623cb293efc6ba41a9ae151d66446db) Importer(2089858483,b0f066a214c2f5e87bad3c948f4d605d)
Start importing Assets/Space Exploration/Prefabs/UI_Elements/Small/Input Fields/Username_Input_Small.prefab using Guid(2623cb293efc6ba41a9ae151d66446db) Importer(2089858483,b0f066a214c2f5e87bad3c948f4d605d) (ScriptedImporter) -> (artifact id: 'eb6ff56a90c0282c2773d5f34aeaa6f2') in 0.1403417 seconds
Number of updated asset objects reloaded before import = 0Number of asset objects unloaded after import = 29

========================================================================
Received Import Request.
  Time since last request: 0.000049 seconds.
  path: Assets/Space Exploration/Button_Images/Highlighted_Sprite/medium/large-yellow-sparkle-highlight-medium.png
  artifactKey: Guid(ba1826f70a44344469f146e9eda3ff43) Importer(2089858483,b0f066a214c2f5e87bad3c948f4d605d)
Start importing Assets/Space Exploration/Button_Images/Highlighted_Sprite/medium/large-yellow-sparkle-highlight-medium.png using Guid(ba1826f70a44344469f146e9eda3ff43) Importer(2089858483,b0f066a214c2f5e87bad3c948f4d605d) (ScriptedImporter) -> (artifact id: 'b3c338ed1d8a93099cb139fdf0685c6b') in 0.0320902 seconds
Number of updated asset objects reloaded before import = 0Number of asset objects unloaded after import = 3

========================================================================
Received Import Request.
  Time since last request: 0.000028 seconds.
  path: Assets/PlayFabSDK/Experimentation/PlayFabEvents.cs
  artifactKey: Guid(ad18b9280bb1a7f4c926eba4c1086b6e) Importer(2089858483,b0f066a214c2f5e87bad3c948f4d605d)
Start importing Assets/PlayFabSDK/Experimentation/PlayFabEvents.cs using Guid(ad18b9280bb1a7f4c926eba4c1086b6e) Importer(2089858483,b0f066a214c2f5e87bad3c948f4d605d) (ScriptedImporter) -> (artifact id: '849e6c9845a84b2109a7a40ef2e61656') in 0.0226064 seconds
Number of updated asset objects reloaded before import = 0Number of asset objects unloaded after import = 0

========================================================================
Received Import Request.
  Time since last request: 0.000032 seconds.
  path: Assets/Space Exploration/Icons/scroll-512.png
  artifactKey: Guid(403cde50f15eea340b6d4e1936d6c37e) Importer(2089858483,b0f066a214c2f5e87bad3c948f4d605d)
Start importing Assets/Space Exploration/Icons/scroll-512.png using Guid(403cde50f15eea340b6d4e1936d6c37e) Importer(2089858483,b0f066a214c2f5e87bad3c948f4d605d) (ScriptedImporter) -> (artifact id: 'e0e3a12d86da9cd2c5f56b777d5845a7') in 0.0426479 seconds
Number of updated asset objects reloaded before import = 0Number of asset objects unloaded after import = 3

========================================================================
Received Import Request.
  Time since last request: 0.000044 seconds.
  path: Assets/Space Exploration/Rank_System_Components/Medium/ranking-2nd-medium 1.png
  artifactKey: Guid(5e3cff45481b32046a45af363fbc7b66) Importer(2089858483,b0f066a214c2f5e87bad3c948f4d605d)
Start importing Assets/Space Exploration/Rank_System_Components/Medium/ranking-2nd-medium 1.png using Guid(5e3cff45481b32046a45af363fbc7b66) Importer(2089858483,b0f066a214c2f5e87bad3c948f4d605d) (ScriptedImporter) -> (artifact id: '9e3912500bcad9dc9da34c9df86e53ec') in 0.0499186 seconds
Number of updated asset objects reloaded before import = 0Number of asset objects unloaded after import = 3

========================================================================
Received Import Request.
  Time since last request: 0.000030 seconds.
  path: Assets/PlayFabSDK/Insights/PlayFabInsightsInstanceAPI.cs
  artifactKey: Guid(c2e7ee83796bb834cbd6263a7a6d65ca) Importer(2089858483,b0f066a214c2f5e87bad3c948f4d605d)
Start importing Assets/PlayFabSDK/Insights/PlayFabInsightsInstanceAPI.cs using Guid(c2e7ee83796bb834cbd6263a7a6d65ca) Importer(2089858483,b0f066a214c2f5e87bad3c948f4d605d) (ScriptedImporter) -> (artifact id: 'ee4c0fe27aa6a87839ef3de903977324') in 0.0222678 seconds
Number of updated asset objects reloaded before import = 0Number of asset objects unloaded after import = 0

========================================================================
Received Import Request.
  Time since last request: 0.000040 seconds.
  path: Assets/Photon/PhotonUnityNetworking/Demos/PunCockpit/Scripts/ReadOnlyProperties/CountOfRoomsProperty.cs
  artifactKey: Guid(8da0abdf8617d4c76bc84fc49e21c53b) Importer(2089858483,b0f066a214c2f5e87bad3c948f4d605d)
Start importing Assets/Photon/PhotonUnityNetworking/Demos/PunCockpit/Scripts/ReadOnlyProperties/CountOfRoomsProperty.cs using Guid(8da0abdf8617d4c76bc84fc49e21c53b) Importer(2089858483,b0f066a214c2f5e87bad3c948f4d605d) (ScriptedImporter) -> (artifact id: 'd02d569c2f4aecc9c14b7a78188f6ac4') in 0.0207645 seconds
Number of updated asset objects reloaded before import = 0Number of asset objects unloaded after import = 0

========================================================================
Received Import Request.
  Time since last request: 0.000026 seconds.
  path: Assets/Space Exploration/Picto_Icons/White/full-moon-64.png
  artifactKey: Guid(6657fc04250796544b45f895efa759ec) Importer(2089858483,b0f066a214c2f5e87bad3c948f4d605d)
Start importing Assets/Space Exploration/Picto_Icons/White/full-moon-64.png using Guid(6657fc04250796544b45f895efa759ec) Importer(2089858483,b0f066a214c2f5e87bad3c948f4d605d) (ScriptedImporter) -> (artifact id: '4e0d7fc023fd017a0834ea1b64036ec2') in 0.0435484 seconds
Number of updated asset objects reloaded before import = 0Number of asset objects unloaded after import = 3

========================================================================
Received Import Request.
  Time since last request: 0.000021 seconds.
  path: Assets/Space Exploration/Picto_Icons/Dark_Purple/heart-128.png
  artifactKey: Guid(c16662856179c364887a9012607277e2) Importer(2089858483,b0f066a214c2f5e87bad3c948f4d605d)
Start importing Assets/Space Exploration/Picto_Icons/Dark_Purple/heart-128.png using Guid(c16662856179c364887a9012607277e2) Importer(2089858483,b0f066a214c2f5e87bad3c948f4d605d) (ScriptedImporter) -> (artifact id: 'adcfb75019b62c60d7f4986b41ffcfe5') in 0.051112 seconds
Number of updated asset objects reloaded before import = 0Number of asset objects unloaded after import = 3

========================================================================
Received Import Request.
  Time since last request: 0.000034 seconds.
  path: Assets/Space Exploration/Icons/mercury-128.png
  artifactKey: Guid(d57f05b60beb45749a132963850456aa) Importer(2089858483,b0f066a214c2f5e87bad3c948f4d605d)
Start importing Assets/Space Exploration/Icons/mercury-128.png using Guid(d57f05b60beb45749a132963850456aa) Importer(2089858483,b0f066a214c2f5e87bad3c948f4d605d) (ScriptedImporter) -> (artifact id: 'ad96caf5db5db05bc7578ae50acf423f') in 0.0498061 seconds
Number of updated asset objects reloaded before import = 0Number of asset objects unloaded after import = 3

========================================================================
Received Import Request.
  Time since last request: 0.000023 seconds.
  path: Assets/Space Exploration/Shop_Assets/gems-tier-3-medium.png
  artifactKey: Guid(1809f26822ae77348873f76c405296ed) Importer(2089858483,b0f066a214c2f5e87bad3c948f4d605d)
Start importing Assets/Space Exploration/Shop_Assets/gems-tier-3-medium.png using Guid(1809f26822ae77348873f76c405296ed) Importer(2089858483,b0f066a214c2f5e87bad3c948f4d605d) (ScriptedImporter) -> (artifact id: '3be30a0e992405f1e5e6c6522eb12073') in 0.0457083 seconds
Number of updated asset objects reloaded before import = 0Number of asset objects unloaded after import = 3

========================================================================
Received Import Request.
  Time since last request: 0.000025 seconds.
  path: Assets/Photon/PhotonUnityNetworking/Demos/PunCockpit/Scripts/Autonomous UI/AutoSyncSceneToggle.cs
  artifactKey: Guid(345270254ed7b49e89ce5662ca70a091) Importer(2089858483,b0f066a214c2f5e87bad3c948f4d605d)
Start importing Assets/Photon/PhotonUnityNetworking/Demos/PunCockpit/Scripts/Autonomous UI/AutoSyncSceneToggle.cs using Guid(345270254ed7b49e89ce5662ca70a091) Importer(2089858483,b0f066a214c2f5e87bad3c948f4d605d) (ScriptedImporter) -> (artifact id: 'ac08813cb1475fd54fe9cad899d5a1e3') in 0.0216797 seconds
Number of updated asset objects reloaded before import = 0Number of asset objects unloaded after import = 0

========================================================================
Received Import Request.
  Time since last request: 0.000043 seconds.
  path: Assets/Free LowPoly Pack/Meshes/WallSmallC_mesh.fbx
  artifactKey: Guid(34e4968ef26fa4b4c8d88bbfcb01071b) Importer(2089858483,b0f066a214c2f5e87bad3c948f4d605d)
Start importing Assets/Free LowPoly Pack/Meshes/WallSmallC_mesh.fbx using Guid(34e4968ef26fa4b4c8d88bbfcb01071b) Importer(2089858483,b0f066a214c2f5e87bad3c948f4d605d) (ScriptedImporter) -> (artifact id: 'ae3d46291ef7cad92d08a9dc17344dcd') in 0.0757411 seconds
Number of updated asset objects reloaded before import = 0Number of asset objects unloaded after import = 11

========================================================================
Received Import Request.
  Time since last request: 0.000029 seconds.
  path: Assets/Photon/PhotonUnityNetworking/Demos/PunBasics-Tutorial
  artifactKey: Guid(6f09d91478c1216438bf6766ec098a5d) Importer(2089858483,b0f066a214c2f5e87bad3c948f4d605d)
Start importing Assets/Photon/PhotonUnityNetworking/Demos/PunBasics-Tutorial using Guid(6f09d91478c1216438bf6766ec098a5d) Importer(2089858483,b0f066a214c2f5e87bad3c948f4d605d) (ScriptedImporter) -> (artifact id: '3574bf109a92e3be43c88888829aab30') in 0.0184974 seconds
Number of updated asset objects reloaded before import = 0Number of asset objects unloaded after import = 1

========================================================================
Received Import Request.
  Time since last request: 0.000037 seconds.
  path: Assets/Space Exploration/Fonts/Font Sources/Asap-Italic-VariableFont_wdth,wght.ttf
  artifactKey: Guid(e9eae1b08bfe3d042bbf4bd2bc0df1f5) Importer(2089858483,b0f066a214c2f5e87bad3c948f4d605d)
Start importing Assets/Space Exploration/Fonts/Font Sources/Asap-Italic-VariableFont_wdth,wght.ttf using Guid(e9eae1b08bfe3d042bbf4bd2bc0df1f5) Importer(2089858483,b0f066a214c2f5e87bad3c948f4d605d) (ScriptedImporter) -> (artifact id: '3dbc49ae143ff314e43a2a9ccac64a83') in 0.0272121 seconds
Number of updated asset objects reloaded before import = 0Number of asset objects unloaded after import = 3

========================================================================
Received Import Request.
  Time since last request: 0.000028 seconds.
  path: Assets/Space Exploration/Picto_Icons/Light_Purple/sword-64.png
  artifactKey: Guid(518c3107bd924f94596062cc42cd671f) Importer(2089858483,b0f066a214c2f5e87bad3c948f4d605d)
Start importing Assets/Space Exploration/Picto_Icons/Light_Purple/sword-64.png using Guid(518c3107bd924f94596062cc42cd671f) Importer(2089858483,b0f066a214c2f5e87bad3c948f4d605d) (ScriptedImporter) -> (artifact id: '037d48a0ef7b2f394d549a80a91ca58d') in 0.0424268 seconds
Number of updated asset objects reloaded before import = 0Number of asset objects unloaded after import = 3

========================================================================
Received Import Request.
  Time since last request: 0.000052 seconds.
  path: Assets/Space Exploration/Picto_Icons/White/magnifying-32.png
  artifactKey: Guid(ab226671d205e4546b416ae6b434c69c) Importer(2089858483,b0f066a214c2f5e87bad3c948f4d605d)
Start importing Assets/Space Exploration/Picto_Icons/White/magnifying-32.png using Guid(ab226671d205e4546b416ae6b434c69c) Importer(2089858483,b0f066a214c2f5e87bad3c948f4d605d) (ScriptedImporter) -> (artifact id: '5ed7b36c54849c9600583f4de7adb298') in 0.0647888 seconds
Number of updated asset objects reloaded before import = 0Number of asset objects unloaded after import = 3

========================================================================
Received Import Request.
  Time since last request: 0.000041 seconds.
  path: Assets/Space Exploration/Button_Images/Source_Image_Sprites/medium/square-pink-medium.png
  artifactKey: Guid(76a5d26272ea35244b4b05de56e11539) Importer(2089858483,b0f066a214c2f5e87bad3c948f4d605d)
Start importing Assets/Space Exploration/Button_Images/Source_Image_Sprites/medium/square-pink-medium.png using Guid(76a5d26272ea35244b4b05de56e11539) Importer(2089858483,b0f066a214c2f5e87bad3c948f4d605d) (ScriptedImporter) -> (artifact id: '493464ba0f0bbe183ca0cf611d03f5df') in 0.0336254 seconds
Number of updated asset objects reloaded before import = 0Number of asset objects unloaded after import = 3

========================================================================
Received Import Request.
  Time since last request: 0.000029 seconds.
  path: Assets/Space Exploration/Picto_Icons/Light_Purple/back-32.png
  artifactKey: Guid(d1f5cb6c996c9db428f1293c8f115470) Importer(2089858483,b0f066a214c2f5e87bad3c948f4d605d)
Start importing Assets/Space Exploration/Picto_Icons/Light_Purple/back-32.png using Guid(d1f5cb6c996c9db428f1293c8f115470) Importer(2089858483,b0f066a214c2f5e87bad3c948f4d605d) (ScriptedImporter) -> (artifact id: 'fdd0fc9a5804a5500e2b85cc5ea76d5b') in 0.0416066 seconds
Number of updated asset objects reloaded before import = 0Number of asset objects unloaded after import = 3

========================================================================
Received Import Request.
  Time since last request: 0.000032 seconds.
  path: Assets/Free LowPoly Pack/Meshes/WallLargeB_mesh.fbx
  artifactKey: Guid(69850715f8d465b45a1e9698cd699191) Importer(2089858483,b0f066a214c2f5e87bad3c948f4d605d)
Start importing Assets/Free LowPoly Pack/Meshes/WallLargeB_mesh.fbx using Guid(69850715f8d465b45a1e9698cd699191) Importer(2089858483,b0f066a214c2f5e87bad3c948f4d605d) (ScriptedImporter) -> (artifact id: 'cb508cf1919f04091317fcd84e3c2aee') in 0.0372147 seconds
Number of updated asset objects reloaded before import = 0Number of asset objects unloaded after import = 11

========================================================================
Received Import Request.
  Time since last request: 0.000040 seconds.
  path: Assets/Photon/PhotonUnityNetworking/Code/Views/PhotonRigidbodyView.cs
  artifactKey: Guid(64179f3720bbfe947b7724caa67b7c1d) Importer(2089858483,b0f066a214c2f5e87bad3c948f4d605d)
Start importing Assets/Photon/PhotonUnityNetworking/Code/Views/PhotonRigidbodyView.cs using Guid(64179f3720bbfe947b7724caa67b7c1d) Importer(2089858483,b0f066a214c2f5e87bad3c948f4d605d) (ScriptedImporter) -> (artifact id: 'd9eb95a20990a1415bb272b3f875b7c1') in 0.0225678 seconds
Number of updated asset objects reloaded before import = 0Number of asset objects unloaded after import = 0

========================================================================
Received Import Request.
  Time since last request: 0.000027 seconds.
  path: Assets/Space Exploration/Picto_Icons/Dark_Purple/share-128.png
  artifactKey: Guid(7372e005ad5798e4e98986eabd8feffa) Importer(2089858483,b0f066a214c2f5e87bad3c948f4d605d)
Start importing Assets/Space Exploration/Picto_Icons/Dark_Purple/share-128.png using Guid(7372e005ad5798e4e98986eabd8feffa) Importer(2089858483,b0f066a214c2f5e87bad3c948f4d605d) (ScriptedImporter) -> (artifact id: '353f0792f823a3b1ba5a7a60e674e5ec') in 0.0402373 seconds
Number of updated asset objects reloaded before import = 0Number of asset objects unloaded after import = 3

========================================================================
Received Import Request.
  Time since last request: 0.000031 seconds.
  path: Assets/Space Exploration/Picto_Icons/Dark_Purple/lock-256.png
  artifactKey: Guid(5b879b946247b9d459acc50eacefed22) Importer(2089858483,b0f066a214c2f5e87bad3c948f4d605d)
Start importing Assets/Space Exploration/Picto_Icons/Dark_Purple/lock-256.png using Guid(5b879b946247b9d459acc50eacefed22) Importer(2089858483,b0f066a214c2f5e87bad3c948f4d605d) (ScriptedImporter) -> (artifact id: 'f12e977cc64366c7c2db176656274f86') in 0.042025 seconds
Number of updated asset objects reloaded before import = 0Number of asset objects unloaded after import = 3

========================================================================
Received Import Request.
  Time since last request: 0.000037 seconds.
  path: Assets/PlayFabEditorExtensions/Editor/Resources/Microsoft.IdentityModel.Logging.dll
  artifactKey: Guid(1f2465a17c679814dbdaa4e061163d82) Importer(2089858483,b0f066a214c2f5e87bad3c948f4d605d)
Start importing Assets/PlayFabEditorExtensions/Editor/Resources/Microsoft.IdentityModel.Logging.dll using Guid(1f2465a17c679814dbdaa4e061163d82) Importer(2089858483,b0f066a214c2f5e87bad3c948f4d605d) (ScriptedImporter) -> (artifact id: '41937b2318a4c9f76af097cde4c75923') in 0.0269527 seconds
Number of updated asset objects reloaded before import = 0Number of asset objects unloaded after import = 0

========================================================================
Received Import Request.
  Time since last request: 0.000026 seconds.
  path: Assets/Photon/PhotonUnityNetworking/Demos/DemoAsteroids/Prefabs/PlayerOverviewEntry.prefab
  artifactKey: Guid(f03d1c686a26a1d4da99a4186b0bb1ab) Importer(2089858483,b0f066a214c2f5e87bad3c948f4d605d)
Start importing Assets/Photon/PhotonUnityNetworking/Demos/DemoAsteroids/Prefabs/PlayerOverviewEntry.prefab using Guid(f03d1c686a26a1d4da99a4186b0bb1ab) Importer(2089858483,b0f066a214c2f5e87bad3c948f4d605d) (ScriptedImporter) -> (artifact id: '910cf9e839eb1fb50c22e431a2118578') in 0.0506335 seconds
Number of updated asset objects reloaded before import = 0Number of asset objects unloaded after import = 8

========================================================================
Received Import Request.
  Time since last request: 0.000033 seconds.
  path: Assets/Space Exploration/Picto_Icons/Dark_Purple/flame-32.png
  artifactKey: Guid(95b72a9cbacc2114abfa8c67477dadd9) Importer(2089858483,b0f066a214c2f5e87bad3c948f4d605d)
Start importing Assets/Space Exploration/Picto_Icons/Dark_Purple/flame-32.png using Guid(95b72a9cbacc2114abfa8c67477dadd9) Importer(2089858483,b0f066a214c2f5e87bad3c948f4d605d) (ScriptedImporter) -> (artifact id: '70963d655f63892fe4d274113732ca4f') in 0.0389884 seconds
Number of updated asset objects reloaded before import = 0Number of asset objects unloaded after import = 3

========================================================================
Received Import Request.
  Time since last request: 0.000040 seconds.
  path: Assets/Photon/PhotonUnityNetworking/Demos/PunBasics-Tutorial/Scenes/PunBasics-Room for 1.unity
  artifactKey: Guid(9b8561c6e396849a5ba48c3eb9524049) Importer(2089858483,b0f066a214c2f5e87bad3c948f4d605d)
Start importing Assets/Photon/PhotonUnityNetworking/Demos/PunBasics-Tutorial/Scenes/PunBasics-Room for 1.unity using Guid(9b8561c6e396849a5ba48c3eb9524049) Importer(2089858483,b0f066a214c2f5e87bad3c948f4d605d) (ScriptedImporter) -> (artifact id: '2d2e074e17786acee70bac21f4a918a4') in 0.0335494 seconds
Number of updated asset objects reloaded before import = 0Number of asset objects unloaded after import = 1

========================================================================
Received Import Request.
  Time since last request: 0.000025 seconds.
  path: Assets/Space Exploration/Picto_Icons/White/banner-32.png
  artifactKey: Guid(f812a1adc9307504f91cc6a8c8c25c0f) Importer(2089858483,b0f066a214c2f5e87bad3c948f4d605d)
Start importing Assets/Space Exploration/Picto_Icons/White/banner-32.png using Guid(f812a1adc9307504f91cc6a8c8c25c0f) Importer(2089858483,b0f066a214c2f5e87bad3c948f4d605d) (ScriptedImporter) -> (artifact id: '798ce6e58a451e8487375f3eeb64b509') in 0.0485719 seconds
Number of updated asset objects reloaded before import = 0Number of asset objects unloaded after import = 3

========================================================================
Received Import Request.
  Time since last request: 0.000030 seconds.
  path: Assets/Space Exploration/Icons/mushroom-256.png
  artifactKey: Guid(3a2102e4dc9e2f44e9b7f33d0e4915c6) Importer(2089858483,b0f066a214c2f5e87bad3c948f4d605d)
Start importing Assets/Space Exploration/Icons/mushroom-256.png using Guid(3a2102e4dc9e2f44e9b7f33d0e4915c6) Importer(2089858483,b0f066a214c2f5e87bad3c948f4d605d) (ScriptedImporter) -> (artifact id: '23a42ede4c54185f0f115bcea8d24fa1') in 0.0392865 seconds
Number of updated asset objects reloaded before import = 0Number of asset objects unloaded after import = 3

========================================================================
Received Import Request.
  Time since last request: 0.000024 seconds.
  path: Assets/Space Exploration/Button_Images/Pressed_Sprites/Large/square-purple-pressed-large.png
  artifactKey: Guid(71d7440c9631076478fa1377712a451d) Importer(2089858483,b0f066a214c2f5e87bad3c948f4d605d)
Start importing Assets/Space Exploration/Button_Images/Pressed_Sprites/Large/square-purple-pressed-large.png using Guid(71d7440c9631076478fa1377712a451d) Importer(2089858483,b0f066a214c2f5e87bad3c948f4d605d) (ScriptedImporter) -> (artifact id: '52af93ece862e3fd2defc52e7cc97cf4') in 0.0263791 seconds
Number of updated asset objects reloaded before import = 0Number of asset objects unloaded after import = 3

========================================================================
Received Import Request.
  Time since last request: 0.000029 seconds.
  path: Assets/Space Exploration/Icons/exoplanet-6-64.png
  artifactKey: Guid(29959e6cddf26244888065f762d18a1d) Importer(2089858483,b0f066a214c2f5e87bad3c948f4d605d)
Start importing Assets/Space Exploration/Icons/exoplanet-6-64.png using Guid(29959e6cddf26244888065f762d18a1d) Importer(2089858483,b0f066a214c2f5e87bad3c948f4d605d) (ScriptedImporter) -> (artifact id: '6ccd1c1991cfed45581a027b0a9cb157') in 0.0398678 seconds
Number of updated asset objects reloaded before import = 0Number of asset objects unloaded after import = 3

========================================================================
Received Import Request.
  Time since last request: 0.000043 seconds.
  path: Assets/Space Exploration/Picto_Icons/Light_Purple/axe-64.png
  artifactKey: Guid(68cbc93f99fff684dba445b5de5dc4f6) Importer(2089858483,b0f066a214c2f5e87bad3c948f4d605d)
Start importing Assets/Space Exploration/Picto_Icons/Light_Purple/axe-64.png using Guid(68cbc93f99fff684dba445b5de5dc4f6) Importer(2089858483,b0f066a214c2f5e87bad3c948f4d605d) (ScriptedImporter) -> (artifact id: '5d99fff110618efff193e8ef7241325f') in 0.0453363 seconds
Number of updated asset objects reloaded before import = 0Number of asset objects unloaded after import = 3

========================================================================
Received Import Request.
  Time since last request: 0.000028 seconds.
  path: Assets/Photon/PhotonRealtime/Code/ConnectionHandler.cs
  artifactKey: Guid(f0b3ce6748186d3468e0dbaecb38b04c) Importer(2089858483,b0f066a214c2f5e87bad3c948f4d605d)
Start importing Assets/Photon/PhotonRealtime/Code/ConnectionHandler.cs using Guid(f0b3ce6748186d3468e0dbaecb38b04c) Importer(2089858483,b0f066a214c2f5e87bad3c948f4d605d) (ScriptedImporter) -> (artifact id: '9bbde30e2065c0f8607c8fd6b00d59dd') in 0.0206122 seconds
Number of updated asset objects reloaded before import = 0Number of asset objects unloaded after import = 0

========================================================================
Received Import Request.
  Time since last request: 0.000028 seconds.
  path: Assets/Space Exploration/Prefabs/UI_Elements/Extra_Large/Menu Buttons/On-Off_Toggle_Extra_Large.prefab
  artifactKey: Guid(a9608963a49e7964598b96152e03d3b9) Importer(2089858483,b0f066a214c2f5e87bad3c948f4d605d)
Start importing Assets/Space Exploration/Prefabs/UI_Elements/Extra_Large/Menu Buttons/On-Off_Toggle_Extra_Large.prefab using Guid(a9608963a49e7964598b96152e03d3b9) Importer(2089858483,b0f066a214c2f5e87bad3c948f4d605d) (ScriptedImporter) -> (artifact id: '5a156d469a89ee7613b90defc20017dc') in 0.0404282 seconds
Number of updated asset objects reloaded before import = 0Number of asset objects unloaded after import = 35

========================================================================
Received Import Request.
  Time since last request: 0.000048 seconds.
  path: Assets/Space Exploration/Settings_&_Menu_Components/Small/check-box-empty-small.png
  artifactKey: Guid(4315a9c73a907a74d8033764e3de41be) Importer(2089858483,b0f066a214c2f5e87bad3c948f4d605d)
Start importing Assets/Space Exploration/Settings_&_Menu_Components/Small/check-box-empty-small.png using Guid(4315a9c73a907a74d8033764e3de41be) Importer(2089858483,b0f066a214c2f5e87bad3c948f4d605d) (ScriptedImporter) -> (artifact id: 'e280f0b041e92e6b8405fd75120c81fe') in 0.0332146 seconds
Number of updated asset objects reloaded before import = 0Number of asset objects unloaded after import = 3

========================================================================
Received Import Request.
  Time since last request: 0.000021 seconds.
  path: Assets/Photon/PhotonUnityNetworking/Demos/DemoAsteroids/Textures/FlyerPlayershipAlbedo.tif
  artifactKey: Guid(b28381ec2a3dce5459a8fd396a0eb560) Importer(2089858483,b0f066a214c2f5e87bad3c948f4d605d)
Start importing Assets/Photon/PhotonUnityNetworking/Demos/DemoAsteroids/Textures/FlyerPlayershipAlbedo.tif using Guid(b28381ec2a3dce5459a8fd396a0eb560) Importer(2089858483,b0f066a214c2f5e87bad3c948f4d605d) (ScriptedImporter) -> (artifact id: '477102c5efc6c0c25ee2da592d02218f') in 0.0296581 seconds
Number of updated asset objects reloaded before import = 0Number of asset objects unloaded after import = 1

========================================================================
Received Import Request.
  Time since last request: 0.000028 seconds.
  path: Assets/Space Exploration/Picto_Icons/White/calendar-32.png
  artifactKey: Guid(93957fb33483c0a45a7ea4ccf2a15c69) Importer(2089858483,b0f066a214c2f5e87bad3c948f4d605d)
Start importing Assets/Space Exploration/Picto_Icons/White/calendar-32.png using Guid(93957fb33483c0a45a7ea4ccf2a15c69) Importer(2089858483,b0f066a214c2f5e87bad3c948f4d605d) (ScriptedImporter) -> (artifact id: '744a7b3f12a887e1737f9790da7e30df') in 0.0420067 seconds
Number of updated asset objects reloaded before import = 0Number of asset objects unloaded after import = 3

========================================================================
Received Import Request.
  Time since last request: 0.000039 seconds.
  path: Assets/Space Exploration/Picto_Icons/Dark_Purple/shop-128.png
  artifactKey: Guid(872c3888bc47d04458df325e48d2a945) Importer(2089858483,b0f066a214c2f5e87bad3c948f4d605d)
Start importing Assets/Space Exploration/Picto_Icons/Dark_Purple/shop-128.png using Guid(872c3888bc47d04458df325e48d2a945) Importer(2089858483,b0f066a214c2f5e87bad3c948f4d605d) (ScriptedImporter) -> (artifact id: 'ff9018c1ea92c16710c397ee7ad2e2ad') in 0.0365217 seconds
Number of updated asset objects reloaded before import = 0Number of asset objects unloaded after import = 3

========================================================================
Received Import Request.
  Time since last request: 0.000024 seconds.
  path: Assets/Space Exploration/Rank_System_Components/Medium/ranking-1st-medium 1.png
  artifactKey: Guid(8dc766593e1319344adc9d8e727aecb1) Importer(2089858483,b0f066a214c2f5e87bad3c948f4d605d)
Start importing Assets/Space Exploration/Rank_System_Components/Medium/ranking-1st-medium 1.png using Guid(8dc766593e1319344adc9d8e727aecb1) Importer(2089858483,b0f066a214c2f5e87bad3c948f4d605d) (ScriptedImporter) -> (artifact id: '15286e8debd1d1bf327db8160c758be0') in 0.0410878 seconds
Number of updated asset objects reloaded before import = 0Number of asset objects unloaded after import = 3

========================================================================
Received Import Request.
  Time since last request: 0.000027 seconds.
  path: Assets/Space Exploration/Button_Images/Source_Image_Sprites/large/large-blue-large.png
  artifactKey: Guid(d44b2578742c2ae40a3ef7a7c2363511) Importer(2089858483,b0f066a214c2f5e87bad3c948f4d605d)
Start importing Assets/Space Exploration/Button_Images/Source_Image_Sprites/large/large-blue-large.png using Guid(d44b2578742c2ae40a3ef7a7c2363511) Importer(2089858483,b0f066a214c2f5e87bad3c948f4d605d) (ScriptedImporter) -> (artifact id: 'd74bcdf90ff857f01105ae0d8e54c51f') in 0.0291346 seconds
Number of updated asset objects reloaded before import = 0Number of asset objects unloaded after import = 3

========================================================================
Received Import Request.
  Time since last request: 0.000041 seconds.
  path: Assets/Space Exploration/Picto_Icons/Dark_Purple/zoom-in-256.png
  artifactKey: Guid(f8d9a03cc204cb548bf2a204bc25978c) Importer(2089858483,b0f066a214c2f5e87bad3c948f4d605d)
Start importing Assets/Space Exploration/Picto_Icons/Dark_Purple/zoom-in-256.png using Guid(f8d9a03cc204cb548bf2a204bc25978c) Importer(2089858483,b0f066a214c2f5e87bad3c948f4d605d) (ScriptedImporter) -> (artifact id: '75f83b776e5ffb07c1c4ce5ba562a887') in 0.0394245 seconds
Number of updated asset objects reloaded before import = 0Number of asset objects unloaded after import = 3

========================================================================
Received Import Request.
  Time since last request: 0.000021 seconds.
  path: Assets/Space Exploration/Picto_Icons/White/sword-64.png
  artifactKey: Guid(0d2466215334a764c823e7509c27fe11) Importer(2089858483,b0f066a214c2f5e87bad3c948f4d605d)
Start importing Assets/Space Exploration/Picto_Icons/White/sword-64.png using Guid(0d2466215334a764c823e7509c27fe11) Importer(2089858483,b0f066a214c2f5e87bad3c948f4d605d) (ScriptedImporter) -> (artifact id: '9c4bacdcb0199cac214a06c2642ce4b5') in 0.0378067 seconds
Number of updated asset objects reloaded before import = 0Number of asset objects unloaded after import = 3

========================================================================
Received Import Request.
  Time since last request: 0.000022 seconds.
  path: Assets/Space Exploration/Picto_Icons/White/exclamation-32.png
  artifactKey: Guid(8cc614ae388c4a34a98aff0f9505ec30) Importer(2089858483,b0f066a214c2f5e87bad3c948f4d605d)
Start importing Assets/Space Exploration/Picto_Icons/White/exclamation-32.png using Guid(8cc614ae388c4a34a98aff0f9505ec30) Importer(2089858483,b0f066a214c2f5e87bad3c948f4d605d) (ScriptedImporter) -> (artifact id: '9e77d2e04323cb238d0d08287364e806') in 0.0452648 seconds
Number of updated asset objects reloaded before import = 0Number of asset objects unloaded after import = 3

========================================================================
Received Import Request.
  Time since last request: 0.000048 seconds.
  path: Assets/Photon/PhotonUnityNetworking/Code/ServerSettings.cs
  artifactKey: Guid(9f3758f8f58fdef43803eb9be1df0608) Importer(2089858483,b0f066a214c2f5e87bad3c948f4d605d)
Start importing Assets/Photon/PhotonUnityNetworking/Code/ServerSettings.cs using Guid(9f3758f8f58fdef43803eb9be1df0608) Importer(2089858483,b0f066a214c2f5e87bad3c948f4d605d) (ScriptedImporter) -> (artifact id: '07f3403074a865ffb93bbb81bd4373dd') in 0.0222295 seconds
Number of updated asset objects reloaded before import = 0Number of asset objects unloaded after import = 0

========================================================================
Received Import Request.
  Time since last request: 0.000026 seconds.
  path: Assets/Space Exploration/Shop_Assets/gems-tier-1-small.png
  artifactKey: Guid(24d660b23ba7ee94ba212acb58e2fbe1) Importer(2089858483,b0f066a214c2f5e87bad3c948f4d605d)
Start importing Assets/Space Exploration/Shop_Assets/gems-tier-1-small.png using Guid(24d660b23ba7ee94ba212acb58e2fbe1) Importer(2089858483,b0f066a214c2f5e87bad3c948f4d605d) (ScriptedImporter) -> (artifact id: '6ac8d447c4896dff2052400e28593cca') in 0.0410987 seconds
Number of updated asset objects reloaded before import = 0Number of asset objects unloaded after import = 3

========================================================================
Received Import Request.
  Time since last request: 0.000030 seconds.
  path: Assets/Space Exploration/Button_Images/Source_Image_Sprites/large/large-pink-large.png
  artifactKey: Guid(0c3e364735839784b9a0fcf500b95181) Importer(2089858483,b0f066a214c2f5e87bad3c948f4d605d)
Start importing Assets/Space Exploration/Button_Images/Source_Image_Sprites/large/large-pink-large.png using Guid(0c3e364735839784b9a0fcf500b95181) Importer(2089858483,b0f066a214c2f5e87bad3c948f4d605d) (ScriptedImporter) -> (artifact id: '8665a9e239426b76e30817e9ce95ef7f') in 0.031265 seconds
Number of updated asset objects reloaded before import = 0Number of asset objects unloaded after import = 3

========================================================================
Received Import Request.
  Time since last request: 0.000035 seconds.
  path: Assets/Photon/PhotonUnityNetworking/UtilityScripts/Prototyping/OnStartDelete.cs
  artifactKey: Guid(f8d56a54ae062da4a87516fb994f4e30) Importer(2089858483,b0f066a214c2f5e87bad3c948f4d605d)
Start importing Assets/Photon/PhotonUnityNetworking/UtilityScripts/Prototyping/OnStartDelete.cs using Guid(f8d56a54ae062da4a87516fb994f4e30) Importer(2089858483,b0f066a214c2f5e87bad3c948f4d605d) (ScriptedImporter) -> (artifact id: 'fa71c758ea295dbf28662e4f08fb6938') in 0.0202307 seconds
Number of updated asset objects reloaded before import = 0Number of asset objects unloaded after import = 0

========================================================================
Received Import Request.
  Time since last request: 0.000023 seconds.
  path: Assets/Space Exploration/Picto_Icons/Light_Purple/dislike-256.png
  artifactKey: Guid(bf3770a55c69c5c49a9cc587c17f2a66) Importer(2089858483,b0f066a214c2f5e87bad3c948f4d605d)
Start importing Assets/Space Exploration/Picto_Icons/Light_Purple/dislike-256.png using Guid(bf3770a55c69c5c49a9cc587c17f2a66) Importer(2089858483,b0f066a214c2f5e87bad3c948f4d605d) (ScriptedImporter) -> (artifact id: '4d162b61b78e8a687cffa4f6a6de9050') in 0.038931 seconds
Number of updated asset objects reloaded before import = 0Number of asset objects unloaded after import = 3

========================================================================
Received Import Request.
  Time since last request: 0.000028 seconds.
  path: Assets/Space Exploration/Picto_Icons/Dark_Purple/cloud-256.png
  artifactKey: Guid(08970c0ca384d5047ba611a80a5719b4) Importer(2089858483,b0f066a214c2f5e87bad3c948f4d605d)
Start importing Assets/Space Exploration/Picto_Icons/Dark_Purple/cloud-256.png using Guid(08970c0ca384d5047ba611a80a5719b4) Importer(2089858483,b0f066a214c2f5e87bad3c948f4d605d) (ScriptedImporter) -> (artifact id: '195075c1443a176b131df1bb692d7596') in 0.0404904 seconds
Number of updated asset objects reloaded before import = 0Number of asset objects unloaded after import = 3

========================================================================
Received Import Request.
  Time since last request: 0.000041 seconds.
  path: Assets/Space Exploration/Icons/sun-512.png
  artifactKey: Guid(cf8fcbf3811e39d42b5e7b48fbf4fb40) Importer(2089858483,b0f066a214c2f5e87bad3c948f4d605d)
Start importing Assets/Space Exploration/Icons/sun-512.png using Guid(cf8fcbf3811e39d42b5e7b48fbf4fb40) Importer(2089858483,b0f066a214c2f5e87bad3c948f4d605d) (ScriptedImporter) -> (artifact id: '65430de077c5991272deffd2fd6ce81e') in 0.0402015 seconds
Number of updated asset objects reloaded before import = 0Number of asset objects unloaded after import = 3

========================================================================
Received Import Request.
  Time since last request: 0.000026 seconds.
  path: Assets/Photon/PhotonUnityNetworking/UtilityScripts/PhotonPlayer/PhotonTeamsManager.cs
  artifactKey: Guid(8701526de72d8774fa165e66daf050ed) Importer(2089858483,b0f066a214c2f5e87bad3c948f4d605d)
Start importing Assets/Photon/PhotonUnityNetworking/UtilityScripts/PhotonPlayer/PhotonTeamsManager.cs using Guid(8701526de72d8774fa165e66daf050ed) Importer(2089858483,b0f066a214c2f5e87bad3c948f4d605d) (ScriptedImporter) -> (artifact id: '0cee32bf7597c0448d680e7ee9ae5b53') in 0.0191578 seconds
Number of updated asset objects reloaded before import = 0Number of asset objects unloaded after import = 0

========================================================================
Received Import Request.
  Time since last request: 0.000030 seconds.
  path: Assets/PlayFabSDK/Profiles
  artifactKey: Guid(eb038585995bfe148853edfdae25b48c) Importer(2089858483,b0f066a214c2f5e87bad3c948f4d605d)
Start importing Assets/PlayFabSDK/Profiles using Guid(eb038585995bfe148853edfdae25b48c) Importer(2089858483,b0f066a214c2f5e87bad3c948f4d605d) (ScriptedImporter) -> (artifact id: '887cde571b3ed8b9131cdf3d059c1a56') in 0.0180065 seconds
Number of updated asset objects reloaded before import = 0Number of asset objects unloaded after import = 1

========================================================================
Received Import Request.
  Time since last request: 0.000038 seconds.
  path: Assets/Free Stylized Sci-Fi Scout Bot/Controler/Controler_01_Scout_Bot.controller
  artifactKey: Guid(4207a382b88fec24db8a17b25758f3e2) Importer(2089858483,b0f066a214c2f5e87bad3c948f4d605d)
Start importing Assets/Free Stylized Sci-Fi Scout Bot/Controler/Controler_01_Scout_Bot.controller using Guid(4207a382b88fec24db8a17b25758f3e2) Importer(2089858483,b0f066a214c2f5e87bad3c948f4d605d) (ScriptedImporter) -> (artifact id: 'b97fd877bef48e22246859f788a571a8') in 0.0713438 seconds
Number of updated asset objects reloaded before import = 0Number of asset objects unloaded after import = 8

========================================================================
Received Import Request.
  Time since last request: 0.000024 seconds.
  path: Assets/PlayFabSDK/Shared/Public/ITransportPlugin.cs
  artifactKey: Guid(b97cd56b9c312144bb35f37b431aa18f) Importer(2089858483,b0f066a214c2f5e87bad3c948f4d605d)
Start importing Assets/PlayFabSDK/Shared/Public/ITransportPlugin.cs using Guid(b97cd56b9c312144bb35f37b431aa18f) Importer(2089858483,b0f066a214c2f5e87bad3c948f4d605d) (ScriptedImporter) -> (artifact id: 'b418b693ef96112dd3fa2af8ea98bb92') in 0.0195733 seconds
Number of updated asset objects reloaded before import = 0Number of asset objects unloaded after import = 0

========================================================================
Received Import Request.
  Time since last request: 0.000039 seconds.
  path: Assets/Space Exploration/Button_Images/Highlighted_Sprite/extra large/large-pink-highlight-extra-large.png
  artifactKey: Guid(9c4e148ce184f414c906f4697bc7dc88) Importer(2089858483,b0f066a214c2f5e87bad3c948f4d605d)
Start importing Assets/Space Exploration/Button_Images/Highlighted_Sprite/extra large/large-pink-highlight-extra-large.png using Guid(9c4e148ce184f414c906f4697bc7dc88) Importer(2089858483,b0f066a214c2f5e87bad3c948f4d605d) (ScriptedImporter) -> (artifact id: 'fb7734edd808626d20d82cab0b348e36') in 0.0291868 seconds
Number of updated asset objects reloaded before import = 0Number of asset objects unloaded after import = 3

========================================================================
Received Import Request.
  Time since last request: 0.000025 seconds.
  path: Assets/Space Exploration/Icons/pickaxe-256.png
  artifactKey: Guid(04e3825b6a35f944baaeebd13bc64d7e) Importer(2089858483,b0f066a214c2f5e87bad3c948f4d605d)
Start importing Assets/Space Exploration/Icons/pickaxe-256.png using Guid(04e3825b6a35f944baaeebd13bc64d7e) Importer(2089858483,b0f066a214c2f5e87bad3c948f4d605d) (ScriptedImporter) -> (artifact id: 'aaf6650001d4fee3362455d81444c987') in 0.0406557 seconds
Number of updated asset objects reloaded before import = 0Number of asset objects unloaded after import = 3

========================================================================
Received Import Request.
  Time since last request: 0.000034 seconds.
  path: Assets/Space Exploration/Picto_Icons/Dark_Purple/unlock-32.png
  artifactKey: Guid(35868e83acf686c4f85fa28338bac60d) Importer(2089858483,b0f066a214c2f5e87bad3c948f4d605d)
Start importing Assets/Space Exploration/Picto_Icons/Dark_Purple/unlock-32.png using Guid(35868e83acf686c4f85fa28338bac60d) Importer(2089858483,b0f066a214c2f5e87bad3c948f4d605d) (ScriptedImporter) -> (artifact id: 'c62c43f3849b5246a4bb118e5e97fa2b') in 0.0446968 seconds
Number of updated asset objects reloaded before import = 0Number of asset objects unloaded after import = 3

========================================================================
Received Import Request.
  Time since last request: 0.000041 seconds.
  path: Assets/PlayFabSDK/Shared/Models
  artifactKey: Guid(34c5d2725a89d1c40af9b10a9b9dcbc5) Importer(2089858483,b0f066a214c2f5e87bad3c948f4d605d)
Start importing Assets/PlayFabSDK/Shared/Models using Guid(34c5d2725a89d1c40af9b10a9b9dcbc5) Importer(2089858483,b0f066a214c2f5e87bad3c948f4d605d) (ScriptedImporter) -> (artifact id: '125024cb61829f2e37daba3e0cce8f98') in 0.018526 seconds
Number of updated asset objects reloaded before import = 0Number of asset objects unloaded after import = 1

========================================================================
Received Import Request.
  Time since last request: 0.000024 seconds.
  path: Assets/Space Exploration/Button_Images/Pressed_Sprites/Large/large-yellow-sparkle-pressed-large.png
  artifactKey: Guid(60850142ed4a6344d8c13fce7f2db880) Importer(2089858483,b0f066a214c2f5e87bad3c948f4d605d)
Start importing Assets/Space Exploration/Button_Images/Pressed_Sprites/Large/large-yellow-sparkle-pressed-large.png using Guid(60850142ed4a6344d8c13fce7f2db880) Importer(2089858483,b0f066a214c2f5e87bad3c948f4d605d) (ScriptedImporter) -> (artifact id: 'fc0b95c7e1c231d856d763fdf5c2ab52') in 0.0350964 seconds
Number of updated asset objects reloaded before import = 0Number of asset objects unloaded after import = 3

========================================================================
Received Import Request.
  Time since last request: 0.000025 seconds.
  path: Assets/Space Exploration/Picto_Icons/Light_Purple/question-256.png
  artifactKey: Guid(aea24863391541846949c067dd6432f5) Importer(2089858483,b0f066a214c2f5e87bad3c948f4d605d)
Start importing Assets/Space Exploration/Picto_Icons/Light_Purple/question-256.png using Guid(aea24863391541846949c067dd6432f5) Importer(2089858483,b0f066a214c2f5e87bad3c948f4d605d) (ScriptedImporter) -> (artifact id: '59ba0261b6251a2157d55247010616f4') in 0.0424379 seconds
Number of updated asset objects reloaded before import = 0Number of asset objects unloaded after import = 3

========================================================================
Received Import Request.
  Time since last request: 0.000037 seconds.
  path: Assets/Space Exploration/Other_Images/Extra_Large/cloud-1-extra-large.png
  artifactKey: Guid(707cbfb71f7f36b40891554dc6876789) Importer(2089858483,b0f066a214c2f5e87bad3c948f4d605d)
Start importing Assets/Space Exploration/Other_Images/Extra_Large/cloud-1-extra-large.png using Guid(707cbfb71f7f36b40891554dc6876789) Importer(2089858483,b0f066a214c2f5e87bad3c948f4d605d) (ScriptedImporter) -> (artifact id: '7746c56667ce5b36d19c6756118b752f') in 0.0442228 seconds
Number of updated asset objects reloaded before import = 0Number of asset objects unloaded after import = 3

========================================================================
Received Import Request.
  Time since last request: 0.000031 seconds.
  path: Assets/Space Exploration/Picto_Icons/White/ring-128.png
  artifactKey: Guid(9782c94c7c174fe438b29eb9abed8675) Importer(2089858483,b0f066a214c2f5e87bad3c948f4d605d)
Start importing Assets/Space Exploration/Picto_Icons/White/ring-128.png using Guid(9782c94c7c174fe438b29eb9abed8675) Importer(2089858483,b0f066a214c2f5e87bad3c948f4d605d) (ScriptedImporter) -> (artifact id: '4a92e4129c10f4a1a500fe8b774636b5') in 0.0412362 seconds
Number of updated asset objects reloaded before import = 0Number of asset objects unloaded after import = 3

========================================================================
Received Import Request.
  Time since last request: 0.000030 seconds.
  path: Assets/Space Exploration/Picto_Icons/White/door-64.png
  artifactKey: Guid(a569da100a738c344b64ed543453102e) Importer(2089858483,b0f066a214c2f5e87bad3c948f4d605d)
Start importing Assets/Space Exploration/Picto_Icons/White/door-64.png using Guid(a569da100a738c344b64ed543453102e) Importer(2089858483,b0f066a214c2f5e87bad3c948f4d605d) (ScriptedImporter) -> (artifact id: '23ebad8f3873bc4affc061590a8116ca') in 0.0425383 seconds
Number of updated asset objects reloaded before import = 0Number of asset objects unloaded after import = 4

========================================================================
Received Import Request.
  Time since last request: 0.000036 seconds.
  path: Assets/Space Exploration/Picto_Icons/Light_Purple/pickaxe-128.png
  artifactKey: Guid(63ee4784f9694684997b8276194107c9) Importer(2089858483,b0f066a214c2f5e87bad3c948f4d605d)
Start importing Assets/Space Exploration/Picto_Icons/Light_Purple/pickaxe-128.png using Guid(63ee4784f9694684997b8276194107c9) Importer(2089858483,b0f066a214c2f5e87bad3c948f4d605d) (ScriptedImporter) -> (artifact id: '09d524ced3eb01d5c8ca25cc3d742b14') in 0.0405863 seconds
Number of updated asset objects reloaded before import = 0Number of asset objects unloaded after import = 3

========================================================================
Received Import Request.
  Time since last request: 0.000032 seconds.
  path: Assets/Space Exploration/Picto_Icons/Light_Purple/sound-off-32.png
  artifactKey: Guid(ee206a7f6d5f94047ae436fb3db52202) Importer(2089858483,b0f066a214c2f5e87bad3c948f4d605d)
Start importing Assets/Space Exploration/Picto_Icons/Light_Purple/sound-off-32.png using Guid(ee206a7f6d5f94047ae436fb3db52202) Importer(2089858483,b0f066a214c2f5e87bad3c948f4d605d) (ScriptedImporter) -> (artifact id: 'cf3a64372ee676ae90eb5daf39ee1a1d') in 0.0444665 seconds
Number of updated asset objects reloaded before import = 0Number of asset objects unloaded after import = 3

========================================================================
Received Import Request.
  Time since last request: 0.000033 seconds.
  path: Assets/Photon/PhotonUnityNetworking/Demos/DemoSlotRacer/Kenney Assets/Stylized city/Models/car_3.FBX
  artifactKey: Guid(09f4942833b61cf429ab5ae4addaacac) Importer(2089858483,b0f066a214c2f5e87bad3c948f4d605d)
Start importing Assets/Photon/PhotonUnityNetworking/Demos/DemoSlotRacer/Kenney Assets/Stylized city/Models/car_3.FBX using Guid(09f4942833b61cf429ab5ae4addaacac) Importer(2089858483,b0f066a214c2f5e87bad3c948f4d605d) (ScriptedImporter) -> (artifact id: '32614529313c51e9ebf499ae95e04432') in 0.0773219 seconds
Number of updated asset objects reloaded before import = 0Number of asset objects unloaded after import = 81

========================================================================
Received Import Request.
  Time since last request: 0.000037 seconds.
  path: Assets/Space Exploration/Settings_&_Menu_Components/Medium/off-selected-medium.png
  artifactKey: Guid(937e014815dcd9d4988ec749aea196c8) Importer(2089858483,b0f066a214c2f5e87bad3c948f4d605d)
Start importing Assets/Space Exploration/Settings_&_Menu_Components/Medium/off-selected-medium.png using Guid(937e014815dcd9d4988ec749aea196c8) Importer(2089858483,b0f066a214c2f5e87bad3c948f4d605d) (ScriptedImporter) -> (artifact id: '252a0cb16db78ca07ad4b7c96e828fa2') in 0.0325745 seconds
Number of updated asset objects reloaded before import = 0Number of asset objects unloaded after import = 3

========================================================================
Received Import Request.
  Time since last request: 0.000025 seconds.
  path: Assets/Space Exploration/Picto_Icons/Light_Purple/hourglass-256.png
  artifactKey: Guid(f0d3f43ac4fd4444fb5eede2fd210a8a) Importer(2089858483,b0f066a214c2f5e87bad3c948f4d605d)
Start importing Assets/Space Exploration/Picto_Icons/Light_Purple/hourglass-256.png using Guid(f0d3f43ac4fd4444fb5eede2fd210a8a) Importer(2089858483,b0f066a214c2f5e87bad3c948f4d605d) (ScriptedImporter) -> (artifact id: '90b4fc5387c318f7e73737e70a71cc21') in 0.038614 seconds
Number of updated asset objects reloaded before import = 0Number of asset objects unloaded after import = 3

========================================================================
Received Import Request.
  Time since last request: 0.000030 seconds.
  path: Assets/Space Exploration/Settings_&_Menu_Components/Large/scroll-bar-large.png
  artifactKey: Guid(43a8c17037531df4599cdc2b6dbf6652) Importer(2089858483,b0f066a214c2f5e87bad3c948f4d605d)
Start importing Assets/Space Exploration/Settings_&_Menu_Components/Large/scroll-bar-large.png using Guid(43a8c17037531df4599cdc2b6dbf6652) Importer(2089858483,b0f066a214c2f5e87bad3c948f4d605d) (ScriptedImporter) -> (artifact id: 'bab975638c7f262ae630d4653b884479') in 0.0410367 seconds
Number of updated asset objects reloaded before import = 0Number of asset objects unloaded after import = 3

========================================================================
Received Import Request.
  Time since last request: 0.000026 seconds.
  path: Assets/Photon/PhotonUnityNetworking/Demos/DemoAsteroids/Scripts/Lobby/PlayerListEntry.cs
  artifactKey: Guid(6b92420fa27b32d43a6a35af7781c5d8) Importer(2089858483,b0f066a214c2f5e87bad3c948f4d605d)
Start importing Assets/Photon/PhotonUnityNetworking/Demos/DemoAsteroids/Scripts/Lobby/PlayerListEntry.cs using Guid(6b92420fa27b32d43a6a35af7781c5d8) Importer(2089858483,b0f066a214c2f5e87bad3c948f4d605d) (ScriptedImporter) -> (artifact id: '16a6654c66ee2f956a72c940a86e9c37') in 0.020374 seconds
Number of updated asset objects reloaded before import = 0Number of asset objects unloaded after import = 0

========================================================================
Received Import Request.
  Time since last request: 0.000026 seconds.
  path: Assets/Space Exploration/Picto_Icons/White/sword-256.png
  artifactKey: Guid(800d185abdb574b4a819e24e6abf75f1) Importer(2089858483,b0f066a214c2f5e87bad3c948f4d605d)
Start importing Assets/Space Exploration/Picto_Icons/White/sword-256.png using Guid(800d185abdb574b4a819e24e6abf75f1) Importer(2089858483,b0f066a214c2f5e87bad3c948f4d605d) (ScriptedImporter) -> (artifact id: '401f73d24fac076fa4dbce59d96e1109') in 0.0445222 seconds
Number of updated asset objects reloaded before import = 0Number of asset objects unloaded after import = 3

========================================================================
Received Import Request.
  Time since last request: 0.000023 seconds.
  path: Assets/Space Exploration/Picto_Icons/White/next-32.png
  artifactKey: Guid(078418200dc4b944d80db18a01997976) Importer(2089858483,b0f066a214c2f5e87bad3c948f4d605d)
Start importing Assets/Space Exploration/Picto_Icons/White/next-32.png using Guid(078418200dc4b944d80db18a01997976) Importer(2089858483,b0f066a214c2f5e87bad3c948f4d605d) (ScriptedImporter) -> (artifact id: '9bcac07c3255e6d7359f4e8d6c4f6916') in 0.0386634 seconds
Number of updated asset objects reloaded before import = 0Number of asset objects unloaded after import = 3

========================================================================
Received Import Request.
  Time since last request: 0.000040 seconds.
  path: Assets/Space Exploration/Picto_Icons/White/zoom-in-256.png
  artifactKey: Guid(1c44f6c665abe7b43a22c91db68633ad) Importer(2089858483,b0f066a214c2f5e87bad3c948f4d605d)
Start importing Assets/Space Exploration/Picto_Icons/White/zoom-in-256.png using Guid(1c44f6c665abe7b43a22c91db68633ad) Importer(2089858483,b0f066a214c2f5e87bad3c948f4d605d) (ScriptedImporter) -> (artifact id: 'c94f111c5fd2d2b0821323803c59c1a0') in 0.0401155 seconds
Number of updated asset objects reloaded before import = 0Number of asset objects unloaded after import = 3

========================================================================
Received Import Request.
  Time since last request: 0.000022 seconds.
  path: Assets/Photon/PhotonUnityNetworking/Demos/DemoSlotRacer/Kenney Assets/Racing Kit
  artifactKey: Guid(50f8c03879c2eb04d962d57f6a8b831a) Importer(2089858483,b0f066a214c2f5e87bad3c948f4d605d)
Start importing Assets/Photon/PhotonUnityNetworking/Demos/DemoSlotRacer/Kenney Assets/Racing Kit using Guid(50f8c03879c2eb04d962d57f6a8b831a) Importer(2089858483,b0f066a214c2f5e87bad3c948f4d605d) (ScriptedImporter) -> (artifact id: 'f5b2010aca1b23d4ebaac1f0125eae2d') in 0.0179081 seconds
Number of updated asset objects reloaded before import = 0Number of asset objects unloaded after import = 1

========================================================================
Received Import Request.
  Time since last request: 0.000055 seconds.
  path: Assets/Space Exploration/Fonts/Font Sources/static/Asap-BoldItalic.ttf
  artifactKey: Guid(6792dbba7e995324b9ab819d40bb30ce) Importer(2089858483,b0f066a214c2f5e87bad3c948f4d605d)
Start importing Assets/Space Exploration/Fonts/Font Sources/static/Asap-BoldItalic.ttf using Guid(6792dbba7e995324b9ab819d40bb30ce) Importer(2089858483,b0f066a214c2f5e87bad3c948f4d605d) (ScriptedImporter) -> (artifact id: 'efc07aac12b9960fd06ed15e158eb0e5') in 0.0256907 seconds
Number of updated asset objects reloaded before import = 0Number of asset objects unloaded after import = 3

========================================================================
Received Import Request.
  Time since last request: 0.000031 seconds.
  path: Assets/Photon/PhotonUnityNetworking/Demos/DemoSlotRacer/Kenney Assets/Stylized city/Materials
  artifactKey: Guid(95ac6b2ddc0b178448b5cb43bdefc865) Importer(2089858483,b0f066a214c2f5e87bad3c948f4d605d)
Start importing Assets/Photon/PhotonUnityNetworking/Demos/DemoSlotRacer/Kenney Assets/Stylized city/Materials using Guid(95ac6b2ddc0b178448b5cb43bdefc865) Importer(2089858483,b0f066a214c2f5e87bad3c948f4d605d) (ScriptedImporter) -> (artifact id: 'a67a5361922770614313cd865e6fe1ee') in 0.019647 seconds
Number of updated asset objects reloaded before import = 0Number of asset objects unloaded after import = 1

========================================================================
Received Import Request.
  Time since last request: 0.000034 seconds.
  path: Assets/Space Exploration/Picto_Icons/Dark_Purple/add-person-32.png
  artifactKey: Guid(bd4eda0e262702f479067ed7bde7fe81) Importer(2089858483,b0f066a214c2f5e87bad3c948f4d605d)
Start importing Assets/Space Exploration/Picto_Icons/Dark_Purple/add-person-32.png using Guid(bd4eda0e262702f479067ed7bde7fe81) Importer(2089858483,b0f066a214c2f5e87bad3c948f4d605d) (ScriptedImporter) -> (artifact id: '5df09d10a91f21510eee8b1e7a110d2c') in 0.0490571 seconds
Number of updated asset objects reloaded before import = 0Number of asset objects unloaded after import = 3

========================================================================
Received Import Request.
  Time since last request: 0.000031 seconds.
  path: Assets/Space Exploration/Prefabs/Buttons_Simple/Extra Large/Yellow/Short_Yellow_Extra_Large_Button.prefab
  artifactKey: Guid(ff6a9f5c238b9454aac49cf6386ca9d9) Importer(2089858483,b0f066a214c2f5e87bad3c948f4d605d)
Start importing Assets/Space Exploration/Prefabs/Buttons_Simple/Extra Large/Yellow/Short_Yellow_Extra_Large_Button.prefab using Guid(ff6a9f5c238b9454aac49cf6386ca9d9) Importer(2089858483,b0f066a214c2f5e87bad3c948f4d605d) (ScriptedImporter) -> (artifact id: '67c95e8163b9476c23df9c0034cf9019') in 0.0548272 seconds
Number of updated asset objects reloaded before import = 0Number of asset objects unloaded after import = 18

========================================================================
Received Import Request.
  Time since last request: 0.000035 seconds.
  path: Assets/Photon/PhotonRealtime/Code/Extensions.cs
  artifactKey: Guid(3c0464991e33a70498abdd85c150cc59) Importer(2089858483,b0f066a214c2f5e87bad3c948f4d605d)
Start importing Assets/Photon/PhotonRealtime/Code/Extensions.cs using Guid(3c0464991e33a70498abdd85c150cc59) Importer(2089858483,b0f066a214c2f5e87bad3c948f4d605d) (ScriptedImporter) -> (artifact id: '3bd90d18a02c6a19486b3ceb34cb987d') in 0.0195657 seconds
Number of updated asset objects reloaded before import = 0Number of asset objects unloaded after import = 0

========================================================================
Received Import Request.
  Time since last request: 0.000024 seconds.
  path: Assets/Space Exploration/Picto_Icons/White/wrench-64.png
  artifactKey: Guid(97791db8bbda5ab4c863c92802b34a37) Importer(2089858483,b0f066a214c2f5e87bad3c948f4d605d)
Start importing Assets/Space Exploration/Picto_Icons/White/wrench-64.png using Guid(97791db8bbda5ab4c863c92802b34a37) Importer(2089858483,b0f066a214c2f5e87bad3c948f4d605d) (ScriptedImporter) -> (artifact id: 'fc2f8c784faa3b5d86afa18688e0f3f3') in 0.0385012 seconds
Number of updated asset objects reloaded before import = 0Number of asset objects unloaded after import = 3

========================================================================
Received Import Request.
  Time since last request: 0.000029 seconds.
  path: Assets/Space Exploration/Icons/time-64.png
  artifactKey: Guid(b0632d8eec257784882bb273c232eefe) Importer(2089858483,b0f066a214c2f5e87bad3c948f4d605d)
Start importing Assets/Space Exploration/Icons/time-64.png using Guid(b0632d8eec257784882bb273c232eefe) Importer(2089858483,b0f066a214c2f5e87bad3c948f4d605d) (ScriptedImporter) -> (artifact id: '6cb0e4536f95d8ebcc71b03a4851dee1') in 0.0426312 seconds
Number of updated asset objects reloaded before import = 0Number of asset objects unloaded after import = 3

========================================================================
Received Import Request.
  Time since last request: 0.000043 seconds.
  path: Assets/Free LowPoly Pack/Prefabs/ColumnB.prefab
  artifactKey: Guid(8b4141ff278aa944e95d5357a1b9ad86) Importer(2089858483,b0f066a214c2f5e87bad3c948f4d605d)
Start importing Assets/Free LowPoly Pack/Prefabs/ColumnB.prefab using Guid(8b4141ff278aa944e95d5357a1b9ad86) Importer(2089858483,b0f066a214c2f5e87bad3c948f4d605d) (ScriptedImporter) -> (artifact id: '53431bfc8192cc33aefc2f1929af9d41') in 0.0454666 seconds
Number of updated asset objects reloaded before import = 0Number of asset objects unloaded after import = 11

========================================================================
Received Import Request.
  Time since last request: 0.000030 seconds.
  path: Assets/Space Exploration/Picto_Icons/Light_Purple/ad-128.png
  artifactKey: Guid(97e76dfa5ae0564439b0862a5b6057ac) Importer(2089858483,b0f066a214c2f5e87bad3c948f4d605d)
Start importing Assets/Space Exploration/Picto_Icons/Light_Purple/ad-128.png using Guid(97e76dfa5ae0564439b0862a5b6057ac) Importer(2089858483,b0f066a214c2f5e87bad3c948f4d605d) (ScriptedImporter) -> (artifact id: 'a120ca8ad68caf4791befb5708fdceac') in 0.0400091 seconds
Number of updated asset objects reloaded before import = 0Number of asset objects unloaded after import = 3

========================================================================
Received Import Request.
  Time since last request: 0.000036 seconds.
  path: Assets/Photon/PhotonUnityNetworking/Demos/PunCockpit/Scripts/Lists/RoomListCell.cs
  artifactKey: Guid(347470b28bdc940a9b92930118dbc7e0) Importer(2089858483,b0f066a214c2f5e87bad3c948f4d605d)
Start importing Assets/Photon/PhotonUnityNetworking/Demos/PunCockpit/Scripts/Lists/RoomListCell.cs using Guid(347470b28bdc940a9b92930118dbc7e0) Importer(2089858483,b0f066a214c2f5e87bad3c948f4d605d) (ScriptedImporter) -> (artifact id: '4e3ac9b50083b0651a2c4d9c674afa8e') in 0.0180107 seconds
Number of updated asset objects reloaded before import = 0Number of asset objects unloaded after import = 0

========================================================================
Received Import Request.
  Time since last request: 0.000036 seconds.
  path: Assets/Space Exploration/Picto_Icons/White/lock-256.png
  artifactKey: Guid(d9987e9286af6ab46b7df9b7759e6424) Importer(2089858483,b0f066a214c2f5e87bad3c948f4d605d)
Start importing Assets/Space Exploration/Picto_Icons/White/lock-256.png using Guid(d9987e9286af6ab46b7df9b7759e6424) Importer(2089858483,b0f066a214c2f5e87bad3c948f4d605d) (ScriptedImporter) -> (artifact id: '272eb3ab360a962e9f352b4b6c313f10') in 0.0417394 seconds
Number of updated asset objects reloaded before import = 0Number of asset objects unloaded after import = 3

========================================================================
Received Import Request.
  Time since last request: 0.000019 seconds.
  path: Assets/Space Exploration/Picto_Icons/Dark_Purple/lock-32.png
  artifactKey: Guid(f20a17e6da7b7044d95b562cad5f2024) Importer(2089858483,b0f066a214c2f5e87bad3c948f4d605d)
Start importing Assets/Space Exploration/Picto_Icons/Dark_Purple/lock-32.png using Guid(f20a17e6da7b7044d95b562cad5f2024) Importer(2089858483,b0f066a214c2f5e87bad3c948f4d605d) (ScriptedImporter) -> (artifact id: '842e3bc0fe764948c9ad800d1a96d46d') in 0.0485271 seconds
Number of updated asset objects reloaded before import = 0Number of asset objects unloaded after import = 3

========================================================================
Received Import Request.
  Time since last request: 0.000028 seconds.
  path: Assets/Space Exploration/Picto_Icons/Dark_Purple/black-hole-32.png
  artifactKey: Guid(d28773b889ec4a249b8470024f48ad0f) Importer(2089858483,b0f066a214c2f5e87bad3c948f4d605d)
Start importing Assets/Space Exploration/Picto_Icons/Dark_Purple/black-hole-32.png using Guid(d28773b889ec4a249b8470024f48ad0f) Importer(2089858483,b0f066a214c2f5e87bad3c948f4d605d) (ScriptedImporter) -> (artifact id: 'f9abe7a0d6c47fa2f9bf008d1a67cfd0') in 0.04031 seconds
Number of updated asset objects reloaded before import = 0Number of asset objects unloaded after import = 3

========================================================================
Received Import Request.
  Time since last request: 0.000036 seconds.
  path: Assets/PlayFabSDK/Profiles/PlayFabProfilesModels.cs
  artifactKey: Guid(d7cf1e15acb646e4eaf8ef5d951b1477) Importer(2089858483,b0f066a214c2f5e87bad3c948f4d605d)
Start importing Assets/PlayFabSDK/Profiles/PlayFabProfilesModels.cs using Guid(d7cf1e15acb646e4eaf8ef5d951b1477) Importer(2089858483,b0f066a214c2f5e87bad3c948f4d605d) (ScriptedImporter) -> (artifact id: '140007a0cebac484830c17b5b26f300d') in 0.0254773 seconds
Number of updated asset objects reloaded before import = 0Number of asset objects unloaded after import = 0

========================================================================
Received Import Request.
  Time since last request: 0.000027 seconds.
  path: Assets/Space Exploration/Prefabs/UI_Elements/Medium/Currency Bars/Diamond_Amount_Medium.prefab
  artifactKey: Guid(a61b3fffffe6aa14795b2a9f5502ca62) Importer(2089858483,b0f066a214c2f5e87bad3c948f4d605d)
Start importing Assets/Space Exploration/Prefabs/UI_Elements/Medium/Currency Bars/Diamond_Amount_Medium.prefab using Guid(a61b3fffffe6aa14795b2a9f5502ca62) Importer(2089858483,b0f066a214c2f5e87bad3c948f4d605d) (ScriptedImporter) -> (artifact id: '653771d89a2fcaa558e436b962a810ac') in 0.0423818 seconds
Number of updated asset objects reloaded before import = 0Number of asset objects unloaded after import = 27

========================================================================
Received Import Request.
  Time since last request: 0.000028 seconds.
  path: Assets/Space Exploration/Button_Images/Pressed_Sprites/Small/large-pink-pressed-small.png
  artifactKey: Guid(e00b4b4d00f05a449a1b21ed79a3002c) Importer(2089858483,b0f066a214c2f5e87bad3c948f4d605d)
Start importing Assets/Space Exploration/Button_Images/Pressed_Sprites/Small/large-pink-pressed-small.png using Guid(e00b4b4d00f05a449a1b21ed79a3002c) Importer(2089858483,b0f066a214c2f5e87bad3c948f4d605d) (ScriptedImporter) -> (artifact id: '5a128343ffa426859406e8c3240ebb37') in 0.0311797 seconds
Number of updated asset objects reloaded before import = 0Number of asset objects unloaded after import = 3

========================================================================
Received Import Request.
  Time since last request: 0.000039 seconds.
  path: Assets/Photon/PhotonUnityNetworking/Demos/Shared Assets/Textures/UnitTextureBlue.png
  artifactKey: Guid(bf44fd0b5bb0c4142b16ba9db02789fc) Importer(2089858483,b0f066a214c2f5e87bad3c948f4d605d)
Start importing Assets/Photon/PhotonUnityNetworking/Demos/Shared Assets/Textures/UnitTextureBlue.png using Guid(bf44fd0b5bb0c4142b16ba9db02789fc) Importer(2089858483,b0f066a214c2f5e87bad3c948f4d605d) (ScriptedImporter) -> (artifact id: 'b4113ba4e2e758899cc29a18ddb1680b') in 0.0398041 seconds
Number of updated asset objects reloaded before import = 0Number of asset objects unloaded after import = 1

========================================================================
Received Import Request.
  Time since last request: 0.000025 seconds.
  path: Assets/Photon/PhotonUnityNetworking/Demos/Shared Assets/Animations/HumanoidRunTurnSharp.fbx
  artifactKey: Guid(f2bed5dc5afacff44a00de8daae9703b) Importer(2089858483,b0f066a214c2f5e87bad3c948f4d605d)
Start importing Assets/Photon/PhotonUnityNetworking/Demos/Shared Assets/Animations/HumanoidRunTurnSharp.fbx using Guid(f2bed5dc5afacff44a00de8daae9703b) Importer(2089858483,b0f066a214c2f5e87bad3c948f4d605d) (ScriptedImporter) -> (artifact id: 'b6419c9e458c7cd49ba81bc7fde91c89') in 0.0581836 seconds
Number of updated asset objects reloaded before import = 0Number of asset objects unloaded after import = 158

========================================================================
Received Import Request.
  Time since last request: 0.000032 seconds.
  path: Assets/Space Exploration/Grid_Components/Small/level-highlight-small.png
  artifactKey: Guid(6ce1828a7fab491449c62fe41a36b77c) Importer(2089858483,b0f066a214c2f5e87bad3c948f4d605d)
Start importing Assets/Space Exploration/Grid_Components/Small/level-highlight-small.png using Guid(6ce1828a7fab491449c62fe41a36b77c) Importer(2089858483,b0f066a214c2f5e87bad3c948f4d605d) (ScriptedImporter) -> (artifact id: '8dd76234da7aefd5adfb1075b5f35220') in 0.0420912 seconds
Number of updated asset objects reloaded before import = 0Number of asset objects unloaded after import = 3

========================================================================
Received Import Request.
  Time since last request: 0.000036 seconds.
  path: Assets/Space Exploration/Settings_&_Menu_Components/Extra Large/notification-circle-extra-large.png
  artifactKey: Guid(7cc70449fe08dce44a02fda3c1c4e8f4) Importer(2089858483,b0f066a214c2f5e87bad3c948f4d605d)
Start importing Assets/Space Exploration/Settings_&_Menu_Components/Extra Large/notification-circle-extra-large.png using Guid(7cc70449fe08dce44a02fda3c1c4e8f4) Importer(2089858483,b0f066a214c2f5e87bad3c948f4d605d) (ScriptedImporter) -> (artifact id: 'fb724e344b34b90e6c1c6e24b7b33341') in 0.0471227 seconds
Number of updated asset objects reloaded before import = 0Number of asset objects unloaded after import = 3

========================================================================
Received Import Request.
  Time since last request: 0.000023 seconds.
  path: Assets/Space Exploration/Picto_Icons/Dark_Purple/pickaxe-128.png
  artifactKey: Guid(5ddd8537af103e643bd19e8d0e12706a) Importer(2089858483,b0f066a214c2f5e87bad3c948f4d605d)
Start importing Assets/Space Exploration/Picto_Icons/Dark_Purple/pickaxe-128.png using Guid(5ddd8537af103e643bd19e8d0e12706a) Importer(2089858483,b0f066a214c2f5e87bad3c948f4d605d) (ScriptedImporter) -> (artifact id: 'b13be91fc67b34f3147a5242ebd5eaab') in 0.040338 seconds
Number of updated asset objects reloaded before import = 0Number of asset objects unloaded after import = 3

========================================================================
Received Import Request.
  Time since last request: 0.000047 seconds.
  path: Assets/Space Exploration/Picto_Icons/Light_Purple/black-hole-64.png
  artifactKey: Guid(a853574891f9dcd41bfc2772adb51cd7) Importer(2089858483,b0f066a214c2f5e87bad3c948f4d605d)
Start importing Assets/Space Exploration/Picto_Icons/Light_Purple/black-hole-64.png using Guid(a853574891f9dcd41bfc2772adb51cd7) Importer(2089858483,b0f066a214c2f5e87bad3c948f4d605d) (ScriptedImporter) -> (artifact id: 'f866b7b90b754430160bdd4579824fff') in 0.0414913 seconds
Number of updated asset objects reloaded before import = 0Number of asset objects unloaded after import = 3

========================================================================
Received Import Request.
  Time since last request: 0.000035 seconds.
  path: Assets/Photon/PhotonUnityNetworking/Demos/Shared Assets/Animations/HumanoidRun.fbx
  artifactKey: Guid(1cb8ed3cbba15f0479fbae54e0a963df) Importer(2089858483,b0f066a214c2f5e87bad3c948f4d605d)
Start importing Assets/Photon/PhotonUnityNetworking/Demos/Shared Assets/Animations/HumanoidRun.fbx using Guid(1cb8ed3cbba15f0479fbae54e0a963df) Importer(2089858483,b0f066a214c2f5e87bad3c948f4d605d) (ScriptedImporter) -> (artifact id: '911998458f8fb299a8165087d9d587af') in 0.0426468 seconds
Number of updated asset objects reloaded before import = 0Number of asset objects unloaded after import = 157

========================================================================
Received Import Request.
  Time since last request: 0.000020 seconds.
  path: Assets/Space Exploration/Picto_Icons/Dark_Purple/unlock-64.png
  artifactKey: Guid(1f11bd04add7f1344a26c101d7cba6b8) Importer(2089858483,b0f066a214c2f5e87bad3c948f4d605d)
Start importing Assets/Space Exploration/Picto_Icons/Dark_Purple/unlock-64.png using Guid(1f11bd04add7f1344a26c101d7cba6b8) Importer(2089858483,b0f066a214c2f5e87bad3c948f4d605d) (ScriptedImporter) -> (artifact id: 'ff769bba68a91b852fc398645f73419d') in 0.039253 seconds
Number of updated asset objects reloaded before import = 0Number of asset objects unloaded after import = 3

========================================================================
Received Import Request.
  Time since last request: 0.000034 seconds.
  path: Assets/Photon/PhotonUnityNetworking/Demos/PunCockpit/Scripts/ReadOnlyProperties/CountOfPlayersProperty.cs
  artifactKey: Guid(c65e89c2d31b54d119911da56af443b6) Importer(2089858483,b0f066a214c2f5e87bad3c948f4d605d)
Start importing Assets/Photon/PhotonUnityNetworking/Demos/PunCockpit/Scripts/ReadOnlyProperties/CountOfPlayersProperty.cs using Guid(c65e89c2d31b54d119911da56af443b6) Importer(2089858483,b0f066a214c2f5e87bad3c948f4d605d) (ScriptedImporter) -> (artifact id: '58b52469554d71991e8146d1475f466a') in 0.0216576 seconds
Number of updated asset objects reloaded before import = 0Number of asset objects unloaded after import = 0

========================================================================
Received Import Request.
  Time since last request: 0.000041 seconds.
  path: Assets/Space Exploration/Picto_Icons/White/pencil-128.png
  artifactKey: Guid(03336dab6b9eb6d4ab56d6f5f5b88e77) Importer(2089858483,b0f066a214c2f5e87bad3c948f4d605d)
Start importing Assets/Space Exploration/Picto_Icons/White/pencil-128.png using Guid(03336dab6b9eb6d4ab56d6f5f5b88e77) Importer(2089858483,b0f066a214c2f5e87bad3c948f4d605d) (ScriptedImporter) -> (artifact id: '4b9466bba2939612b3b18654d71f84e1') in 0.042664 seconds
Number of updated asset objects reloaded before import = 0Number of asset objects unloaded after import = 3

========================================================================
Received Import Request.
  Time since last request: 0.000023 seconds.
  path: Assets/Space Exploration/Containers/Extra Large/item-info-container-extra-large.png
  artifactKey: Guid(c02e0229d9812a445a6c5f1bd581bb68) Importer(2089858483,b0f066a214c2f5e87bad3c948f4d605d)
Start importing Assets/Space Exploration/Containers/Extra Large/item-info-container-extra-large.png using Guid(c02e0229d9812a445a6c5f1bd581bb68) Importer(2089858483,b0f066a214c2f5e87bad3c948f4d605d) (ScriptedImporter) -> (artifact id: '989daea54f32d037d61f4dfe9f6e1034') in 0.0466473 seconds
Number of updated asset objects reloaded before import = 0Number of asset objects unloaded after import = 3

========================================================================
Received Import Request.
  Time since last request: 0.000025 seconds.
  path: Assets/Space Exploration/Containers/Small/pause-container-small.png
  artifactKey: Guid(d7e94212f6f9db74faa97b855472cfa3) Importer(2089858483,b0f066a214c2f5e87bad3c948f4d605d)
Start importing Assets/Space Exploration/Containers/Small/pause-container-small.png using Guid(d7e94212f6f9db74faa97b855472cfa3) Importer(2089858483,b0f066a214c2f5e87bad3c948f4d605d) (ScriptedImporter) -> (artifact id: '3dbc2e7e7459406bbbf7d6e910422e1d') in 0.0496689 seconds
Number of updated asset objects reloaded before import = 0Number of asset objects unloaded after import = 3

========================================================================
Received Import Request.
  Time since last request: 0.000034 seconds.
  path: Assets/Space Exploration/Picto_Icons/Dark_Purple/leaf-128.png
  artifactKey: Guid(11615d829442f8e43b648f085615077c) Importer(2089858483,b0f066a214c2f5e87bad3c948f4d605d)
Start importing Assets/Space Exploration/Picto_Icons/Dark_Purple/leaf-128.png using Guid(11615d829442f8e43b648f085615077c) Importer(2089858483,b0f066a214c2f5e87bad3c948f4d605d) (ScriptedImporter) -> (artifact id: '2a348b570f3156169eb03209042f5d3f') in 0.0414148 seconds
Number of updated asset objects reloaded before import = 0Number of asset objects unloaded after import = 3

========================================================================
Received Import Request.
  Time since last request: 0.000102 seconds.
  path: Assets/Space Exploration/Settings_&_Menu_Components/Extra Large/mission-bar-completed-extra-large.png
  artifactKey: Guid(2524a67759d9aff49b0f8dc66be404b4) Importer(2089858483,b0f066a214c2f5e87bad3c948f4d605d)
Start importing Assets/Space Exploration/Settings_&_Menu_Components/Extra Large/mission-bar-completed-extra-large.png using Guid(2524a67759d9aff49b0f8dc66be404b4) Importer(2089858483,b0f066a214c2f5e87bad3c948f4d605d) (ScriptedImporter) -> (artifact id: '35a02b9e435d6313635cf2dd853b0c40') in 0.0489956 seconds
Number of updated asset objects reloaded before import = 0Number of asset objects unloaded after import = 3

========================================================================
Received Import Request.
  Time since last request: 0.000032 seconds.
  path: Assets/Space Exploration/Picto_Icons/Light_Purple/cloud-128.png
  artifactKey: Guid(d6a51871333caf946a356b2d01888c1c) Importer(2089858483,b0f066a214c2f5e87bad3c948f4d605d)
Start importing Assets/Space Exploration/Picto_Icons/Light_Purple/cloud-128.png using Guid(d6a51871333caf946a356b2d01888c1c) Importer(2089858483,b0f066a214c2f5e87bad3c948f4d605d) (ScriptedImporter) -> (artifact id: '160586181b3643f3abefceef06722eaa') in 0.0420839 seconds
Number of updated asset objects reloaded before import = 0Number of asset objects unloaded after import = 3

========================================================================
Received Import Request.
  Time since last request: 0.000036 seconds.
  path: Assets/Space Exploration/Icons/radar-256.png
  artifactKey: Guid(cbaa9526541c952468b12319ed5d4c3d) Importer(2089858483,b0f066a214c2f5e87bad3c948f4d605d)
Start importing Assets/Space Exploration/Icons/radar-256.png using Guid(cbaa9526541c952468b12319ed5d4c3d) Importer(2089858483,b0f066a214c2f5e87bad3c948f4d605d) (ScriptedImporter) -> (artifact id: '1607378aa3c139d8c9a5ef440da2087f') in 0.0467044 seconds
Number of updated asset objects reloaded before import = 0Number of asset objects unloaded after import = 3

========================================================================
Received Import Request.
  Time since last request: 0.000024 seconds.
  path: Assets/Photon/PhotonUnityNetworking/Demos/DemoAsteroids/Models/Spaceship.fbx
  artifactKey: Guid(65e16ec6a1570944a980e4988e715ae6) Importer(2089858483,b0f066a214c2f5e87bad3c948f4d605d)
Start importing Assets/Photon/PhotonUnityNetworking/Demos/DemoAsteroids/Models/Spaceship.fbx using Guid(65e16ec6a1570944a980e4988e715ae6) Importer(2089858483,b0f066a214c2f5e87bad3c948f4d605d) (ScriptedImporter) -> (artifact id: '02bb799e0926dfff316425fbb62391f1') in 0.0333627 seconds
Number of updated asset objects reloaded before import = 0Number of asset objects unloaded after import = 11

========================================================================
Received Import Request.
  Time since last request: 0.000031 seconds.
  path: Assets/Space Exploration/Shop_Assets/coins-tier-2-medium.png
  artifactKey: Guid(a642e5052e22d4c49ade315985bd3fb2) Importer(2089858483,b0f066a214c2f5e87bad3c948f4d605d)
Start importing Assets/Space Exploration/Shop_Assets/coins-tier-2-medium.png using Guid(a642e5052e22d4c49ade315985bd3fb2) Importer(2089858483,b0f066a214c2f5e87bad3c948f4d605d) (ScriptedImporter) -> (artifact id: '2626c394e74c65fe02d3ece22e074832') in 0.0409896 seconds
Number of updated asset objects reloaded before import = 0Number of asset objects unloaded after import = 3

========================================================================
Received Import Request.
  Time since last request: 0.000035 seconds.
  path: Assets/Photon/PhotonUnityNetworking/Demos/DemoSlotRacer/Kenney Assets/Racing Kit/Models/Materials
  artifactKey: Guid(be4d31381de87b440b448169c5c404d2) Importer(2089858483,b0f066a214c2f5e87bad3c948f4d605d)
Start importing Assets/Photon/PhotonUnityNetworking/Demos/DemoSlotRacer/Kenney Assets/Racing Kit/Models/Materials using Guid(be4d31381de87b440b448169c5c404d2) Importer(2089858483,b0f066a214c2f5e87bad3c948f4d605d) (ScriptedImporter) -> (artifact id: '7e039af6a2225df03561d97376c6c32f') in 0.0182915 seconds
Number of updated asset objects reloaded before import = 0Number of asset objects unloaded after import = 1

========================================================================
Received Import Request.
  Time since last request: 0.000022 seconds.
  path: Assets/Space Exploration/Picto_Icons/Dark_Purple/@-32.png
  artifactKey: Guid(363ae98c343512d46b3966858e3a46c3) Importer(2089858483,b0f066a214c2f5e87bad3c948f4d605d)
Start importing Assets/Space Exploration/Picto_Icons/Dark_Purple/@-32.png using Guid(363ae98c343512d46b3966858e3a46c3) Importer(2089858483,b0f066a214c2f5e87bad3c948f4d605d) (ScriptedImporter) -> (artifact id: '251cd91301531922ddc7f59d0e4b6625') in 0.0492521 seconds
Number of updated asset objects reloaded before import = 0Number of asset objects unloaded after import = 3

========================================================================
Received Import Request.
  Time since last request: 0.000029 seconds.
  path: Assets/Space Exploration/Picto_Icons/Light_Purple/shuffle-arrow-32.png
  artifactKey: Guid(772c59afe348e9e4eb78b43b0979b03f) Importer(2089858483,b0f066a214c2f5e87bad3c948f4d605d)
Start importing Assets/Space Exploration/Picto_Icons/Light_Purple/shuffle-arrow-32.png using Guid(772c59afe348e9e4eb78b43b0979b03f) Importer(2089858483,b0f066a214c2f5e87bad3c948f4d605d) (ScriptedImporter) -> (artifact id: '707c913655aaa705b8b89a9cd61571fc') in 0.0441255 seconds
Number of updated asset objects reloaded before import = 0Number of asset objects unloaded after import = 3

========================================================================
Received Import Request.
  Time since last request: 0.000040 seconds.
  path: Assets/Space Exploration/Picto_Icons/Dark_Purple/picture-256.png
  artifactKey: Guid(2190fa55534a3c24eb0982d8c92d5248) Importer(2089858483,b0f066a214c2f5e87bad3c948f4d605d)
Start importing Assets/Space Exploration/Picto_Icons/Dark_Purple/picture-256.png using Guid(2190fa55534a3c24eb0982d8c92d5248) Importer(2089858483,b0f066a214c2f5e87bad3c948f4d605d) (ScriptedImporter) -> (artifact id: '3e1c2996f1bafe9e47ad9de778567827') in 0.0427759 seconds
Number of updated asset objects reloaded before import = 0Number of asset objects unloaded after import = 3

========================================================================
Received Import Request.
  Time since last request: 0.000027 seconds.
  path: Assets/Space Exploration/Picto_Icons/White/next-64.png
  artifactKey: Guid(57a446434ea97af44b54479d0176846d) Importer(2089858483,b0f066a214c2f5e87bad3c948f4d605d)
Start importing Assets/Space Exploration/Picto_Icons/White/next-64.png using Guid(57a446434ea97af44b54479d0176846d) Importer(2089858483,b0f066a214c2f5e87bad3c948f4d605d) (ScriptedImporter) -> (artifact id: '03f20d3178a7fffb1463ff39b7a0a6bd') in 0.0372591 seconds
Number of updated asset objects reloaded before import = 0Number of asset objects unloaded after import = 3

========================================================================
Received Import Request.
  Time since last request: 0.000045 seconds.
  path: Assets/Photon/PhotonUnityNetworking/Demos/PunCockpit/Scripts/ReadOnlyProperties/CurrentRoomIsOfflineProperty.cs
  artifactKey: Guid(e2e2a33f898da45eb9d44ea357e325db) Importer(2089858483,b0f066a214c2f5e87bad3c948f4d605d)
Start importing Assets/Photon/PhotonUnityNetworking/Demos/PunCockpit/Scripts/ReadOnlyProperties/CurrentRoomIsOfflineProperty.cs using Guid(e2e2a33f898da45eb9d44ea357e325db) Importer(2089858483,b0f066a214c2f5e87bad3c948f4d605d) (ScriptedImporter) -> (artifact id: 'ce0a319108dcd0d0fe7b8960c25281b3') in 0.0201969 seconds
Number of updated asset objects reloaded before import = 0Number of asset objects unloaded after import = 0

========================================================================
Received Import Request.
  Time since last request: 0.000041 seconds.
  path: Assets/Space Exploration/Button_Images/Source_Image_Sprites/small/short-purple-small.png
  artifactKey: Guid(81a11ff20220ee64ca0104054e742939) Importer(2089858483,b0f066a214c2f5e87bad3c948f4d605d)
Start importing Assets/Space Exploration/Button_Images/Source_Image_Sprites/small/short-purple-small.png using Guid(81a11ff20220ee64ca0104054e742939) Importer(2089858483,b0f066a214c2f5e87bad3c948f4d605d) (ScriptedImporter) -> (artifact id: '1d6c8e263a94b719a5d1fcf587f5c97c') in 0.0272087 seconds
Number of updated asset objects reloaded before import = 0Number of asset objects unloaded after import = 3

========================================================================
Received Import Request.
  Time since last request: 0.000026 seconds.
  path: Assets/Space Exploration/Fonts/OFL.txt
  artifactKey: Guid(8bf18a6dc5d8cd747bc4af518374ea1b) Importer(2089858483,b0f066a214c2f5e87bad3c948f4d605d)
Start importing Assets/Space Exploration/Fonts/OFL.txt using Guid(8bf18a6dc5d8cd747bc4af518374ea1b) Importer(2089858483,b0f066a214c2f5e87bad3c948f4d605d) (ScriptedImporter) -> (artifact id: 'f1afdcf93e775aa1ed0e7ca0acff79cf') in 0.0322384 seconds
Number of updated asset objects reloaded before import = 0Number of asset objects unloaded after import = 1

========================================================================
Received Import Request.
  Time since last request: 0.000028 seconds.
  path: Assets/Space Exploration/Picto_Icons/Dark_Purple/shop-256.png
  artifactKey: Guid(c00246aeac629ec47b10a91618924413) Importer(2089858483,b0f066a214c2f5e87bad3c948f4d605d)
Start importing Assets/Space Exploration/Picto_Icons/Dark_Purple/shop-256.png using Guid(c00246aeac629ec47b10a91618924413) Importer(2089858483,b0f066a214c2f5e87bad3c948f4d605d) (ScriptedImporter) -> (artifact id: '01456c3dda68a306a46c662fd450d89f') in 0.0410963 seconds
Number of updated asset objects reloaded before import = 0Number of asset objects unloaded after import = 3

========================================================================
Received Import Request.
  Time since last request: 0.000037 seconds.
  path: Assets/Space Exploration/Picto_Icons/White/bow-32.png
  artifactKey: Guid(8aac39f2e815a97498c5a0a733150654) Importer(2089858483,b0f066a214c2f5e87bad3c948f4d605d)
Start importing Assets/Space Exploration/Picto_Icons/White/bow-32.png using Guid(8aac39f2e815a97498c5a0a733150654) Importer(2089858483,b0f066a214c2f5e87bad3c948f4d605d) (ScriptedImporter) -> (artifact id: '91a6780e21a9909a4c0a2a850b3ede33') in 0.0402879 seconds
Number of updated asset objects reloaded before import = 0Number of asset objects unloaded after import = 3

========================================================================
Received Import Request.
  Time since last request: 0.000025 seconds.
  path: Assets/Space Exploration/Button_Images/Pressed_Sprites/Medium/large-pink-pressed-medium.png
  artifactKey: Guid(c6f29b5cf3a0e854b911f91ca3989e98) Importer(2089858483,b0f066a214c2f5e87bad3c948f4d605d)
Start importing Assets/Space Exploration/Button_Images/Pressed_Sprites/Medium/large-pink-pressed-medium.png using Guid(c6f29b5cf3a0e854b911f91ca3989e98) Importer(2089858483,b0f066a214c2f5e87bad3c948f4d605d) (ScriptedImporter) -> (artifact id: '3368611a98e22e52b4a539f5162b1a78') in 0.0406431 seconds
Number of updated asset objects reloaded before import = 0Number of asset objects unloaded after import = 3

========================================================================
Received Import Request.
  Time since last request: 0.000028 seconds.
  path: Assets/Space Exploration/Fonts/Font Sources/static/Asap_SemiCondensed-SemiBold.ttf
  artifactKey: Guid(53c38cca34deaed409f0e16ea9c6afe0) Importer(2089858483,b0f066a214c2f5e87bad3c948f4d605d)
Start importing Assets/Space Exploration/Fonts/Font Sources/static/Asap_SemiCondensed-SemiBold.ttf using Guid(53c38cca34deaed409f0e16ea9c6afe0) Importer(2089858483,b0f066a214c2f5e87bad3c948f4d605d) (ScriptedImporter) -> (artifact id: '2d523363bac84e51200682b1398c2539') in 0.0290689 seconds
Number of updated asset objects reloaded before import = 0Number of asset objects unloaded after import = 3

========================================================================
Received Import Request.
  Time since last request: 0.000040 seconds.
  path: Assets/Space Exploration/Grid_Components/Extra Large/selected-icon-container-extra-large.png
  artifactKey: Guid(4186eecbd2e57b649b4ba196eab646d1) Importer(2089858483,b0f066a214c2f5e87bad3c948f4d605d)
Start importing Assets/Space Exploration/Grid_Components/Extra Large/selected-icon-container-extra-large.png using Guid(4186eecbd2e57b649b4ba196eab646d1) Importer(2089858483,b0f066a214c2f5e87bad3c948f4d605d) (ScriptedImporter) -> (artifact id: 'aaaf23e5b328a6c8adb8eaa61425f5ff') in 0.040846 seconds
Number of updated asset objects reloaded before import = 0Number of asset objects unloaded after import = 3

========================================================================
Received Import Request.
  Time since last request: 0.000025 seconds.
  path: Assets/Photon/PhotonUnityNetworking/Demos/DemoAsteroids/Models/Materials/FlyerAsteroid1.mat
  artifactKey: Guid(294f02eac9561704ebe4baa5b1bc4163) Importer(2089858483,b0f066a214c2f5e87bad3c948f4d605d)
Start importing Assets/Photon/PhotonUnityNetworking/Demos/DemoAsteroids/Models/Materials/FlyerAsteroid1.mat using Guid(294f02eac9561704ebe4baa5b1bc4163) Importer(2089858483,b0f066a214c2f5e87bad3c948f4d605d) (ScriptedImporter) -> (artifact id: '89a230696aa3561fa3572a3212e8d524') in 0.0218855 seconds
Number of updated asset objects reloaded before import = 0Number of asset objects unloaded after import = 1

========================================================================
Received Import Request.
  Time since last request: 0.000035 seconds.
  path: Assets/Space Exploration/Button_Images/Source_Image_Sprites/small/extra-long-yellow-small.png
  artifactKey: Guid(153f0314d06486b47b2c48a913c65947) Importer(2089858483,b0f066a214c2f5e87bad3c948f4d605d)
Start importing Assets/Space Exploration/Button_Images/Source_Image_Sprites/small/extra-long-yellow-small.png using Guid(153f0314d06486b47b2c48a913c65947) Importer(2089858483,b0f066a214c2f5e87bad3c948f4d605d) (ScriptedImporter) -> (artifact id: '43a138a5cf66db08e3a63937e65fa661') in 0.0303591 seconds
Number of updated asset objects reloaded before import = 0Number of asset objects unloaded after import = 3

========================================================================
Received Import Request.
  Time since last request: 0.000039 seconds.
  path: Assets/Resources/Room.prefab
  artifactKey: Guid(de415980abc98d74a88d7df18a15e716) Importer(2089858483,b0f066a214c2f5e87bad3c948f4d605d)
Start importing Assets/Resources/Room.prefab using Guid(de415980abc98d74a88d7df18a15e716) Importer(2089858483,b0f066a214c2f5e87bad3c948f4d605d) (ScriptedImporter) -> (artifact id: 'a2a50a6545b8e96246ee9af23cf131d9') in 0.0859937 seconds
Number of updated asset objects reloaded before import = 0Number of asset objects unloaded after import = 117

========================================================================
Received Import Request.
  Time since last request: 0.000034 seconds.
  path: Assets/Space Exploration/Picto_Icons/Light_Purple/redo-32.png
  artifactKey: Guid(6eae561f616e42c45aa75013a05f9203) Importer(2089858483,b0f066a214c2f5e87bad3c948f4d605d)
Start importing Assets/Space Exploration/Picto_Icons/Light_Purple/redo-32.png using Guid(6eae561f616e42c45aa75013a05f9203) Importer(2089858483,b0f066a214c2f5e87bad3c948f4d605d) (ScriptedImporter) -> (artifact id: '394629929a132a907afcf9ebd8a23474') in 0.0461099 seconds
Number of updated asset objects reloaded before import = 0Number of asset objects unloaded after import = 3

========================================================================
Received Import Request.
  Time since last request: 0.000036 seconds.
  path: Assets/Space Exploration/Picto_Icons/White/bell-off-256.png
  artifactKey: Guid(31eb4c060b6db6241bf776aad5e0b441) Importer(2089858483,b0f066a214c2f5e87bad3c948f4d605d)
Start importing Assets/Space Exploration/Picto_Icons/White/bell-off-256.png using Guid(31eb4c060b6db6241bf776aad5e0b441) Importer(2089858483,b0f066a214c2f5e87bad3c948f4d605d) (ScriptedImporter) -> (artifact id: '24466631fba9dc171ef6d5ab425bb861') in 0.0435341 seconds
Number of updated asset objects reloaded before import = 0Number of asset objects unloaded after import = 3

========================================================================
Received Import Request.
  Time since last request: 0.000023 seconds.
  path: Assets/Photon/PhotonUnityNetworking/Demos/PunCockpit/Prefabs/Help Button.prefab
  artifactKey: Guid(cf998ac0cf60141c597aecb3a8ffad74) Importer(2089858483,b0f066a214c2f5e87bad3c948f4d605d)
Start importing Assets/Photon/PhotonUnityNetworking/Demos/PunCockpit/Prefabs/Help Button.prefab using Guid(cf998ac0cf60141c597aecb3a8ffad74) Importer(2089858483,b0f066a214c2f5e87bad3c948f4d605d) (ScriptedImporter) -> (artifact id: 'b9e2ec1e8825371a357b7b074c6dec9c') in 0.0525678 seconds
Number of updated asset objects reloaded before import = 0Number of asset objects unloaded after import = 16

========================================================================
Received Import Request.
  Time since last request: 0.000036 seconds.
  path: Assets/Free LowPoly Pack
  artifactKey: Guid(bf87161a156c4c14a8c84452a0f2c891) Importer(2089858483,b0f066a214c2f5e87bad3c948f4d605d)
Start importing Assets/Free LowPoly Pack using Guid(bf87161a156c4c14a8c84452a0f2c891) Importer(2089858483,b0f066a214c2f5e87bad3c948f4d605d) (ScriptedImporter) -> (artifact id: 'be7a4053bbb4b1a156100b6fbb9f5c58') in 0.017224 seconds
Number of updated asset objects reloaded before import = 0Number of asset objects unloaded after import = 1

========================================================================
Received Import Request.
  Time since last request: 0.000033 seconds.
  path: Assets/TextMesh Pro/Sprites
  artifactKey: Guid(d0603b6d5186471b96c778c3949c7ce2) Importer(2089858483,b0f066a214c2f5e87bad3c948f4d605d)
Start importing Assets/TextMesh Pro/Sprites using Guid(d0603b6d5186471b96c778c3949c7ce2) Importer(2089858483,b0f066a214c2f5e87bad3c948f4d605d) (ScriptedImporter) -> (artifact id: 'a0138d7589661dcb85ed2c82384a298f') in 0.0168084 seconds
Number of updated asset objects reloaded before import = 0Number of asset objects unloaded after import = 1

========================================================================
Received Import Request.
  Time since last request: 0.000024 seconds.
  path: Assets/Space Exploration/Picto_Icons/White/meat-128.png
  artifactKey: Guid(3b07864d63ad25641988e626545f9001) Importer(2089858483,b0f066a214c2f5e87bad3c948f4d605d)
Start importing Assets/Space Exploration/Picto_Icons/White/meat-128.png using Guid(3b07864d63ad25641988e626545f9001) Importer(2089858483,b0f066a214c2f5e87bad3c948f4d605d) (ScriptedImporter) -> (artifact id: '67cabba1b4240854bf7d127cddf0c21f') in 0.0645038 seconds
Number of updated asset objects reloaded before import = 0Number of asset objects unloaded after import = 3

========================================================================
Received Import Request.
  Time since last request: 0.000037 seconds.
  path: Assets/Space Exploration/Shop_Assets/coins-tier-1-extra-large.png
  artifactKey: Guid(6164a349e6a420442979a612321facfc) Importer(2089858483,b0f066a214c2f5e87bad3c948f4d605d)
Start importing Assets/Space Exploration/Shop_Assets/coins-tier-1-extra-large.png using Guid(6164a349e6a420442979a612321facfc) Importer(2089858483,b0f066a214c2f5e87bad3c948f4d605d) (ScriptedImporter) -> (artifact id: 'f184e61e64fe68d6c4fc0af32128f899') in 0.0725801 seconds
Number of updated asset objects reloaded before import = 0Number of asset objects unloaded after import = 5

========================================================================
Received Import Request.
  Time since last request: 0.000037 seconds.
  path: Assets/Space Exploration/Picto_Icons/Light_Purple/zoom-in-64.png
  artifactKey: Guid(e36fa6f70d8e3fb4ba0e21a1d4355dcd) Importer(2089858483,b0f066a214c2f5e87bad3c948f4d605d)
Start importing Assets/Space Exploration/Picto_Icons/Light_Purple/zoom-in-64.png using Guid(e36fa6f70d8e3fb4ba0e21a1d4355dcd) Importer(2089858483,b0f066a214c2f5e87bad3c948f4d605d) (ScriptedImporter) -> (artifact id: '425169091f15d073558f340863c1e659') in 0.0500202 seconds
Number of updated asset objects reloaded before import = 0Number of asset objects unloaded after import = 3

========================================================================
Received Import Request.
  Time since last request: 0.000031 seconds.
  path: Assets/Photon/PhotonUnityNetworking/Demos/Shared Assets/Skin/ToggleHover.png
  artifactKey: Guid(b5771695f174e1143b3090393989b688) Importer(2089858483,b0f066a214c2f5e87bad3c948f4d605d)
Start importing Assets/Photon/PhotonUnityNetworking/Demos/Shared Assets/Skin/ToggleHover.png using Guid(b5771695f174e1143b3090393989b688) Importer(2089858483,b0f066a214c2f5e87bad3c948f4d605d) (ScriptedImporter) -> (artifact id: '9829510cdb876e840e1b39ef6c21ad7d') in 0.0856913 seconds
Number of updated asset objects reloaded before import = 0Number of asset objects unloaded after import = 1

========================================================================
Received Import Request.
  Time since last request: 0.000115 seconds.
  path: Assets/Space Exploration/Button_Images/Highlighted_Sprite/medium/large-blue-highlight-medium.png
  artifactKey: Guid(e2a74459b60243a44b60abae9a8f404d) Importer(2089858483,b0f066a214c2f5e87bad3c948f4d605d)
Start importing Assets/Space Exploration/Button_Images/Highlighted_Sprite/medium/large-blue-highlight-medium.png using Guid(e2a74459b60243a44b60abae9a8f404d) Importer(2089858483,b0f066a214c2f5e87bad3c948f4d605d) (ScriptedImporter) -> (artifact id: '0200ea1d6e697499b7fea4e8699ab399') in 0.0367814 seconds
Number of updated asset objects reloaded before import = 0Number of asset objects unloaded after import = 3

========================================================================
Received Import Request.
  Time since last request: 0.001829 seconds.
  path: Assets/Space Exploration/Settings_&_Menu_Components/Large/homepage-gui-line-large.png
  artifactKey: Guid(b257f61d66dade347b72e1672ae6b65c) Importer(2089858483,b0f066a214c2f5e87bad3c948f4d605d)
Start importing Assets/Space Exploration/Settings_&_Menu_Components/Large/homepage-gui-line-large.png using Guid(b257f61d66dade347b72e1672ae6b65c) Importer(2089858483,b0f066a214c2f5e87bad3c948f4d605d) (ScriptedImporter) -> (artifact id: 'ffec71bf96fb13474bc268161532fd29') in 0.0968186 seconds
Number of updated asset objects reloaded before import = 0Number of asset objects unloaded after import = 3

========================================================================
Received Import Request.
  Time since last request: 0.000048 seconds.
  path: Assets/Space Exploration/Icons/gem-1-64.png
  artifactKey: Guid(da0e42a9741d9224eb054b044e0af601) Importer(2089858483,b0f066a214c2f5e87bad3c948f4d605d)
Start importing Assets/Space Exploration/Icons/gem-1-64.png using Guid(da0e42a9741d9224eb054b044e0af601) Importer(2089858483,b0f066a214c2f5e87bad3c948f4d605d) (ScriptedImporter) -> (artifact id: '695f804ad2857b615748d21bae2572b0') in 0.0561676 seconds
Number of updated asset objects reloaded before import = 0Number of asset objects unloaded after import = 3

========================================================================
Received Import Request.
  Time since last request: 0.000028 seconds.
  path: Assets/Space Exploration/Prefabs/Buttons_Simple/Large/Purple/Sparkle_Large_Purple_Large_Button.prefab
  artifactKey: Guid(7f6679d4eeaa08b40abda50731649d1b) Importer(2089858483,b0f066a214c2f5e87bad3c948f4d605d)
Start importing Assets/Space Exploration/Prefabs/Buttons_Simple/Large/Purple/Sparkle_Large_Purple_Large_Button.prefab using Guid(7f6679d4eeaa08b40abda50731649d1b) Importer(2089858483,b0f066a214c2f5e87bad3c948f4d605d) (ScriptedImporter) -> (artifact id: 'dcb67e6040377eafe31edf5f55ffd61d') in 0.0552942 seconds
Number of updated asset objects reloaded before import = 0Number of asset objects unloaded after import = 18

========================================================================
Received Import Request.
  Time since last request: 0.000028 seconds.
  path: Assets/Space Exploration/Icons/star-128.png
  artifactKey: Guid(ccbb782eba345c2479bf96067519e876) Importer(2089858483,b0f066a214c2f5e87bad3c948f4d605d)
Start importing Assets/Space Exploration/Icons/star-128.png using Guid(ccbb782eba345c2479bf96067519e876) Importer(2089858483,b0f066a214c2f5e87bad3c948f4d605d) (ScriptedImporter) -> (artifact id: '9eaf490c8de71589090ddb6cc2bb22f0') in 0.0493739 seconds
Number of updated asset objects reloaded before import = 0Number of asset objects unloaded after import = 3

========================================================================
Received Import Request.
  Time since last request: 0.000034 seconds.
  path: Assets/Photon/PhotonLibs/Metro
  artifactKey: Guid(887ac71c799552346b6cf7654fb699cb) Importer(2089858483,b0f066a214c2f5e87bad3c948f4d605d)
Start importing Assets/Photon/PhotonLibs/Metro using Guid(887ac71c799552346b6cf7654fb699cb) Importer(2089858483,b0f066a214c2f5e87bad3c948f4d605d) (ScriptedImporter) -> (artifact id: 'c6b9a05589f95acc0c57786773c77811') in 0.0187859 seconds
Number of updated asset objects reloaded before import = 0Number of asset objects unloaded after import = 1

========================================================================
Received Import Request.
  Time since last request: 0.000022 seconds.
  path: Assets/Scripts/User Interfaces/SubscribePanel.cs
  artifactKey: Guid(a365b14a03e73ac47b70911507bf0b83) Importer(2089858483,b0f066a214c2f5e87bad3c948f4d605d)
Start importing Assets/Scripts/User Interfaces/SubscribePanel.cs using Guid(a365b14a03e73ac47b70911507bf0b83) Importer(2089858483,b0f066a214c2f5e87bad3c948f4d605d) (ScriptedImporter) -> (artifact id: '5da2e23a69233dd787bfd9393c1058b8') in 0.0193275 seconds
Number of updated asset objects reloaded before import = 0Number of asset objects unloaded after import = 0

========================================================================
Received Import Request.
  Time since last request: 0.000028 seconds.
  path: Assets/Space Exploration/Settings_&_Menu_Components/Extra Large/username-password-container-selected-extra-large.png
  artifactKey: Guid(cae420316fe29b84ca491eb8831e8c4f) Importer(2089858483,b0f066a214c2f5e87bad3c948f4d605d)
Start importing Assets/Space Exploration/Settings_&_Menu_Components/Extra Large/username-password-container-selected-extra-large.png using Guid(cae420316fe29b84ca491eb8831e8c4f) Importer(2089858483,b0f066a214c2f5e87bad3c948f4d605d) (ScriptedImporter) -> (artifact id: '2e385aa470a1a7327a72df425976b5d2') in 0.0300615 seconds
Number of updated asset objects reloaded before import = 0Number of asset objects unloaded after import = 3

========================================================================
Received Import Request.
  Time since last request: 0.000045 seconds.
  path: Assets/Space Exploration/Picto_Icons/White/unlock-32.png
  artifactKey: Guid(e3e7680a72896474e9910bb12ec0f87d) Importer(2089858483,b0f066a214c2f5e87bad3c948f4d605d)
Start importing Assets/Space Exploration/Picto_Icons/White/unlock-32.png using Guid(e3e7680a72896474e9910bb12ec0f87d) Importer(2089858483,b0f066a214c2f5e87bad3c948f4d605d) (ScriptedImporter) -> (artifact id: '633215b6639ff96bdb66a874927acd8a') in 0.0408331 seconds
Number of updated asset objects reloaded before import = 0Number of asset objects unloaded after import = 3

========================================================================
Received Import Request.
  Time since last request: 0.000024 seconds.
  path: Assets/Space Exploration/Picto_Icons/Light_Purple/map-32.png
  artifactKey: Guid(15f930fea2e69a340bc8c5688eff13d1) Importer(2089858483,b0f066a214c2f5e87bad3c948f4d605d)
Start importing Assets/Space Exploration/Picto_Icons/Light_Purple/map-32.png using Guid(15f930fea2e69a340bc8c5688eff13d1) Importer(2089858483,b0f066a214c2f5e87bad3c948f4d605d) (ScriptedImporter) -> (artifact id: '696fa566a3e327e1d344f0402063d7b9') in 0.040521 seconds
Number of updated asset objects reloaded before import = 0Number of asset objects unloaded after import = 3

========================================================================
Received Import Request.
  Time since last request: 0.000026 seconds.
  path: Assets/Photon/PhotonUnityNetworking/Code/Editor/PhotonEditor.cs
  artifactKey: Guid(dabbbed2a74eac44dac281f20d706ba8) Importer(2089858483,b0f066a214c2f5e87bad3c948f4d605d)
Start importing Assets/Photon/PhotonUnityNetworking/Code/Editor/PhotonEditor.cs using Guid(dabbbed2a74eac44dac281f20d706ba8) Importer(2089858483,b0f066a214c2f5e87bad3c948f4d605d) (ScriptedImporter) -> (artifact id: 'cdc469bdd3dfebc14cae22e856ed8878') in 0.0188058 seconds
Number of updated asset objects reloaded before import = 0Number of asset objects unloaded after import = 0

========================================================================
Received Import Request.
  Time since last request: 0.000036 seconds.
  path: Assets/Space Exploration/Picto_Icons/Light_Purple/half-moon-256.png
  artifactKey: Guid(dc2daa9fa95d7244bbc85f4629352228) Importer(2089858483,b0f066a214c2f5e87bad3c948f4d605d)
Start importing Assets/Space Exploration/Picto_Icons/Light_Purple/half-moon-256.png using Guid(dc2daa9fa95d7244bbc85f4629352228) Importer(2089858483,b0f066a214c2f5e87bad3c948f4d605d) (ScriptedImporter) -> (artifact id: '7f109f57923bad3ceb7eaa2148972eb9') in 0.0689089 seconds
Number of updated asset objects reloaded before import = 0Number of asset objects unloaded after import = 3

========================================================================
Received Import Request.
  Time since last request: 0.000029 seconds.
  path: Assets/Space Exploration/Picto_Icons/White/person-32.png
  artifactKey: Guid(6642fa60ae05cca4a8c9ec4f6aed3390) Importer(2089858483,b0f066a214c2f5e87bad3c948f4d605d)
Start importing Assets/Space Exploration/Picto_Icons/White/person-32.png using Guid(6642fa60ae05cca4a8c9ec4f6aed3390) Importer(2089858483,b0f066a214c2f5e87bad3c948f4d605d) (ScriptedImporter) -> (artifact id: '1be14d229676aca8236476ecade4b6f7') in 0.0536815 seconds
Number of updated asset objects reloaded before import = 0Number of asset objects unloaded after import = 3

========================================================================
Received Import Request.
  Time since last request: 0.000042 seconds.
  path: Assets/PlayFabSDK/CloudScript
  artifactKey: Guid(02094465bfb2b7541a0a06763843a2ee) Importer(2089858483,b0f066a214c2f5e87bad3c948f4d605d)
Start importing Assets/PlayFabSDK/CloudScript using Guid(02094465bfb2b7541a0a06763843a2ee) Importer(2089858483,b0f066a214c2f5e87bad3c948f4d605d) (ScriptedImporter) -> (artifact id: 'f4d551b4f039288113253abfd7f8d984') in 0.0210203 seconds
Number of updated asset objects reloaded before import = 0Number of asset objects unloaded after import = 1

========================================================================
Received Import Request.
  Time since last request: 0.000024 seconds.
  path: Assets/PlayFabSDK/Shared/Models/PlayFabSharedSettings.cs
  artifactKey: Guid(093286084a3d1994a9c28281a1c38b1d) Importer(2089858483,b0f066a214c2f5e87bad3c948f4d605d)
Start importing Assets/PlayFabSDK/Shared/Models/PlayFabSharedSettings.cs using Guid(093286084a3d1994a9c28281a1c38b1d) Importer(2089858483,b0f066a214c2f5e87bad3c948f4d605d) (ScriptedImporter) -> (artifact id: '0765fb422681134b89467625fd1abe4e') in 0.0265879 seconds
Number of updated asset objects reloaded before import = 0Number of asset objects unloaded after import = 0

========================================================================
Received Import Request.
  Time since last request: 0.000027 seconds.
  path: Assets/Space Exploration/Picto_Icons/Light_Purple/unlock-256.png
  artifactKey: Guid(64011d2b3f942a94580c9e92ac9b1c39) Importer(2089858483,b0f066a214c2f5e87bad3c948f4d605d)
Start importing Assets/Space Exploration/Picto_Icons/Light_Purple/unlock-256.png using Guid(64011d2b3f942a94580c9e92ac9b1c39) Importer(2089858483,b0f066a214c2f5e87bad3c948f4d605d) (ScriptedImporter) -> (artifact id: '651cea6627d99074ee8bb785c2feece6') in 0.0468354 seconds
Number of updated asset objects reloaded before import = 0Number of asset objects unloaded after import = 3

========================================================================
Received Import Request.
  Time since last request: 0.000036 seconds.
  path: Assets/TextMesh Pro/Shaders/TMP_SDF SSD.shader
  artifactKey: Guid(14eb328de4b8eb245bb7cea29e4ac00b) Importer(2089858483,b0f066a214c2f5e87bad3c948f4d605d)
Start importing Assets/TextMesh Pro/Shaders/TMP_SDF SSD.shader using Guid(14eb328de4b8eb245bb7cea29e4ac00b) Importer(2089858483,b0f066a214c2f5e87bad3c948f4d605d) (ScriptedImporter) -> (artifact id: '3445f2ddae3d6f134c144e3b5465779a') in 0.0274575 seconds
Number of updated asset objects reloaded before import = 0Number of asset objects unloaded after import = 1

========================================================================
Received Import Request.
  Time since last request: 0.000024 seconds.
  path: Assets/PlayFabSDK/Shared/Editor/MakeSharedSettingsObj.cs
  artifactKey: Guid(3e92542860dab28489c3d9cc0baa1ebd) Importer(2089858483,b0f066a214c2f5e87bad3c948f4d605d)
Start importing Assets/PlayFabSDK/Shared/Editor/MakeSharedSettingsObj.cs using Guid(3e92542860dab28489c3d9cc0baa1ebd) Importer(2089858483,b0f066a214c2f5e87bad3c948f4d605d) (ScriptedImporter) -> (artifact id: 'ab21f53f71dba97b119b4c1c910dddea') in 0.0232893 seconds
Number of updated asset objects reloaded before import = 0Number of asset objects unloaded after import = 0

========================================================================
Received Import Request.
  Time since last request: 0.000029 seconds.
  path: Assets/Space Exploration/Prefabs/Buttons_Simple/Large/Purple/Purple_Large_Button.prefab
  artifactKey: Guid(7a7195e376a4b6643976d8ea474e8d9f) Importer(2089858483,b0f066a214c2f5e87bad3c948f4d605d)
Start importing Assets/Space Exploration/Prefabs/Buttons_Simple/Large/Purple/Purple_Large_Button.prefab using Guid(7a7195e376a4b6643976d8ea474e8d9f) Importer(2089858483,b0f066a214c2f5e87bad3c948f4d605d) (ScriptedImporter) -> (artifact id: '39e6a2d50ede3609a40ad15e0d4514d8') in 0.0773 seconds
Number of updated asset objects reloaded before import = 0Number of asset objects unloaded after import = 18

========================================================================
Received Import Request.
  Time since last request: 0.000038 seconds.
  path: Assets/Space Exploration/Button_Images/Pressed_Sprites/Medium/large-purple-pressed-medium.png
  artifactKey: Guid(1d41728fdc32fe8449f518a86d01443a) Importer(2089858483,b0f066a214c2f5e87bad3c948f4d605d)
Start importing Assets/Space Exploration/Button_Images/Pressed_Sprites/Medium/large-purple-pressed-medium.png using Guid(1d41728fdc32fe8449f518a86d01443a) Importer(2089858483,b0f066a214c2f5e87bad3c948f4d605d) (ScriptedImporter) -> (artifact id: '5c5a57f9ac8b5b5593d2aab58b8464be') in 0.0408138 seconds
Number of updated asset objects reloaded before import = 0Number of asset objects unloaded after import = 3

========================================================================
Received Import Request.
  Time since last request: 0.000132 seconds.
  path: Assets/Space Exploration/Picto_Icons/Dark_Purple/meat-256.png
  artifactKey: Guid(6f27c37b562ef954aa1d23d07333fe03) Importer(2089858483,b0f066a214c2f5e87bad3c948f4d605d)
Start importing Assets/Space Exploration/Picto_Icons/Dark_Purple/meat-256.png using Guid(6f27c37b562ef954aa1d23d07333fe03) Importer(2089858483,b0f066a214c2f5e87bad3c948f4d605d) (ScriptedImporter) -> (artifact id: '00ace17d816a27571a57859303cc914e') in 0.0674575 seconds
Number of updated asset objects reloaded before import = 0Number of asset objects unloaded after import = 3

========================================================================
Received Import Request.
  Time since last request: 0.000041 seconds.
  path: Assets/Space Exploration/Icons/black-hole-64.png
  artifactKey: Guid(6eda80b050ad0ff4da2a01397720cc39) Importer(2089858483,b0f066a214c2f5e87bad3c948f4d605d)
Start importing Assets/Space Exploration/Icons/black-hole-64.png using Guid(6eda80b050ad0ff4da2a01397720cc39) Importer(2089858483,b0f066a214c2f5e87bad3c948f4d605d) (ScriptedImporter) -> (artifact id: '2ac6e11aca317bdca70907d3442840c6') in 0.0767592 seconds
Number of updated asset objects reloaded before import = 0Number of asset objects unloaded after import = 3

========================================================================
Received Import Request.
  Time since last request: 0.000032 seconds.
  path: Assets/Space Exploration/Picto_Icons/Dark_Purple/shrink-64.png
  artifactKey: Guid(98642152aed51fd42a9e1ab23b3259ae) Importer(2089858483,b0f066a214c2f5e87bad3c948f4d605d)
Start importing Assets/Space Exploration/Picto_Icons/Dark_Purple/shrink-64.png using Guid(98642152aed51fd42a9e1ab23b3259ae) Importer(2089858483,b0f066a214c2f5e87bad3c948f4d605d) (ScriptedImporter) -> (artifact id: '77a1e0e78be050f8dca33f118d6d7be4') in 0.0972253 seconds
Number of updated asset objects reloaded before import = 0Number of asset objects unloaded after import = 3

========================================================================
Received Import Request.
  Time since last request: 0.000235 seconds.
  path: Assets/Space Exploration/Settings_&_Menu_Components/Large/mission-bar-empty-large.png
  artifactKey: Guid(e9de20b4e6e4aaa408f7dfbab06f209e) Importer(2089858483,b0f066a214c2f5e87bad3c948f4d605d)
Start importing Assets/Space Exploration/Settings_&_Menu_Components/Large/mission-bar-empty-large.png using Guid(e9de20b4e6e4aaa408f7dfbab06f209e) Importer(2089858483,b0f066a214c2f5e87bad3c948f4d605d) (ScriptedImporter) -> (artifact id: 'b273454f82d3bb5476bf03dd4afbb37f') in 0.1709827 seconds
Number of updated asset objects reloaded before import = 0Number of asset objects unloaded after import = 3

========================================================================
Received Import Request.
  Time since last request: 0.000030 seconds.
  path: Assets/Space Exploration/Picto_Icons/Light_Purple/bell-off-256.png
  artifactKey: Guid(444564c0bc1cbb749af1bace59b7d224) Importer(2089858483,b0f066a214c2f5e87bad3c948f4d605d)
Start importing Assets/Space Exploration/Picto_Icons/Light_Purple/bell-off-256.png using Guid(444564c0bc1cbb749af1bace59b7d224) Importer(2089858483,b0f066a214c2f5e87bad3c948f4d605d) (ScriptedImporter) -> (artifact id: 'bdebe6ec3478a749c6f909f2a0d7051f') in 0.0560125 seconds
Number of updated asset objects reloaded before import = 0Number of asset objects unloaded after import = 3

========================================================================
Received Import Request.
  Time since last request: 0.000033 seconds.
  path: Assets/Space Exploration/Button_Images/Disabled_Sprites/Extra_Large/medium-disabled-extra-large.png
  artifactKey: Guid(c8abb8b53ec609a438ba7b695411f83e) Importer(2089858483,b0f066a214c2f5e87bad3c948f4d605d)
Start importing Assets/Space Exploration/Button_Images/Disabled_Sprites/Extra_Large/medium-disabled-extra-large.png using Guid(c8abb8b53ec609a438ba7b695411f83e) Importer(2089858483,b0f066a214c2f5e87bad3c948f4d605d) (ScriptedImporter) -> (artifact id: '30dd56cefa6b1667e58d610d78b463fe') in 0.0343116 seconds
Number of updated asset objects reloaded before import = 0Number of asset objects unloaded after import = 3

========================================================================
Received Import Request.
  Time since last request: 0.000100 seconds.
  path: Assets/Space Exploration/Containers/Large/login-remove-ads-container-large.png
  artifactKey: Guid(56bfd2efd85d08446be2dc4d5f91740d) Importer(2089858483,b0f066a214c2f5e87bad3c948f4d605d)
Start importing Assets/Space Exploration/Containers/Large/login-remove-ads-container-large.png using Guid(56bfd2efd85d08446be2dc4d5f91740d) Importer(2089858483,b0f066a214c2f5e87bad3c948f4d605d) (ScriptedImporter) -> (artifact id: '449c55fc4b32e298e7260a3e9bfed937') in 0.0409127 seconds
Number of updated asset objects reloaded before import = 0Number of asset objects unloaded after import = 3

========================================================================
Received Import Request.
  Time since last request: 0.000078 seconds.
  path: Assets/Space Exploration/Picto_Icons/Light_Purple/key-128.png
  artifactKey: Guid(50052dd2f536e63429401d2fa82b732c) Importer(2089858483,b0f066a214c2f5e87bad3c948f4d605d)
Start importing Assets/Space Exploration/Picto_Icons/Light_Purple/key-128.png using Guid(50052dd2f536e63429401d2fa82b732c) Importer(2089858483,b0f066a214c2f5e87bad3c948f4d605d) (ScriptedImporter) -> (artifact id: 'b452109a01a8b36b8d38de1c00b7bca2') in 0.0519302 seconds
Number of updated asset objects reloaded before import = 0Number of asset objects unloaded after import = 3

========================================================================
Received Import Request.
  Time since last request: 0.000029 seconds.
  path: Assets/Photon/PhotonUnityNetworking/Code/Interfaces/IPunCallbacks.cs
  artifactKey: Guid(421c323e36c065045b2c44e16a184a9a) Importer(2089858483,b0f066a214c2f5e87bad3c948f4d605d)
Start importing Assets/Photon/PhotonUnityNetworking/Code/Interfaces/IPunCallbacks.cs using Guid(421c323e36c065045b2c44e16a184a9a) Importer(2089858483,b0f066a214c2f5e87bad3c948f4d605d) (ScriptedImporter) -> (artifact id: 'ce218b6815d0e85d27778a698cd18d2d') in 0.0301257 seconds
Number of updated asset objects reloaded before import = 0Number of asset objects unloaded after import = 0

========================================================================
Received Import Request.
  Time since last request: 0.000044 seconds.
  path: Assets/Space Exploration/Picto_Icons/Dark_Purple/stop-128.png
  artifactKey: Guid(42084850756be274ab237be60fe85d71) Importer(2089858483,b0f066a214c2f5e87bad3c948f4d605d)
Start importing Assets/Space Exploration/Picto_Icons/Dark_Purple/stop-128.png using Guid(42084850756be274ab237be60fe85d71) Importer(2089858483,b0f066a214c2f5e87bad3c948f4d605d) (ScriptedImporter) -> (artifact id: 'da4a794c23327aa351eb2ce7bf3f9dd3') in 0.0599551 seconds
Number of updated asset objects reloaded before import = 0Number of asset objects unloaded after import = 3

========================================================================
Received Import Request.
  Time since last request: 0.000030 seconds.
  path: Assets/Space Exploration/Button_Images/Pressed_Sprites/Extra_Large/medium-blue-pressed-extra-large.png
  artifactKey: Guid(4b70c7e91a4685643bd2d8d027359c08) Importer(2089858483,b0f066a214c2f5e87bad3c948f4d605d)
Start importing Assets/Space Exploration/Button_Images/Pressed_Sprites/Extra_Large/medium-blue-pressed-extra-large.png using Guid(4b70c7e91a4685643bd2d8d027359c08) Importer(2089858483,b0f066a214c2f5e87bad3c948f4d605d) (ScriptedImporter) -> (artifact id: 'cd381cdb70668d505f9765241af36cba') in 0.0380094 seconds
Number of updated asset objects reloaded before import = 0Number of asset objects unloaded after import = 3

========================================================================
Received Import Request.
  Time since last request: 0.000039 seconds.
  path: Assets/Space Exploration/Fonts/Font Sources
  artifactKey: Guid(e7334c716456d8749b22981cd0583d07) Importer(2089858483,b0f066a214c2f5e87bad3c948f4d605d)
Start importing Assets/Space Exploration/Fonts/Font Sources using Guid(e7334c716456d8749b22981cd0583d07) Importer(2089858483,b0f066a214c2f5e87bad3c948f4d605d) (ScriptedImporter) -> (artifact id: 'e0a9b39690d0772b1759360225635aaf') in 0.0182999 seconds
Number of updated asset objects reloaded before import = 0Number of asset objects unloaded after import = 1

========================================================================
Received Import Request.
  Time since last request: 0.000023 seconds.
  path: Assets/Space Exploration/Picto_Icons/White/rocket-256.png
  artifactKey: Guid(342e9d6de3580634fa900f6fdf8481e7) Importer(2089858483,b0f066a214c2f5e87bad3c948f4d605d)
Start importing Assets/Space Exploration/Picto_Icons/White/rocket-256.png using Guid(342e9d6de3580634fa900f6fdf8481e7) Importer(2089858483,b0f066a214c2f5e87bad3c948f4d605d) (ScriptedImporter) -> (artifact id: '30b4ec0980e67921df314a60af069236') in 0.0665533 seconds
Number of updated asset objects reloaded before import = 0Number of asset objects unloaded after import = 3

========================================================================
Received Import Request.
  Time since last request: 0.000027 seconds.
  path: Assets/Space Exploration/Picto_Icons/White/commet-32.png
  artifactKey: Guid(6ca6ba365f633eb4e9a0d78ab2c4f6e6) Importer(2089858483,b0f066a214c2f5e87bad3c948f4d605d)
Start importing Assets/Space Exploration/Picto_Icons/White/commet-32.png using Guid(6ca6ba365f633eb4e9a0d78ab2c4f6e6) Importer(2089858483,b0f066a214c2f5e87bad3c948f4d605d) (ScriptedImporter) -> (artifact id: 'ce58b6552583446be9f61cd8d66e09a8') in 0.0725959 seconds
Number of updated asset objects reloaded before import = 0Number of asset objects unloaded after import = 3

========================================================================
Received Import Request.
  Time since last request: 0.000039 seconds.
  path: Assets/Space Exploration/Rank_System_Components/Large/ranking-4+-large 1.png
  artifactKey: Guid(5485ccbec4b2d9e4d9d8ca195edf6631) Importer(2089858483,b0f066a214c2f5e87bad3c948f4d605d)
Start importing Assets/Space Exploration/Rank_System_Components/Large/ranking-4+-large 1.png using Guid(5485ccbec4b2d9e4d9d8ca195edf6631) Importer(2089858483,b0f066a214c2f5e87bad3c948f4d605d) (ScriptedImporter) -> (artifact id: '075391b3c2608ac3fe7c4938d9823c6f') in 0.0335267 seconds
Number of updated asset objects reloaded before import = 0Number of asset objects unloaded after import = 3

========================================================================
Received Import Request.
  Time since last request: 0.000039 seconds.
  path: Assets/Resources/Room Button.prefab
  artifactKey: Guid(eb6d165ad458e0543900fd54557224d7) Importer(2089858483,b0f066a214c2f5e87bad3c948f4d605d)
Start importing Assets/Resources/Room Button.prefab using Guid(eb6d165ad458e0543900fd54557224d7) Importer(2089858483,b0f066a214c2f5e87bad3c948f4d605d) (ScriptedImporter) -> (artifact id: '8cc26ba6873f4a000df70fd3862bb9c3') in 0.0886179 seconds
Number of updated asset objects reloaded before import = 0Number of asset objects unloaded after import = 25

========================================================================
Received Import Request.
  Time since last request: 0.000041 seconds.
  path: Assets/Space Exploration/Rank_System_Components/Small/ranking-4+-small 1.png
  artifactKey: Guid(8c30237fa75c53849a9fa9fecab5798e) Importer(2089858483,b0f066a214c2f5e87bad3c948f4d605d)
Start importing Assets/Space Exploration/Rank_System_Components/Small/ranking-4+-small 1.png using Guid(8c30237fa75c53849a9fa9fecab5798e) Importer(2089858483,b0f066a214c2f5e87bad3c948f4d605d) (ScriptedImporter) -> (artifact id: '325d3ec127e1d0a282e863ac639b92d6') in 0.0455334 seconds
Number of updated asset objects reloaded before import = 0Number of asset objects unloaded after import = 3

========================================================================
Received Import Request.
  Time since last request: 0.000028 seconds.
  path: Assets/Space Exploration/Picto_Icons/Light_Purple/all-light-purple-128.png
  artifactKey: Guid(3222c1dd753064d43a34f49e9e7fa857) Importer(2089858483,b0f066a214c2f5e87bad3c948f4d605d)
Start importing Assets/Space Exploration/Picto_Icons/Light_Purple/all-light-purple-128.png using Guid(3222c1dd753064d43a34f49e9e7fa857) Importer(2089858483,b0f066a214c2f5e87bad3c948f4d605d) (ScriptedImporter) -> (artifact id: '35b4458347d44a545464597fe5ddda32') in 0.0506004 seconds
Number of updated asset objects reloaded before import = 0Number of asset objects unloaded after import = 3

========================================================================
Received Import Request.
  Time since last request: 0.000042 seconds.
  path: Assets/Space Exploration/Icons/scroll-128.png
  artifactKey: Guid(6b136995987f87942aa75a973f3a2309) Importer(2089858483,b0f066a214c2f5e87bad3c948f4d605d)
Start importing Assets/Space Exploration/Icons/scroll-128.png using Guid(6b136995987f87942aa75a973f3a2309) Importer(2089858483,b0f066a214c2f5e87bad3c948f4d605d) (ScriptedImporter) -> (artifact id: '9ab4ac293f08879c1cec663fb14ea95c') in 0.0655402 seconds
Number of updated asset objects reloaded before import = 0Number of asset objects unloaded after import = 3

========================================================================
Received Import Request.
  Time since last request: 0.000030 seconds.
  path: Assets/Photon/PhotonUnityNetworking/Demos/Shared Assets/Textures/UnitTexture.png
  artifactKey: Guid(df33d7843e7ff98489b55381f6cdd866) Importer(2089858483,b0f066a214c2f5e87bad3c948f4d605d)
Start importing Assets/Photon/PhotonUnityNetworking/Demos/Shared Assets/Textures/UnitTexture.png using Guid(df33d7843e7ff98489b55381f6cdd866) Importer(2089858483,b0f066a214c2f5e87bad3c948f4d605d) (ScriptedImporter) -> (artifact id: 'c1ccd03ad6325c77377ef55a33b12d17') in 0.1156144 seconds
Number of updated asset objects reloaded before import = 0Number of asset objects unloaded after import = 1

========================================================================
Received Import Request.
  Time since last request: 0.000040 seconds.
  path: Assets/Photon/PhotonChat/Code
  artifactKey: Guid(af83a98aaa4f7b64eb7fcec95ee7b1ed) Importer(2089858483,b0f066a214c2f5e87bad3c948f4d605d)
Start importing Assets/Photon/PhotonChat/Code using Guid(af83a98aaa4f7b64eb7fcec95ee7b1ed) Importer(2089858483,b0f066a214c2f5e87bad3c948f4d605d) (ScriptedImporter) -> (artifact id: '41dd8c5920579b069957dbedd557d5aa') in 0.031766 seconds
Number of updated asset objects reloaded before import = 0Number of asset objects unloaded after import = 1

========================================================================
Received Import Request.
  Time since last request: 0.000054 seconds.
  path: Assets/Photon/PhotonUnityNetworking/Demos/PunCockpit/Forms/LoadLevelUIForm.cs
  artifactKey: Guid(f833cfc95509a49658fedf2e4cdc3a62) Importer(2089858483,b0f066a214c2f5e87bad3c948f4d605d)
Start importing Assets/Photon/PhotonUnityNetworking/Demos/PunCockpit/Forms/LoadLevelUIForm.cs using Guid(f833cfc95509a49658fedf2e4cdc3a62) Importer(2089858483,b0f066a214c2f5e87bad3c948f4d605d) (ScriptedImporter) -> (artifact id: '60a363b371e4aa9912770195dcabd129') in 0.0418416 seconds
Number of updated asset objects reloaded before import = 0Number of asset objects unloaded after import = 0

========================================================================
Received Import Request.
  Time since last request: 0.000039 seconds.
  path: Assets/ProjectSettings/Physics2DSettings.asset
  artifactKey: Guid(2fd3082433c51004a8afdf28751d8d18) Importer(2089858483,b0f066a214c2f5e87bad3c948f4d605d)
Start importing Assets/ProjectSettings/Physics2DSettings.asset using Guid(2fd3082433c51004a8afdf28751d8d18) Importer(2089858483,b0f066a214c2f5e87bad3c948f4d605d) (ScriptedImporter) -> (artifact id: 'eed17add035ea087ec868810db9e7f83') in 0.0873462 seconds
Number of updated asset objects reloaded before import = 0Number of asset objects unloaded after import = 1

========================================================================
Received Import Request.
  Time since last request: 0.000027 seconds.
  path: Assets/Space Exploration/Button_Images/Highlighted_Sprite/extra large/large-blue-highlight-extra-large.png
  artifactKey: Guid(b579430ab3de899489e53f6957ffc5f9) Importer(2089858483,b0f066a214c2f5e87bad3c948f4d605d)
Start importing Assets/Space Exploration/Button_Images/Highlighted_Sprite/extra large/large-blue-highlight-extra-large.png using Guid(b579430ab3de899489e53f6957ffc5f9) Importer(2089858483,b0f066a214c2f5e87bad3c948f4d605d) (ScriptedImporter) -> (artifact id: 'af33546ab0ba54f02d518cdb2ec49525') in 0.0308189 seconds
Number of updated asset objects reloaded before import = 0Number of asset objects unloaded after import = 3

========================================================================
Received Import Request.
  Time since last request: 0.000049 seconds.
  path: Assets/Space Exploration/Picto_Icons/Dark_Purple/ranking-64.png
  artifactKey: Guid(8dff727a9a4c5de449fb2c4f4d96fcaf) Importer(2089858483,b0f066a214c2f5e87bad3c948f4d605d)
Start importing Assets/Space Exploration/Picto_Icons/Dark_Purple/ranking-64.png using Guid(8dff727a9a4c5de449fb2c4f4d96fcaf) Importer(2089858483,b0f066a214c2f5e87bad3c948f4d605d) (ScriptedImporter) -> (artifact id: '0950ce1b36834407d90862eeb4b35637') in 0.0458941 seconds
Number of updated asset objects reloaded before import = 0Number of asset objects unloaded after import = 3

========================================================================
Received Import Request.
  Time since last request: 0.000027 seconds.
  path: Assets/ProjectSettings/EditorSettings.asset
  artifactKey: Guid(ba98f8f4c6e260f4ea05d67aefe86262) Importer(2089858483,b0f066a214c2f5e87bad3c948f4d605d)
Start importing Assets/ProjectSettings/EditorSettings.asset using Guid(ba98f8f4c6e260f4ea05d67aefe86262) Importer(2089858483,b0f066a214c2f5e87bad3c948f4d605d) (ScriptedImporter) -> (artifact id: '93ccf037f9c8a4943809b4868851b9fc') in 0.0246094 seconds
Number of updated asset objects reloaded before import = 0Number of asset objects unloaded after import = 1

========================================================================
Received Import Request.
  Time since last request: 0.000056 seconds.
  path: Assets/Space Exploration/Picto_Icons/Dark_Purple/axe-128.png
  artifactKey: Guid(fbb26bd9295a1b1488714a0291f81838) Importer(2089858483,b0f066a214c2f5e87bad3c948f4d605d)
Start importing Assets/Space Exploration/Picto_Icons/Dark_Purple/axe-128.png using Guid(fbb26bd9295a1b1488714a0291f81838) Importer(2089858483,b0f066a214c2f5e87bad3c948f4d605d) (ScriptedImporter) -> (artifact id: '1304c2571e441863974e7b2e02be572c') in 0.0773789 seconds
Number of updated asset objects reloaded before import = 0Number of asset objects unloaded after import = 3

========================================================================
Received Import Request.
  Time since last request: 0.000043 seconds.
  path: Assets/Space Exploration/Picto_Icons/Dark_Purple/trash-32.png
  artifactKey: Guid(14d0cfe8f90e5614fa90ed20c121d1d7) Importer(2089858483,b0f066a214c2f5e87bad3c948f4d605d)
Start importing Assets/Space Exploration/Picto_Icons/Dark_Purple/trash-32.png using Guid(14d0cfe8f90e5614fa90ed20c121d1d7) Importer(2089858483,b0f066a214c2f5e87bad3c948f4d605d) (ScriptedImporter) -> (artifact id: '5629fe0eee85fce106996f5bc84af59c') in 0.1267505 seconds
Number of updated asset objects reloaded before import = 0Number of asset objects unloaded after import = 3

========================================================================
Received Import Request.
  Time since last request: 0.000037 seconds.
  path: Assets/Space Exploration/Button_Images/Highlighted_Sprite/small/short-blue-highlight-small.png
  artifactKey: Guid(0d8c50672600606458f63380ddbb983f) Importer(2089858483,b0f066a214c2f5e87bad3c948f4d605d)
Start importing Assets/Space Exploration/Button_Images/Highlighted_Sprite/small/short-blue-highlight-small.png using Guid(0d8c50672600606458f63380ddbb983f) Importer(2089858483,b0f066a214c2f5e87bad3c948f4d605d) (ScriptedImporter) -> (artifact id: 'b78ad9a2b2b40232e6da6dfcae005d2f') in 0.0379522 seconds
Number of updated asset objects reloaded before import = 0Number of asset objects unloaded after import = 3

========================================================================
Received Import Request.
  Time since last request: 0.000030 seconds.
  path: Assets/Space Exploration/Rank_System_Components/Small/ranking-4+-highlight-small.png
  artifactKey: Guid(6ecf7a53b403ae345835f1a89c49a43d) Importer(2089858483,b0f066a214c2f5e87bad3c948f4d605d)
Start importing Assets/Space Exploration/Rank_System_Components/Small/ranking-4+-highlight-small.png using Guid(6ecf7a53b403ae345835f1a89c49a43d) Importer(2089858483,b0f066a214c2f5e87bad3c948f4d605d) (ScriptedImporter) -> (artifact id: 'b1e9f61f6564a077150f995ea80335f7') in 0.0617866 seconds
Number of updated asset objects reloaded before import = 0Number of asset objects unloaded after import = 3

========================================================================
Received Import Request.
  Time since last request: 0.000041 seconds.
  path: Assets/Space Exploration/Picto_Icons/Light_Purple/cross-128.png
  artifactKey: Guid(9e4639ed117ea1543983c2d531a5a969) Importer(2089858483,b0f066a214c2f5e87bad3c948f4d605d)
Start importing Assets/Space Exploration/Picto_Icons/Light_Purple/cross-128.png using Guid(9e4639ed117ea1543983c2d531a5a969) Importer(2089858483,b0f066a214c2f5e87bad3c948f4d605d) (ScriptedImporter) -> (artifact id: '089c678e9609082ba2bc0c9c69f482cc') in 0.0719859 seconds
Number of updated asset objects reloaded before import = 0Number of asset objects unloaded after import = 3

========================================================================
Received Import Request.
  Time since last request: 0.000037 seconds.
  path: Assets/Space Exploration/Fonts/Font Sources/static/Asap_Condensed-Regular.ttf
  artifactKey: Guid(90d8953915deea247b523980328a8336) Importer(2089858483,b0f066a214c2f5e87bad3c948f4d605d)
Start importing Assets/Space Exploration/Fonts/Font Sources/static/Asap_Condensed-Regular.ttf using Guid(90d8953915deea247b523980328a8336) Importer(2089858483,b0f066a214c2f5e87bad3c948f4d605d) (ScriptedImporter) -> (artifact id: '8a07d6322fc89d39bd7efba29d1b5223') in 0.090685 seconds
Number of updated asset objects reloaded before import = 0Number of asset objects unloaded after import = 3

========================================================================
Received Import Request.
  Time since last request: 0.000044 seconds.
  path: Assets/Space Exploration/Picto_Icons/Dark_Purple/dislike-32.png
  artifactKey: Guid(3781a1160faa3b34496470e534984c61) Importer(2089858483,b0f066a214c2f5e87bad3c948f4d605d)
Start importing Assets/Space Exploration/Picto_Icons/Dark_Purple/dislike-32.png using Guid(3781a1160faa3b34496470e534984c61) Importer(2089858483,b0f066a214c2f5e87bad3c948f4d605d) (ScriptedImporter) -> (artifact id: '6290450492106b86c5edbe6157225ed7') in 0.0753645 seconds
Number of updated asset objects reloaded before import = 0Number of asset objects unloaded after import = 3

========================================================================
Received Import Request.
  Time since last request: 0.000029 seconds.
  path: Assets/Photon/PhotonUnityNetworking/Demos/DemoSlotRacer/Kenney Assets/Stylized city/Materials/tank.mat
  artifactKey: Guid(479cbf10a2ba803449168e0148bcdbb5) Importer(2089858483,b0f066a214c2f5e87bad3c948f4d605d)
Start importing Assets/Photon/PhotonUnityNetworking/Demos/DemoSlotRacer/Kenney Assets/Stylized city/Materials/tank.mat using Guid(479cbf10a2ba803449168e0148bcdbb5) Importer(2089858483,b0f066a214c2f5e87bad3c948f4d605d) (ScriptedImporter) -> (artifact id: '298caf0cbc223522d9ea050f46bca926') in 0.046406 seconds
Number of updated asset objects reloaded before import = 0Number of asset objects unloaded after import = 1

========================================================================
Received Import Request.
  Time since last request: 0.000038 seconds.
  path: Assets/Space Exploration/Picto_Icons/Dark_Purple/battle-128.png
  artifactKey: Guid(cf0a5fef222f9aa4bae00534d8463a03) Importer(2089858483,b0f066a214c2f5e87bad3c948f4d605d)
Start importing Assets/Space Exploration/Picto_Icons/Dark_Purple/battle-128.png using Guid(cf0a5fef222f9aa4bae00534d8463a03) Importer(2089858483,b0f066a214c2f5e87bad3c948f4d605d) (ScriptedImporter) -> (artifact id: '4fcee1c2998327bf583d04ac954ecd59') in 0.1065448 seconds
Number of updated asset objects reloaded before import = 0Number of asset objects unloaded after import = 3

========================================================================
Received Import Request.
  Time since last request: 0.000028 seconds.
  path: Assets/Space Exploration/Other_Images/Large
  artifactKey: Guid(87f73646ef27fae44b5b1a6d0d4af517) Importer(2089858483,b0f066a214c2f5e87bad3c948f4d605d)
Start importing Assets/Space Exploration/Other_Images/Large using Guid(87f73646ef27fae44b5b1a6d0d4af517) Importer(2089858483,b0f066a214c2f5e87bad3c948f4d605d) (ScriptedImporter) -> (artifact id: 'c264c115584322de70a64ce42921df79') in 0.0522085 seconds
Number of updated asset objects reloaded before import = 0Number of asset objects unloaded after import = 1

========================================================================
Received Import Request.
  Time since last request: 0.000042 seconds.
  path: Assets/Space Exploration/Rank_System_Components/Small/ranking-3rd-highlight-small.png
  artifactKey: Guid(dd947dac3cea3e044a85d214a06696df) Importer(2089858483,b0f066a214c2f5e87bad3c948f4d605d)
Start importing Assets/Space Exploration/Rank_System_Components/Small/ranking-3rd-highlight-small.png using Guid(dd947dac3cea3e044a85d214a06696df) Importer(2089858483,b0f066a214c2f5e87bad3c948f4d605d) (ScriptedImporter) -> (artifact id: '5647c99f29eb5d9e8c0514034f2bbc8b') in 0.0934834 seconds
Number of updated asset objects reloaded before import = 0Number of asset objects unloaded after import = 3

========================================================================
Received Import Request.
  Time since last request: 0.000044 seconds.
  path: Assets/Space Exploration/Picto_Icons/White/play-64.png
  artifactKey: Guid(a3287d59b07769845a28dfe4da89a123) Importer(2089858483,b0f066a214c2f5e87bad3c948f4d605d)
Start importing Assets/Space Exploration/Picto_Icons/White/play-64.png using Guid(a3287d59b07769845a28dfe4da89a123) Importer(2089858483,b0f066a214c2f5e87bad3c948f4d605d) (ScriptedImporter) -> (artifact id: '77f65647c8ed8709085d66158c0c6b9b') in 0.067775 seconds
Number of updated asset objects reloaded before import = 0Number of asset objects unloaded after import = 3

========================================================================
Received Import Request.
  Time since last request: 0.000039 seconds.
  path: Assets/Prefabs/Login Panel.prefab
  artifactKey: Guid(2e6d008db872d0b44a126e15d3eee098) Importer(2089858483,b0f066a214c2f5e87bad3c948f4d605d)
Start importing Assets/Prefabs/Login Panel.prefab using Guid(2e6d008db872d0b44a126e15d3eee098) Importer(2089858483,b0f066a214c2f5e87bad3c948f4d605d) (ScriptedImporter) -> (artifact id: '37bd096f3c824a2d7e49252213c455f8') in 0.0995897 seconds
Number of updated asset objects reloaded before import = 0Number of asset objects unloaded after import = 92

========================================================================
Received Import Request.
  Time since last request: 0.000035 seconds.
  path: Assets/Logs/AssetImportWorker1.log
  artifactKey: Guid(2b2a228b146a05449bd1b9d71e361a3d) Importer(2089858483,b0f066a214c2f5e87bad3c948f4d605d)
Start importing Assets/Logs/AssetImportWorker1.log using Guid(2b2a228b146a05449bd1b9d71e361a3d) Importer(2089858483,b0f066a214c2f5e87bad3c948f4d605d) (ScriptedImporter) -> (artifact id: '4e381bd4a87593d7f62cb2e248d52209') in 0.032289 seconds
Number of updated asset objects reloaded before import = 0Number of asset objects unloaded after import = 1

========================================================================
Received Import Request.
  Time since last request: 0.000036 seconds.
  path: Assets/Space Exploration/Picto_Icons/Light_Purple/telescope-32.png
  artifactKey: Guid(618d9aba06a288c4287d947f2adb6888) Importer(2089858483,b0f066a214c2f5e87bad3c948f4d605d)
Start importing Assets/Space Exploration/Picto_Icons/Light_Purple/telescope-32.png using Guid(618d9aba06a288c4287d947f2adb6888) Importer(2089858483,b0f066a214c2f5e87bad3c948f4d605d) (ScriptedImporter) -> (artifact id: '15d37b3a33c363411cc6c3c9c23aec90') in 0.0542749 seconds
Number of updated asset objects reloaded before import = 0Number of asset objects unloaded after import = 3

========================================================================
Received Import Request.
  Time since last request: 0.000026 seconds.
  path: Assets/Space Exploration/Picto_Icons/White/left-arrow-128.png
  artifactKey: Guid(3b7030ba65a643345b72f90b10204b63) Importer(2089858483,b0f066a214c2f5e87bad3c948f4d605d)
Start importing Assets/Space Exploration/Picto_Icons/White/left-arrow-128.png using Guid(3b7030ba65a643345b72f90b10204b63) Importer(2089858483,b0f066a214c2f5e87bad3c948f4d605d) (ScriptedImporter) -> (artifact id: 'c257222e831ab846d8f6f3ed73e8c56a') in 0.0967638 seconds
Number of updated asset objects reloaded before import = 0Number of asset objects unloaded after import = 3

========================================================================
Received Import Request.
  Time since last request: 0.000038 seconds.
  path: Assets/Free Stylized Sci-Fi Scout Bot/Materials/Stylized Sci-Fi Robot_E.mat
  artifactKey: Guid(99948bfe03c777f438ab2e3c9e90a0cc) Importer(2089858483,b0f066a214c2f5e87bad3c948f4d605d)
Start importing Assets/Free Stylized Sci-Fi Scout Bot/Materials/Stylized Sci-Fi Robot_E.mat using Guid(99948bfe03c777f438ab2e3c9e90a0cc) Importer(2089858483,b0f066a214c2f5e87bad3c948f4d605d) (ScriptedImporter) -> (artifact id: '103f59b7aac724388a79e36eac004382') in 0.0335457 seconds
Number of updated asset objects reloaded before import = 0Number of asset objects unloaded after import = 2

========================================================================
Received Import Request.
  Time since last request: 0.000052 seconds.
  path: Assets/Space Exploration/Icons/potion-pink-3-64.png
  artifactKey: Guid(ede065d62706cdb41a47b01ed998e751) Importer(2089858483,b0f066a214c2f5e87bad3c948f4d605d)
Start importing Assets/Space Exploration/Icons/potion-pink-3-64.png using Guid(ede065d62706cdb41a47b01ed998e751) Importer(2089858483,b0f066a214c2f5e87bad3c948f4d605d) (ScriptedImporter) -> (artifact id: '8750a86b56f9665b7bf6012885c63286') in 0.1510334 seconds
Number of updated asset objects reloaded before import = 0Number of asset objects unloaded after import = 3

========================================================================
Received Import Request.
  Time since last request: 0.000420 seconds.
  path: Assets/Photon/PhotonChat/Demos/Demo Chat/Code/ChatSettings.cs
  artifactKey: Guid(c8078fb5ca219c34ea80805fec36beae) Importer(2089858483,b0f066a214c2f5e87bad3c948f4d605d)
Start importing Assets/Photon/PhotonChat/Demos/Demo Chat/Code/ChatSettings.cs using Guid(c8078fb5ca219c34ea80805fec36beae) Importer(2089858483,b0f066a214c2f5e87bad3c948f4d605d) (ScriptedImporter) -> (artifact id: '3075b1b46c1dce95a8684f072d0ceba0') in 0.0502362 seconds
Number of updated asset objects reloaded before import = 0Number of asset objects unloaded after import = 0

========================================================================
Received Import Request.
  Time since last request: 0.000030 seconds.
  path: Assets/Space Exploration/Picto_Icons/Light_Purple/battle-64.png
  artifactKey: Guid(74f91d7f29f42e64299644e206054b6e) Importer(2089858483,b0f066a214c2f5e87bad3c948f4d605d)
Start importing Assets/Space Exploration/Picto_Icons/Light_Purple/battle-64.png using Guid(74f91d7f29f42e64299644e206054b6e) Importer(2089858483,b0f066a214c2f5e87bad3c948f4d605d) (ScriptedImporter) -> (artifact id: 'fc247b2c99295bc6aca15ed4e217b6d7') in 0.0885524 seconds
Number of updated asset objects reloaded before import = 0Number of asset objects unloaded after import = 3

========================================================================
Received Import Request.
  Time since last request: 0.000047 seconds.
  path: Assets/Space Exploration/Containers/Medium/loot-container-medium.png
  artifactKey: Guid(d5fee2485db050949a68a9d494c16fd3) Importer(2089858483,b0f066a214c2f5e87bad3c948f4d605d)
Start importing Assets/Space Exploration/Containers/Medium/loot-container-medium.png using Guid(d5fee2485db050949a68a9d494c16fd3) Importer(2089858483,b0f066a214c2f5e87bad3c948f4d605d) (ScriptedImporter) -> (artifact id: 'f3db9987c1a0da2975be6f7bc7b11bef') in 0.159526 seconds
Number of updated asset objects reloaded before import = 0Number of asset objects unloaded after import = 3

========================================================================
Received Import Request.
  Time since last request: 0.000028 seconds.
  path: Assets/Space Exploration/Picto_Icons/White/leaf-256.png
  artifactKey: Guid(be84e0d4a3cee1d4da75c8daa74a96f0) Importer(2089858483,b0f066a214c2f5e87bad3c948f4d605d)
Start importing Assets/Space Exploration/Picto_Icons/White/leaf-256.png using Guid(be84e0d4a3cee1d4da75c8daa74a96f0) Importer(2089858483,b0f066a214c2f5e87bad3c948f4d605d) (ScriptedImporter) -> (artifact id: 'dc55f35257d1a7bc6b900bebaa7a7558') in 0.0727951 seconds
Number of updated asset objects reloaded before import = 0Number of asset objects unloaded after import = 3

========================================================================
Received Import Request.
  Time since last request: 0.000042 seconds.
  path: Assets/Space Exploration/Picto_Icons/Dark_Purple/mail-32.png
  artifactKey: Guid(a30a3cc427ba69b459e45457a5bb9fb0) Importer(2089858483,b0f066a214c2f5e87bad3c948f4d605d)
Start importing Assets/Space Exploration/Picto_Icons/Dark_Purple/mail-32.png using Guid(a30a3cc427ba69b459e45457a5bb9fb0) Importer(2089858483,b0f066a214c2f5e87bad3c948f4d605d) (ScriptedImporter) -> (artifact id: '65f20c71eed68099d3f6cfca02ea9d20') in 0.1198243 seconds
Number of updated asset objects reloaded before import = 0Number of asset objects unloaded after import = 3

========================================================================
Received Import Request.
  Time since last request: 0.000031 seconds.
  path: Assets/Space Exploration/Button_Images/Pressed_Sprites/Medium/short-pink-pressed-medium.png
  artifactKey: Guid(4379dfa4c48dc974e919b735d646ce27) Importer(2089858483,b0f066a214c2f5e87bad3c948f4d605d)
Start importing Assets/Space Exploration/Button_Images/Pressed_Sprites/Medium/short-pink-pressed-medium.png using Guid(4379dfa4c48dc974e919b735d646ce27) Importer(2089858483,b0f066a214c2f5e87bad3c948f4d605d) (ScriptedImporter) -> (artifact id: '217e60d30cd42baf9801c1180586b4e2') in 0.0339082 seconds
Number of updated asset objects reloaded before import = 0Number of asset objects unloaded after import = 3

========================================================================
Received Import Request.
  Time since last request: 0.000039 seconds.
  path: Assets/Space Exploration/Picto_Icons/Dark_Purple/solar-system-128.png
  artifactKey: Guid(38481413084e7834d8cd519b36fb3bef) Importer(2089858483,b0f066a214c2f5e87bad3c948f4d605d)
Start importing Assets/Space Exploration/Picto_Icons/Dark_Purple/solar-system-128.png using Guid(38481413084e7834d8cd519b36fb3bef) Importer(2089858483,b0f066a214c2f5e87bad3c948f4d605d) (ScriptedImporter) -> (artifact id: '079cc30e308e04021f9be49c7fac5343') in 0.0552146 seconds
Number of updated asset objects reloaded before import = 0Number of asset objects unloaded after import = 3

========================================================================
Received Import Request.
  Time since last request: 0.000037 seconds.
  path: Assets/Space Exploration/Picto_Icons/Dark_Purple/expand-256.png
  artifactKey: Guid(350b3f69fbb5b3f4c83587648ca83ec4) Importer(2089858483,b0f066a214c2f5e87bad3c948f4d605d)
Start importing Assets/Space Exploration/Picto_Icons/Dark_Purple/expand-256.png using Guid(350b3f69fbb5b3f4c83587648ca83ec4) Importer(2089858483,b0f066a214c2f5e87bad3c948f4d605d) (ScriptedImporter) -> (artifact id: '6703ed4d311625cf421838adee7d6be8') in 0.0552243 seconds
Number of updated asset objects reloaded before import = 0Number of asset objects unloaded after import = 3

========================================================================
Received Import Request.
  Time since last request: 0.000039 seconds.
  path: Assets/Space Exploration/Picto_Icons/Light_Purple/play-128.png
  artifactKey: Guid(dcda9007084e10c45a43addaa81722ea) Importer(2089858483,b0f066a214c2f5e87bad3c948f4d605d)
Start importing Assets/Space Exploration/Picto_Icons/Light_Purple/play-128.png using Guid(dcda9007084e10c45a43addaa81722ea) Importer(2089858483,b0f066a214c2f5e87bad3c948f4d605d) (ScriptedImporter) -> (artifact id: 'e9490a65577b3c00e5863d398939ba6b') in 0.1275433 seconds
Number of updated asset objects reloaded before import = 0Number of asset objects unloaded after import = 3

========================================================================
Received Import Request.
  Time since last request: 0.000026 seconds.
  path: Assets/TextMesh Pro/Shaders/TMPro_Surface.cginc
  artifactKey: Guid(d930090c0cd643c7b55f19a38538c162) Importer(2089858483,b0f066a214c2f5e87bad3c948f4d605d)
Start importing Assets/TextMesh Pro/Shaders/TMPro_Surface.cginc using Guid(d930090c0cd643c7b55f19a38538c162) Importer(2089858483,b0f066a214c2f5e87bad3c948f4d605d) (ScriptedImporter) -> (artifact id: '66ceb5eb6c1d9e328854c8553f09691f') in 0.0671259 seconds
Number of updated asset objects reloaded before import = 0Number of asset objects unloaded after import = 1

========================================================================
Received Import Request.
  Time since last request: 0.000034 seconds.
  path: Assets/Space Exploration/Picto_Icons/Dark_Purple/music-off-128.png
  artifactKey: Guid(2b9eeeb42976246429d9268c00702dc4) Importer(2089858483,b0f066a214c2f5e87bad3c948f4d605d)
Start importing Assets/Space Exploration/Picto_Icons/Dark_Purple/music-off-128.png using Guid(2b9eeeb42976246429d9268c00702dc4) Importer(2089858483,b0f066a214c2f5e87bad3c948f4d605d) (ScriptedImporter) -> (artifact id: 'b69ff9bcf20bd1894eb75a7f970628b7') in 0.0585592 seconds
Number of updated asset objects reloaded before import = 0Number of asset objects unloaded after import = 3

========================================================================
Received Import Request.
  Time since last request: 0.000027 seconds.
  path: Assets/Space Exploration/Prefabs/UI_Elements/Large/Menu Buttons/Claim_Button_Large.prefab
  artifactKey: Guid(a55f517e977fe67489a56a5d77fad74e) Importer(2089858483,b0f066a214c2f5e87bad3c948f4d605d)
Start importing Assets/Space Exploration/Prefabs/UI_Elements/Large/Menu Buttons/Claim_Button_Large.prefab using Guid(a55f517e977fe67489a56a5d77fad74e) Importer(2089858483,b0f066a214c2f5e87bad3c948f4d605d) (ScriptedImporter) -> (artifact id: '738a7a4e327fcab3d216f992e1097db0') in 0.0715394 seconds
Number of updated asset objects reloaded before import = 0Number of asset objects unloaded after import = 18

========================================================================
Received Import Request.
  Time since last request: 0.000040 seconds.
  path: Assets/Space Exploration/Grid_Components/Extra Large/inventory-add-highlight-extra-large.png
  artifactKey: Guid(03202969c4c7d684cbafd22d426a0a31) Importer(2089858483,b0f066a214c2f5e87bad3c948f4d605d)
Start importing Assets/Space Exploration/Grid_Components/Extra Large/inventory-add-highlight-extra-large.png using Guid(03202969c4c7d684cbafd22d426a0a31) Importer(2089858483,b0f066a214c2f5e87bad3c948f4d605d) (ScriptedImporter) -> (artifact id: 'eec9735d61ab079c3cbde77fd3312d0c') in 0.0525721 seconds
Number of updated asset objects reloaded before import = 0Number of asset objects unloaded after import = 3

========================================================================
Received Import Request.
  Time since last request: 0.000029 seconds.
  path: Assets/Space Exploration/Picto_Icons/White/wifi-256.png
  artifactKey: Guid(e8043f07d4baa7542b97da600816a73b) Importer(2089858483,b0f066a214c2f5e87bad3c948f4d605d)
Start importing Assets/Space Exploration/Picto_Icons/White/wifi-256.png using Guid(e8043f07d4baa7542b97da600816a73b) Importer(2089858483,b0f066a214c2f5e87bad3c948f4d605d) (ScriptedImporter) -> (artifact id: 'ea190dbd72b8d631095fbc2f891631d2') in 0.061406 seconds
Number of updated asset objects reloaded before import = 0Number of asset objects unloaded after import = 3

========================================================================
Received Import Request.
  Time since last request: 0.000035 seconds.
  path: Assets/Space Exploration/Picto_Icons/White/power-32.png
  artifactKey: Guid(5254ddf0ba51e89438121d81dfa5d4f2) Importer(2089858483,b0f066a214c2f5e87bad3c948f4d605d)
Start importing Assets/Space Exploration/Picto_Icons/White/power-32.png using Guid(5254ddf0ba51e89438121d81dfa5d4f2) Importer(2089858483,b0f066a214c2f5e87bad3c948f4d605d) (ScriptedImporter) -> (artifact id: '1c42ed5c8352ee6092adc4cf2eb7c0bd') in 0.041681 seconds
Number of updated asset objects reloaded before import = 0Number of asset objects unloaded after import = 3

========================================================================
Received Import Request.
  Time since last request: 0.000028 seconds.
  path: Assets/Space Exploration/Button_Images/Pressed_Sprites/Medium/medium-yellow-pressed-medium.png
  artifactKey: Guid(ab7d51514119c274e9a3cc4aff5d2cbf) Importer(2089858483,b0f066a214c2f5e87bad3c948f4d605d)
Start importing Assets/Space Exploration/Button_Images/Pressed_Sprites/Medium/medium-yellow-pressed-medium.png using Guid(ab7d51514119c274e9a3cc4aff5d2cbf) Importer(2089858483,b0f066a214c2f5e87bad3c948f4d605d) (ScriptedImporter) -> (artifact id: '8b434276e960c9a2e8346b8cdaaa803a') in 0.0559567 seconds
Number of updated asset objects reloaded before import = 0Number of asset objects unloaded after import = 3

========================================================================
Received Import Request.
  Time since last request: 0.000055 seconds.
  path: Assets/Space Exploration/Settings_&_Menu_Components/Extra Large/short-button-flat-purple-locked-extra-large.png
  artifactKey: Guid(a34b8dea30cb0b84a9002c741b1cd5eb) Importer(2089858483,b0f066a214c2f5e87bad3c948f4d605d)
Start importing Assets/Space Exploration/Settings_&_Menu_Components/Extra Large/short-button-flat-purple-locked-extra-large.png using Guid(a34b8dea30cb0b84a9002c741b1cd5eb) Importer(2089858483,b0f066a214c2f5e87bad3c948f4d605d) (ScriptedImporter) -> (artifact id: '0736dd4f9d64c92df9b95af8daea77aa') in 0.0346359 seconds
Number of updated asset objects reloaded before import = 0Number of asset objects unloaded after import = 3

========================================================================
Received Import Request.
  Time since last request: 0.000030 seconds.
  path: Assets/Space Exploration/Fonts/Font Sources/static/Asap-Regular.ttf
  artifactKey: Guid(f119e56ea50dc7a4c8c81771ff57e5c3) Importer(2089858483,b0f066a214c2f5e87bad3c948f4d605d)
Start importing Assets/Space Exploration/Fonts/Font Sources/static/Asap-Regular.ttf using Guid(f119e56ea50dc7a4c8c81771ff57e5c3) Importer(2089858483,b0f066a214c2f5e87bad3c948f4d605d) (ScriptedImporter) -> (artifact id: '03b39f9ef905265e3c90918149730681') in 0.0797612 seconds
Number of updated asset objects reloaded before import = 0Number of asset objects unloaded after import = 3

========================================================================
Received Import Request.
  Time since last request: 0.000038 seconds.
  path: Assets/Space Exploration/Icons/mercury-64.png
  artifactKey: Guid(28fed90abfaac2345ad61859c07c38cb) Importer(2089858483,b0f066a214c2f5e87bad3c948f4d605d)
Start importing Assets/Space Exploration/Icons/mercury-64.png using Guid(28fed90abfaac2345ad61859c07c38cb) Importer(2089858483,b0f066a214c2f5e87bad3c948f4d605d) (ScriptedImporter) -> (artifact id: 'cbcf385450a6912e6cc719da8674d035') in 0.0948898 seconds
Number of updated asset objects reloaded before import = 0Number of asset objects unloaded after import = 3

========================================================================
Received Import Request.
  Time since last request: 0.000023 seconds.
  path: Assets/Space Exploration/Grid_Components/Extra Large/inventory-add-extra-large.png
  artifactKey: Guid(fe854bc6a17426f4eae5077e5399fd67) Importer(2089858483,b0f066a214c2f5e87bad3c948f4d605d)
Start importing Assets/Space Exploration/Grid_Components/Extra Large/inventory-add-extra-large.png using Guid(fe854bc6a17426f4eae5077e5399fd67) Importer(2089858483,b0f066a214c2f5e87bad3c948f4d605d) (ScriptedImporter) -> (artifact id: 'ae5092ec461646c1d583443e61e53c07') in 0.0503471 seconds
Number of updated asset objects reloaded before import = 0Number of asset objects unloaded after import = 3

========================================================================
Received Import Request.
  Time since last request: 0.000045 seconds.
  path: Assets/Photon/PhotonUnityNetworking/Demos/DemoAsteroids/Scripts/AsteroidsGame.cs
  artifactKey: Guid(a3a5d301bebde6547b43d377600a3e57) Importer(2089858483,b0f066a214c2f5e87bad3c948f4d605d)
Start importing Assets/Photon/PhotonUnityNetworking/Demos/DemoAsteroids/Scripts/AsteroidsGame.cs using Guid(a3a5d301bebde6547b43d377600a3e57) Importer(2089858483,b0f066a214c2f5e87bad3c948f4d605d) (ScriptedImporter) -> (artifact id: '18be886bd782197daf5ac915f7f0ef51') in 0.0341038 seconds
Number of updated asset objects reloaded before import = 0Number of asset objects unloaded after import = 0

========================================================================
Received Import Request.
  Time since last request: 0.000030 seconds.
  path: Assets/Space Exploration/Button_Images/Pressed_Sprites/Large/short-blue-pressed-large.png
  artifactKey: Guid(880f684427cc9b24aae4b060e858a449) Importer(2089858483,b0f066a214c2f5e87bad3c948f4d605d)
Start importing Assets/Space Exploration/Button_Images/Pressed_Sprites/Large/short-blue-pressed-large.png using Guid(880f684427cc9b24aae4b060e858a449) Importer(2089858483,b0f066a214c2f5e87bad3c948f4d605d) (ScriptedImporter) -> (artifact id: 'a776a4d09777e052e4a24561c5a43c07') in 0.0501984 seconds
Number of updated asset objects reloaded before import = 0Number of asset objects unloaded after import = 3

========================================================================
Received Import Request.
  Time since last request: 0.000479 seconds.
  path: Assets/Space Exploration/Picto_Icons/White/check-32.png
  artifactKey: Guid(b245ea1a02f680240a00ad28c099bf5a) Importer(2089858483,b0f066a214c2f5e87bad3c948f4d605d)
Start importing Assets/Space Exploration/Picto_Icons/White/check-32.png using Guid(b245ea1a02f680240a00ad28c099bf5a) Importer(2089858483,b0f066a214c2f5e87bad3c948f4d605d) (ScriptedImporter) -> (artifact id: 'c0bc574f1279b746dda49af783738189') in 0.0530838 seconds
Number of updated asset objects reloaded before import = 0Number of asset objects unloaded after import = 3

========================================================================
Received Import Request.
  Time since last request: 0.000032 seconds.
  path: Assets/Space Exploration/Picto_Icons/White/leaf-32.png
  artifactKey: Guid(af962de94a08a1848b20aa31f2308be4) Importer(2089858483,b0f066a214c2f5e87bad3c948f4d605d)
Start importing Assets/Space Exploration/Picto_Icons/White/leaf-32.png using Guid(af962de94a08a1848b20aa31f2308be4) Importer(2089858483,b0f066a214c2f5e87bad3c948f4d605d) (ScriptedImporter) -> (artifact id: '98b1f57bc9f775311ff58d30318abb15') in 0.0404314 seconds
Number of updated asset objects reloaded before import = 0Number of asset objects unloaded after import = 3

========================================================================
Received Import Request.
  Time since last request: 0.000045 seconds.
  path: Assets/Photon/PhotonUnityNetworking/Demos/PunCockpit/Scripts/InfosPanelPlaceholder.cs
  artifactKey: Guid(d85daee5b585047f89b7e2dde78b336b) Importer(2089858483,b0f066a214c2f5e87bad3c948f4d605d)
Start importing Assets/Photon/PhotonUnityNetworking/Demos/PunCockpit/Scripts/InfosPanelPlaceholder.cs using Guid(d85daee5b585047f89b7e2dde78b336b) Importer(2089858483,b0f066a214c2f5e87bad3c948f4d605d) (ScriptedImporter) -> (artifact id: 'c1e15a5c51a5468cab64a5a283ede9ce') in 0.0214901 seconds
Number of updated asset objects reloaded before import = 0Number of asset objects unloaded after import = 0

========================================================================
Received Import Request.
  Time since last request: 0.000030 seconds.
  path: Assets/Photon/PhotonUnityNetworking/Demos/Shared Assets/Skin/BoxOrangeRed.png
  artifactKey: Guid(72708a25103c3fe4f9074f7296e86b7a) Importer(2089858483,b0f066a214c2f5e87bad3c948f4d605d)
Start importing Assets/Photon/PhotonUnityNetworking/Demos/Shared Assets/Skin/BoxOrangeRed.png using Guid(72708a25103c3fe4f9074f7296e86b7a) Importer(2089858483,b0f066a214c2f5e87bad3c948f4d605d) (ScriptedImporter) -> (artifact id: 'd82d31685000f8e52725af6d1e434593') in 0.0426918 seconds
Number of updated asset objects reloaded before import = 0Number of asset objects unloaded after import = 1

========================================================================
Received Import Request.
  Time since last request: 0.000042 seconds.
  path: Assets/Space Exploration/Grid_Components/Medium/locked-level-overlay-medium.png
  artifactKey: Guid(30d90339661846344920a5b765e34d7a) Importer(2089858483,b0f066a214c2f5e87bad3c948f4d605d)
Start importing Assets/Space Exploration/Grid_Components/Medium/locked-level-overlay-medium.png using Guid(30d90339661846344920a5b765e34d7a) Importer(2089858483,b0f066a214c2f5e87bad3c948f4d605d) (ScriptedImporter) -> (artifact id: '95c6eb123628b4b567779d76158106a5') in 0.0668087 seconds
Number of updated asset objects reloaded before import = 0Number of asset objects unloaded after import = 3

========================================================================
Received Import Request.
  Time since last request: 0.000035 seconds.
  path: Assets/PlayFabSDK/Addon/PlayFabAddonInstanceAPI.cs
  artifactKey: Guid(cb16ee30d77a0bd4095b94a53a375676) Importer(2089858483,b0f066a214c2f5e87bad3c948f4d605d)
Start importing Assets/PlayFabSDK/Addon/PlayFabAddonInstanceAPI.cs using Guid(cb16ee30d77a0bd4095b94a53a375676) Importer(2089858483,b0f066a214c2f5e87bad3c948f4d605d) (ScriptedImporter) -> (artifact id: '316c45fb089af4d49653b8a14563d97e') in 0.0340137 seconds
Number of updated asset objects reloaded before import = 0Number of asset objects unloaded after import = 0

========================================================================
Received Import Request.
  Time since last request: 0.000072 seconds.
  path: Assets/Space Exploration/Picto_Icons/Dark_Purple/wrench-64.png
  artifactKey: Guid(438f590574126cb4e9e66b115a84bcbc) Importer(2089858483,b0f066a214c2f5e87bad3c948f4d605d)
Start importing Assets/Space Exploration/Picto_Icons/Dark_Purple/wrench-64.png using Guid(438f590574126cb4e9e66b115a84bcbc) Importer(2089858483,b0f066a214c2f5e87bad3c948f4d605d) (ScriptedImporter) -> (artifact id: 'd8b28cc779fe058d155f1ef91353a2d3') in 0.107441 seconds
Number of updated asset objects reloaded before import = 0Number of asset objects unloaded after import = 3

========================================================================
Received Import Request.
  Time since last request: 0.000099 seconds.
  path: Assets/Free Stylized Sci-Fi Scout Bot/Model/SR_01_Scout_Bot.fbx
  artifactKey: Guid(28ec0de61b68f9843b03d59686252e2c) Importer(2089858483,b0f066a214c2f5e87bad3c948f4d605d)
Start importing Assets/Free Stylized Sci-Fi Scout Bot/Model/SR_01_Scout_Bot.fbx using Guid(28ec0de61b68f9843b03d59686252e2c) Importer(2089858483,b0f066a214c2f5e87bad3c948f4d605d) (ScriptedImporter) -> (artifact id: '6ab498a16067e88231156322e04744da') in 0.1142647 seconds
Number of updated asset objects reloaded before import = 0Number of asset objects unloaded after import = 32

========================================================================
Received Import Request.
  Time since last request: 0.000115 seconds.
  path: Assets/Space Exploration/Picto_Icons/Dark_Purple/cloud-64.png
  artifactKey: Guid(e2995becdc9405740bf3d9401b9e15d1) Importer(2089858483,b0f066a214c2f5e87bad3c948f4d605d)
Start importing Assets/Space Exploration/Picto_Icons/Dark_Purple/cloud-64.png using Guid(e2995becdc9405740bf3d9401b9e15d1) Importer(2089858483,b0f066a214c2f5e87bad3c948f4d605d) (ScriptedImporter) -> (artifact id: '05e52cc0a5c020d9ceeae0e34c2d4595') in 0.0563499 seconds
Number of updated asset objects reloaded before import = 0Number of asset objects unloaded after import = 3

========================================================================
Received Import Request.
  Time since last request: 0.000025 seconds.
  path: Assets/Space Exploration/Settings_&_Menu_Components/Medium/check-box-ticked-medium.png
  artifactKey: Guid(243d2f36bf6efa540819d3f148f82eee) Importer(2089858483,b0f066a214c2f5e87bad3c948f4d605d)
Start importing Assets/Space Exploration/Settings_&_Menu_Components/Medium/check-box-ticked-medium.png using Guid(243d2f36bf6efa540819d3f148f82eee) Importer(2089858483,b0f066a214c2f5e87bad3c948f4d605d) (ScriptedImporter) -> (artifact id: '662d4502064933a037e8fd373a69d773') in 0.0380977 seconds
Number of updated asset objects reloaded before import = 0Number of asset objects unloaded after import = 3

========================================================================
Received Import Request.
  Time since last request: 0.000038 seconds.
  path: Assets/Photon/PhotonUnityNetworking/Demos/DemoAsteroids/Scripts
  artifactKey: Guid(3ae075de96c44c449ad885c6e84ffb5c) Importer(2089858483,b0f066a214c2f5e87bad3c948f4d605d)
Start importing Assets/Photon/PhotonUnityNetworking/Demos/DemoAsteroids/Scripts using Guid(3ae075de96c44c449ad885c6e84ffb5c) Importer(2089858483,b0f066a214c2f5e87bad3c948f4d605d) (ScriptedImporter) -> (artifact id: '9b52a8ab1d90ffe2ee925becc7953a53') in 0.0299575 seconds
Number of updated asset objects reloaded before import = 0Number of asset objects unloaded after import = 1

========================================================================
Received Import Request.
  Time since last request: 0.000030 seconds.
  path: Assets/Space Exploration/Picto_Icons/White/full-moon-256.png
  artifactKey: Guid(2a30f1e212e98c04cbd96ff13476debc) Importer(2089858483,b0f066a214c2f5e87bad3c948f4d605d)
Start importing Assets/Space Exploration/Picto_Icons/White/full-moon-256.png using Guid(2a30f1e212e98c04cbd96ff13476debc) Importer(2089858483,b0f066a214c2f5e87bad3c948f4d605d) (ScriptedImporter) -> (artifact id: '98c248850cbc34a197ddb6465e2f842f') in 0.0741748 seconds
Number of updated asset objects reloaded before import = 0Number of asset objects unloaded after import = 3

========================================================================
Received Import Request.
  Time since last request: 0.000046 seconds.
  path: Assets/Space Exploration/Picto_Icons/White/skull-128.png
  artifactKey: Guid(957f61d3384a86e4ab44d649213699c4) Importer(2089858483,b0f066a214c2f5e87bad3c948f4d605d)
Start importing Assets/Space Exploration/Picto_Icons/White/skull-128.png using Guid(957f61d3384a86e4ab44d649213699c4) Importer(2089858483,b0f066a214c2f5e87bad3c948f4d605d) (ScriptedImporter) -> (artifact id: '64c2ff515a9a1281614328d64be1bd4e') in 0.0772292 seconds
Number of updated asset objects reloaded before import = 0Number of asset objects unloaded after import = 3

========================================================================
Received Import Request.
  Time since last request: 0.000033 seconds.
  path: Assets/Space Exploration/Picto_Icons/Dark_Purple/axe-64.png
  artifactKey: Guid(405bcfc1624d71d4fa93450eef72cc69) Importer(2089858483,b0f066a214c2f5e87bad3c948f4d605d)
Start importing Assets/Space Exploration/Picto_Icons/Dark_Purple/axe-64.png using Guid(405bcfc1624d71d4fa93450eef72cc69) Importer(2089858483,b0f066a214c2f5e87bad3c948f4d605d) (ScriptedImporter) -> (artifact id: '5ccd7bbb40986a725843b578e3fc3e58') in 0.0476195 seconds
Number of updated asset objects reloaded before import = 0Number of asset objects unloaded after import = 3

========================================================================
Received Import Request.
  Time since last request: 0.000040 seconds.
  path: Assets/Photon/PhotonRealtime/Code/Unity/Editor
  artifactKey: Guid(a02814c0303a60f488813e6111993aaa) Importer(2089858483,b0f066a214c2f5e87bad3c948f4d605d)
Start importing Assets/Photon/PhotonRealtime/Code/Unity/Editor using Guid(a02814c0303a60f488813e6111993aaa) Importer(2089858483,b0f066a214c2f5e87bad3c948f4d605d) (ScriptedImporter) -> (artifact id: 'cf3b2709ce74f31df9a6c501f5af2dd2') in 0.0295715 seconds
Number of updated asset objects reloaded before import = 0Number of asset objects unloaded after import = 1

========================================================================
Received Import Request.
  Time since last request: 0.000028 seconds.
  path: Assets/TextMesh Pro/Fonts/LiberationSans.ttf
  artifactKey: Guid(e3265ab4bf004d28a9537516768c1c75) Importer(2089858483,b0f066a214c2f5e87bad3c948f4d605d)
Start importing Assets/TextMesh Pro/Fonts/LiberationSans.ttf using Guid(e3265ab4bf004d28a9537516768c1c75) Importer(2089858483,b0f066a214c2f5e87bad3c948f4d605d) (ScriptedImporter) -> (artifact id: '5a8c12bd78f2c032337d3c2fb22d38e9') in 0.031552 seconds
Number of updated asset objects reloaded before import = 0Number of asset objects unloaded after import = 3

========================================================================
Received Import Request.
  Time since last request: 0.000037 seconds.
  path: Assets/Space Exploration/Other_Images/Small/shooting-star-pink-small.png
  artifactKey: Guid(13c180916a8a51e479cd0548a45cd9ee) Importer(2089858483,b0f066a214c2f5e87bad3c948f4d605d)
Start importing Assets/Space Exploration/Other_Images/Small/shooting-star-pink-small.png using Guid(13c180916a8a51e479cd0548a45cd9ee) Importer(2089858483,b0f066a214c2f5e87bad3c948f4d605d) (ScriptedImporter) -> (artifact id: 'f8fa3ef69a6f2be621631f804886bcc0') in 0.046148 seconds
Number of updated asset objects reloaded before import = 0Number of asset objects unloaded after import = 3

========================================================================
Received Import Request.
  Time since last request: 0.000031 seconds.
  path: Assets/ProjectSettings/GraphicsSettings.asset
  artifactKey: Guid(11890d2cf1ac4a244a0848700cfad267) Importer(2089858483,b0f066a214c2f5e87bad3c948f4d605d)
Start importing Assets/ProjectSettings/GraphicsSettings.asset using Guid(11890d2cf1ac4a244a0848700cfad267) Importer(2089858483,b0f066a214c2f5e87bad3c948f4d605d) (ScriptedImporter) -> (artifact id: 'cf1b8d253343d14d1f61ef1bfe4e6d52') in 0.0299237 seconds
Number of updated asset objects reloaded before import = 0Number of asset objects unloaded after import = 1

========================================================================
Received Import Request.
  Time since last request: 0.000043 seconds.
  path: Assets/Space Exploration/Icons/crown-128.png
  artifactKey: Guid(506efd3325dbf894187f5a88a3a6a664) Importer(2089858483,b0f066a214c2f5e87bad3c948f4d605d)
Start importing Assets/Space Exploration/Icons/crown-128.png using Guid(506efd3325dbf894187f5a88a3a6a664) Importer(2089858483,b0f066a214c2f5e87bad3c948f4d605d) (ScriptedImporter) -> (artifact id: '19e4124d2a5995722259678d803bda18') in 0.0712928 seconds
Number of updated asset objects reloaded before import = 0Number of asset objects unloaded after import = 3

========================================================================
Received Import Request.
  Time since last request: 0.000036 seconds.
  path: Assets/Space Exploration/Picto_Icons/Light_Purple/right-arrow-256.png
  artifactKey: Guid(adcd09b10d4a56f44946d2b22493b4ca) Importer(2089858483,b0f066a214c2f5e87bad3c948f4d605d)
Start importing Assets/Space Exploration/Picto_Icons/Light_Purple/right-arrow-256.png using Guid(adcd09b10d4a56f44946d2b22493b4ca) Importer(2089858483,b0f066a214c2f5e87bad3c948f4d605d) (ScriptedImporter) -> (artifact id: 'c094a3d78ab2398fb4f5a048fc6abd84') in 0.0546025 seconds
Number of updated asset objects reloaded before import = 0Number of asset objects unloaded after import = 3

========================================================================
Received Import Request.
  Time since last request: 0.000039 seconds.
  path: Assets/Photon/PhotonUnityNetworking/Demos/PunBasics-Tutorial/Scenes/PunBasics-Launcher.unity
  artifactKey: Guid(bff77b01b50254edbb6edeeaba5ae8b3) Importer(2089858483,b0f066a214c2f5e87bad3c948f4d605d)
Start importing Assets/Photon/PhotonUnityNetworking/Demos/PunBasics-Tutorial/Scenes/PunBasics-Launcher.unity using Guid(bff77b01b50254edbb6edeeaba5ae8b3) Importer(2089858483,b0f066a214c2f5e87bad3c948f4d605d) (ScriptedImporter) -> (artifact id: '4ed9161de37bfd6564b9279277b08c2b') in 0.036848 seconds
Number of updated asset objects reloaded before import = 0Number of asset objects unloaded after import = 1

========================================================================
Received Import Request.
  Time since last request: 0.000026 seconds.
  path: Assets/TextMesh Pro/Resources/LineBreaking Leading Characters.txt
  artifactKey: Guid(d82c1b31c7e74239bff1220585707d2b) Importer(2089858483,b0f066a214c2f5e87bad3c948f4d605d)
Start importing Assets/TextMesh Pro/Resources/LineBreaking Leading Characters.txt using Guid(d82c1b31c7e74239bff1220585707d2b) Importer(2089858483,b0f066a214c2f5e87bad3c948f4d605d) (ScriptedImporter) -> (artifact id: 'dd9b31833d1986823028a9e4d3add034') in 0.0348852 seconds
Number of updated asset objects reloaded before import = 0Number of asset objects unloaded after import = 1

========================================================================
Received Import Request.
  Time since last request: 0.000047 seconds.
  path: Assets/Space Exploration/Prefabs/UI_Elements/Large/Input Fields
  artifactKey: Guid(d44cce482ba56384f878b19084b89b1d) Importer(2089858483,b0f066a214c2f5e87bad3c948f4d605d)
Start importing Assets/Space Exploration/Prefabs/UI_Elements/Large/Input Fields using Guid(d44cce482ba56384f878b19084b89b1d) Importer(2089858483,b0f066a214c2f5e87bad3c948f4d605d) (ScriptedImporter) -> (artifact id: '715c6f96462a392e281b32241e2410b3') in 0.0443909 seconds
Number of updated asset objects reloaded before import = 0Number of asset objects unloaded after import = 1

========================================================================
Received Import Request.
  Time since last request: 0.000028 seconds.
  path: Assets/Photon/PhotonUnityNetworking/Code/Interfaces
  artifactKey: Guid(38ae0eecc6fe5d340b82bb221198aa89) Importer(2089858483,b0f066a214c2f5e87bad3c948f4d605d)
Start importing Assets/Photon/PhotonUnityNetworking/Code/Interfaces using Guid(38ae0eecc6fe5d340b82bb221198aa89) Importer(2089858483,b0f066a214c2f5e87bad3c948f4d605d) (ScriptedImporter) -> (artifact id: 'e77ea04e743cfb93dd61d24ea991fc9d') in 0.0252223 seconds
Number of updated asset objects reloaded before import = 0Number of asset objects unloaded after import = 1

========================================================================
Received Import Request.
  Time since last request: 0.000033 seconds.
  path: Assets/Space Exploration/Picto_Icons/Dark_Purple/skull-128.png
  artifactKey: Guid(a4a6f5dd325022b46801fab5576d3a55) Importer(2089858483,b0f066a214c2f5e87bad3c948f4d605d)
Start importing Assets/Space Exploration/Picto_Icons/Dark_Purple/skull-128.png using Guid(a4a6f5dd325022b46801fab5576d3a55) Importer(2089858483,b0f066a214c2f5e87bad3c948f4d605d) (ScriptedImporter) -> (artifact id: 'be1cfd39473f85182eb2e504b8efef9c') in 0.0436775 seconds
Number of updated asset objects reloaded before import = 0Number of asset objects unloaded after import = 3

========================================================================
Received Import Request.
  Time since last request: 0.000028 seconds.
  path: Assets/Space Exploration/Picto_Icons/Light_Purple/sun-64.png
  artifactKey: Guid(81cf6802c203f8a48be61998183f991d) Importer(2089858483,b0f066a214c2f5e87bad3c948f4d605d)
Start importing Assets/Space Exploration/Picto_Icons/Light_Purple/sun-64.png using Guid(81cf6802c203f8a48be61998183f991d) Importer(2089858483,b0f066a214c2f5e87bad3c948f4d605d) (ScriptedImporter) -> (artifact id: '68cfa6c7d3aea99f2ba18d5a65da2c55') in 0.0669418 seconds
Number of updated asset objects reloaded before import = 0Number of asset objects unloaded after import = 3

========================================================================
Received Import Request.
  Time since last request: 0.000044 seconds.
  path: Assets/Photon/PhotonUnityNetworking/Demos/Shared Assets/Prefabs/UI
  artifactKey: Guid(77cade2e8c1ac9f408322245e2d17cf1) Importer(2089858483,b0f066a214c2f5e87bad3c948f4d605d)
Start importing Assets/Photon/PhotonUnityNetworking/Demos/Shared Assets/Prefabs/UI using Guid(77cade2e8c1ac9f408322245e2d17cf1) Importer(2089858483,b0f066a214c2f5e87bad3c948f4d605d) (ScriptedImporter) -> (artifact id: 'a9b5d3547e8b5e26acbbc711f7d17f23') in 0.0308564 seconds
Number of updated asset objects reloaded before import = 0Number of asset objects unloaded after import = 1

========================================================================
Received Import Request.
  Time since last request: 0.000028 seconds.
  path: Assets/Space Exploration/Icons/exoplanet-3-256.png
  artifactKey: Guid(2cde1cca4d229c34ca846923d6d9849c) Importer(2089858483,b0f066a214c2f5e87bad3c948f4d605d)
Start importing Assets/Space Exploration/Icons/exoplanet-3-256.png using Guid(2cde1cca4d229c34ca846923d6d9849c) Importer(2089858483,b0f066a214c2f5e87bad3c948f4d605d) (ScriptedImporter) -> (artifact id: '6204e4c26aaf0644ec20301cf2b70997') in 0.1056824 seconds
Number of updated asset objects reloaded before import = 0Number of asset objects unloaded after import = 3

========================================================================
Received Import Request.
  Time since last request: 0.000042 seconds.
  path: Assets/Space Exploration/Picto_Icons/Dark_Purple/solar-system-256.png
  artifactKey: Guid(eb06cbad7bd29d542bf1cf16898e7563) Importer(2089858483,b0f066a214c2f5e87bad3c948f4d605d)
Start importing Assets/Space Exploration/Picto_Icons/Dark_Purple/solar-system-256.png using Guid(eb06cbad7bd29d542bf1cf16898e7563) Importer(2089858483,b0f066a214c2f5e87bad3c948f4d605d) (ScriptedImporter) -> (artifact id: '66987bd3218cef9246e2425f4d9f0611') in 0.1228798 seconds
Number of updated asset objects reloaded before import = 0Number of asset objects unloaded after import = 3

========================================================================
Received Import Request.
  Time since last request: 0.000028 seconds.
  path: Assets/Photon/PhotonUnityNetworking/Demos/PunBasics-Tutorial/Prefabs/Demo Intro UI.prefab
  artifactKey: Guid(f773d1fa10a4f4e0d88490eab5d5b46d) Importer(2089858483,b0f066a214c2f5e87bad3c948f4d605d)
Start importing Assets/Photon/PhotonUnityNetworking/Demos/PunBasics-Tutorial/Prefabs/Demo Intro UI.prefab using Guid(f773d1fa10a4f4e0d88490eab5d5b46d) Importer(2089858483,b0f066a214c2f5e87bad3c948f4d605d) (ScriptedImporter) -> (artifact id: 'c20721b275080611e603b6cb8a97dc3d') in 0.0494326 seconds
Number of updated asset objects reloaded before import = 0Number of asset objects unloaded after import = 21

========================================================================
Received Import Request.
  Time since last request: 0.000041 seconds.
  path: Assets/Space Exploration/Picto_Icons/Light_Purple/ad-32.png
  artifactKey: Guid(a6f3ea3252e645f44b7415be2e44c070) Importer(2089858483,b0f066a214c2f5e87bad3c948f4d605d)
Start importing Assets/Space Exploration/Picto_Icons/Light_Purple/ad-32.png using Guid(a6f3ea3252e645f44b7415be2e44c070) Importer(2089858483,b0f066a214c2f5e87bad3c948f4d605d) (ScriptedImporter) -> (artifact id: '4badf9eb55c9eaec39e53299e318ab39') in 0.0669091 seconds
Number of updated asset objects reloaded before import = 0Number of asset objects unloaded after import = 3

========================================================================
Received Import Request.
  Time since last request: 0.000168 seconds.
  path: Assets/Free LowPoly Pack/Prefabs/WallSmallC.prefab
  artifactKey: Guid(ba75f6548b81ad440be3522e8695d23c) Importer(2089858483,b0f066a214c2f5e87bad3c948f4d605d)
Start importing Assets/Free LowPoly Pack/Prefabs/WallSmallC.prefab using Guid(ba75f6548b81ad440be3522e8695d23c) Importer(2089858483,b0f066a214c2f5e87bad3c948f4d605d) (ScriptedImporter) -> (artifact id: '05811e3ebfaab539c52bea4c11cce151') in 0.0644825 seconds
Number of updated asset objects reloaded before import = 0Number of asset objects unloaded after import = 11

========================================================================
Received Import Request.
  Time since last request: 0.000040 seconds.
  path: Assets/PlayFabSDK/CloudScript/PlayFabEvents.cs
  artifactKey: Guid(ea444771567a8e747be86eb07cdef93a) Importer(2089858483,b0f066a214c2f5e87bad3c948f4d605d)
Start importing Assets/PlayFabSDK/CloudScript/PlayFabEvents.cs using Guid(ea444771567a8e747be86eb07cdef93a) Importer(2089858483,b0f066a214c2f5e87bad3c948f4d605d) (ScriptedImporter) -> (artifact id: '7d409619e1b607ddd9ea7484e4eb72ef') in 0.03657 seconds
Number of updated asset objects reloaded before import = 0Number of asset objects unloaded after import = 0

========================================================================
Received Import Request.
  Time since last request: 0.000026 seconds.
  path: Assets/Space Exploration/Rank_System_Components/Large/ranking-highlight-large.png
  artifactKey: Guid(fa5b61901bd7fd04d8a2658216b2c6bf) Importer(2089858483,b0f066a214c2f5e87bad3c948f4d605d)
Start importing Assets/Space Exploration/Rank_System_Components/Large/ranking-highlight-large.png using Guid(fa5b61901bd7fd04d8a2658216b2c6bf) Importer(2089858483,b0f066a214c2f5e87bad3c948f4d605d) (ScriptedImporter) -> (artifact id: '490ad1a06179a1265536dfabe96f8ba1') in 0.0598326 seconds
Number of updated asset objects reloaded before import = 0Number of asset objects unloaded after import = 3

========================================================================
Received Import Request.
  Time since last request: 0.000031 seconds.
  path: Assets/Space Exploration/Picto_Icons/Dark_Purple/crescent-moon-256.png
  artifactKey: Guid(b96911c16a8e4b84083b1d01bdbc1334) Importer(2089858483,b0f066a214c2f5e87bad3c948f4d605d)
Start importing Assets/Space Exploration/Picto_Icons/Dark_Purple/crescent-moon-256.png using Guid(b96911c16a8e4b84083b1d01bdbc1334) Importer(2089858483,b0f066a214c2f5e87bad3c948f4d605d) (ScriptedImporter) -> (artifact id: 'ce0796b92e5b27c3111181d3176cec8e') in 0.0617629 seconds
Number of updated asset objects reloaded before import = 0Number of asset objects unloaded after import = 3

========================================================================
Received Import Request.
  Time since last request: 0.000048 seconds.
  path: Assets/Space Exploration/Picto_Icons/Dark_Purple/next-64.png
  artifactKey: Guid(50f07b42129810d498c9590464e27c98) Importer(2089858483,b0f066a214c2f5e87bad3c948f4d605d)
Start importing Assets/Space Exploration/Picto_Icons/Dark_Purple/next-64.png using Guid(50f07b42129810d498c9590464e27c98) Importer(2089858483,b0f066a214c2f5e87bad3c948f4d605d) (ScriptedImporter) -> (artifact id: 'de8cd9ab75a40ecbc07cf7f3efb645cb') in 0.0660605 seconds
Number of updated asset objects reloaded before import = 0Number of asset objects unloaded after import = 3

========================================================================
Received Import Request.
  Time since last request: 0.000030 seconds.
  path: Assets/Photon/PhotonUnityNetworking/UtilityScripts/Debugging/PointedAtGameObjectInfo.cs
  artifactKey: Guid(e6262dd9a9b078c4e8cbd47495aa6d23) Importer(2089858483,b0f066a214c2f5e87bad3c948f4d605d)
Start importing Assets/Photon/PhotonUnityNetworking/UtilityScripts/Debugging/PointedAtGameObjectInfo.cs using Guid(e6262dd9a9b078c4e8cbd47495aa6d23) Importer(2089858483,b0f066a214c2f5e87bad3c948f4d605d) (ScriptedImporter) -> (artifact id: '9bf416fd3abcc7895f36349c8752cd89') in 0.0246596 seconds
Number of updated asset objects reloaded before import = 0Number of asset objects unloaded after import = 0

========================================================================
Received Import Request.
  Time since last request: 0.000036 seconds.
  path: Assets/Space Exploration/Picto_Icons/White/sun-256.png
  artifactKey: Guid(2d75be33869dece4ea1e8f23780608a4) Importer(2089858483,b0f066a214c2f5e87bad3c948f4d605d)
Start importing Assets/Space Exploration/Picto_Icons/White/sun-256.png using Guid(2d75be33869dece4ea1e8f23780608a4) Importer(2089858483,b0f066a214c2f5e87bad3c948f4d605d) (ScriptedImporter) -> (artifact id: '91dc4f86c6a93487e3501fb48b860c6f') in 0.0865641 seconds
Number of updated asset objects reloaded before import = 0Number of asset objects unloaded after import = 3

========================================================================
Received Import Request.
  Time since last request: 0.000044 seconds.
  path: Assets/Space Exploration/Picto_Icons/Dark_Purple/ufo-32.png
  artifactKey: Guid(dee043307ecd04e43bfccd9f95032076) Importer(2089858483,b0f066a214c2f5e87bad3c948f4d605d)
Start importing Assets/Space Exploration/Picto_Icons/Dark_Purple/ufo-32.png using Guid(dee043307ecd04e43bfccd9f95032076) Importer(2089858483,b0f066a214c2f5e87bad3c948f4d605d) (ScriptedImporter) -> (artifact id: '7dc11ec0c432df12848c2a7165eed4e3') in 0.0472797 seconds
Number of updated asset objects reloaded before import = 0Number of asset objects unloaded after import = 3

========================================================================
Received Import Request.
  Time since last request: 0.000038 seconds.
  path: Assets/Space Exploration/Icons/mercury-512.png
  artifactKey: Guid(efa80e3119a312841bf99f5d33ce5682) Importer(2089858483,b0f066a214c2f5e87bad3c948f4d605d)
Start importing Assets/Space Exploration/Icons/mercury-512.png using Guid(efa80e3119a312841bf99f5d33ce5682) Importer(2089858483,b0f066a214c2f5e87bad3c948f4d605d) (ScriptedImporter) -> (artifact id: '22324dc009fa1335e1d60af250812510') in 0.0682466 seconds
Number of updated asset objects reloaded before import = 0Number of asset objects unloaded after import = 3

========================================================================
Received Import Request.
  Time since last request: 0.000031 seconds.
  path: Assets/Space Exploration/Picto_Icons/White/sparkles-32.png
  artifactKey: Guid(d5bf26f4793c1f44783bdd266bb416fa) Importer(2089858483,b0f066a214c2f5e87bad3c948f4d605d)
Start importing Assets/Space Exploration/Picto_Icons/White/sparkles-32.png using Guid(d5bf26f4793c1f44783bdd266bb416fa) Importer(2089858483,b0f066a214c2f5e87bad3c948f4d605d) (ScriptedImporter) -> (artifact id: '8c49e52917c383802684d4b9aa59e8ff') in 0.0449175 seconds
Number of updated asset objects reloaded before import = 0Number of asset objects unloaded after import = 3

========================================================================
Received Import Request.
  Time since last request: 0.000038 seconds.
  path: Assets/Photon/PhotonUnityNetworking/Demos/PunCockpit/Scripts/ReadOnlyProperties/ServerProperty.cs
  artifactKey: Guid(6aeb7bea76d39499e83ebc277ffdd7a7) Importer(2089858483,b0f066a214c2f5e87bad3c948f4d605d)
Start importing Assets/Photon/PhotonUnityNetworking/Demos/PunCockpit/Scripts/ReadOnlyProperties/ServerProperty.cs using Guid(6aeb7bea76d39499e83ebc277ffdd7a7) Importer(2089858483,b0f066a214c2f5e87bad3c948f4d605d) (ScriptedImporter) -> (artifact id: '15c03271d9341ed7b454c6238b644c9b') in 0.0350417 seconds
Number of updated asset objects reloaded before import = 0Number of asset objects unloaded after import = 0

========================================================================
Received Import Request.
  Time since last request: 0.000029 seconds.
  path: Assets/Space Exploration/Button_Images/Disabled_Sprites/Large/square-disabled-large.png
  artifactKey: Guid(7a258ba575f28f74bba6b0a00850f1c9) Importer(2089858483,b0f066a214c2f5e87bad3c948f4d605d)
Start importing Assets/Space Exploration/Button_Images/Disabled_Sprites/Large/square-disabled-large.png using Guid(7a258ba575f28f74bba6b0a00850f1c9) Importer(2089858483,b0f066a214c2f5e87bad3c948f4d605d) (ScriptedImporter) -> (artifact id: '462d3e94c7d2e5334ecfd71b64069632') in 0.1078928 seconds
Number of updated asset objects reloaded before import = 0Number of asset objects unloaded after import = 3

========================================================================
Received Import Request.
  Time since last request: 0.000040 seconds.
  path: Assets/Space Exploration/Icons/full-moon-64.png
  artifactKey: Guid(59750d4d4dadd424a9accba7fdc7d845) Importer(2089858483,b0f066a214c2f5e87bad3c948f4d605d)
Start importing Assets/Space Exploration/Icons/full-moon-64.png using Guid(59750d4d4dadd424a9accba7fdc7d845) Importer(2089858483,b0f066a214c2f5e87bad3c948f4d605d) (ScriptedImporter) -> (artifact id: '93aee3021c430098449319905130295d') in 0.0686146 seconds
Number of updated asset objects reloaded before import = 0Number of asset objects unloaded after import = 3

========================================================================
Received Import Request.
  Time since last request: 0.000031 seconds.
  path: Assets/Space Exploration/Button_Images/Pressed_Sprites/Medium/extra-long-purple-pressed-medium.png
  artifactKey: Guid(8dd3cb798f0ddba4cb7f6cbf2309da50) Importer(2089858483,b0f066a214c2f5e87bad3c948f4d605d)
Start importing Assets/Space Exploration/Button_Images/Pressed_Sprites/Medium/extra-long-purple-pressed-medium.png using Guid(8dd3cb798f0ddba4cb7f6cbf2309da50) Importer(2089858483,b0f066a214c2f5e87bad3c948f4d605d) (ScriptedImporter) -> (artifact id: '71f02ca5caae3436ff863bca0fce776c') in 0.0355288 seconds
Number of updated asset objects reloaded before import = 0Number of asset objects unloaded after import = 3

========================================================================
Received Import Request.
  Time since last request: 0.000031 seconds.
  path: Assets/Space Exploration/Icons/pluto-64.png
  artifactKey: Guid(e6dbf839a39f8254ea177f131920d4fc) Importer(2089858483,b0f066a214c2f5e87bad3c948f4d605d)
Start importing Assets/Space Exploration/Icons/pluto-64.png using Guid(e6dbf839a39f8254ea177f131920d4fc) Importer(2089858483,b0f066a214c2f5e87bad3c948f4d605d) (ScriptedImporter) -> (artifact id: '256f70a43411ed16cd08cfe1c77e912a') in 0.0431629 seconds
Number of updated asset objects reloaded before import = 0Number of asset objects unloaded after import = 3

========================================================================
Received Import Request.
  Time since last request: 0.000030 seconds.
  path: Assets/Space Exploration/Icons/lock-1-64.png
  artifactKey: Guid(cf920ab0c881bab4b9a09cfd8ef16e54) Importer(2089858483,b0f066a214c2f5e87bad3c948f4d605d)
Start importing Assets/Space Exploration/Icons/lock-1-64.png using Guid(cf920ab0c881bab4b9a09cfd8ef16e54) Importer(2089858483,b0f066a214c2f5e87bad3c948f4d605d) (ScriptedImporter) -> (artifact id: '320eb4ff422762204466b6bbc5cdf0e4') in 0.0411028 seconds
Number of updated asset objects reloaded before import = 0Number of asset objects unloaded after import = 3

========================================================================
Received Import Request.
  Time since last request: 0.000046 seconds.
  path: Assets/Space Exploration/Picto_Icons/Dark_Purple/caution-32.png
  artifactKey: Guid(fa9ae538d50ddfe4fabacd0572b732b5) Importer(2089858483,b0f066a214c2f5e87bad3c948f4d605d)
Start importing Assets/Space Exploration/Picto_Icons/Dark_Purple/caution-32.png using Guid(fa9ae538d50ddfe4fabacd0572b732b5) Importer(2089858483,b0f066a214c2f5e87bad3c948f4d605d) (ScriptedImporter) -> (artifact id: 'ad25d01ebcaea734190b6c65fd0762a3') in 0.1058594 seconds
Number of updated asset objects reloaded before import = 0Number of asset objects unloaded after import = 3

========================================================================
Received Import Request.
  Time since last request: 0.000034 seconds.
  path: Assets/Space Exploration/Picto_Icons/White/check-128.png
  artifactKey: Guid(d76f58c53c475334b9d424e845af5b60) Importer(2089858483,b0f066a214c2f5e87bad3c948f4d605d)
Start importing Assets/Space Exploration/Picto_Icons/White/check-128.png using Guid(d76f58c53c475334b9d424e845af5b60) Importer(2089858483,b0f066a214c2f5e87bad3c948f4d605d) (ScriptedImporter) -> (artifact id: '59e4a4dc2caf07912bdd65e193203701') in 0.0447878 seconds
Number of updated asset objects reloaded before import = 0Number of asset objects unloaded after import = 3

========================================================================
Received Import Request.
  Time since last request: 0.000044 seconds.
  path: Assets/Space Exploration/Picto_Icons/Dark_Purple/--128.png
  artifactKey: Guid(2c5de6924ab43d449925e57a13daedf7) Importer(2089858483,b0f066a214c2f5e87bad3c948f4d605d)
Start importing Assets/Space Exploration/Picto_Icons/Dark_Purple/--128.png using Guid(2c5de6924ab43d449925e57a13daedf7) Importer(2089858483,b0f066a214c2f5e87bad3c948f4d605d) (ScriptedImporter) -> (artifact id: 'b64197f3cb118ad8b20e0c0a0313b1dd') in 0.0388276 seconds
Number of updated asset objects reloaded before import = 0Number of asset objects unloaded after import = 3

========================================================================
Received Import Request.
  Time since last request: 0.000225 seconds.
  path: Assets/Photon/PhotonChat
  artifactKey: Guid(ea05e6479d592944d955c2a5e1a6d6f1) Importer(2089858483,b0f066a214c2f5e87bad3c948f4d605d)
Start importing Assets/Photon/PhotonChat using Guid(ea05e6479d592944d955c2a5e1a6d6f1) Importer(2089858483,b0f066a214c2f5e87bad3c948f4d605d) (ScriptedImporter) -> (artifact id: 'f924eedb32c2e11345a5c2659aa97a8d') in 0.0180102 seconds
Number of updated asset objects reloaded before import = 0Number of asset objects unloaded after import = 1

========================================================================
Received Import Request.
  Time since last request: 0.000051 seconds.
  path: Assets/PlayFabEditorExtensions/Editor/Scripts/Utils/PlayFabEditorHelper.cs
  artifactKey: Guid(b7a0580bf951d2f46861fe4785bf74f6) Importer(2089858483,b0f066a214c2f5e87bad3c948f4d605d)
Start importing Assets/PlayFabEditorExtensions/Editor/Scripts/Utils/PlayFabEditorHelper.cs using Guid(b7a0580bf951d2f46861fe4785bf74f6) Importer(2089858483,b0f066a214c2f5e87bad3c948f4d605d) (ScriptedImporter) -> (artifact id: 'd86e3ffce3c2a9f8704e50b4793be15d') in 0.02419 seconds
Number of updated asset objects reloaded before import = 0Number of asset objects unloaded after import = 0

========================================================================
Received Import Request.
  Time since last request: 0.000070 seconds.
  path: Assets/Space Exploration/Picto_Icons/Light_Purple/no-wifi-256.png
  artifactKey: Guid(34fe4de11a8ffdb4db86d1f8cd869e83) Importer(2089858483,b0f066a214c2f5e87bad3c948f4d605d)
Start importing Assets/Space Exploration/Picto_Icons/Light_Purple/no-wifi-256.png using Guid(34fe4de11a8ffdb4db86d1f8cd869e83) Importer(2089858483,b0f066a214c2f5e87bad3c948f4d605d) (ScriptedImporter) -> (artifact id: 'f2b9661cad7456b3bec44869e1ab6336') in 0.0592539 seconds
Number of updated asset objects reloaded before import = 0Number of asset objects unloaded after import = 3

========================================================================
Received Import Request.
  Time since last request: 0.000027 seconds.
  path: Assets/UserSettings/Layouts
  artifactKey: Guid(aea37a4e141bdc341ba89925585aab80) Importer(2089858483,b0f066a214c2f5e87bad3c948f4d605d)
Start importing Assets/UserSettings/Layouts using Guid(aea37a4e141bdc341ba89925585aab80) Importer(2089858483,b0f066a214c2f5e87bad3c948f4d605d) (ScriptedImporter) -> (artifact id: 'ef0f59a777ff9082250bb3a960299212') in 0.0271775 seconds
Number of updated asset objects reloaded before import = 0Number of asset objects unloaded after import = 1

========================================================================
Received Import Request.
  Time since last request: 0.000039 seconds.
  path: Assets/Photon/PhotonUnityNetworking/UtilityScripts/PhotonPlayer/Editor/PhotonTeamsManagerInspector.cs
  artifactKey: Guid(8cb74f08e3fc52942a0d8557772bf4dc) Importer(2089858483,b0f066a214c2f5e87bad3c948f4d605d)
Start importing Assets/Photon/PhotonUnityNetworking/UtilityScripts/PhotonPlayer/Editor/PhotonTeamsManagerInspector.cs using Guid(8cb74f08e3fc52942a0d8557772bf4dc) Importer(2089858483,b0f066a214c2f5e87bad3c948f4d605d) (ScriptedImporter) -> (artifact id: '2d3e579840874d1f37d461ec1e63a76c') in 0.0462501 seconds
Number of updated asset objects reloaded before import = 0Number of asset objects unloaded after import = 0

========================================================================
Received Import Request.
  Time since last request: 0.000024 seconds.
  path: Assets/Space Exploration/Picto_Icons/Dark_Purple/home-32.png
  artifactKey: Guid(bdac251d31994ba4f960bb353a600be4) Importer(2089858483,b0f066a214c2f5e87bad3c948f4d605d)
Start importing Assets/Space Exploration/Picto_Icons/Dark_Purple/home-32.png using Guid(bdac251d31994ba4f960bb353a600be4) Importer(2089858483,b0f066a214c2f5e87bad3c948f4d605d) (ScriptedImporter) -> (artifact id: '616b6f10cc3f6dd60ef70b4dd2b21b0c') in 0.1004111 seconds
Number of updated asset objects reloaded before import = 0Number of asset objects unloaded after import = 3

========================================================================
Received Import Request.
  Time since last request: 0.000031 seconds.
  path: Assets/Space Exploration/Picto_Icons/Dark_Purple/sparkles-32.png
  artifactKey: Guid(802d80146ee15d540b6d00866eb988a9) Importer(2089858483,b0f066a214c2f5e87bad3c948f4d605d)
Start importing Assets/Space Exploration/Picto_Icons/Dark_Purple/sparkles-32.png using Guid(802d80146ee15d540b6d00866eb988a9) Importer(2089858483,b0f066a214c2f5e87bad3c948f4d605d) (ScriptedImporter) -> (artifact id: '97f8fb7c89f67a8b0eec9d95cb73b19f') in 0.0618221 seconds
Number of updated asset objects reloaded before import = 0Number of asset objects unloaded after import = 3

========================================================================
Received Import Request.
  Time since last request: 0.000039 seconds.
  path: Assets/PlayFabSDK/Shared/Internal/Log.cs
  artifactKey: Guid(5b55790eeab1b3c41a4f1381cbea1213) Importer(2089858483,b0f066a214c2f5e87bad3c948f4d605d)
Start importing Assets/PlayFabSDK/Shared/Internal/Log.cs using Guid(5b55790eeab1b3c41a4f1381cbea1213) Importer(2089858483,b0f066a214c2f5e87bad3c948f4d605d) (ScriptedImporter) -> (artifact id: '95c6247ee5fb4f238ba7ca6edcb4b046') in 0.0234974 seconds
Number of updated asset objects reloaded before import = 0Number of asset objects unloaded after import = 0

========================================================================
Received Import Request.
  Time since last request: 0.000027 seconds.
  path: Assets/Space Exploration/Picto_Icons/White/key-32.png
  artifactKey: Guid(ef0723a97deb4ae449e4b76d2a97f551) Importer(2089858483,b0f066a214c2f5e87bad3c948f4d605d)
Start importing Assets/Space Exploration/Picto_Icons/White/key-32.png using Guid(ef0723a97deb4ae449e4b76d2a97f551) Importer(2089858483,b0f066a214c2f5e87bad3c948f4d605d) (ScriptedImporter) -> (artifact id: 'd084f66480ca719b29385e31044fe33b') in 0.2792234 seconds
Number of updated asset objects reloaded before import = 0Number of asset objects unloaded after import = 3

========================================================================
Received Import Request.
  Time since last request: 0.000030 seconds.
  path: Assets/Space Exploration/Picto_Icons/Light_Purple/ring-32.png
  artifactKey: Guid(a932d5f52c9359444a0bd9a149628383) Importer(2089858483,b0f066a214c2f5e87bad3c948f4d605d)
Start importing Assets/Space Exploration/Picto_Icons/Light_Purple/ring-32.png using Guid(a932d5f52c9359444a0bd9a149628383) Importer(2089858483,b0f066a214c2f5e87bad3c948f4d605d) (ScriptedImporter) -> (artifact id: '48d27dd66f216753321b3d6bfe5a57b0') in 0.0416312 seconds
Number of updated asset objects reloaded before import = 0Number of asset objects unloaded after import = 3

========================================================================
Received Import Request.
  Time since last request: 0.000039 seconds.
  path: Assets/Space Exploration/Picto_Icons/Light_Purple/mail-256.png
  artifactKey: Guid(60868111040f35f4da51493fda9cc60d) Importer(2089858483,b0f066a214c2f5e87bad3c948f4d605d)
Start importing Assets/Space Exploration/Picto_Icons/Light_Purple/mail-256.png using Guid(60868111040f35f4da51493fda9cc60d) Importer(2089858483,b0f066a214c2f5e87bad3c948f4d605d) (ScriptedImporter) -> (artifact id: '87b2da16ab3a7e1922d6c9f04bb06a03') in 0.066006 seconds
Number of updated asset objects reloaded before import = 0Number of asset objects unloaded after import = 3

========================================================================
Received Import Request.
  Time since last request: 0.000024 seconds.
  path: Assets/Space Exploration/Picto_Icons/White/back-32.png
  artifactKey: Guid(09dbb86d7f431d9459d4c78f1cd6b117) Importer(2089858483,b0f066a214c2f5e87bad3c948f4d605d)
Start importing Assets/Space Exploration/Picto_Icons/White/back-32.png using Guid(09dbb86d7f431d9459d4c78f1cd6b117) Importer(2089858483,b0f066a214c2f5e87bad3c948f4d605d) (ScriptedImporter) -> (artifact id: 'bfd36b9e8aeeb724c44e36429c660a95') in 0.0689609 seconds
Number of updated asset objects reloaded before import = 0Number of asset objects unloaded after import = 3

========================================================================
Received Import Request.
  Time since last request: 0.000027 seconds.
  path: Assets/Photon/PhotonUnityNetworking/Demos/PunCockpit/Forms/CreateRoomUiForm.cs
  artifactKey: Guid(93560c151be5f43aaa41c69fba615970) Importer(2089858483,b0f066a214c2f5e87bad3c948f4d605d)
Start importing Assets/Photon/PhotonUnityNetworking/Demos/PunCockpit/Forms/CreateRoomUiForm.cs using Guid(93560c151be5f43aaa41c69fba615970) Importer(2089858483,b0f066a214c2f5e87bad3c948f4d605d) (ScriptedImporter) -> (artifact id: '27e8f8a28e0ebfd608ba23165c2278c0') in 0.0220184 seconds
Number of updated asset objects reloaded before import = 0Number of asset objects unloaded after import = 0

========================================================================
Received Import Request.
  Time since last request: 0.000132 seconds.
  path: Assets/Space Exploration/Icons/no-ads-64.png
  artifactKey: Guid(d3147a4d1f7925e4c8b17ecb59deaa32) Importer(2089858483,b0f066a214c2f5e87bad3c948f4d605d)
Start importing Assets/Space Exploration/Icons/no-ads-64.png using Guid(d3147a4d1f7925e4c8b17ecb59deaa32) Importer(2089858483,b0f066a214c2f5e87bad3c948f4d605d) (ScriptedImporter) -> (artifact id: 'fff370f2f3a5301ef8e01fa82e3bd9a5') in 0.0384653 seconds
Number of updated asset objects reloaded before import = 0Number of asset objects unloaded after import = 3

========================================================================
Received Import Request.
  Time since last request: 0.000028 seconds.
  path: Assets/Space Exploration/Icons/rocket-64.png
  artifactKey: Guid(37f107526e156c54ab0c1a3191312a2c) Importer(2089858483,b0f066a214c2f5e87bad3c948f4d605d)
Start importing Assets/Space Exploration/Icons/rocket-64.png using Guid(37f107526e156c54ab0c1a3191312a2c) Importer(2089858483,b0f066a214c2f5e87bad3c948f4d605d) (ScriptedImporter) -> (artifact id: '333eb75b223ab2b3e8849f9f30445255') in 0.0666193 seconds
Number of updated asset objects reloaded before import = 0Number of asset objects unloaded after import = 3

========================================================================
Received Import Request.
  Time since last request: 0.000041 seconds.
  path: Assets/Space Exploration/Picto_Icons/White/wifi-32.png
  artifactKey: Guid(1bfcabfde5fce2a4fabffdbcbb941d0e) Importer(2089858483,b0f066a214c2f5e87bad3c948f4d605d)
Start importing Assets/Space Exploration/Picto_Icons/White/wifi-32.png using Guid(1bfcabfde5fce2a4fabffdbcbb941d0e) Importer(2089858483,b0f066a214c2f5e87bad3c948f4d605d) (ScriptedImporter) -> (artifact id: 'fcbd7f2cf4d2583c8b24afe59c8ec473') in 0.1201779 seconds
Number of updated asset objects reloaded before import = 0Number of asset objects unloaded after import = 3

========================================================================
Received Import Request.
  Time since last request: 0.000028 seconds.
  path: Assets/Photon/PhotonChat/Code/ChatChannel.cs
  artifactKey: Guid(35b2a4878e5e99e438c97fbe8dbbd863) Importer(2089858483,b0f066a214c2f5e87bad3c948f4d605d)
Start importing Assets/Photon/PhotonChat/Code/ChatChannel.cs using Guid(35b2a4878e5e99e438c97fbe8dbbd863) Importer(2089858483,b0f066a214c2f5e87bad3c948f4d605d) (ScriptedImporter) -> (artifact id: '5536c9b43cc093f45ac769c220ca53ea') in 0.0227154 seconds
Number of updated asset objects reloaded before import = 0Number of asset objects unloaded after import = 0

========================================================================
Received Import Request.
  Time since last request: 0.000037 seconds.
  path: Assets/Space Exploration/Picto_Icons/Dark_Purple/full-moon-32.png
  artifactKey: Guid(6011f26fb42bf514b965d6845767b649) Importer(2089858483,b0f066a214c2f5e87bad3c948f4d605d)
Start importing Assets/Space Exploration/Picto_Icons/Dark_Purple/full-moon-32.png using Guid(6011f26fb42bf514b965d6845767b649) Importer(2089858483,b0f066a214c2f5e87bad3c948f4d605d) (ScriptedImporter) -> (artifact id: '0ea4abc5fed525e7d0152341618d2696') in 0.0382678 seconds
Number of updated asset objects reloaded before import = 0Number of asset objects unloaded after import = 3

========================================================================
Received Import Request.
  Time since last request: 0.000031 seconds.
  path: Assets/Space Exploration/Rank_System_Components/Large/ranking-4+-highlight-large.png
  artifactKey: Guid(d257de43abf29ed42af01764ff4a20a8) Importer(2089858483,b0f066a214c2f5e87bad3c948f4d605d)
Start importing Assets/Space Exploration/Rank_System_Components/Large/ranking-4+-highlight-large.png using Guid(d257de43abf29ed42af01764ff4a20a8) Importer(2089858483,b0f066a214c2f5e87bad3c948f4d605d) (ScriptedImporter) -> (artifact id: '9d55f651def56a0fb96f855be0557a38') in 0.0480646 seconds
Number of updated asset objects reloaded before import = 0Number of asset objects unloaded after import = 3

========================================================================
Received Import Request.
  Time since last request: 0.000037 seconds.
  path: Assets/Space Exploration/Picto_Icons/Dark_Purple/megaphone-128.png
  artifactKey: Guid(608e24dea6de1b34080c5f04e40c9b2c) Importer(2089858483,b0f066a214c2f5e87bad3c948f4d605d)
Start importing Assets/Space Exploration/Picto_Icons/Dark_Purple/megaphone-128.png using Guid(608e24dea6de1b34080c5f04e40c9b2c) Importer(2089858483,b0f066a214c2f5e87bad3c948f4d605d) (ScriptedImporter) -> (artifact id: 'bbab0229f07e210e35b074ee10702f31') in 0.0469969 seconds
Number of updated asset objects reloaded before import = 0Number of asset objects unloaded after import = 3

========================================================================
Received Import Request.
  Time since last request: 0.000036 seconds.
  path: Assets/Space Exploration/Icons/potion-pink-1-64.png
  artifactKey: Guid(e9ecdb4c1db6f2e46a72e7cfdbf13077) Importer(2089858483,b0f066a214c2f5e87bad3c948f4d605d)
Start importing Assets/Space Exploration/Icons/potion-pink-1-64.png using Guid(e9ecdb4c1db6f2e46a72e7cfdbf13077) Importer(2089858483,b0f066a214c2f5e87bad3c948f4d605d) (ScriptedImporter) -> (artifact id: 'd92d2c09bbe71cb25a687a5106a5cf00') in 0.0501538 seconds
Number of updated asset objects reloaded before import = 0Number of asset objects unloaded after import = 3

========================================================================
Received Import Request.
  Time since last request: 0.000026 seconds.
  path: Assets/TextMesh Pro/Resources/Fonts & Materials/LiberationSans SDF - Outline.mat
  artifactKey: Guid(79459efec17a4d00a321bdcc27bbc385) Importer(2089858483,b0f066a214c2f5e87bad3c948f4d605d)
Start importing Assets/TextMesh Pro/Resources/Fonts & Materials/LiberationSans SDF - Outline.mat using Guid(79459efec17a4d00a321bdcc27bbc385) Importer(2089858483,b0f066a214c2f5e87bad3c948f4d605d) (ScriptedImporter) -> (artifact id: '0553717a6274195c06433a0a29287079') in 0.0487704 seconds
Number of updated asset objects reloaded before import = 0Number of asset objects unloaded after import = 2

========================================================================
Received Import Request.
  Time since last request: 0.000039 seconds.
  path: Assets/Space Exploration/Picto_Icons/Dark_Purple/saturn-32.png
  artifactKey: Guid(08685989de509364f997d304af161909) Importer(2089858483,b0f066a214c2f5e87bad3c948f4d605d)
Start importing Assets/Space Exploration/Picto_Icons/Dark_Purple/saturn-32.png using Guid(08685989de509364f997d304af161909) Importer(2089858483,b0f066a214c2f5e87bad3c948f4d605d) (ScriptedImporter) -> (artifact id: '73672008085e03405fe25eb65b4cb75d') in 0.051301 seconds
Number of updated asset objects reloaded before import = 0Number of asset objects unloaded after import = 3

========================================================================
Received Import Request.
  Time since last request: 0.000028 seconds.
  path: Assets/Space Exploration/Button_Images/Highlighted_Sprite/small/medium-purple-highlight-small.png
  artifactKey: Guid(8abee0ddcb46d9a4c908aeefe8984d76) Importer(2089858483,b0f066a214c2f5e87bad3c948f4d605d)
Start importing Assets/Space Exploration/Button_Images/Highlighted_Sprite/small/medium-purple-highlight-small.png using Guid(8abee0ddcb46d9a4c908aeefe8984d76) Importer(2089858483,b0f066a214c2f5e87bad3c948f4d605d) (ScriptedImporter) -> (artifact id: 'f352152e2e37a287beb0716eba6e1c74') in 0.0313429 seconds
Number of updated asset objects reloaded before import = 0Number of asset objects unloaded after import = 3

========================================================================
Received Import Request.
  Time since last request: 0.000030 seconds.
  path: Assets/Free LowPoly Pack/Meshes/PanelB_mesh.fbx
  artifactKey: Guid(8c9b5f068404c544a820bdbeaebf5a41) Importer(2089858483,b0f066a214c2f5e87bad3c948f4d605d)
Start importing Assets/Free LowPoly Pack/Meshes/PanelB_mesh.fbx using Guid(8c9b5f068404c544a820bdbeaebf5a41) Importer(2089858483,b0f066a214c2f5e87bad3c948f4d605d) (ScriptedImporter) -> (artifact id: 'a3e6e0e6ca5fdb1c7640b9700318771a') in 0.1574304 seconds
Number of updated asset objects reloaded before import = 0Number of asset objects unloaded after import = 11

========================================================================
Received Import Request.
  Time since last request: 0.000026 seconds.
  path: Assets/Space Exploration/Button_Images/Pressed_Sprites/Medium/large-purple-sparkle-pressed-medium.png
  artifactKey: Guid(f39e252e2fe7c2c478ad48f74660d90f) Importer(2089858483,b0f066a214c2f5e87bad3c948f4d605d)
Start importing Assets/Space Exploration/Button_Images/Pressed_Sprites/Medium/large-purple-sparkle-pressed-medium.png using Guid(f39e252e2fe7c2c478ad48f74660d90f) Importer(2089858483,b0f066a214c2f5e87bad3c948f4d605d) (ScriptedImporter) -> (artifact id: '2ad4dad86e5e628483ba6f23eccf947c') in 0.0639236 seconds
Number of updated asset objects reloaded before import = 0Number of asset objects unloaded after import = 3

========================================================================
Received Import Request.
  Time since last request: 0.000046 seconds.
  path: Assets/Space Exploration/Picto_Icons/Light_Purple/eat-256.png
  artifactKey: Guid(540337ce8a24a87419a4568dd27e068c) Importer(2089858483,b0f066a214c2f5e87bad3c948f4d605d)
Start importing Assets/Space Exploration/Picto_Icons/Light_Purple/eat-256.png using Guid(540337ce8a24a87419a4568dd27e068c) Importer(2089858483,b0f066a214c2f5e87bad3c948f4d605d) (ScriptedImporter) -> (artifact id: '725d4ee08acdec5a2871b8342a325f11') in 0.1068955 seconds
Number of updated asset objects reloaded before import = 0Number of asset objects unloaded after import = 3

========================================================================
Received Import Request.
  Time since last request: 0.000026 seconds.
  path: Assets/Space Exploration/Settings_&_Menu_Components/Small/username-password-container-selected-deselected-small.png
  artifactKey: Guid(4625521fa66cccb45a02bccb9f449e13) Importer(2089858483,b0f066a214c2f5e87bad3c948f4d605d)
Start importing Assets/Space Exploration/Settings_&_Menu_Components/Small/username-password-container-selected-deselected-small.png using Guid(4625521fa66cccb45a02bccb9f449e13) Importer(2089858483,b0f066a214c2f5e87bad3c948f4d605d) (ScriptedImporter) -> (artifact id: 'ae598d1897d55ee240ba033b788ede37') in 0.0334316 seconds
Number of updated asset objects reloaded before import = 0Number of asset objects unloaded after import = 3

========================================================================
Received Import Request.
  Time since last request: 0.000038 seconds.
  path: Assets/Space Exploration/Picto_Icons/Light_Purple/chest-64.png
  artifactKey: Guid(a2a2c019d9c501e45b84280a11af1047) Importer(2089858483,b0f066a214c2f5e87bad3c948f4d605d)
Start importing Assets/Space Exploration/Picto_Icons/Light_Purple/chest-64.png using Guid(a2a2c019d9c501e45b84280a11af1047) Importer(2089858483,b0f066a214c2f5e87bad3c948f4d605d) (ScriptedImporter) -> (artifact id: 'd4ba07678cdf5a26e07c452c924fa566') in 0.0434366 seconds
Number of updated asset objects reloaded before import = 0Number of asset objects unloaded after import = 3

========================================================================
Received Import Request.
  Time since last request: 0.000030 seconds.
  path: Assets/Space Exploration/Rank_System_Components/Large/ranking-1st-large.png
  artifactKey: Guid(a525a25b36aba6749aa5bf1994acac87) Importer(2089858483,b0f066a214c2f5e87bad3c948f4d605d)
Start importing Assets/Space Exploration/Rank_System_Components/Large/ranking-1st-large.png using Guid(a525a25b36aba6749aa5bf1994acac87) Importer(2089858483,b0f066a214c2f5e87bad3c948f4d605d) (ScriptedImporter) -> (artifact id: '7b25e696bddaa479a22385cd6fed7d7f') in 0.0772771 seconds
Number of updated asset objects reloaded before import = 0Number of asset objects unloaded after import = 3

========================================================================
Received Import Request.
  Time since last request: 0.000037 seconds.
  path: Assets/Space Exploration/Containers/Extra Large/shop-container-extra-large.png
  artifactKey: Guid(b8d58338d003e9b4892fc675b7d2e47d) Importer(2089858483,b0f066a214c2f5e87bad3c948f4d605d)
Start importing Assets/Space Exploration/Containers/Extra Large/shop-container-extra-large.png using Guid(b8d58338d003e9b4892fc675b7d2e47d) Importer(2089858483,b0f066a214c2f5e87bad3c948f4d605d) (ScriptedImporter) -> (artifact id: 'ada9d5d5fa969cdcfad0a0ac2c343ddf') in 0.1197749 seconds
Number of updated asset objects reloaded before import = 0Number of asset objects unloaded after import = 3

========================================================================
Received Import Request.
  Time since last request: 0.000055 seconds.
  path: Assets/Space Exploration/Icons/radar-128.png
  artifactKey: Guid(9d4583c14ea74d343a93ca6827619166) Importer(2089858483,b0f066a214c2f5e87bad3c948f4d605d)
Start importing Assets/Space Exploration/Icons/radar-128.png using Guid(9d4583c14ea74d343a93ca6827619166) Importer(2089858483,b0f066a214c2f5e87bad3c948f4d605d) (ScriptedImporter) -> (artifact id: '77ce994de9da04d27dcbb8e4da30bd9d') in 0.0550357 seconds
Number of updated asset objects reloaded before import = 0Number of asset objects unloaded after import = 3

========================================================================
Received Import Request.
  Time since last request: 0.000281 seconds.
  path: Assets/Photon/PhotonRealtime/Demos/DemoLoadBalancing/Jura-Medium-LB.ttf
  artifactKey: Guid(4a4df204c321f9c40b0dbfb1baaffb4c) Importer(2089858483,b0f066a214c2f5e87bad3c948f4d605d)
Start importing Assets/Photon/PhotonRealtime/Demos/DemoLoadBalancing/Jura-Medium-LB.ttf using Guid(4a4df204c321f9c40b0dbfb1baaffb4c) Importer(2089858483,b0f066a214c2f5e87bad3c948f4d605d) (ScriptedImporter) -> (artifact id: '055b5f047bd7a22329c2cecc87d76d9e') in 0.0409481 seconds
Number of updated asset objects reloaded before import = 0Number of asset objects unloaded after import = 3

========================================================================
Received Import Request.
  Time since last request: 0.058078 seconds.
  path: Assets/Space Exploration/Icons/silver-ore-64.png
  artifactKey: Guid(99d09a7f3b6bf264d84bcb3c6b58b2f4) Importer(2089858483,b0f066a214c2f5e87bad3c948f4d605d)
Start importing Assets/Space Exploration/Icons/silver-ore-64.png using Guid(99d09a7f3b6bf264d84bcb3c6b58b2f4) Importer(2089858483,b0f066a214c2f5e87bad3c948f4d605d) (ScriptedImporter) -> (artifact id: 'ca62de8e89a188c703826d18edd8731f') in 0.1265893 seconds
Number of updated asset objects reloaded before import = 0Number of asset objects unloaded after import = 3

========================================================================
Received Import Request.
  Time since last request: 0.000022 seconds.
  path: Assets/Space Exploration/Button_Images/Pressed_Sprites/Large/desktop.ini
  artifactKey: Guid(623ea88dca534a9439285fbf3550ff1f) Importer(2089858483,b0f066a214c2f5e87bad3c948f4d605d)
Start importing Assets/Space Exploration/Button_Images/Pressed_Sprites/Large/desktop.ini using Guid(623ea88dca534a9439285fbf3550ff1f) Importer(2089858483,b0f066a214c2f5e87bad3c948f4d605d) (ScriptedImporter) -> (artifact id: '10f349746d994843a5a3d2e8b5c0b9b8') in 0.0184024 seconds
Number of updated asset objects reloaded before import = 0Number of asset objects unloaded after import = 1

========================================================================
Received Import Request.
  Time since last request: 0.000056 seconds.
  path: Assets/Space Exploration/Picto_Icons/Dark_Purple/shield-128.png
  artifactKey: Guid(3fdc704546101704cb0d4e180f9412dc) Importer(2089858483,b0f066a214c2f5e87bad3c948f4d605d)
Start importing Assets/Space Exploration/Picto_Icons/Dark_Purple/shield-128.png using Guid(3fdc704546101704cb0d4e180f9412dc) Importer(2089858483,b0f066a214c2f5e87bad3c948f4d605d) (ScriptedImporter) -> (artifact id: 'c3cc91840deaa5b56a1347b1a6e3f34f') in 0.0537583 seconds
Number of updated asset objects reloaded before import = 0Number of asset objects unloaded after import = 3

========================================================================
Received Import Request.
  Time since last request: 0.000050 seconds.
  path: Assets/PlayFabSDK/Data/PlayFabDataInstanceAPI.cs
  artifactKey: Guid(6c754c6db47f4d943954121319b071d6) Importer(2089858483,b0f066a214c2f5e87bad3c948f4d605d)
Start importing Assets/PlayFabSDK/Data/PlayFabDataInstanceAPI.cs using Guid(6c754c6db47f4d943954121319b071d6) Importer(2089858483,b0f066a214c2f5e87bad3c948f4d605d) (ScriptedImporter) -> (artifact id: '58caa367054ec5dac4617105b72612f6') in 0.0534701 seconds
Number of updated asset objects reloaded before import = 0Number of asset objects unloaded after import = 0

========================================================================
Received Import Request.
  Time since last request: 0.000032 seconds.
  path: Assets/Space Exploration/Picto_Icons/Dark_Purple/wifi-32.png
  artifactKey: Guid(555b5199baa98b946b9b56afa36c1ab6) Importer(2089858483,b0f066a214c2f5e87bad3c948f4d605d)
Start importing Assets/Space Exploration/Picto_Icons/Dark_Purple/wifi-32.png using Guid(555b5199baa98b946b9b56afa36c1ab6) Importer(2089858483,b0f066a214c2f5e87bad3c948f4d605d) (ScriptedImporter) -> (artifact id: '013f6910dcef2da4f2192b8bfe952e3e') in 0.0539181 seconds
Number of updated asset objects reloaded before import = 0Number of asset objects unloaded after import = 3

========================================================================
Received Import Request.
  Time since last request: 0.000023 seconds.
  path: Assets/TextMesh Pro/Shaders/TMP_SDF-Surface-Mobile.shader
  artifactKey: Guid(85187c2149c549c5b33f0cdb02836b17) Importer(2089858483,b0f066a214c2f5e87bad3c948f4d605d)
Start importing Assets/TextMesh Pro/Shaders/TMP_SDF-Surface-Mobile.shader using Guid(85187c2149c549c5b33f0cdb02836b17) Importer(2089858483,b0f066a214c2f5e87bad3c948f4d605d) (ScriptedImporter) -> (artifact id: '6b34beeaa759880424166921768b0740') in 0.0348298 seconds
Number of updated asset objects reloaded before import = 0Number of asset objects unloaded after import = 1

========================================================================
Received Import Request.
  Time since last request: 0.000060 seconds.
  path: Assets/PlayFabSDK/Authentication/PlayFabAuthenticationInstanceAPI.cs
  artifactKey: Guid(ecff04cca276a454aad3baf64c4a2ab4) Importer(2089858483,b0f066a214c2f5e87bad3c948f4d605d)
Start importing Assets/PlayFabSDK/Authentication/PlayFabAuthenticationInstanceAPI.cs using Guid(ecff04cca276a454aad3baf64c4a2ab4) Importer(2089858483,b0f066a214c2f5e87bad3c948f4d605d) (ScriptedImporter) -> (artifact id: '347ad5d63e3be934f002fe46a6e73331') in 0.0281104 seconds
Number of updated asset objects reloaded before import = 0Number of asset objects unloaded after import = 0

========================================================================
Received Import Request.
  Time since last request: 0.000029 seconds.
  path: Assets/Space Exploration/Icons/heart-64.png
  artifactKey: Guid(356f437643c6c7a48b6088600ecc93ff) Importer(2089858483,b0f066a214c2f5e87bad3c948f4d605d)
Start importing Assets/Space Exploration/Icons/heart-64.png using Guid(356f437643c6c7a48b6088600ecc93ff) Importer(2089858483,b0f066a214c2f5e87bad3c948f4d605d) (ScriptedImporter) -> (artifact id: '12426e74285a1b74d7caee77adb73d69') in 0.049038 seconds
Number of updated asset objects reloaded before import = 0Number of asset objects unloaded after import = 3

========================================================================
Received Import Request.
  Time since last request: 0.000036 seconds.
  path: Assets/PlayFabSDK/Progression/PlayFabProgressionAPI.cs
  artifactKey: Guid(77a7d66f0cc99ad40a5068f8a1e2865f) Importer(2089858483,b0f066a214c2f5e87bad3c948f4d605d)
Start importing Assets/PlayFabSDK/Progression/PlayFabProgressionAPI.cs using Guid(77a7d66f0cc99ad40a5068f8a1e2865f) Importer(2089858483,b0f066a214c2f5e87bad3c948f4d605d) (ScriptedImporter) -> (artifact id: 'e3673709f1a53493038bf641b0160baf') in 0.0226938 seconds
Number of updated asset objects reloaded before import = 0Number of asset objects unloaded after import = 0

========================================================================
Received Import Request.
  Time since last request: 0.000023 seconds.
  path: Assets/Space Exploration/Settings_&_Menu_Components/Medium/inventory-underline-medium.png
  artifactKey: Guid(36352102d67d7bd4c8f153f44683d1e2) Importer(2089858483,b0f066a214c2f5e87bad3c948f4d605d)
Start importing Assets/Space Exploration/Settings_&_Menu_Components/Medium/inventory-underline-medium.png using Guid(36352102d67d7bd4c8f153f44683d1e2) Importer(2089858483,b0f066a214c2f5e87bad3c948f4d605d) (ScriptedImporter) -> (artifact id: '66c234b5b79c374089f1c3ac5283833e') in 0.0700885 seconds
Number of updated asset objects reloaded before import = 0Number of asset objects unloaded after import = 3

========================================================================
Received Import Request.
  Time since last request: 0.000032 seconds.
  path: Assets/Stylized Astronaut/Character/Astronaut.fbx
  artifactKey: Guid(02dd6406ed1ebc248b2fafd0485e0de9) Importer(2089858483,b0f066a214c2f5e87bad3c948f4d605d)
Start importing Assets/Stylized Astronaut/Character/Astronaut.fbx using Guid(02dd6406ed1ebc248b2fafd0485e0de9) Importer(2089858483,b0f066a214c2f5e87bad3c948f4d605d) (ScriptedImporter) -> (artifact id: 'faf7c3fb0182caa3a9e10a4bf746e2ce') in 0.0874143 seconds
Number of updated asset objects reloaded before import = 0Number of asset objects unloaded after import = 70

========================================================================
Received Import Request.
  Time since last request: 0.000043 seconds.
  path: Assets/Space Exploration/Button_Images/Source_Image_Sprites/extra large/square-blue-extra-large.png
  artifactKey: Guid(3cd13479508d45e48a49442381e35e11) Importer(2089858483,b0f066a214c2f5e87bad3c948f4d605d)
Start importing Assets/Space Exploration/Button_Images/Source_Image_Sprites/extra large/square-blue-extra-large.png using Guid(3cd13479508d45e48a49442381e35e11) Importer(2089858483,b0f066a214c2f5e87bad3c948f4d605d) (ScriptedImporter) -> (artifact id: '5381af9dfca4126da0c4680d477d94cd') in 0.0461459 seconds
Number of updated asset objects reloaded before import = 0Number of asset objects unloaded after import = 3

========================================================================
Received Import Request.
  Time since last request: 0.000027 seconds.
  path: Assets/Space Exploration/Icons/sword-1-64.png
  artifactKey: Guid(0fd4f55788df6a94f9e6811c92bdced7) Importer(2089858483,b0f066a214c2f5e87bad3c948f4d605d)
Start importing Assets/Space Exploration/Icons/sword-1-64.png using Guid(0fd4f55788df6a94f9e6811c92bdced7) Importer(2089858483,b0f066a214c2f5e87bad3c948f4d605d) (ScriptedImporter) -> (artifact id: '8095f60869cd0ac2f4f5dbcfeb448e95') in 0.0733887 seconds
Number of updated asset objects reloaded before import = 0Number of asset objects unloaded after import = 3

========================================================================
Received Import Request.
  Time since last request: 0.000046 seconds.
  path: Assets/Scripts/Data
  artifactKey: Guid(369615ef6c9f2824eb35e08bfcbf43ea) Importer(2089858483,b0f066a214c2f5e87bad3c948f4d605d)
Start importing Assets/Scripts/Data using Guid(369615ef6c9f2824eb35e08bfcbf43ea) Importer(2089858483,b0f066a214c2f5e87bad3c948f4d605d) (ScriptedImporter) -> (artifact id: 'e1d9d175f54cf357e969be85eae961fd') in 0.0275699 seconds
Number of updated asset objects reloaded before import = 0Number of asset objects unloaded after import = 1

========================================================================
Received Import Request.
  Time since last request: 0.000028 seconds.
  path: Assets/Space Exploration/Picto_Icons/White/play-32.png
  artifactKey: Guid(5fee5678ccf7b3846bef3213c0d8cf9c) Importer(2089858483,b0f066a214c2f5e87bad3c948f4d605d)
Start importing Assets/Space Exploration/Picto_Icons/White/play-32.png using Guid(5fee5678ccf7b3846bef3213c0d8cf9c) Importer(2089858483,b0f066a214c2f5e87bad3c948f4d605d) (ScriptedImporter) -> (artifact id: '7f1b1ca78580d54c28ce4fdf02b8deda') in 0.168663 seconds
Number of updated asset objects reloaded before import = 0Number of asset objects unloaded after import = 3

========================================================================
Received Import Request.
  Time since last request: 0.000040 seconds.
  path: Assets/Space Exploration/Picto_Icons/Dark_Purple/sparkles-128.png
  artifactKey: Guid(3451ececccaf0504984136a7c098aeb2) Importer(2089858483,b0f066a214c2f5e87bad3c948f4d605d)
Start importing Assets/Space Exploration/Picto_Icons/Dark_Purple/sparkles-128.png using Guid(3451ececccaf0504984136a7c098aeb2) Importer(2089858483,b0f066a214c2f5e87bad3c948f4d605d) (ScriptedImporter) -> (artifact id: 'c371148388493f845fb514a23ed933be') in 0.0363762 seconds
Number of updated asset objects reloaded before import = 0Number of asset objects unloaded after import = 3

========================================================================
Received Import Request.
  Time since last request: 0.000032 seconds.
  path: Assets/Space Exploration/Icons/key-2-128.png
  artifactKey: Guid(859fef8728b5b9743a68f7df33687cf4) Importer(2089858483,b0f066a214c2f5e87bad3c948f4d605d)
Start importing Assets/Space Exploration/Icons/key-2-128.png using Guid(859fef8728b5b9743a68f7df33687cf4) Importer(2089858483,b0f066a214c2f5e87bad3c948f4d605d) (ScriptedImporter) -> (artifact id: '48a092377e5dba26b455ac2efc648860') in 0.068572 seconds
Number of updated asset objects reloaded before import = 0Number of asset objects unloaded after import = 3

========================================================================
Received Import Request.
  Time since last request: 0.000058 seconds.
  path: Assets/Space Exploration/Picto_Icons/Light_Purple/shop-32.png
  artifactKey: Guid(5d95d2fb5540f4340a0158196b6bcff4) Importer(2089858483,b0f066a214c2f5e87bad3c948f4d605d)
Start importing Assets/Space Exploration/Picto_Icons/Light_Purple/shop-32.png using Guid(5d95d2fb5540f4340a0158196b6bcff4) Importer(2089858483,b0f066a214c2f5e87bad3c948f4d605d) (ScriptedImporter) -> (artifact id: '5bb035a1a6d2066a002341fbc0e2e131') in 0.0406355 seconds
Number of updated asset objects reloaded before import = 0Number of asset objects unloaded after import = 3

========================================================================
Received Import Request.
  Time since last request: 0.000027 seconds.
  path: Assets/Space Exploration/Settings_&_Menu_Components
  artifactKey: Guid(6dc5b6de7a0df8c4aabb0ba14c61ddb4) Importer(2089858483,b0f066a214c2f5e87bad3c948f4d605d)
Start importing Assets/Space Exploration/Settings_&_Menu_Components using Guid(6dc5b6de7a0df8c4aabb0ba14c61ddb4) Importer(2089858483,b0f066a214c2f5e87bad3c948f4d605d) (ScriptedImporter) -> (artifact id: 'b44c97f69d63b15f34814e4889c2dcdc') in 0.0253035 seconds
Number of updated asset objects reloaded before import = 0Number of asset objects unloaded after import = 1

========================================================================
Received Import Request.
  Time since last request: 0.000038 seconds.
  path: Assets/Photon/PhotonChat/Code/ChatState.cs
  artifactKey: Guid(8f482d8c4fe7ade4cbb08eb4a2d83b39) Importer(2089858483,b0f066a214c2f5e87bad3c948f4d605d)
Start importing Assets/Photon/PhotonChat/Code/ChatState.cs using Guid(8f482d8c4fe7ade4cbb08eb4a2d83b39) Importer(2089858483,b0f066a214c2f5e87bad3c948f4d605d) (ScriptedImporter) -> (artifact id: 'abc90a9af09b6dfac6373e9d0400e8bf') in 0.0724052 seconds
Number of updated asset objects reloaded before import = 0Number of asset objects unloaded after import = 0

========================================================================
Received Import Request.
  Time since last request: 0.000033 seconds.
  path: Assets/Space Exploration/Picto_Icons/Light_Purple/upload-32.png
  artifactKey: Guid(76c99158adde209408467f4d9c8f19df) Importer(2089858483,b0f066a214c2f5e87bad3c948f4d605d)
Start importing Assets/Space Exploration/Picto_Icons/Light_Purple/upload-32.png using Guid(76c99158adde209408467f4d9c8f19df) Importer(2089858483,b0f066a214c2f5e87bad3c948f4d605d) (ScriptedImporter) -> (artifact id: '9badcc8c771e268f74586ca325b5fa3c') in 0.0571009 seconds
Number of updated asset objects reloaded before import = 0Number of asset objects unloaded after import = 3

========================================================================
Received Import Request.
  Time since last request: 0.000036 seconds.
  path: Assets/Space Exploration/Picto_Icons/Light_Purple/wrench-32.png
  artifactKey: Guid(3649ecae66888db448561af223f8cbef) Importer(2089858483,b0f066a214c2f5e87bad3c948f4d605d)
Start importing Assets/Space Exploration/Picto_Icons/Light_Purple/wrench-32.png using Guid(3649ecae66888db448561af223f8cbef) Importer(2089858483,b0f066a214c2f5e87bad3c948f4d605d) (ScriptedImporter) -> (artifact id: '66c34c5a24cb59f7a235fff7d993ec18') in 0.1148437 seconds
Number of updated asset objects reloaded before import = 0Number of asset objects unloaded after import = 3

========================================================================
Received Import Request.
  Time since last request: 0.000026 seconds.
  path: Assets/Space Exploration/Prefabs/Buttons_Simple/Small/Blue/Square_Blue_Small_Button.prefab
  artifactKey: Guid(9fcd50eaaca05ed4dab1ea28bebb100a) Importer(2089858483,b0f066a214c2f5e87bad3c948f4d605d)
Start importing Assets/Space Exploration/Prefabs/Buttons_Simple/Small/Blue/Square_Blue_Small_Button.prefab using Guid(9fcd50eaaca05ed4dab1ea28bebb100a) Importer(2089858483,b0f066a214c2f5e87bad3c948f4d605d) (ScriptedImporter) -> (artifact id: 'aafa08eeddfc72f9f818099de4e5154e') in 0.0891789 seconds
Number of updated asset objects reloaded before import = 0Number of asset objects unloaded after import = 18

========================================================================
Received Import Request.
  Time since last request: 0.000041 seconds.
  path: Assets/Space Exploration/Button_Images/Pressed_Sprites/Large/large-pink-sparkle-pressed-large.png
  artifactKey: Guid(ca266f662963ff7468c35628756f5031) Importer(2089858483,b0f066a214c2f5e87bad3c948f4d605d)
Start importing Assets/Space Exploration/Button_Images/Pressed_Sprites/Large/large-pink-sparkle-pressed-large.png using Guid(ca266f662963ff7468c35628756f5031) Importer(2089858483,b0f066a214c2f5e87bad3c948f4d605d) (ScriptedImporter) -> (artifact id: '068d63e2ffdebd8827ffc5e74cd41661') in 0.0548499 seconds
Number of updated asset objects reloaded before import = 0Number of asset objects unloaded after import = 3

========================================================================
Received Import Request.
  Time since last request: 0.000027 seconds.
  path: Assets/Space Exploration/Picto_Icons/White/right-32.png
  artifactKey: Guid(6eed83548992bb84c8767b4fec6f9c4d) Importer(2089858483,b0f066a214c2f5e87bad3c948f4d605d)
Start importing Assets/Space Exploration/Picto_Icons/White/right-32.png using Guid(6eed83548992bb84c8767b4fec6f9c4d) Importer(2089858483,b0f066a214c2f5e87bad3c948f4d605d) (ScriptedImporter) -> (artifact id: '16f88417b183f1d6ebe199ef01114462') in 0.0274376 seconds
Number of updated asset objects reloaded before import = 0Number of asset objects unloaded after import = 3

========================================================================
Received Import Request.
  Time since last request: 0.000041 seconds.
  path: Assets/Space Exploration/Picto_Icons/Light_Purple/astronaut-64.png
  artifactKey: Guid(588ef40c44543c345ae4c13a1f9786cd) Importer(2089858483,b0f066a214c2f5e87bad3c948f4d605d)
Start importing Assets/Space Exploration/Picto_Icons/Light_Purple/astronaut-64.png using Guid(588ef40c44543c345ae4c13a1f9786cd) Importer(2089858483,b0f066a214c2f5e87bad3c948f4d605d) (ScriptedImporter) -> (artifact id: '7a4bb87233927d85a3536b7c255cba91') in 0.0497115 seconds
Number of updated asset objects reloaded before import = 0Number of asset objects unloaded after import = 3

========================================================================
Received Import Request.
  Time since last request: 0.000029 seconds.
  path: Assets/Space Exploration/Icons/potion-pink-3-512.png
  artifactKey: Guid(d9825f5efff50324ea76875f539479d0) Importer(2089858483,b0f066a214c2f5e87bad3c948f4d605d)
Start importing Assets/Space Exploration/Icons/potion-pink-3-512.png using Guid(d9825f5efff50324ea76875f539479d0) Importer(2089858483,b0f066a214c2f5e87bad3c948f4d605d) (ScriptedImporter) -> (artifact id: '23db55058950eb7a503cdcf76909ed3f') in 0.0492215 seconds
Number of updated asset objects reloaded before import = 0Number of asset objects unloaded after import = 3

========================================================================
Received Import Request.
  Time since last request: 0.000034 seconds.
  path: Assets/Space Exploration/Picto_Icons/Dark_Purple/saturn-256.png
  artifactKey: Guid(3b675f37b51f0c147aa7333f6892e4e9) Importer(2089858483,b0f066a214c2f5e87bad3c948f4d605d)
Start importing Assets/Space Exploration/Picto_Icons/Dark_Purple/saturn-256.png using Guid(3b675f37b51f0c147aa7333f6892e4e9) Importer(2089858483,b0f066a214c2f5e87bad3c948f4d605d) (ScriptedImporter) -> (artifact id: 'ae3f99002a608ce6d241864c6bc7c8cf') in 0.0485579 seconds
Number of updated asset objects reloaded before import = 0Number of asset objects unloaded after import = 3

========================================================================
Received Import Request.
  Time since last request: 0.000024 seconds.
  path: Assets/Space Exploration/Picto_Icons/Light_Purple/music-32.png
  artifactKey: Guid(4badbfc55af14c04cbdd020edd2d99ea) Importer(2089858483,b0f066a214c2f5e87bad3c948f4d605d)
Start importing Assets/Space Exploration/Picto_Icons/Light_Purple/music-32.png using Guid(4badbfc55af14c04cbdd020edd2d99ea) Importer(2089858483,b0f066a214c2f5e87bad3c948f4d605d) (ScriptedImporter) -> (artifact id: '555a41a113fbfb8132d6d07eab37b83b') in 0.0512187 seconds
Number of updated asset objects reloaded before import = 0Number of asset objects unloaded after import = 3

========================================================================
Received Import Request.
  Time since last request: 0.000037 seconds.
  path: Assets/PlayFabSDK/Shared/Internal/SimpleJson.cs
  artifactKey: Guid(bce6184794650f24fa8ac244b25edc17) Importer(2089858483,b0f066a214c2f5e87bad3c948f4d605d)
Start importing Assets/PlayFabSDK/Shared/Internal/SimpleJson.cs using Guid(bce6184794650f24fa8ac244b25edc17) Importer(2089858483,b0f066a214c2f5e87bad3c948f4d605d) (ScriptedImporter) -> (artifact id: '82fe32e10416213b46381de42fa34172') in 0.0255787 seconds
Number of updated asset objects reloaded before import = 0Number of asset objects unloaded after import = 0

Editor requested this worker to shutdown with reason: Scaling down because of idle timeout
AssetImportWorker is now disconnected from the server
Process exiting
Exiting without the bug reporter. Application will terminate with return code 0