[Licensing::Module] Trying to connect to existing licensing client channel...
[Licensing::IpcConnector] Successfully connected to: "LicenseClient-nwond" at "2026-07-28T03:48:32.0507678Z"
Built from '6000.3/staging' branch; Version is '6000.3.15f1 (c1aa84e375f6) revision 12692100'; Using compiler version '194234433'; Build Type 'Release'
OS: 'Windows 11  (10.0.26200) Core' Language: 'ko' Physical Memory: 16317 MB
BatchMode: 1, IsHumanControllingUs: 0, StartBugReporterOnCrash: 0, Is64bit: 1
System  architecture: x64
Process architecture: x64
Date: 2026-07-28T03:48:32Z

COMMAND LINE ARGUMENTS:
C:\Program Files\Unity\Hub\Editor\6000.3.15f1\Editor\Unity.exe
-adb2
-batchMode
-noUpm
-name
AssetImportWorker5
-projectPath
C:/Users/nwond/OneDrive/바탕 화면/Pocket-Racer/Program
-logFile
Logs/AssetImportWorker5.log
-srvPort
61214
-licensingIpc
LicenseClient-nwond
-job-worker-count
5
-background-job-worker-count
8
-gc-helper-count
1
-name
AssetImport
Successfully changed project path to: C:/Users/nwond/OneDrive/바탕 화면/Pocket-Racer/Program
C:/Users/nwond/OneDrive/바탕 화면/Pocket-Racer/Program
[UnityMemory] Configuration Parameters - Can be set up in boot.config
    "memorysetup-temp-allocator-size-nav-mesh-worker=65536"
    "memorysetup-temp-allocator-size-audio-worker=65536"
    "memorysetup-temp-allocator-size-gfx=262144"
    "memorysetup-allocator-temp-initial-block-size-main=262144"
    "memorysetup-allocator-temp-initial-block-size-worker=262144"
    "memorysetup-temp-allocator-size-background-worker=32768"
    "memorysetup-temp-allocator-size-job-worker=262144"
    "memorysetup-temp-allocator-size-preload-manager=33554432"
    "memorysetup-temp-allocator-size-gi-baking-worker=262144"
    "memorysetup-temp-allocator-size-gi-baking-worker=262144"
    "memorysetup-temp-allocator-size-gi-baking-worker=262144"
    "memorysetup-temp-allocator-size-gi-baking-worker=262144"
    "memorysetup-temp-allocator-size-gi-baking-worker=262144"
    "memorysetup-bucket-allocator-granularity=16"
    "memorysetup-bucket-allocator-bucket-count=8"
    "memorysetup-bucket-allocator-block-size=33554432"
    "memorysetup-bucket-allocator-block-count=8"
    "memorysetup-main-allocator-block-size=16777216"
    "memorysetup-thread-allocator-block-size=16777216"
    "memorysetup-gfx-main-allocator-block-size=16777216"
    "memorysetup-gfx-thread-allocator-block-size=16777216"
    "memorysetup-cache-allocator-block-size=4194304"
    "memorysetup-typetree-allocator-block-size=2097152"
    "memorysetup-profiler-bucket-allocator-granularity=16"
    "memorysetup-profiler-bucket-allocator-bucket-count=8"
    "memorysetup-profiler-bucket-allocator-block-size=33554432"
    "memorysetup-profiler-bucket-allocator-block-count=8"
    "memorysetup-profiler-allocator-block-size=16777216"
    "memorysetup-profiler-editor-allocator-block-size=1048576"
    "memorysetup-temp-allocator-size-main=16777216"
    "memorysetup-job-temp-allocator-block-size=2097152"
    "memorysetup-job-temp-allocator-block-size-background=1048576"
    "memorysetup-job-temp-allocator-reduction-small-platforms=262144"
    "memorysetup-temp-allocator-size-cloud-worker=32768"
Player connection [19976]  Target information:

Player connection [19976]  * "[IP] 192.168.219.104 [Port] 0 [Flags] 2 [Guid] 2771563354 [EditorId] 2771563354 [Version] 1048832 [Id] WindowsEditor(7,Dinosaur) [Debug] 1 [PackageName] WindowsEditor [ProjectName] Editor" 

Player connection [19976] Host joined multi-casting on [225.0.0.222:54997]...
Player connection [19976] Host joined alternative multi-casting on [225.0.0.222:34997]...
JobSystem: Creating JobQueue using job-worker-count value 5
Input System module state changed to: Initialized.
[Physics::Module] Initialized fallback backend.
[Physics::Module] Id: 0xdecafbad
Library Redirect Path: Library/
[Physics::Module] Selected backend.
[Physics::Module] Name: PhysX
[Physics::Module] Id: 0xf2b8ea05
[Physics::Module] SDK Version: 4.1.2
[Physics::Module] Integration Version: 1.0.0
[Physics::Module] Threading Mode: Multi-Threaded
Refreshing native plugins compatible for Editor in 15.39 ms, found 4 plugins.
Preloading 0 native plugins for Editor in 0.00 ms.
Initialize engine version: 6000.3.15f1 (c1aa84e375f6)
[Subsystems] Discovering subsystems at path C:/Program Files/Unity/Hub/Editor/6000.3.15f1/Editor/Data/Resources/UnitySubsystems
[Subsystems] Discovering subsystems at path C:/Users/nwond/OneDrive/바탕 화면/Pocket-Racer/Program/Assets
GfxDevice: creating device client; kGfxThreadingModeNonThreaded
Direct3D:
    Version:  Direct3D 11.0 [level 11.1]
    Renderer: NVIDIA GeForce RTX 3060 (ID=0x2544)
    Vendor:   NVIDIA
    VRAM:     8036 MB
    Driver:   32.0.16.1074
Initialize mono
Mono path[0] = 'C:/Program Files/Unity/Hub/Editor/6000.3.15f1/Editor/Data/Managed'
Mono path[1] = 'C:/Program Files/Unity/Hub/Editor/6000.3.15f1/Editor/Data/MonoBleedingEdge/lib/mono/unityjit-win32'
Mono config path = 'C:/Program Files/Unity/Hub/Editor/6000.3.15f1/Editor/Data/MonoBleedingEdge/etc'
Using monoOptions --debugger-agent=transport=dt_socket,embedding=1,server=y,suspend=n,address=127.0.0.1:56568
Begin MonoManager ReloadAssembly
[Licensing::Client] Error: HandshakeResponse reported an error:
	ResponseCode: 505
	ResponseStatus: Unsupported protocol version '1.18.1'.
[Licensing::Module] Error: Failed to handshake to channel: "LicenseClient-nwond"
[Licensing::IpcConnector] LicenseClient-nwond channel disconnected successfully.
[Licensing::IpcConnector] Successfully connected to: "LicenseClient-nwond-6000.3.15" at "2026-07-28T03:48:36.6300247Z"
[Licensing::Client] Code 10 while verifying Licensing Client signature (process Id: 25596, path: "C:/Program Files/Unity/Hub/Editor/6000.3.15f1/Editor/Data/Resources/Licensing/Client/Unity.Licensing.Client.exe")
[Licensing::Module] LicensingClient has failed validation; ignoring
[Licensing::Client] Handshaking with LicensingClient:
  Version:                 1.18.1+9fbee8e
  Session Id:              93227e9c8028464b8d724aea1112d648
  Correlation Id:          068ee9ad5a76ca94e523770b0f848c72
  External correlation Id: 6066280633932283676
  Machine Id:              vzHBHqQzprq0ab1zjqc1s15jH+s=
[Licensing::Module] Successfully connected to LicensingClient on channel: "LicenseClient-nwond-6000.3.15" (connect: 0.00s, validation: 0.00s, handshake: 0.01s)
[Licensing::IpcConnector] Successfully connected to: "LicenseClient-nwond-6000.3.15-notifications" at "2026-07-28T03:48:36.6473227Z"
[Licensing::Module] Licensing Background thread has ended after 4.60s
Registering precompiled unity dll's ...
Register platform support module: C:/Program Files/Unity/Hub/Editor/6000.3.15f1/Editor/Data/PlaybackEngines/WindowsStandaloneSupport/UnityEditor.WindowsStandalone.Extensions.dll
Registered in 0.406765 seconds.
- Loaded All Assemblies, in 12.480 seconds
Native extension for WindowsStandalone target not found
Package Manager log level set to [2]
[Package Manager] Failed to launch server process. Reason: Unity was launched with the -noUpm command-line argument
[Package Manager] Unable to send message (not connected to server process).
[Package Manager] Cannot connect to Unity Package Manager local server
ScheduleIndexationOnStartup MainProcess:False IndexOnStartup:True
Mono: successfully reloaded assembly
- Finished resetting the current domain, in  0.778 seconds
Domain Reload Profiling: 13241ms
	BeginReloadAssembly (11368ms)
		ExecutionOrderSort (0ms)
		DisableScriptedObjects (0ms)
		BackupInstance (0ms)
		ReleaseScriptingObjects (0ms)
		CreateAndSetChildDomain (1ms)
	RebuildCommonClasses (77ms)
	RebuildNativeTypeToScriptingClass (26ms)
	initialDomainReloadingComplete (522ms)
	LoadAllAssembliesAndSetupDomain (470ms)
		LoadAssemblies (11352ms)
		RebuildTransferFunctionScriptingTraits (0ms)
		AnalyzeDomain (463ms)
			TypeCache.Refresh (459ms)
				TypeCache.ScanAssembly (433ms)
			BuildScriptInfoCaches (0ms)
			ResolveRequiredComponents (1ms)
	FinalizeReload (779ms)
		ReleaseScriptCaches (0ms)
		RebuildScriptCaches (0ms)
		SetupLoadedEditorAssemblies (710ms)
			LogAssemblyErrors (0ms)
			InitializePlatformSupportModulesInManaged (92ms)
			SetLoadedEditorAssemblies (6ms)
			BeforeProcessingInitializeOnLoad (164ms)
			ProcessInitializeOnLoadAttributes (283ms)
			ProcessInitializeOnLoadMethodAttributes (165ms)
			AfterProcessingInitializeOnLoad (0ms)
			EditorAssembliesLoaded (0ms)
		ExecutionOrderSort2 (0ms)
		AwakeInstancesAfterBackupRestoration (0ms)
========================================================================
Worker process is ready to serve import requests
Import Worker Mode flag is 0x00
Begin MonoManager ReloadAssembly
[Licensing::Client] Successfully resolved entitlement details
[Licensing::Module] License group:
  Id: 14569174559127-UnityPersXXXX
  Product: Unity Personal
  Type: Assigned
  Expiration: Unlimited
- Loaded All Assemblies, in 20.824 seconds
Refreshing native plugins compatible for Editor in 13.62 ms, found 4 plugins.
Native extension for WindowsStandalone target not found
[Package Manager] Failed to launch server process. Reason: Unity was launched with the -noUpm command-line argument
[Package Manager] Unable to send message (not connected to server process).
[Package Manager] Cannot connect to Unity Package Manager local server
Refreshing native plugins compatible for Editor in 7.89 ms, found 4 plugins.
[Package Manager] Failed to launch server process. Reason: Unity was launched with the -noUpm command-line argument
[Package Manager] Unable to send message (not connected to server process).
[Package Manager] Cannot connect to Unity Package Manager local server
ScheduleIndexationOnStartup MainProcess:False IndexOnStartup:True
Mono: successfully reloaded assembly
- Finished resetting the current domain, in  4.152 seconds
Domain Reload Profiling: 24743ms
	BeginReloadAssembly (2872ms)
		ExecutionOrderSort (0ms)
		DisableScriptedObjects (22ms)
		BackupInstance (0ms)
		ReleaseScriptingObjects (0ms)
		CreateAndSetChildDomain (68ms)
	RebuildCommonClasses (497ms)
	RebuildNativeTypeToScriptingClass (445ms)
	initialDomainReloadingComplete (1002ms)
	LoadAllAssembliesAndSetupDomain (15773ms)
		LoadAssemblies (17822ms)
		RebuildTransferFunctionScriptingTraits (0ms)
		AnalyzeDomain (596ms)
			TypeCache.Refresh (448ms)
				TypeCache.ScanAssembly (414ms)
			BuildScriptInfoCaches (123ms)
			ResolveRequiredComponents (16ms)
	FinalizeReload (4153ms)
		ReleaseScriptCaches (0ms)
		RebuildScriptCaches (0ms)
		SetupLoadedEditorAssemblies (2984ms)
			LogAssemblyErrors (0ms)
			InitializePlatformSupportModulesInManaged (4ms)
			SetLoadedEditorAssemblies (7ms)
			BeforeProcessingInitializeOnLoad (467ms)
			ProcessInitializeOnLoadAttributes (2327ms)
			ProcessInitializeOnLoadMethodAttributes (152ms)
			AfterProcessingInitializeOnLoad (26ms)
			EditorAssembliesLoaded (1ms)
		ExecutionOrderSort2 (0ms)
		AwakeInstancesAfterBackupRestoration (25ms)
Launched and connected shader compiler UnityShaderCompiler.exe after 0.04 seconds
Refreshing native plugins compatible for Editor in 21.07 ms, found 4 plugins.
Preloading 0 native plugins for Editor in 0.00 ms.
Unloading 16 Unused Serialized files (Serialized files now loaded: 0)
Unloading 6805 unused Assets / (5.4 MB). Loaded Objects now: 7607.
Memory consumption went from 158.4 MB to 153.0 MB.
Total: 24.701200 ms (FindLiveObjects: 4.144800 ms CreateObjectMapping: 3.251700 ms MarkObjects: 12.426200 ms  DeleteObjects: 4.875200 ms)

========================================================================
Received Import Request.
  Time since last request: 757848.269335 seconds.
  path: Assets/Space Exploration/Picto_Icons/White/star-128.png
  artifactKey: Guid(1b6009aeae92d4c438aa9dd99414985e) Importer(2089858483,b0f066a214c2f5e87bad3c948f4d605d)
Start importing Assets/Space Exploration/Picto_Icons/White/star-128.png using Guid(1b6009aeae92d4c438aa9dd99414985e) Importer(2089858483,b0f066a214c2f5e87bad3c948f4d605d) (ScriptedImporter) -> (artifact id: '7285844eb818c15477c16ba157b4eca6') in 0.7253688 seconds
Number of updated asset objects reloaded before import = 0Number of asset objects unloaded after import = 3

========================================================================
Received Import Request.
  Time since last request: 0.000044 seconds.
  path: Assets/Scripts/User Interfaces/RoomStatus.cs
  artifactKey: Guid(9c2892d60aa05bc48abff285295fdd00) Importer(2089858483,b0f066a214c2f5e87bad3c948f4d605d)
Start importing Assets/Scripts/User Interfaces/RoomStatus.cs using Guid(9c2892d60aa05bc48abff285295fdd00) Importer(2089858483,b0f066a214c2f5e87bad3c948f4d605d) (ScriptedImporter) -> (artifact id: '025a7b021cb76bb25c4eb7f4cb23afb8') in 0.1015046 seconds
Number of updated asset objects reloaded before import = 0Number of asset objects unloaded after import = 0

========================================================================
Received Import Request.
  Time since last request: 0.000063 seconds.
  path: Assets/Space Exploration/Picto_Icons/Light_Purple/black-hole-128.png
  artifactKey: Guid(b1d41dcec55072346a057cb029003980) Importer(2089858483,b0f066a214c2f5e87bad3c948f4d605d)
Start importing Assets/Space Exploration/Picto_Icons/Light_Purple/black-hole-128.png using Guid(b1d41dcec55072346a057cb029003980) Importer(2089858483,b0f066a214c2f5e87bad3c948f4d605d) (ScriptedImporter) -> (artifact id: '0cbcf088925f7038321c823eadd66b00') in 0.0549509 seconds
Number of updated asset objects reloaded before import = 0Number of asset objects unloaded after import = 3

========================================================================
Received Import Request.
  Time since last request: 0.000032 seconds.
  path: Assets/Space Exploration/Picto_Icons/White/add-64.png
  artifactKey: Guid(80c9203b85b23404c9e8576f89ca92c2) Importer(2089858483,b0f066a214c2f5e87bad3c948f4d605d)
Start importing Assets/Space Exploration/Picto_Icons/White/add-64.png using Guid(80c9203b85b23404c9e8576f89ca92c2) Importer(2089858483,b0f066a214c2f5e87bad3c948f4d605d) (ScriptedImporter) -> (artifact id: '7b6969e3839726165b3e7d17559fe510') in 0.0484921 seconds
Number of updated asset objects reloaded before import = 0Number of asset objects unloaded after import = 3

========================================================================
Received Import Request.
  Time since last request: 0.000058 seconds.
  path: Assets/Scripts/Character/Character.cs
  artifactKey: Guid(5ca83e22e04959d488d520f149c213eb) Importer(2089858483,b0f066a214c2f5e87bad3c948f4d605d)
Start importing Assets/Scripts/Character/Character.cs using Guid(5ca83e22e04959d488d520f149c213eb) Importer(2089858483,b0f066a214c2f5e87bad3c948f4d605d) (ScriptedImporter) -> (artifact id: '6f663041c147463e0f7d0f98b1495a28') in 0.0303971 seconds
Number of updated asset objects reloaded before import = 0Number of asset objects unloaded after import = 0

========================================================================
Received Import Request.
  Time since last request: 0.000032 seconds.
  path: Assets/Space Exploration/Icons/lock-1-256.png
  artifactKey: Guid(84c0aaedf4d8a1f4b95601159dbb386b) Importer(2089858483,b0f066a214c2f5e87bad3c948f4d605d)
Start importing Assets/Space Exploration/Icons/lock-1-256.png using Guid(84c0aaedf4d8a1f4b95601159dbb386b) Importer(2089858483,b0f066a214c2f5e87bad3c948f4d605d) (ScriptedImporter) -> (artifact id: '687db45301e5dd75e219e01da226b0bf') in 0.0465548 seconds
Number of updated asset objects reloaded before import = 0Number of asset objects unloaded after import = 3

========================================================================
Received Import Request.
  Time since last request: 0.000041 seconds.
  path: Assets/PlayFabSDK/Shared/Internal/PlayFabHttp/PlayFabHTTP.cs
  artifactKey: Guid(97a8a3caac8b73541aa8a9a1e330f479) Importer(2089858483,b0f066a214c2f5e87bad3c948f4d605d)
Start importing Assets/PlayFabSDK/Shared/Internal/PlayFabHttp/PlayFabHTTP.cs using Guid(97a8a3caac8b73541aa8a9a1e330f479) Importer(2089858483,b0f066a214c2f5e87bad3c948f4d605d) (ScriptedImporter) -> (artifact id: '71b3035371e7cd198dec24db04df35e8') in 0.0246972 seconds
Number of updated asset objects reloaded before import = 0Number of asset objects unloaded after import = 0

========================================================================
Received Import Request.
  Time since last request: 0.000030 seconds.
  path: Assets/Scripts/User Interfaces/ErrorPanel.cs
  artifactKey: Guid(e11fed76c11690a42b7a8d12329ca008) Importer(2089858483,b0f066a214c2f5e87bad3c948f4d605d)
Start importing Assets/Scripts/User Interfaces/ErrorPanel.cs using Guid(e11fed76c11690a42b7a8d12329ca008) Importer(2089858483,b0f066a214c2f5e87bad3c948f4d605d) (ScriptedImporter) -> (artifact id: '5355ac47aa69fc439bd3b6508a69ac3b') in 0.0224234 seconds
Number of updated asset objects reloaded before import = 0Number of asset objects unloaded after import = 0

========================================================================
Received Import Request.
  Time since last request: 0.000042 seconds.
  path: Assets/Photon/PhotonUnityNetworking/Demos/DemoSlotRacer/Kenney Assets/Racing Kit/Models/Materials/grey.mat
  artifactKey: Guid(b34ebdee5d4d60b43baa8cb211b29444) Importer(2089858483,b0f066a214c2f5e87bad3c948f4d605d)
Start importing Assets/Photon/PhotonUnityNetworking/Demos/DemoSlotRacer/Kenney Assets/Racing Kit/Models/Materials/grey.mat using Guid(b34ebdee5d4d60b43baa8cb211b29444) Importer(2089858483,b0f066a214c2f5e87bad3c948f4d605d) (ScriptedImporter) -> (artifact id: '414d0f38df65772062c13ff2e6e9171f') in 0.0826843 seconds
Number of updated asset objects reloaded before import = 0Number of asset objects unloaded after import = 1

========================================================================
Received Import Request.
  Time since last request: 0.000036 seconds.
  path: Assets/Space Exploration/Icons/shop-64.png
  artifactKey: Guid(e6e93b67cd6c42f43a964c0872b1e7d1) Importer(2089858483,b0f066a214c2f5e87bad3c948f4d605d)
Start importing Assets/Space Exploration/Icons/shop-64.png using Guid(e6e93b67cd6c42f43a964c0872b1e7d1) Importer(2089858483,b0f066a214c2f5e87bad3c948f4d605d) (ScriptedImporter) -> (artifact id: '89dbaa4db43132caa1ac56941f7e64eb') in 0.0576255 seconds
Number of updated asset objects reloaded before import = 0Number of asset objects unloaded after import = 3

========================================================================
Received Import Request.
  Time since last request: 0.000077 seconds.
  path: Assets/Space Exploration/Settings_&_Menu_Components/Medium/sound-bar-container-medium.png
  artifactKey: Guid(31eea43baa20c124888d2cf69a74c4db) Importer(2089858483,b0f066a214c2f5e87bad3c948f4d605d)
Start importing Assets/Space Exploration/Settings_&_Menu_Components/Medium/sound-bar-container-medium.png using Guid(31eea43baa20c124888d2cf69a74c4db) Importer(2089858483,b0f066a214c2f5e87bad3c948f4d605d) (ScriptedImporter) -> (artifact id: '8503801984102936793ebccf86b9df88') in 0.0308418 seconds
Number of updated asset objects reloaded before import = 0Number of asset objects unloaded after import = 3

========================================================================
Received Import Request.
  Time since last request: 0.000046 seconds.
  path: Assets/Space Exploration/Picto_Icons/Dark_Purple/pickaxe-64.png
  artifactKey: Guid(f4e2e0ca6b81c334e8df2f2924f737a1) Importer(2089858483,b0f066a214c2f5e87bad3c948f4d605d)
Start importing Assets/Space Exploration/Picto_Icons/Dark_Purple/pickaxe-64.png using Guid(f4e2e0ca6b81c334e8df2f2924f737a1) Importer(2089858483,b0f066a214c2f5e87bad3c948f4d605d) (ScriptedImporter) -> (artifact id: '6bdcfd87d5feae88644721d394226702') in 0.0511228 seconds
Number of updated asset objects reloaded before import = 0Number of asset objects unloaded after import = 3

========================================================================
Received Import Request.
  Time since last request: 0.000043 seconds.
  path: Assets/Space Exploration/Picto_Icons/Light_Purple/key-256.png
  artifactKey: Guid(81bc5faf0fcb78146ad27cc556686790) Importer(2089858483,b0f066a214c2f5e87bad3c948f4d605d)
Start importing Assets/Space Exploration/Picto_Icons/Light_Purple/key-256.png using Guid(81bc5faf0fcb78146ad27cc556686790) Importer(2089858483,b0f066a214c2f5e87bad3c948f4d605d) (ScriptedImporter) -> (artifact id: '1ce71f833bfd1efa4762ecca70b7a53e') in 0.0456095 seconds
Number of updated asset objects reloaded before import = 0Number of asset objects unloaded after import = 3

========================================================================
Received Import Request.
  Time since last request: 0.000052 seconds.
  path: Assets/Space Exploration/Picto_Icons/White/snowflake-64.png
  artifactKey: Guid(b522faa12c56c514a82b695a78cd968d) Importer(2089858483,b0f066a214c2f5e87bad3c948f4d605d)
Start importing Assets/Space Exploration/Picto_Icons/White/snowflake-64.png using Guid(b522faa12c56c514a82b695a78cd968d) Importer(2089858483,b0f066a214c2f5e87bad3c948f4d605d) (ScriptedImporter) -> (artifact id: 'e56eb2f0070b8b84abf883e7a3a6468c') in 0.0536111 seconds
Number of updated asset objects reloaded before import = 0Number of asset objects unloaded after import = 3

========================================================================
Received Import Request.
  Time since last request: 0.000044 seconds.
  path: Assets/Space Exploration/Button_Images/Highlighted_Sprite/small/large-pink-highlight-small.png
  artifactKey: Guid(9d2b5f32baf435a4aac889d9c6bb4f95) Importer(2089858483,b0f066a214c2f5e87bad3c948f4d605d)
Start importing Assets/Space Exploration/Button_Images/Highlighted_Sprite/small/large-pink-highlight-small.png using Guid(9d2b5f32baf435a4aac889d9c6bb4f95) Importer(2089858483,b0f066a214c2f5e87bad3c948f4d605d) (ScriptedImporter) -> (artifact id: '76f0ec75bb81737935e9e75c32c13dfd') in 0.0370437 seconds
Number of updated asset objects reloaded before import = 0Number of asset objects unloaded after import = 3

========================================================================
Received Import Request.
  Time since last request: 0.000031 seconds.
  path: Assets/Space Exploration/Picto_Icons/Dark_Purple/picture-32.png
  artifactKey: Guid(067dc2e77ddcd5d44b6ea93df56f11c4) Importer(2089858483,b0f066a214c2f5e87bad3c948f4d605d)
Start importing Assets/Space Exploration/Picto_Icons/Dark_Purple/picture-32.png using Guid(067dc2e77ddcd5d44b6ea93df56f11c4) Importer(2089858483,b0f066a214c2f5e87bad3c948f4d605d) (ScriptedImporter) -> (artifact id: '86ee05712c524a2165296d806ab3a907') in 0.0552346 seconds
Number of updated asset objects reloaded before import = 0Number of asset objects unloaded after import = 3

========================================================================
Received Import Request.
  Time since last request: 0.000041 seconds.
  path: Assets/Space Exploration/Picto_Icons/Dark_Purple/info-128.png
  artifactKey: Guid(e991a6b55337c0345b0cb08abc40f698) Importer(2089858483,b0f066a214c2f5e87bad3c948f4d605d)
Start importing Assets/Space Exploration/Picto_Icons/Dark_Purple/info-128.png using Guid(e991a6b55337c0345b0cb08abc40f698) Importer(2089858483,b0f066a214c2f5e87bad3c948f4d605d) (ScriptedImporter) -> (artifact id: '3e01931e7326a400455b343d1c041b6e') in 0.0434117 seconds
Number of updated asset objects reloaded before import = 0Number of asset objects unloaded after import = 3

========================================================================
Received Import Request.
  Time since last request: 0.000029 seconds.
  path: Assets/Space Exploration/Fonts/Font Sources/static/Asap_SemiCondensed-ExtraBold.ttf
  artifactKey: Guid(d151302d2e2829d4ebbdcd8ab29f0412) Importer(2089858483,b0f066a214c2f5e87bad3c948f4d605d)
Start importing Assets/Space Exploration/Fonts/Font Sources/static/Asap_SemiCondensed-ExtraBold.ttf using Guid(d151302d2e2829d4ebbdcd8ab29f0412) Importer(2089858483,b0f066a214c2f5e87bad3c948f4d605d) (ScriptedImporter) -> (artifact id: 'be884f2f54d7073655b7209fbdfb888e') in 0.0332023 seconds
Number of updated asset objects reloaded before import = 0Number of asset objects unloaded after import = 3

========================================================================
Received Import Request.
  Time since last request: 0.000029 seconds.
  path: Assets/Space Exploration/Prefabs/Buttons_Simple/Extra Large/Blue
  artifactKey: Guid(1e23accf5668ed8468013e0eb75e087c) Importer(2089858483,b0f066a214c2f5e87bad3c948f4d605d)
Start importing Assets/Space Exploration/Prefabs/Buttons_Simple/Extra Large/Blue using Guid(1e23accf5668ed8468013e0eb75e087c) Importer(2089858483,b0f066a214c2f5e87bad3c948f4d605d) (ScriptedImporter) -> (artifact id: '73ec4b8f202368d5f12316e18e3d03fe') in 0.0191981 seconds
Number of updated asset objects reloaded before import = 0Number of asset objects unloaded after import = 1

========================================================================
Received Import Request.
  Time since last request: 0.000042 seconds.
  path: Assets/Space Exploration/Button_Images/Highlighted_Sprite/large/short-yellow-highlight-large.png
  artifactKey: Guid(a95cde9187de9a442b439d95a279371c) Importer(2089858483,b0f066a214c2f5e87bad3c948f4d605d)
Start importing Assets/Space Exploration/Button_Images/Highlighted_Sprite/large/short-yellow-highlight-large.png using Guid(a95cde9187de9a442b439d95a279371c) Importer(2089858483,b0f066a214c2f5e87bad3c948f4d605d) (ScriptedImporter) -> (artifact id: 'ba428e786cf9b57fb97c8f4d32dc86f7') in 0.0305093 seconds
Number of updated asset objects reloaded before import = 0Number of asset objects unloaded after import = 3

========================================================================
Received Import Request.
  Time since last request: 0.000028 seconds.
  path: Assets/Free LowPoly Pack/Prefabs/FloorInteriorB1.prefab
  artifactKey: Guid(6ce6e58075082ee40aa64b4c59ccaf9c) Importer(2089858483,b0f066a214c2f5e87bad3c948f4d605d)
Start importing Assets/Free LowPoly Pack/Prefabs/FloorInteriorB1.prefab using Guid(6ce6e58075082ee40aa64b4c59ccaf9c) Importer(2089858483,b0f066a214c2f5e87bad3c948f4d605d) (ScriptedImporter) -> (artifact id: '41d00c996622915df111fcfb7d555b4d') in 0.0864532 seconds
Number of updated asset objects reloaded before import = 0Number of asset objects unloaded after import = 11

========================================================================
Received Import Request.
  Time since last request: 0.000042 seconds.
  path: Assets/Space Exploration/Containers/Medium/login-remove-ads-container-medium.png
  artifactKey: Guid(9ffc9d7cb6c79a84586bc387a398f3d7) Importer(2089858483,b0f066a214c2f5e87bad3c948f4d605d)
Start importing Assets/Space Exploration/Containers/Medium/login-remove-ads-container-medium.png using Guid(9ffc9d7cb6c79a84586bc387a398f3d7) Importer(2089858483,b0f066a214c2f5e87bad3c948f4d605d) (ScriptedImporter) -> (artifact id: '1286846fe9b72f025b2d2c85a9309c5a') in 0.044029 seconds
Number of updated asset objects reloaded before import = 0Number of asset objects unloaded after import = 3

========================================================================
Received Import Request.
  Time since last request: 0.000045 seconds.
  path: Assets/Space Exploration/Picto_Icons/Light_Purple/bolt-256.png
  artifactKey: Guid(165b48bda8083824bb37dc66f40c7161) Importer(2089858483,b0f066a214c2f5e87bad3c948f4d605d)
Start importing Assets/Space Exploration/Picto_Icons/Light_Purple/bolt-256.png using Guid(165b48bda8083824bb37dc66f40c7161) Importer(2089858483,b0f066a214c2f5e87bad3c948f4d605d) (ScriptedImporter) -> (artifact id: 'b62328b9366f5fbf95d317c032080f8e') in 0.2194589 seconds
Number of updated asset objects reloaded before import = 0Number of asset objects unloaded after import = 3

========================================================================
Received Import Request.
  Time since last request: 0.000034 seconds.
  path: Assets/Space Exploration/Picto_Icons/Dark_Purple/banner-64.png
  artifactKey: Guid(e28343980e64dc84fb96b93001ced0b1) Importer(2089858483,b0f066a214c2f5e87bad3c948f4d605d)
Start importing Assets/Space Exploration/Picto_Icons/Dark_Purple/banner-64.png using Guid(e28343980e64dc84fb96b93001ced0b1) Importer(2089858483,b0f066a214c2f5e87bad3c948f4d605d) (ScriptedImporter) -> (artifact id: '17c22dd6ab677371142461e9f36eb019') in 0.0389403 seconds
Number of updated asset objects reloaded before import = 0Number of asset objects unloaded after import = 3

========================================================================
Received Import Request.
  Time since last request: 0.000057 seconds.
  path: Assets/Photon/PhotonUnityNetworking/Demos/PunCockpit/Scripts/Autonomous UI/Generic
  artifactKey: Guid(c6ff6c1b4167dd340a8b3aaae892b377) Importer(2089858483,b0f066a214c2f5e87bad3c948f4d605d)
Start importing Assets/Photon/PhotonUnityNetworking/Demos/PunCockpit/Scripts/Autonomous UI/Generic using Guid(c6ff6c1b4167dd340a8b3aaae892b377) Importer(2089858483,b0f066a214c2f5e87bad3c948f4d605d) (ScriptedImporter) -> (artifact id: 'e6b1528af761ce205c3dd64b4cb4e698') in 0.0202769 seconds
Number of updated asset objects reloaded before import = 0Number of asset objects unloaded after import = 1

========================================================================
Received Import Request.
  Time since last request: 0.000041 seconds.
  path: Assets/TextMesh Pro/Resources/LineBreaking Following Characters.txt
  artifactKey: Guid(fade42e8bc714b018fac513c043d323b) Importer(2089858483,b0f066a214c2f5e87bad3c948f4d605d)
Start importing Assets/TextMesh Pro/Resources/LineBreaking Following Characters.txt using Guid(fade42e8bc714b018fac513c043d323b) Importer(2089858483,b0f066a214c2f5e87bad3c948f4d605d) (ScriptedImporter) -> (artifact id: 'c108b700b0041b2e0ef0f770beeb2eee') in 0.0200771 seconds
Number of updated asset objects reloaded before import = 0Number of asset objects unloaded after import = 1

========================================================================
Received Import Request.
  Time since last request: 0.000048 seconds.
  path: Assets/Space Exploration/Fonts/Font Sources/static/Asap_SemiCondensed-BlackItalic.ttf
  artifactKey: Guid(c3338b52e4cbb374fa9eb3ecf0f526c0) Importer(2089858483,b0f066a214c2f5e87bad3c948f4d605d)
Start importing Assets/Space Exploration/Fonts/Font Sources/static/Asap_SemiCondensed-BlackItalic.ttf using Guid(c3338b52e4cbb374fa9eb3ecf0f526c0) Importer(2089858483,b0f066a214c2f5e87bad3c948f4d605d) (ScriptedImporter) -> (artifact id: 'bf956b21cc261df6cf9763c82e8d97f0') in 0.0266894 seconds
Number of updated asset objects reloaded before import = 0Number of asset objects unloaded after import = 3

========================================================================
Received Import Request.
  Time since last request: 1.275037 seconds.
  path: Assets/Space Exploration/Picto_Icons/White/bell-64.png
  artifactKey: Guid(717bb80995fdf4042a3c73ffb6e46fc7) Importer(2089858483,b0f066a214c2f5e87bad3c948f4d605d)
Start importing Assets/Space Exploration/Picto_Icons/White/bell-64.png using Guid(717bb80995fdf4042a3c73ffb6e46fc7) Importer(2089858483,b0f066a214c2f5e87bad3c948f4d605d) (ScriptedImporter) -> (artifact id: '0777bb114c3dc52018337aa89cdafec7') in 0.047913 seconds
Number of updated asset objects reloaded before import = 0Number of asset objects unloaded after import = 3

========================================================================
Received Import Request.
  Time since last request: 0.000032 seconds.
  path: Assets/Space Exploration/Settings_&_Menu_Components/Small/homepage-gui-line-small.png
  artifactKey: Guid(f538f9edf988176499793a12041ba6f1) Importer(2089858483,b0f066a214c2f5e87bad3c948f4d605d)
Start importing Assets/Space Exploration/Settings_&_Menu_Components/Small/homepage-gui-line-small.png using Guid(f538f9edf988176499793a12041ba6f1) Importer(2089858483,b0f066a214c2f5e87bad3c948f4d605d) (ScriptedImporter) -> (artifact id: 'd0b604d69fe180df377af95f20a92d1b') in 0.0475144 seconds
Number of updated asset objects reloaded before import = 0Number of asset objects unloaded after import = 3

========================================================================
Received Import Request.
  Time since last request: 0.000039 seconds.
  path: Assets/Space Exploration/Picto_Icons/White/zoom-out-64.png
  artifactKey: Guid(400f8fabb303c644caa405cd3d571ef2) Importer(2089858483,b0f066a214c2f5e87bad3c948f4d605d)
Start importing Assets/Space Exploration/Picto_Icons/White/zoom-out-64.png using Guid(400f8fabb303c644caa405cd3d571ef2) Importer(2089858483,b0f066a214c2f5e87bad3c948f4d605d) (ScriptedImporter) -> (artifact id: '353610c280dabeeee2634381e432de75') in 0.0503722 seconds
Number of updated asset objects reloaded before import = 0Number of asset objects unloaded after import = 3

========================================================================
Received Import Request.
  Time since last request: 0.000025 seconds.
  path: Assets/Space Exploration/Picto_Icons/White/bluetooth-32.png
  artifactKey: Guid(f4031aa8da4139a44a783435535a0f75) Importer(2089858483,b0f066a214c2f5e87bad3c948f4d605d)
Start importing Assets/Space Exploration/Picto_Icons/White/bluetooth-32.png using Guid(f4031aa8da4139a44a783435535a0f75) Importer(2089858483,b0f066a214c2f5e87bad3c948f4d605d) (ScriptedImporter) -> (artifact id: 'b7fdbf7523c344747167cdbc2277a709') in 0.0438628 seconds
Number of updated asset objects reloaded before import = 0Number of asset objects unloaded after import = 3

========================================================================
Received Import Request.
  Time since last request: 0.000037 seconds.
  path: Assets/PlayFabSDK/Data
  artifactKey: Guid(f754faf8b4b186c438c8419bed778294) Importer(2089858483,b0f066a214c2f5e87bad3c948f4d605d)
Start importing Assets/PlayFabSDK/Data using Guid(f754faf8b4b186c438c8419bed778294) Importer(2089858483,b0f066a214c2f5e87bad3c948f4d605d) (ScriptedImporter) -> (artifact id: '72fd1c785136d3c2377e14b829901eab') in 0.0191046 seconds
Number of updated asset objects reloaded before import = 0Number of asset objects unloaded after import = 1

========================================================================
Received Import Request.
  Time since last request: 0.000024 seconds.
  path: Assets/Space Exploration/Settings_&_Menu_Components/Small/level-icon-small.png
  artifactKey: Guid(7d38e6509983ed34f8f269518669f503) Importer(2089858483,b0f066a214c2f5e87bad3c948f4d605d)
Start importing Assets/Space Exploration/Settings_&_Menu_Components/Small/level-icon-small.png using Guid(7d38e6509983ed34f8f269518669f503) Importer(2089858483,b0f066a214c2f5e87bad3c948f4d605d) (ScriptedImporter) -> (artifact id: 'f94cd8af758ddd86709ee2d842a72fa0') in 0.0312538 seconds
Number of updated asset objects reloaded before import = 0Number of asset objects unloaded after import = 3

========================================================================
Received Import Request.
  Time since last request: 0.000048 seconds.
  path: Assets/Space Exploration/Picto_Icons/Dark_Purple/map-64.png
  artifactKey: Guid(e147ba10c8fa7ce478870f81bed530d8) Importer(2089858483,b0f066a214c2f5e87bad3c948f4d605d)
Start importing Assets/Space Exploration/Picto_Icons/Dark_Purple/map-64.png using Guid(e147ba10c8fa7ce478870f81bed530d8) Importer(2089858483,b0f066a214c2f5e87bad3c948f4d605d) (ScriptedImporter) -> (artifact id: '79c0512310002b34944b3755386b3e91') in 0.0445377 seconds
Number of updated asset objects reloaded before import = 0Number of asset objects unloaded after import = 3

========================================================================
Received Import Request.
  Time since last request: 0.000036 seconds.
  path: Assets/Photon/PhotonRealtime/Code/Unity/Editor/Wizard/resources/photon-cloud-32-light.png
  artifactKey: Guid(ff4b7aa5abc57594a9561e1970bbc080) Importer(2089858483,b0f066a214c2f5e87bad3c948f4d605d)
Start importing Assets/Photon/PhotonRealtime/Code/Unity/Editor/Wizard/resources/photon-cloud-32-light.png using Guid(ff4b7aa5abc57594a9561e1970bbc080) Importer(2089858483,b0f066a214c2f5e87bad3c948f4d605d) (ScriptedImporter) -> (artifact id: '1337111ae6fca95cbce4dc712cf6a63e') in 0.043558 seconds
Number of updated asset objects reloaded before import = 0Number of asset objects unloaded after import = 1

========================================================================
Received Import Request.
  Time since last request: 0.000019 seconds.
  path: Assets/Space Exploration/Picto_Icons/White/half-moon-256.png
  artifactKey: Guid(99ae1ee3abf11ce4895f5cf7ff359d3c) Importer(2089858483,b0f066a214c2f5e87bad3c948f4d605d)
Start importing Assets/Space Exploration/Picto_Icons/White/half-moon-256.png using Guid(99ae1ee3abf11ce4895f5cf7ff359d3c) Importer(2089858483,b0f066a214c2f5e87bad3c948f4d605d) (ScriptedImporter) -> (artifact id: '0610f0594416dc80dac67c32914368d7') in 0.0436334 seconds
Number of updated asset objects reloaded before import = 0Number of asset objects unloaded after import = 3

========================================================================
Received Import Request.
  Time since last request: 0.000030 seconds.
  path: Assets/Space Exploration/Other_Images/Small
  artifactKey: Guid(6dbdc02e4f64ce646b385b7f41531dfc) Importer(2089858483,b0f066a214c2f5e87bad3c948f4d605d)
Start importing Assets/Space Exploration/Other_Images/Small using Guid(6dbdc02e4f64ce646b385b7f41531dfc) Importer(2089858483,b0f066a214c2f5e87bad3c948f4d605d) (ScriptedImporter) -> (artifact id: '3a52ad7218f0927d079f2d6a6402ac55') in 0.0211068 seconds
Number of updated asset objects reloaded before import = 0Number of asset objects unloaded after import = 1

========================================================================
Received Import Request.
  Time since last request: 0.000042 seconds.
  path: Assets/Space Exploration/Picto_Icons/Light_Purple/camera-64.png
  artifactKey: Guid(2aec7e57e3dec704b97983cc9152ecbe) Importer(2089858483,b0f066a214c2f5e87bad3c948f4d605d)
Start importing Assets/Space Exploration/Picto_Icons/Light_Purple/camera-64.png using Guid(2aec7e57e3dec704b97983cc9152ecbe) Importer(2089858483,b0f066a214c2f5e87bad3c948f4d605d) (ScriptedImporter) -> (artifact id: '555fce4f221154dc9165390b36250a46') in 0.0568207 seconds
Number of updated asset objects reloaded before import = 0Number of asset objects unloaded after import = 3

========================================================================
Received Import Request.
  Time since last request: 0.000028 seconds.
  path: Assets/Photon/PhotonUnityNetworking/Code/PunClasses.cs
  artifactKey: Guid(f40f16a0227e5c14293e269c875c0f9b) Importer(2089858483,b0f066a214c2f5e87bad3c948f4d605d)
Start importing Assets/Photon/PhotonUnityNetworking/Code/PunClasses.cs using Guid(f40f16a0227e5c14293e269c875c0f9b) Importer(2089858483,b0f066a214c2f5e87bad3c948f4d605d) (ScriptedImporter) -> (artifact id: 'd1ffaf768098758dde37766dd7a9ac4c') in 0.0206306 seconds
Number of updated asset objects reloaded before import = 0Number of asset objects unloaded after import = 0

========================================================================
Received Import Request.
  Time since last request: 0.000040 seconds.
  path: Assets/Space Exploration/Picto_Icons/Light_Purple/bell-off-128.png
  artifactKey: Guid(b4d46530b0934264087773139349faed) Importer(2089858483,b0f066a214c2f5e87bad3c948f4d605d)
Start importing Assets/Space Exploration/Picto_Icons/Light_Purple/bell-off-128.png using Guid(b4d46530b0934264087773139349faed) Importer(2089858483,b0f066a214c2f5e87bad3c948f4d605d) (ScriptedImporter) -> (artifact id: '12c5a1e9e18b3bd8edbd945c25f006a8') in 0.0558422 seconds
Number of updated asset objects reloaded before import = 0Number of asset objects unloaded after import = 3

========================================================================
Received Import Request.
  Time since last request: 0.000024 seconds.
  path: Assets/Space Exploration/Icons/map-64.png
  artifactKey: Guid(f82e028e9e997d149a5669bce1e70d6c) Importer(2089858483,b0f066a214c2f5e87bad3c948f4d605d)
Start importing Assets/Space Exploration/Icons/map-64.png using Guid(f82e028e9e997d149a5669bce1e70d6c) Importer(2089858483,b0f066a214c2f5e87bad3c948f4d605d) (ScriptedImporter) -> (artifact id: '68c7fa80f83666e2e7597a65db5664c2') in 0.0447155 seconds
Number of updated asset objects reloaded before import = 0Number of asset objects unloaded after import = 3

========================================================================
Received Import Request.
  Time since last request: 0.118772 seconds.
  path: Assets/Photon/PhotonUnityNetworking/UtilityScripts/Prototyping/ConnectAndJoinRandom.cs
  artifactKey: Guid(5c1b84a427010e0469ce0df07ab64dbc) Importer(2089858483,b0f066a214c2f5e87bad3c948f4d605d)
Start importing Assets/Photon/PhotonUnityNetworking/UtilityScripts/Prototyping/ConnectAndJoinRandom.cs using Guid(5c1b84a427010e0469ce0df07ab64dbc) Importer(2089858483,b0f066a214c2f5e87bad3c948f4d605d) (ScriptedImporter) -> (artifact id: 'c02479c4d7f7210135ef1ced41d517db') in 0.0203488 seconds
Number of updated asset objects reloaded before import = 0Number of asset objects unloaded after import = 0

========================================================================
Received Import Request.
  Time since last request: 0.000023 seconds.
  path: Assets/Space Exploration/Picto_Icons/Light_Purple/share-128.png
  artifactKey: Guid(96d59310981e8e34a99c4578a98d3c3a) Importer(2089858483,b0f066a214c2f5e87bad3c948f4d605d)
Start importing Assets/Space Exploration/Picto_Icons/Light_Purple/share-128.png using Guid(96d59310981e8e34a99c4578a98d3c3a) Importer(2089858483,b0f066a214c2f5e87bad3c948f4d605d) (ScriptedImporter) -> (artifact id: '3878d455f7f378f1b73a545b5a2e54c6') in 0.0422509 seconds
Number of updated asset objects reloaded before import = 0Number of asset objects unloaded after import = 3

========================================================================
Received Import Request.
  Time since last request: 0.000039 seconds.
  path: Assets/Resources/Pause.prefab
  artifactKey: Guid(42e008f9c64af3741baae103a64bd8a7) Importer(2089858483,b0f066a214c2f5e87bad3c948f4d605d)
Start importing Assets/Resources/Pause.prefab using Guid(42e008f9c64af3741baae103a64bd8a7) Importer(2089858483,b0f066a214c2f5e87bad3c948f4d605d) (ScriptedImporter) -> (artifact id: '5dd593aefa198421c7ec3f14f4197893') in 0.1597647 seconds
Number of updated asset objects reloaded before import = 0Number of asset objects unloaded after import = 45

========================================================================
Received Import Request.
  Time since last request: 0.000030 seconds.
  path: Assets/Space Exploration/Picto_Icons/Dark_Purple/ad-64.png
  artifactKey: Guid(63faf65ac650a0d479c21648db4510ac) Importer(2089858483,b0f066a214c2f5e87bad3c948f4d605d)
Start importing Assets/Space Exploration/Picto_Icons/Dark_Purple/ad-64.png using Guid(63faf65ac650a0d479c21648db4510ac) Importer(2089858483,b0f066a214c2f5e87bad3c948f4d605d) (ScriptedImporter) -> (artifact id: '80a23821694690cca7e53ec4b0717375') in 0.0471044 seconds
Number of updated asset objects reloaded before import = 0Number of asset objects unloaded after import = 3

========================================================================
Received Import Request.
  Time since last request: 0.000039 seconds.
  path: Assets/Space Exploration/Picto_Icons/Dark_Purple/calendar-32.png
  artifactKey: Guid(13bb572fffc382e43b15381c9ecd4700) Importer(2089858483,b0f066a214c2f5e87bad3c948f4d605d)
Start importing Assets/Space Exploration/Picto_Icons/Dark_Purple/calendar-32.png using Guid(13bb572fffc382e43b15381c9ecd4700) Importer(2089858483,b0f066a214c2f5e87bad3c948f4d605d) (ScriptedImporter) -> (artifact id: 'f420352bcd744799e13972ae674d8826') in 0.045735 seconds
Number of updated asset objects reloaded before import = 0Number of asset objects unloaded after import = 3

========================================================================
Received Import Request.
  Time since last request: 0.000033 seconds.
  path: Assets/Space Exploration/Picto_Icons/Light_Purple/book-128.png
  artifactKey: Guid(054726c0128b84c48845bb2a2995f80e) Importer(2089858483,b0f066a214c2f5e87bad3c948f4d605d)
Start importing Assets/Space Exploration/Picto_Icons/Light_Purple/book-128.png using Guid(054726c0128b84c48845bb2a2995f80e) Importer(2089858483,b0f066a214c2f5e87bad3c948f4d605d) (ScriptedImporter) -> (artifact id: 'be5a7d19a5ecde9561ee6f7cec2559f1') in 0.0446204 seconds
Number of updated asset objects reloaded before import = 0Number of asset objects unloaded after import = 3

========================================================================
Received Import Request.
  Time since last request: 0.000040 seconds.
  path: Assets/Space Exploration/Picto_Icons/Dark_Purple/lock-128.png
  artifactKey: Guid(49f70d628f94a734b8cc457b51d7d15a) Importer(2089858483,b0f066a214c2f5e87bad3c948f4d605d)
Start importing Assets/Space Exploration/Picto_Icons/Dark_Purple/lock-128.png using Guid(49f70d628f94a734b8cc457b51d7d15a) Importer(2089858483,b0f066a214c2f5e87bad3c948f4d605d) (ScriptedImporter) -> (artifact id: '75b529174f77aeb880e7bb0299b8e268') in 0.0416128 seconds
Number of updated asset objects reloaded before import = 0Number of asset objects unloaded after import = 3

========================================================================
Received Import Request.
  Time since last request: 0.000048 seconds.
  path: Assets/Space Exploration/Picto_Icons/White/eat-256.png
  artifactKey: Guid(26436d7c6d0f5ab4992dbb3079e55c73) Importer(2089858483,b0f066a214c2f5e87bad3c948f4d605d)
Start importing Assets/Space Exploration/Picto_Icons/White/eat-256.png using Guid(26436d7c6d0f5ab4992dbb3079e55c73) Importer(2089858483,b0f066a214c2f5e87bad3c948f4d605d) (ScriptedImporter) -> (artifact id: '7c4e96baaff2f31a9bcd0fd091ec3392') in 0.0454736 seconds
Number of updated asset objects reloaded before import = 0Number of asset objects unloaded after import = 3

========================================================================
Received Import Request.
  Time since last request: 0.000037 seconds.
  path: Assets/Photon/PhotonUnityNetworking/Demos/Shared Assets/Materials/Robot_Color.mat
  artifactKey: Guid(0aa851515cd3747d6b3b3e461199a2ed) Importer(2089858483,b0f066a214c2f5e87bad3c948f4d605d)
Start importing Assets/Photon/PhotonUnityNetworking/Demos/Shared Assets/Materials/Robot_Color.mat using Guid(0aa851515cd3747d6b3b3e461199a2ed) Importer(2089858483,b0f066a214c2f5e87bad3c948f4d605d) (ScriptedImporter) -> (artifact id: '7118018c2ac9e866e803d0b004693ecb') in 0.0588959 seconds
Number of updated asset objects reloaded before import = 0Number of asset objects unloaded after import = 4

========================================================================
Received Import Request.
  Time since last request: 0.000029 seconds.
  path: Assets/Photon/PhotonUnityNetworking/Code/PhotonNetwork.cs
  artifactKey: Guid(88e11b3353de7e94d84b1ec5adbdd15e) Importer(2089858483,b0f066a214c2f5e87bad3c948f4d605d)
Start importing Assets/Photon/PhotonUnityNetworking/Code/PhotonNetwork.cs using Guid(88e11b3353de7e94d84b1ec5adbdd15e) Importer(2089858483,b0f066a214c2f5e87bad3c948f4d605d) (ScriptedImporter) -> (artifact id: 'ba7330b7c0a84582b423bfbd718d6bec') in 0.0191377 seconds
Number of updated asset objects reloaded before import = 0Number of asset objects unloaded after import = 0

========================================================================
Received Import Request.
  Time since last request: 0.000070 seconds.
  path: Assets/Photon/PhotonUnityNetworking/UtilityScripts/Prototyping/OnEscapeQuit.cs
  artifactKey: Guid(1fbabafd914a48f4eb6108d8d8f43d29) Importer(2089858483,b0f066a214c2f5e87bad3c948f4d605d)
Start importing Assets/Photon/PhotonUnityNetworking/UtilityScripts/Prototyping/OnEscapeQuit.cs using Guid(1fbabafd914a48f4eb6108d8d8f43d29) Importer(2089858483,b0f066a214c2f5e87bad3c948f4d605d) (ScriptedImporter) -> (artifact id: 'bcabc4d371bbcc0779c6a8fea110a11a') in 0.0253205 seconds
Number of updated asset objects reloaded before import = 0Number of asset objects unloaded after import = 0

========================================================================
Received Import Request.
  Time since last request: 0.000086 seconds.
  path: Assets/Space Exploration/Settings_&_Menu_Components/Large/username-password-container-selected-large.png
  artifactKey: Guid(d1f36be6a6de51647b9fa890a4e28fb3) Importer(2089858483,b0f066a214c2f5e87bad3c948f4d605d)
Start importing Assets/Space Exploration/Settings_&_Menu_Components/Large/username-password-container-selected-large.png using Guid(d1f36be6a6de51647b9fa890a4e28fb3) Importer(2089858483,b0f066a214c2f5e87bad3c948f4d605d) (ScriptedImporter) -> (artifact id: 'af58a6cf9a1cda9b4b4fc448adb51bfd') in 0.0307701 seconds
Number of updated asset objects reloaded before import = 0Number of asset objects unloaded after import = 3

========================================================================
Received Import Request.
  Time since last request: 0.000039 seconds.
  path: Assets/Space Exploration/Fonts/Font Sources/static
  artifactKey: Guid(83515f0d9978fd844925f1a10b97cbb2) Importer(2089858483,b0f066a214c2f5e87bad3c948f4d605d)
Start importing Assets/Space Exploration/Fonts/Font Sources/static using Guid(83515f0d9978fd844925f1a10b97cbb2) Importer(2089858483,b0f066a214c2f5e87bad3c948f4d605d) (ScriptedImporter) -> (artifact id: 'ec9311486dda410d10cfd646d38c1ec0') in 0.0214564 seconds
Number of updated asset objects reloaded before import = 0Number of asset objects unloaded after import = 1

========================================================================
Received Import Request.
  Time since last request: 0.000029 seconds.
  path: Assets/Photon/PhotonChat/Demos/Demo Chat/Code/ChannelSelector.cs
  artifactKey: Guid(48caa72710147fc4f9389b0b5ec6137d) Importer(2089858483,b0f066a214c2f5e87bad3c948f4d605d)
Start importing Assets/Photon/PhotonChat/Demos/Demo Chat/Code/ChannelSelector.cs using Guid(48caa72710147fc4f9389b0b5ec6137d) Importer(2089858483,b0f066a214c2f5e87bad3c948f4d605d) (ScriptedImporter) -> (artifact id: 'af9e957433efa3ada2cf29b1700b16e0') in 0.0242202 seconds
Number of updated asset objects reloaded before import = 0Number of asset objects unloaded after import = 0

========================================================================
Received Import Request.
  Time since last request: 0.000070 seconds.
  path: Assets/Space Exploration/Picto_Icons/White/crown-64.png
  artifactKey: Guid(c9b7ee56249285940a0e0219c326cb42) Importer(2089858483,b0f066a214c2f5e87bad3c948f4d605d)
Start importing Assets/Space Exploration/Picto_Icons/White/crown-64.png using Guid(c9b7ee56249285940a0e0219c326cb42) Importer(2089858483,b0f066a214c2f5e87bad3c948f4d605d) (ScriptedImporter) -> (artifact id: '2ffef4f373038b8e18c78d2cbdc6a555') in 0.0743114 seconds
Number of updated asset objects reloaded before import = 0Number of asset objects unloaded after import = 3

========================================================================
Received Import Request.
  Time since last request: 0.000034 seconds.
  path: Assets/Free LowPoly Pack/Prefabs/GateSmallFrameC.prefab
  artifactKey: Guid(e6037065a7ca30841ba445cefd3ad5f8) Importer(2089858483,b0f066a214c2f5e87bad3c948f4d605d)
Start importing Assets/Free LowPoly Pack/Prefabs/GateSmallFrameC.prefab using Guid(e6037065a7ca30841ba445cefd3ad5f8) Importer(2089858483,b0f066a214c2f5e87bad3c948f4d605d) (ScriptedImporter) -> (artifact id: '1cf4f7318e782e6413ddeacf57faade9') in 0.0892139 seconds
Number of updated asset objects reloaded before import = 0Number of asset objects unloaded after import = 13

========================================================================
Received Import Request.
  Time since last request: 0.000043 seconds.
  path: Assets/Space Exploration/Picto_Icons/Light_Purple/megaphone-256.png
  artifactKey: Guid(ce08942a9ab2bea488598e7348934d0a) Importer(2089858483,b0f066a214c2f5e87bad3c948f4d605d)
Start importing Assets/Space Exploration/Picto_Icons/Light_Purple/megaphone-256.png using Guid(ce08942a9ab2bea488598e7348934d0a) Importer(2089858483,b0f066a214c2f5e87bad3c948f4d605d) (ScriptedImporter) -> (artifact id: '016236a8bb594f68a9abc168b6bec77c') in 0.0510178 seconds
Number of updated asset objects reloaded before import = 0Number of asset objects unloaded after import = 3

========================================================================
Received Import Request.
  Time since last request: 0.000038 seconds.
  path: Assets/Space Exploration/Picto_Icons/White/heart-32.png
  artifactKey: Guid(e44a09afcb4157944a0d896f4f90ab6b) Importer(2089858483,b0f066a214c2f5e87bad3c948f4d605d)
Start importing Assets/Space Exploration/Picto_Icons/White/heart-32.png using Guid(e44a09afcb4157944a0d896f4f90ab6b) Importer(2089858483,b0f066a214c2f5e87bad3c948f4d605d) (ScriptedImporter) -> (artifact id: '8642e8e92ee99525618331cb30972a15') in 0.0815051 seconds
Number of updated asset objects reloaded before import = 0Number of asset objects unloaded after import = 3

========================================================================
Received Import Request.
  Time since last request: 0.000059 seconds.
  path: Assets/Space Exploration/Fonts/Font Sources/static/Asap_Expanded-BlackItalic.ttf
  artifactKey: Guid(08dd2e3fe9e1b364e9e3687c4706ee48) Importer(2089858483,b0f066a214c2f5e87bad3c948f4d605d)
Start importing Assets/Space Exploration/Fonts/Font Sources/static/Asap_Expanded-BlackItalic.ttf using Guid(08dd2e3fe9e1b364e9e3687c4706ee48) Importer(2089858483,b0f066a214c2f5e87bad3c948f4d605d) (ScriptedImporter) -> (artifact id: '14df8ee5efe7ed7816ce7b32e31a9838') in 0.0508534 seconds
Number of updated asset objects reloaded before import = 0Number of asset objects unloaded after import = 3

========================================================================
Received Import Request.
  Time since last request: 0.000026 seconds.
  path: Assets/Free LowPoly Pack/Prefabs
  artifactKey: Guid(0f3e9c8248b15e94d90096a222c82e90) Importer(2089858483,b0f066a214c2f5e87bad3c948f4d605d)
Start importing Assets/Free LowPoly Pack/Prefabs using Guid(0f3e9c8248b15e94d90096a222c82e90) Importer(2089858483,b0f066a214c2f5e87bad3c948f4d605d) (ScriptedImporter) -> (artifact id: '36cb4174950443c2e43d2a892b0717c7') in 0.0277329 seconds
Number of updated asset objects reloaded before import = 0Number of asset objects unloaded after import = 1

========================================================================
Received Import Request.
  Time since last request: 0.000039 seconds.
  path: Assets/Space Exploration/Picto_Icons/Light_Purple/dislike-32.png
  artifactKey: Guid(b8ab106151a751740b15c1d80dff0325) Importer(2089858483,b0f066a214c2f5e87bad3c948f4d605d)
Start importing Assets/Space Exploration/Picto_Icons/Light_Purple/dislike-32.png using Guid(b8ab106151a751740b15c1d80dff0325) Importer(2089858483,b0f066a214c2f5e87bad3c948f4d605d) (ScriptedImporter) -> (artifact id: 'd09fe27366518d1e2c755540b2f536e9') in 0.0508922 seconds
Number of updated asset objects reloaded before import = 0Number of asset objects unloaded after import = 3

========================================================================
Received Import Request.
  Time since last request: 0.000027 seconds.
  path: Assets/Space Exploration/Picto_Icons/White/upload-32.png
  artifactKey: Guid(b45867ff73378ea45b2e5a5eae999c8b) Importer(2089858483,b0f066a214c2f5e87bad3c948f4d605d)
Start importing Assets/Space Exploration/Picto_Icons/White/upload-32.png using Guid(b45867ff73378ea45b2e5a5eae999c8b) Importer(2089858483,b0f066a214c2f5e87bad3c948f4d605d) (ScriptedImporter) -> (artifact id: '38bd9108a3fc60beec04c8a929788429') in 0.0632306 seconds
Number of updated asset objects reloaded before import = 0Number of asset objects unloaded after import = 3

========================================================================
Received Import Request.
  Time since last request: 0.000038 seconds.
  path: Assets/Space Exploration/Settings_&_Menu_Components/Large/username-password-container-selected-deselected-large.png
  artifactKey: Guid(7c1e00033010130429d8d75d697840a4) Importer(2089858483,b0f066a214c2f5e87bad3c948f4d605d)
Start importing Assets/Space Exploration/Settings_&_Menu_Components/Large/username-password-container-selected-deselected-large.png using Guid(7c1e00033010130429d8d75d697840a4) Importer(2089858483,b0f066a214c2f5e87bad3c948f4d605d) (ScriptedImporter) -> (artifact id: '4dff6d2e7d86794a4964ab4520109838') in 0.094315 seconds
Number of updated asset objects reloaded before import = 0Number of asset objects unloaded after import = 3

========================================================================
Received Import Request.
  Time since last request: 0.000027 seconds.
  path: Assets/Space Exploration/Picto_Icons/White/diamond-128.png
  artifactKey: Guid(e774dce92a643be4dac822e685b63cf4) Importer(2089858483,b0f066a214c2f5e87bad3c948f4d605d)
Start importing Assets/Space Exploration/Picto_Icons/White/diamond-128.png using Guid(e774dce92a643be4dac822e685b63cf4) Importer(2089858483,b0f066a214c2f5e87bad3c948f4d605d) (ScriptedImporter) -> (artifact id: 'bf9755d76c1098b59c59c3ab42af177e') in 0.0633147 seconds
Number of updated asset objects reloaded before import = 0Number of asset objects unloaded after import = 3

========================================================================
Received Import Request.
  Time since last request: 0.000061 seconds.
  path: Assets/PlayFabSDK/Addon/PlayFabAddonModels.cs
  artifactKey: Guid(87ffcc7751ee8d54a9effc1467d73c87) Importer(2089858483,b0f066a214c2f5e87bad3c948f4d605d)
Start importing Assets/PlayFabSDK/Addon/PlayFabAddonModels.cs using Guid(87ffcc7751ee8d54a9effc1467d73c87) Importer(2089858483,b0f066a214c2f5e87bad3c948f4d605d) (ScriptedImporter) -> (artifact id: '8b91f8929b671e4c09ca7cfbff3ac89f') in 0.0309378 seconds
Number of updated asset objects reloaded before import = 0Number of asset objects unloaded after import = 0

========================================================================
Received Import Request.
  Time since last request: 0.000035 seconds.
  path: Assets/Space Exploration/Fonts/Font Sources/static/Asap_Condensed-LightItalic.ttf
  artifactKey: Guid(557aa42d1e3cc1440925c901ee02bfde) Importer(2089858483,b0f066a214c2f5e87bad3c948f4d605d)
Start importing Assets/Space Exploration/Fonts/Font Sources/static/Asap_Condensed-LightItalic.ttf using Guid(557aa42d1e3cc1440925c901ee02bfde) Importer(2089858483,b0f066a214c2f5e87bad3c948f4d605d) (ScriptedImporter) -> (artifact id: '844ad1f261437a6d71e02396b14b6e9a') in 0.0390856 seconds
Number of updated asset objects reloaded before import = 0Number of asset objects unloaded after import = 3

========================================================================
Received Import Request.
  Time since last request: 0.000036 seconds.
  path: Assets/Photon/PhotonUnityNetworking/Demos/DemoSlotRacer/Scripts/BezierCurve/BezierCurve.cs
  artifactKey: Guid(b7b6b4e22427e4efbb847bd026324e59) Importer(2089858483,b0f066a214c2f5e87bad3c948f4d605d)
Start importing Assets/Photon/PhotonUnityNetworking/Demos/DemoSlotRacer/Scripts/BezierCurve/BezierCurve.cs using Guid(b7b6b4e22427e4efbb847bd026324e59) Importer(2089858483,b0f066a214c2f5e87bad3c948f4d605d) (ScriptedImporter) -> (artifact id: 'a8349241b12bf1c7988a37249e8d7368') in 0.0289765 seconds
Number of updated asset objects reloaded before import = 0Number of asset objects unloaded after import = 0

========================================================================
Received Import Request.
  Time since last request: 0.000029 seconds.
  path: Assets/Photon/PhotonUnityNetworking/Demos/Shared Assets/Skin/Jura-Medium.ttf
  artifactKey: Guid(e00995507c2406448b4c8429136104dd) Importer(2089858483,b0f066a214c2f5e87bad3c948f4d605d)
Start importing Assets/Photon/PhotonUnityNetworking/Demos/Shared Assets/Skin/Jura-Medium.ttf using Guid(e00995507c2406448b4c8429136104dd) Importer(2089858483,b0f066a214c2f5e87bad3c948f4d605d) (ScriptedImporter) -> (artifact id: '261174964b36b4cabba442135ee9dc32') in 0.0338891 seconds
Number of updated asset objects reloaded before import = 0Number of asset objects unloaded after import = 3

========================================================================
Received Import Request.
  Time since last request: 0.000043 seconds.
  path: Assets/Space Exploration/Picto_Icons/White/heart-64.png
  artifactKey: Guid(b9172331e157f7a4d9fb5894060b71d9) Importer(2089858483,b0f066a214c2f5e87bad3c948f4d605d)
Start importing Assets/Space Exploration/Picto_Icons/White/heart-64.png using Guid(b9172331e157f7a4d9fb5894060b71d9) Importer(2089858483,b0f066a214c2f5e87bad3c948f4d605d) (ScriptedImporter) -> (artifact id: 'd4114828537cff2fcf258abac9d0dba4') in 0.056637 seconds
Number of updated asset objects reloaded before import = 0Number of asset objects unloaded after import = 3

========================================================================
Received Import Request.
  Time since last request: 0.000026 seconds.
  path: Assets/Space Exploration/Other_Images/Small/sparkle-small.png
  artifactKey: Guid(8b36395ad5b32a248b2641009010fd6b) Importer(2089858483,b0f066a214c2f5e87bad3c948f4d605d)
Start importing Assets/Space Exploration/Other_Images/Small/sparkle-small.png using Guid(8b36395ad5b32a248b2641009010fd6b) Importer(2089858483,b0f066a214c2f5e87bad3c948f4d605d) (ScriptedImporter) -> (artifact id: 'fc6d18db7fbb50a668d21c3887c715d0') in 0.0708279 seconds
Number of updated asset objects reloaded before import = 0Number of asset objects unloaded after import = 3

========================================================================
Received Import Request.
  Time since last request: 0.000038 seconds.
  path: Assets/Space Exploration/Other_Images/Extra_Large
  artifactKey: Guid(4acf2cb9a1340cd45ae8df45e15a4c7c) Importer(2089858483,b0f066a214c2f5e87bad3c948f4d605d)
Start importing Assets/Space Exploration/Other_Images/Extra_Large using Guid(4acf2cb9a1340cd45ae8df45e15a4c7c) Importer(2089858483,b0f066a214c2f5e87bad3c948f4d605d) (ScriptedImporter) -> (artifact id: '3eb4cd68fa20b5ff2c217165c0a93788') in 0.0330233 seconds
Number of updated asset objects reloaded before import = 0Number of asset objects unloaded after import = 1

========================================================================
Received Import Request.
  Time since last request: 0.000050 seconds.
  path: Assets/Space Exploration/Icons/tv-64.png
  artifactKey: Guid(a918f6734992b944bb10afa19d7ea258) Importer(2089858483,b0f066a214c2f5e87bad3c948f4d605d)
Start importing Assets/Space Exploration/Icons/tv-64.png using Guid(a918f6734992b944bb10afa19d7ea258) Importer(2089858483,b0f066a214c2f5e87bad3c948f4d605d) (ScriptedImporter) -> (artifact id: '5bbfc7130223a19ebbd3b942e4dccd2c') in 0.0697677 seconds
Number of updated asset objects reloaded before import = 0Number of asset objects unloaded after import = 3

========================================================================
Received Import Request.
  Time since last request: 0.000042 seconds.
  path: Assets/Space Exploration/Picto_Icons/Dark_Purple/web-128.png
  artifactKey: Guid(3c1877ada7731ab448931d386c828c3e) Importer(2089858483,b0f066a214c2f5e87bad3c948f4d605d)
Start importing Assets/Space Exploration/Picto_Icons/Dark_Purple/web-128.png using Guid(3c1877ada7731ab448931d386c828c3e) Importer(2089858483,b0f066a214c2f5e87bad3c948f4d605d) (ScriptedImporter) -> (artifact id: '17412435d33d7d8be39e5b879d0b8d38') in 0.081224 seconds
Number of updated asset objects reloaded before import = 0Number of asset objects unloaded after import = 3

========================================================================
Received Import Request.
  Time since last request: 0.000032 seconds.
  path: Assets/TextMesh Pro/Sprites/EmojiOne Attribution.txt
  artifactKey: Guid(381dcb09d5029d14897e55f98031fca5) Importer(2089858483,b0f066a214c2f5e87bad3c948f4d605d)
Start importing Assets/TextMesh Pro/Sprites/EmojiOne Attribution.txt using Guid(381dcb09d5029d14897e55f98031fca5) Importer(2089858483,b0f066a214c2f5e87bad3c948f4d605d) (ScriptedImporter) -> (artifact id: '2e60b74cc6e5828f45581466cb101a45') in 0.0273037 seconds
Number of updated asset objects reloaded before import = 0Number of asset objects unloaded after import = 1

========================================================================
Received Import Request.
  Time since last request: 0.000049 seconds.
  path: Assets/Space Exploration/Grid_Components/Small/inventory-add-small.png
  artifactKey: Guid(fb37cbdc693919246895fec27cd77460) Importer(2089858483,b0f066a214c2f5e87bad3c948f4d605d)
Start importing Assets/Space Exploration/Grid_Components/Small/inventory-add-small.png using Guid(fb37cbdc693919246895fec27cd77460) Importer(2089858483,b0f066a214c2f5e87bad3c948f4d605d) (ScriptedImporter) -> (artifact id: 'a0ca49335f063f8c7f95fb96bc05dc17') in 0.0805286 seconds
Number of updated asset objects reloaded before import = 0Number of asset objects unloaded after import = 3

========================================================================
Received Import Request.
  Time since last request: 0.000029 seconds.
  path: Assets/Space Exploration/Button_Images/Highlighted_Sprite/extra large/large-yellow-sparkle-highlight-extra-large.png
  artifactKey: Guid(ad022d4d35d75eb4e81dac55d559cc00) Importer(2089858483,b0f066a214c2f5e87bad3c948f4d605d)
Start importing Assets/Space Exploration/Button_Images/Highlighted_Sprite/extra large/large-yellow-sparkle-highlight-extra-large.png using Guid(ad022d4d35d75eb4e81dac55d559cc00) Importer(2089858483,b0f066a214c2f5e87bad3c948f4d605d) (ScriptedImporter) -> (artifact id: '21db2acc4c034c55f0ead8cfc311bf53') in 0.0462207 seconds
Number of updated asset objects reloaded before import = 0Number of asset objects unloaded after import = 3

========================================================================
Received Import Request.
  Time since last request: 0.000039 seconds.
  path: Assets/Photon/PhotonUnityNetworking/Demos/DemoSlotRacer/Prefabs/SlotCar_A.prefab
  artifactKey: Guid(4910a004464ca4efa808af20d2eb1e15) Importer(2089858483,b0f066a214c2f5e87bad3c948f4d605d)
Start importing Assets/Photon/PhotonUnityNetworking/Demos/DemoSlotRacer/Prefabs/SlotCar_A.prefab using Guid(4910a004464ca4efa808af20d2eb1e15) Importer(2089858483,b0f066a214c2f5e87bad3c948f4d605d) (ScriptedImporter) -> (artifact id: '63ee775e031430c1fe5772df45a8c2f5') in 0.0571818 seconds
Number of updated asset objects reloaded before import = 0Number of asset objects unloaded after import = 41

========================================================================
Received Import Request.
  Time since last request: 0.000026 seconds.
  path: Assets/Photon/PhotonUnityNetworking/UtilityScripts/UI/GraphicToggleIsOnTransition.cs
  artifactKey: Guid(195602a009c4b42b6a62e0bdf601b70d) Importer(2089858483,b0f066a214c2f5e87bad3c948f4d605d)
Start importing Assets/Photon/PhotonUnityNetworking/UtilityScripts/UI/GraphicToggleIsOnTransition.cs using Guid(195602a009c4b42b6a62e0bdf601b70d) Importer(2089858483,b0f066a214c2f5e87bad3c948f4d605d) (ScriptedImporter) -> (artifact id: 'eb13b174b4f737db205b9abbae36f1a6') in 0.0229099 seconds
Number of updated asset objects reloaded before import = 0Number of asset objects unloaded after import = 0

========================================================================
Received Import Request.
  Time since last request: 0.000060 seconds.
  path: Assets/Space Exploration/Picto_Icons/Dark_Purple/right-arrow-128.png
  artifactKey: Guid(8e1bbf62f395ede4caf6545d5954ef29) Importer(2089858483,b0f066a214c2f5e87bad3c948f4d605d)
Start importing Assets/Space Exploration/Picto_Icons/Dark_Purple/right-arrow-128.png using Guid(8e1bbf62f395ede4caf6545d5954ef29) Importer(2089858483,b0f066a214c2f5e87bad3c948f4d605d) (ScriptedImporter) -> (artifact id: 'aff3bcb0f6e3b362fdb338a5d54f2c66') in 0.0518179 seconds
Number of updated asset objects reloaded before import = 0Number of asset objects unloaded after import = 3

========================================================================
Received Import Request.
  Time since last request: 0.000028 seconds.
  path: Assets/Space Exploration/Rank_System_Components/Extra Large/ranking-highlight-extra-large.png
  artifactKey: Guid(348c974d144247b4087da36fe225c60d) Importer(2089858483,b0f066a214c2f5e87bad3c948f4d605d)
Start importing Assets/Space Exploration/Rank_System_Components/Extra Large/ranking-highlight-extra-large.png using Guid(348c974d144247b4087da36fe225c60d) Importer(2089858483,b0f066a214c2f5e87bad3c948f4d605d) (ScriptedImporter) -> (artifact id: '398cfe61b23c066fd2085f9aa2136af2') in 0.0694734 seconds
Number of updated asset objects reloaded before import = 0Number of asset objects unloaded after import = 3

========================================================================
Received Import Request.
  Time since last request: 0.000038 seconds.
  path: Assets/Space Exploration/Picto_Icons/Dark_Purple/location-32.png
  artifactKey: Guid(7433cce7d14e2dd4c977eccc3733b0fb) Importer(2089858483,b0f066a214c2f5e87bad3c948f4d605d)
Start importing Assets/Space Exploration/Picto_Icons/Dark_Purple/location-32.png using Guid(7433cce7d14e2dd4c977eccc3733b0fb) Importer(2089858483,b0f066a214c2f5e87bad3c948f4d605d) (ScriptedImporter) -> (artifact id: 'c20e387dd6d7f6301a0866c5bca6af8c') in 0.0813982 seconds
Number of updated asset objects reloaded before import = 0Number of asset objects unloaded after import = 3

========================================================================
Received Import Request.
  Time since last request: 0.000029 seconds.
  path: Assets/Space Exploration/Shop_Assets/sale-banner-small.png
  artifactKey: Guid(deecf042cc902d041bbf4483a429412b) Importer(2089858483,b0f066a214c2f5e87bad3c948f4d605d)
Start importing Assets/Space Exploration/Shop_Assets/sale-banner-small.png using Guid(deecf042cc902d041bbf4483a429412b) Importer(2089858483,b0f066a214c2f5e87bad3c948f4d605d) (ScriptedImporter) -> (artifact id: '46e29a8c3899e597b4176b9aa9fa4c8e') in 0.1061038 seconds
Number of updated asset objects reloaded before import = 0Number of asset objects unloaded after import = 3

========================================================================
Received Import Request.
  Time since last request: 0.000050 seconds.
  path: Assets/Free LowPoly Pack/Meshes/Materials
  artifactKey: Guid(7df1a2f6b9f376442827ef4dfc6a8ce9) Importer(2089858483,b0f066a214c2f5e87bad3c948f4d605d)
Start importing Assets/Free LowPoly Pack/Meshes/Materials using Guid(7df1a2f6b9f376442827ef4dfc6a8ce9) Importer(2089858483,b0f066a214c2f5e87bad3c948f4d605d) (ScriptedImporter) -> (artifact id: '760f97b370aadd5a57819b86ab51f46b') in 0.0292088 seconds
Number of updated asset objects reloaded before import = 0Number of asset objects unloaded after import = 1

========================================================================
Received Import Request.
  Time since last request: 0.000031 seconds.
  path: Assets/Space Exploration/Icons/home-64.png
  artifactKey: Guid(e67b9584f60bfef4f871d5cad7c8dd75) Importer(2089858483,b0f066a214c2f5e87bad3c948f4d605d)
Start importing Assets/Space Exploration/Icons/home-64.png using Guid(e67b9584f60bfef4f871d5cad7c8dd75) Importer(2089858483,b0f066a214c2f5e87bad3c948f4d605d) (ScriptedImporter) -> (artifact id: '7a8950b33d79f670cdbbed80de022282') in 0.0572126 seconds
Number of updated asset objects reloaded before import = 0Number of asset objects unloaded after import = 3

========================================================================
Received Import Request.
  Time since last request: 0.000048 seconds.
  path: Assets/Space Exploration/Picto_Icons/Light_Purple/zoom-out-256.png
  artifactKey: Guid(aa0fde91399dd064ab4d1fb3a9e32983) Importer(2089858483,b0f066a214c2f5e87bad3c948f4d605d)
Start importing Assets/Space Exploration/Picto_Icons/Light_Purple/zoom-out-256.png using Guid(aa0fde91399dd064ab4d1fb3a9e32983) Importer(2089858483,b0f066a214c2f5e87bad3c948f4d605d) (ScriptedImporter) -> (artifact id: '05691c6a276e055d9102b5f91dec0945') in 0.0664511 seconds
Number of updated asset objects reloaded before import = 0Number of asset objects unloaded after import = 3

========================================================================
Received Import Request.
  Time since last request: 0.000033 seconds.
  path: Assets/Space Exploration/Picto_Icons/Dark_Purple/hourglass-256.png
  artifactKey: Guid(f52a25f961dddab4493d2f25c74bf8e0) Importer(2089858483,b0f066a214c2f5e87bad3c948f4d605d)
Start importing Assets/Space Exploration/Picto_Icons/Dark_Purple/hourglass-256.png using Guid(f52a25f961dddab4493d2f25c74bf8e0) Importer(2089858483,b0f066a214c2f5e87bad3c948f4d605d) (ScriptedImporter) -> (artifact id: '8ce654e65b1d93db759a2031db81a8b1') in 0.0447828 seconds
Number of updated asset objects reloaded before import = 0Number of asset objects unloaded after import = 3

========================================================================
Received Import Request.
  Time since last request: 0.000042 seconds.
  path: Assets/Space Exploration/Icons/crescent-moon-256.png
  artifactKey: Guid(0108bdc7d010b3347a4ad8e0bb9750cc) Importer(2089858483,b0f066a214c2f5e87bad3c948f4d605d)
Start importing Assets/Space Exploration/Icons/crescent-moon-256.png using Guid(0108bdc7d010b3347a4ad8e0bb9750cc) Importer(2089858483,b0f066a214c2f5e87bad3c948f4d605d) (ScriptedImporter) -> (artifact id: '88eb89ea7c44ad694020cc2be31b8d9d') in 0.0484563 seconds
Number of updated asset objects reloaded before import = 0Number of asset objects unloaded after import = 3

========================================================================
Received Import Request.
  Time since last request: 0.000047 seconds.
  path: Assets/Photon/PhotonUnityNetworking/Demos/PunCockpit/Scripts/Autonomous UI/OnlineDocButton.cs
  artifactKey: Guid(738f2e2e03bb948949a9823e60ee65d5) Importer(2089858483,b0f066a214c2f5e87bad3c948f4d605d)
Start importing Assets/Photon/PhotonUnityNetworking/Demos/PunCockpit/Scripts/Autonomous UI/OnlineDocButton.cs using Guid(738f2e2e03bb948949a9823e60ee65d5) Importer(2089858483,b0f066a214c2f5e87bad3c948f4d605d) (ScriptedImporter) -> (artifact id: '34d5c8529be65c7a3a4be20e2b89cdcb') in 0.036009 seconds
Number of updated asset objects reloaded before import = 0Number of asset objects unloaded after import = 0

========================================================================
Received Import Request.
  Time since last request: 0.000040 seconds.
  path: Assets/Space Exploration/Icons/commet-128.png
  artifactKey: Guid(cb1e1ce02881d974db95da3329c697ad) Importer(2089858483,b0f066a214c2f5e87bad3c948f4d605d)
Start importing Assets/Space Exploration/Icons/commet-128.png using Guid(cb1e1ce02881d974db95da3329c697ad) Importer(2089858483,b0f066a214c2f5e87bad3c948f4d605d) (ScriptedImporter) -> (artifact id: 'ed45d3c1150e27f13dd3d93ba3d78e04') in 0.0598367 seconds
Number of updated asset objects reloaded before import = 0Number of asset objects unloaded after import = 3

========================================================================
Received Import Request.
  Time since last request: 0.000031 seconds.
  path: Assets/Space Exploration/Picto_Icons/Light_Purple/right-arrow-64.png
  artifactKey: Guid(51ef9fc937ae05b418a9fe8dbc569d7e) Importer(2089858483,b0f066a214c2f5e87bad3c948f4d605d)
Start importing Assets/Space Exploration/Picto_Icons/Light_Purple/right-arrow-64.png using Guid(51ef9fc937ae05b418a9fe8dbc569d7e) Importer(2089858483,b0f066a214c2f5e87bad3c948f4d605d) (ScriptedImporter) -> (artifact id: 'ecb29ff0d2416fc7eddbb368306fdd34') in 0.0603248 seconds
Number of updated asset objects reloaded before import = 0Number of asset objects unloaded after import = 3

========================================================================
Received Import Request.
  Time since last request: 0.000044 seconds.
  path: Assets/Space Exploration/Picto_Icons/White/calendar-64.png
  artifactKey: Guid(0141b3e5028b9854896e749fd8a5a200) Importer(2089858483,b0f066a214c2f5e87bad3c948f4d605d)
Start importing Assets/Space Exploration/Picto_Icons/White/calendar-64.png using Guid(0141b3e5028b9854896e749fd8a5a200) Importer(2089858483,b0f066a214c2f5e87bad3c948f4d605d) (ScriptedImporter) -> (artifact id: '56729db92221924074a7345a05a2cea0') in 0.0677269 seconds
Number of updated asset objects reloaded before import = 0Number of asset objects unloaded after import = 3

========================================================================
Received Import Request.
  Time since last request: 0.000054 seconds.
  path: Assets/Space Exploration/Picto_Icons/White/+-64.png
  artifactKey: Guid(5ba9fb218a2833c4ea197db7fd3f5f53) Importer(2089858483,b0f066a214c2f5e87bad3c948f4d605d)
Start importing Assets/Space Exploration/Picto_Icons/White/+-64.png using Guid(5ba9fb218a2833c4ea197db7fd3f5f53) Importer(2089858483,b0f066a214c2f5e87bad3c948f4d605d) (ScriptedImporter) -> (artifact id: '403843247c965b3fd8cd37659f248d47') in 0.0724539 seconds
Number of updated asset objects reloaded before import = 0Number of asset objects unloaded after import = 3

========================================================================
Received Import Request.
  Time since last request: 0.000047 seconds.
  path: Assets/Space Exploration/Picto_Icons/White/mic-64.png
  artifactKey: Guid(466a8de448d0138448b81d0924402015) Importer(2089858483,b0f066a214c2f5e87bad3c948f4d605d)
Start importing Assets/Space Exploration/Picto_Icons/White/mic-64.png using Guid(466a8de448d0138448b81d0924402015) Importer(2089858483,b0f066a214c2f5e87bad3c948f4d605d) (ScriptedImporter) -> (artifact id: 'cd8aaaffaf9acf32b96508ce5e32873f') in 0.0561718 seconds
Number of updated asset objects reloaded before import = 0Number of asset objects unloaded after import = 3

========================================================================
Received Import Request.
  Time since last request: 0.000028 seconds.
  path: Assets/Space Exploration/Icons/trophy-128.png
  artifactKey: Guid(7a9ef7ca97425f34da51f8b445a19116) Importer(2089858483,b0f066a214c2f5e87bad3c948f4d605d)
Start importing Assets/Space Exploration/Icons/trophy-128.png using Guid(7a9ef7ca97425f34da51f8b445a19116) Importer(2089858483,b0f066a214c2f5e87bad3c948f4d605d) (ScriptedImporter) -> (artifact id: '31fbb91e817d7d857aa2c1d30615972e') in 0.0587163 seconds
Number of updated asset objects reloaded before import = 0Number of asset objects unloaded after import = 3

========================================================================
Received Import Request.
  Time since last request: 0.000036 seconds.
  path: Assets/Space Exploration/Picto_Icons/Light_Purple/pickaxe-256.png
  artifactKey: Guid(9313ce4156c342440bb5347847274c08) Importer(2089858483,b0f066a214c2f5e87bad3c948f4d605d)
Start importing Assets/Space Exploration/Picto_Icons/Light_Purple/pickaxe-256.png using Guid(9313ce4156c342440bb5347847274c08) Importer(2089858483,b0f066a214c2f5e87bad3c948f4d605d) (ScriptedImporter) -> (artifact id: '9008499a3742b068b7c904ad87a41cfd') in 0.0567018 seconds
Number of updated asset objects reloaded before import = 0Number of asset objects unloaded after import = 3

========================================================================
Received Import Request.
  Time since last request: 0.000030 seconds.
  path: Assets/Photon/PhotonUnityNetworking/Demos/Shared Assets/Animations/Materials/SuitMaterial.mat
  artifactKey: Guid(ed4e4079e2e99084d8d914283565fc5c) Importer(2089858483,b0f066a214c2f5e87bad3c948f4d605d)
Start importing Assets/Photon/PhotonUnityNetworking/Demos/Shared Assets/Animations/Materials/SuitMaterial.mat using Guid(ed4e4079e2e99084d8d914283565fc5c) Importer(2089858483,b0f066a214c2f5e87bad3c948f4d605d) (ScriptedImporter) -> (artifact id: '1c0368336ad592bb97439d582cbdc5e4') in 0.0536835 seconds
Number of updated asset objects reloaded before import = 0Number of asset objects unloaded after import = 2

========================================================================
Received Import Request.
  Time since last request: 0.000500 seconds.
  path: Assets/Space Exploration/Picto_Icons/White/info-32.png
  artifactKey: Guid(2cb04377a943222418153544dae952e6) Importer(2089858483,b0f066a214c2f5e87bad3c948f4d605d)
Start importing Assets/Space Exploration/Picto_Icons/White/info-32.png using Guid(2cb04377a943222418153544dae952e6) Importer(2089858483,b0f066a214c2f5e87bad3c948f4d605d) (ScriptedImporter) -> (artifact id: '11a099ff0f20b5a41bde4011b07cbb0d') in 0.0477418 seconds
Number of updated asset objects reloaded before import = 0Number of asset objects unloaded after import = 3

========================================================================
Received Import Request.
  Time since last request: 0.000056 seconds.
  path: Assets/Space Exploration/Picto_Icons/Light_Purple/unlock-128.png
  artifactKey: Guid(c4a4cbc7c7f545a46ae9ddd52eb70d39) Importer(2089858483,b0f066a214c2f5e87bad3c948f4d605d)
Start importing Assets/Space Exploration/Picto_Icons/Light_Purple/unlock-128.png using Guid(c4a4cbc7c7f545a46ae9ddd52eb70d39) Importer(2089858483,b0f066a214c2f5e87bad3c948f4d605d) (ScriptedImporter) -> (artifact id: '67d8f91b3c8d5a2a312ef7a078c41a4e') in 0.0645869 seconds
Number of updated asset objects reloaded before import = 0Number of asset objects unloaded after import = 3

========================================================================
Received Import Request.
  Time since last request: 0.000061 seconds.
  path: Assets/Space Exploration/Containers/Extra Large/pause-container-extra-large.png
  artifactKey: Guid(80abe12c7d4962a4e9fd52bda2926c5e) Importer(2089858483,b0f066a214c2f5e87bad3c948f4d605d)
Start importing Assets/Space Exploration/Containers/Extra Large/pause-container-extra-large.png using Guid(80abe12c7d4962a4e9fd52bda2926c5e) Importer(2089858483,b0f066a214c2f5e87bad3c948f4d605d) (ScriptedImporter) -> (artifact id: 'f76708ee529ebfaad56b46f829462f4b') in 0.1040253 seconds
Number of updated asset objects reloaded before import = 0Number of asset objects unloaded after import = 3

========================================================================
Received Import Request.
  Time since last request: 0.000033 seconds.
  path: Assets/Space Exploration/Scenes/Ranking_Demo.unity
  artifactKey: Guid(2a582a9610bb0c14ebbfb8904a45e978) Importer(2089858483,b0f066a214c2f5e87bad3c948f4d605d)
Start importing Assets/Space Exploration/Scenes/Ranking_Demo.unity using Guid(2a582a9610bb0c14ebbfb8904a45e978) Importer(2089858483,b0f066a214c2f5e87bad3c948f4d605d) (ScriptedImporter) -> (artifact id: '8f7f0e78c6919803ccdebfebbcb1dd04') in 0.0709701 seconds
Number of updated asset objects reloaded before import = 0Number of asset objects unloaded after import = 1

========================================================================
Received Import Request.
  Time since last request: 0.000047 seconds.
  path: Assets/Space Exploration/Picto_Icons/Dark_Purple/buy-32.png
  artifactKey: Guid(963275513433cc342945f916dd962099) Importer(2089858483,b0f066a214c2f5e87bad3c948f4d605d)
Start importing Assets/Space Exploration/Picto_Icons/Dark_Purple/buy-32.png using Guid(963275513433cc342945f916dd962099) Importer(2089858483,b0f066a214c2f5e87bad3c948f4d605d) (ScriptedImporter) -> (artifact id: '681f20f84657beec624d6c279f71ccf0') in 0.1142119 seconds
Number of updated asset objects reloaded before import = 0Number of asset objects unloaded after import = 3

========================================================================
Received Import Request.
  Time since last request: 0.000032 seconds.
  path: Assets/Photon/PhotonUnityNetworking/Demos/Shared Assets/Animations/HumanoidWalkTurn.fbx
  artifactKey: Guid(1c52c953c83c2254a9fa72d50250f028) Importer(2089858483,b0f066a214c2f5e87bad3c948f4d605d)
Start importing Assets/Photon/PhotonUnityNetworking/Demos/Shared Assets/Animations/HumanoidWalkTurn.fbx using Guid(1c52c953c83c2254a9fa72d50250f028) Importer(2089858483,b0f066a214c2f5e87bad3c948f4d605d) (ScriptedImporter) -> (artifact id: 'af648d2646ae283a2138a887dfac69db') in 0.1163298 seconds
Number of updated asset objects reloaded before import = 0Number of asset objects unloaded after import = 158

========================================================================
Received Import Request.
  Time since last request: 0.000041 seconds.
  path: Assets/Space Exploration/Picto_Icons/White/crown-128.png
  artifactKey: Guid(a34b1253314094a4d83a4bd11c24e782) Importer(2089858483,b0f066a214c2f5e87bad3c948f4d605d)
Start importing Assets/Space Exploration/Picto_Icons/White/crown-128.png using Guid(a34b1253314094a4d83a4bd11c24e782) Importer(2089858483,b0f066a214c2f5e87bad3c948f4d605d) (ScriptedImporter) -> (artifact id: '99e20820228142b74c87d5f8053f11c2') in 0.0619448 seconds
Number of updated asset objects reloaded before import = 0Number of asset objects unloaded after import = 3

========================================================================
Received Import Request.
  Time since last request: 0.000028 seconds.
  path: Assets/Space Exploration/Prefabs/Buttons_Simple/Medium/Yellow/Short_Yellow_Medium_Button.prefab
  artifactKey: Guid(98d197990d000104fb9d6e1f5c42b301) Importer(2089858483,b0f066a214c2f5e87bad3c948f4d605d)
Start importing Assets/Space Exploration/Prefabs/Buttons_Simple/Medium/Yellow/Short_Yellow_Medium_Button.prefab using Guid(98d197990d000104fb9d6e1f5c42b301) Importer(2089858483,b0f066a214c2f5e87bad3c948f4d605d) (ScriptedImporter) -> (artifact id: 'ebed234e84a2867b57b3b443ece8ba61') in 0.1729145 seconds
Number of updated asset objects reloaded before import = 0Number of asset objects unloaded after import = 18

========================================================================
Received Import Request.
  Time since last request: 0.000044 seconds.
  path: Assets/Settings/UniversalRenderPipelineGlobalSettings.asset
  artifactKey: Guid(18dc0cd2c080841dea60987a38ce93fa) Importer(2089858483,b0f066a214c2f5e87bad3c948f4d605d)
Start importing Assets/Settings/UniversalRenderPipelineGlobalSettings.asset using Guid(18dc0cd2c080841dea60987a38ce93fa) Importer(2089858483,b0f066a214c2f5e87bad3c948f4d605d) (ScriptedImporter) -> (artifact id: 'e256efae51e06fb8dff3160b7b0368a0') in 0.4471185 seconds
Number of updated asset objects reloaded before import = 0Number of asset objects unloaded after import = 0

========================================================================
Received Import Request.
  Time since last request: 0.000034 seconds.
  path: Assets/Space Exploration/Picto_Icons/Dark_Purple/eat-256.png
  artifactKey: Guid(2023ce366f366144cb90efeeae9bd23d) Importer(2089858483,b0f066a214c2f5e87bad3c948f4d605d)
Start importing Assets/Space Exploration/Picto_Icons/Dark_Purple/eat-256.png using Guid(2023ce366f366144cb90efeeae9bd23d) Importer(2089858483,b0f066a214c2f5e87bad3c948f4d605d) (ScriptedImporter) -> (artifact id: 'ed13c4258b96a907ac12bcee2423e8cf') in 0.0599217 seconds
Number of updated asset objects reloaded before import = 0Number of asset objects unloaded after import = 3

========================================================================
Received Import Request.
  Time since last request: 0.000040 seconds.
  path: Assets/Space Exploration/Picto_Icons/Light_Purple/caution-128.png
  artifactKey: Guid(e1b39aa92a0953147a7c00cca11b5e07) Importer(2089858483,b0f066a214c2f5e87bad3c948f4d605d)
Start importing Assets/Space Exploration/Picto_Icons/Light_Purple/caution-128.png using Guid(e1b39aa92a0953147a7c00cca11b5e07) Importer(2089858483,b0f066a214c2f5e87bad3c948f4d605d) (ScriptedImporter) -> (artifact id: 'f78fc976eec6fb4df836737a04a6c286') in 0.1259041 seconds
Number of updated asset objects reloaded before import = 0Number of asset objects unloaded after import = 3

========================================================================
Received Import Request.
  Time since last request: 0.000045 seconds.
  path: Assets/Photon/PhotonLibs/changes-library.txt
  artifactKey: Guid(d8040d310df77714a90a561261bfb2cb) Importer(2089858483,b0f066a214c2f5e87bad3c948f4d605d)
Start importing Assets/Photon/PhotonLibs/changes-library.txt using Guid(d8040d310df77714a90a561261bfb2cb) Importer(2089858483,b0f066a214c2f5e87bad3c948f4d605d) (ScriptedImporter) -> (artifact id: '899907b090e71bc4fd98a3fb9ce75d66') in 0.1285481 seconds
Number of updated asset objects reloaded before import = 0Number of asset objects unloaded after import = 1

========================================================================
Received Import Request.
  Time since last request: 0.000041 seconds.
  path: Assets/Space Exploration/Icons/gun-128.png
  artifactKey: Guid(44f8c69802068264599809705c4b512c) Importer(2089858483,b0f066a214c2f5e87bad3c948f4d605d)
Start importing Assets/Space Exploration/Icons/gun-128.png using Guid(44f8c69802068264599809705c4b512c) Importer(2089858483,b0f066a214c2f5e87bad3c948f4d605d) (ScriptedImporter) -> (artifact id: '321071dc71106b91bec6112c2ca4a2a7') in 0.0959314 seconds
Number of updated asset objects reloaded before import = 0Number of asset objects unloaded after import = 3

========================================================================
Received Import Request.
  Time since last request: 0.000028 seconds.
  path: Assets/Photon/PhotonUnityNetworking/Demos/PunCockpit/Scripts/ReadOnlyProperties/ServerAddressProperty.cs
  artifactKey: Guid(f467ca90418914fcd959dcc9ebb1edca) Importer(2089858483,b0f066a214c2f5e87bad3c948f4d605d)
Start importing Assets/Photon/PhotonUnityNetworking/Demos/PunCockpit/Scripts/ReadOnlyProperties/ServerAddressProperty.cs using Guid(f467ca90418914fcd959dcc9ebb1edca) Importer(2089858483,b0f066a214c2f5e87bad3c948f4d605d) (ScriptedImporter) -> (artifact id: '69e2ca86d5a1d3d02cd1e6bddad78b29') in 0.054595 seconds
Number of updated asset objects reloaded before import = 0Number of asset objects unloaded after import = 0

========================================================================
Received Import Request.
  Time since last request: 0.000040 seconds.
  path: Assets/Space Exploration/Picto_Icons/White/key-256.png
  artifactKey: Guid(cba703a3acf2ec0438eb443605856f66) Importer(2089858483,b0f066a214c2f5e87bad3c948f4d605d)
Start importing Assets/Space Exploration/Picto_Icons/White/key-256.png using Guid(cba703a3acf2ec0438eb443605856f66) Importer(2089858483,b0f066a214c2f5e87bad3c948f4d605d) (ScriptedImporter) -> (artifact id: 'a80f9b915d5d7fc857674aff283e7cc8') in 0.0960625 seconds
Number of updated asset objects reloaded before import = 0Number of asset objects unloaded after import = 3

========================================================================
Received Import Request.
  Time since last request: 0.000038 seconds.
  path: Assets/Space Exploration/Button_Images/Disabled_Sprites/Large/short-disabled-large.png
  artifactKey: Guid(532f4ea3f83d6c3419b81c0bcc97d945) Importer(2089858483,b0f066a214c2f5e87bad3c948f4d605d)
Start importing Assets/Space Exploration/Button_Images/Disabled_Sprites/Large/short-disabled-large.png using Guid(532f4ea3f83d6c3419b81c0bcc97d945) Importer(2089858483,b0f066a214c2f5e87bad3c948f4d605d) (ScriptedImporter) -> (artifact id: '370b5f64bb31c93e7fb677ad9056dc37') in 0.0991544 seconds
Number of updated asset objects reloaded before import = 0Number of asset objects unloaded after import = 3

========================================================================
Received Import Request.
  Time since last request: 0.000038 seconds.
  path: Assets/Space Exploration/Picto_Icons/Light_Purple/potion-256.png
  artifactKey: Guid(47dee8db82732fc488200684cb7c30e7) Importer(2089858483,b0f066a214c2f5e87bad3c948f4d605d)
Start importing Assets/Space Exploration/Picto_Icons/Light_Purple/potion-256.png using Guid(47dee8db82732fc488200684cb7c30e7) Importer(2089858483,b0f066a214c2f5e87bad3c948f4d605d) (ScriptedImporter) -> (artifact id: '4f5b64ac77b06e2a5a7c4e0a8c19c240') in 0.0503148 seconds
Number of updated asset objects reloaded before import = 0Number of asset objects unloaded after import = 3

========================================================================
Received Import Request.
  Time since last request: 0.000034 seconds.
  path: Assets/Space Exploration/Picto_Icons/Light_Purple/bow-32.png
  artifactKey: Guid(876032fe83829384092165add50e8487) Importer(2089858483,b0f066a214c2f5e87bad3c948f4d605d)
Start importing Assets/Space Exploration/Picto_Icons/Light_Purple/bow-32.png using Guid(876032fe83829384092165add50e8487) Importer(2089858483,b0f066a214c2f5e87bad3c948f4d605d) (ScriptedImporter) -> (artifact id: '471d1a56d7cb77508c7a6c7db2fb80d9') in 0.0642762 seconds
Number of updated asset objects reloaded before import = 0Number of asset objects unloaded after import = 3

========================================================================
Received Import Request.
  Time since last request: 0.000037 seconds.
  path: Assets/PlayFabSDK/Shared/Internal/PlayFabHttp/GzipDownloadHandler.cs
  artifactKey: Guid(40479a6315f18a54a9db2c924e0af5ae) Importer(2089858483,b0f066a214c2f5e87bad3c948f4d605d)
Start importing Assets/PlayFabSDK/Shared/Internal/PlayFabHttp/GzipDownloadHandler.cs using Guid(40479a6315f18a54a9db2c924e0af5ae) Importer(2089858483,b0f066a214c2f5e87bad3c948f4d605d) (ScriptedImporter) -> (artifact id: '8cccc773b12f4519a2a57aec29c9bcd8') in 0.0563109 seconds
Number of updated asset objects reloaded before import = 0Number of asset objects unloaded after import = 0

========================================================================
Received Import Request.
  Time since last request: 0.000040 seconds.
  path: Assets/Space Exploration/Picto_Icons/White/heart-128.png
  artifactKey: Guid(25e718eadb818844a9d418c666143eb5) Importer(2089858483,b0f066a214c2f5e87bad3c948f4d605d)
Start importing Assets/Space Exploration/Picto_Icons/White/heart-128.png using Guid(25e718eadb818844a9d418c666143eb5) Importer(2089858483,b0f066a214c2f5e87bad3c948f4d605d) (ScriptedImporter) -> (artifact id: '6caa17d67982c682d1a02edcd534e6be') in 0.0529595 seconds
Number of updated asset objects reloaded before import = 0Number of asset objects unloaded after import = 3

========================================================================
Received Import Request.
  Time since last request: 0.000036 seconds.
  path: Assets/Space Exploration/Picto_Icons/Dark_Purple/info-256.png
  artifactKey: Guid(95792a883a850334cab10bdc3df4609e) Importer(2089858483,b0f066a214c2f5e87bad3c948f4d605d)
Start importing Assets/Space Exploration/Picto_Icons/Dark_Purple/info-256.png using Guid(95792a883a850334cab10bdc3df4609e) Importer(2089858483,b0f066a214c2f5e87bad3c948f4d605d) (ScriptedImporter) -> (artifact id: '310395f966d4269f177fdec71acf506c') in 0.0767927 seconds
Number of updated asset objects reloaded before import = 0Number of asset objects unloaded after import = 3

========================================================================
Received Import Request.
  Time since last request: 0.000037 seconds.
  path: Assets/Space Exploration/Picto_Icons/Light_Purple/play-32.png
  artifactKey: Guid(57dc93e8fa4ab914ca7b9b2518b898eb) Importer(2089858483,b0f066a214c2f5e87bad3c948f4d605d)
Start importing Assets/Space Exploration/Picto_Icons/Light_Purple/play-32.png using Guid(57dc93e8fa4ab914ca7b9b2518b898eb) Importer(2089858483,b0f066a214c2f5e87bad3c948f4d605d) (ScriptedImporter) -> (artifact id: 'ee2a1779447ab747e1a3589a6f73d343') in 0.0987717 seconds
Number of updated asset objects reloaded before import = 0Number of asset objects unloaded after import = 3

========================================================================
Received Import Request.
  Time since last request: 0.000047 seconds.
  path: Assets/Space Exploration/Icons/crescent-moon-128.png
  artifactKey: Guid(bc899326349c98241b532bfb1514bf58) Importer(2089858483,b0f066a214c2f5e87bad3c948f4d605d)
Start importing Assets/Space Exploration/Icons/crescent-moon-128.png using Guid(bc899326349c98241b532bfb1514bf58) Importer(2089858483,b0f066a214c2f5e87bad3c948f4d605d) (ScriptedImporter) -> (artifact id: 'b082178a33c49bc19116c2888e4ec2f2') in 0.0483253 seconds
Number of updated asset objects reloaded before import = 0Number of asset objects unloaded after import = 3

========================================================================
Received Import Request.
  Time since last request: 0.000052 seconds.
  path: Assets/Space Exploration/Settings_&_Menu_Components/Small/sound-bar-fill-segment-small.png
  artifactKey: Guid(5f01979d61f139544802e8072dc032fd) Importer(2089858483,b0f066a214c2f5e87bad3c948f4d605d)
Start importing Assets/Space Exploration/Settings_&_Menu_Components/Small/sound-bar-fill-segment-small.png using Guid(5f01979d61f139544802e8072dc032fd) Importer(2089858483,b0f066a214c2f5e87bad3c948f4d605d) (ScriptedImporter) -> (artifact id: '73f28b4a7493ded2bf245cd97cbc8dac') in 0.0390865 seconds
Number of updated asset objects reloaded before import = 0Number of asset objects unloaded after import = 3

========================================================================
Received Import Request.
  Time since last request: 0.000034 seconds.
  path: Assets/Space Exploration/Grid_Components/Small/locked-level-overlay-small.png
  artifactKey: Guid(a9b436cccff251a429809210a1c7b441) Importer(2089858483,b0f066a214c2f5e87bad3c948f4d605d)
Start importing Assets/Space Exploration/Grid_Components/Small/locked-level-overlay-small.png using Guid(a9b436cccff251a429809210a1c7b441) Importer(2089858483,b0f066a214c2f5e87bad3c948f4d605d) (ScriptedImporter) -> (artifact id: '08a5466f9318de96899b5520fc11543c') in 0.0976372 seconds
Number of updated asset objects reloaded before import = 0Number of asset objects unloaded after import = 3

========================================================================
Received Import Request.
  Time since last request: 0.000399 seconds.
  path: Assets/PlayFabEditorExtensions/Editor/Scripts/PlayFabEditorSDK/PlayFabEditorHttp.cs
  artifactKey: Guid(f495d2bd2522f354d82ab4c043cbc727) Importer(2089858483,b0f066a214c2f5e87bad3c948f4d605d)
Start importing Assets/PlayFabEditorExtensions/Editor/Scripts/PlayFabEditorSDK/PlayFabEditorHttp.cs using Guid(f495d2bd2522f354d82ab4c043cbc727) Importer(2089858483,b0f066a214c2f5e87bad3c948f4d605d) (ScriptedImporter) -> (artifact id: '0cef97f4402e8aad3c7d2c3fe226a41f') in 0.0672732 seconds
Number of updated asset objects reloaded before import = 0Number of asset objects unloaded after import = 0

========================================================================
Received Import Request.
  Time since last request: 0.000049 seconds.
  path: Assets/Space Exploration/Prefabs/Buttons_Simple/Medium/Purple/Large_Purple_Medium_Button.prefab
  artifactKey: Guid(0116fb161d7827145add00d0a48b5492) Importer(2089858483,b0f066a214c2f5e87bad3c948f4d605d)
Start importing Assets/Space Exploration/Prefabs/Buttons_Simple/Medium/Purple/Large_Purple_Medium_Button.prefab using Guid(0116fb161d7827145add00d0a48b5492) Importer(2089858483,b0f066a214c2f5e87bad3c948f4d605d) (ScriptedImporter) -> (artifact id: 'd84f94fa8e6c1eb2ec0f0268f9b5804a') in 0.138294 seconds
Number of updated asset objects reloaded before import = 0Number of asset objects unloaded after import = 18

========================================================================
Received Import Request.
  Time since last request: 0.000033 seconds.
  path: Assets/Free LowPoly Pack/Meshes/CornerWindowA_mesh.fbx
  artifactKey: Guid(a9dd38c484b428f449090e885042f887) Importer(2089858483,b0f066a214c2f5e87bad3c948f4d605d)
Start importing Assets/Free LowPoly Pack/Meshes/CornerWindowA_mesh.fbx using Guid(a9dd38c484b428f449090e885042f887) Importer(2089858483,b0f066a214c2f5e87bad3c948f4d605d) (ScriptedImporter) -> (artifact id: 'd88bcd7d762f2fc6775ae38be5d420a9') in 0.070307 seconds
Number of updated asset objects reloaded before import = 0Number of asset objects unloaded after import = 12

========================================================================
Received Import Request.
  Time since last request: 0.000038 seconds.
  path: Assets/Space Exploration/Picto_Icons/Dark_Purple/location-256.png
  artifactKey: Guid(79da1f227114abc46a4ae6c7b2691749) Importer(2089858483,b0f066a214c2f5e87bad3c948f4d605d)
Start importing Assets/Space Exploration/Picto_Icons/Dark_Purple/location-256.png using Guid(79da1f227114abc46a4ae6c7b2691749) Importer(2089858483,b0f066a214c2f5e87bad3c948f4d605d) (ScriptedImporter) -> (artifact id: '433277e368eb54bf33a09df09f2e3a5f') in 0.0571459 seconds
Number of updated asset objects reloaded before import = 0Number of asset objects unloaded after import = 3

========================================================================
Received Import Request.
  Time since last request: 0.000037 seconds.
  path: Assets/UserSettings
  artifactKey: Guid(d12f6bf6d0c6bb34884c4e644c7b1625) Importer(2089858483,b0f066a214c2f5e87bad3c948f4d605d)
Start importing Assets/UserSettings using Guid(d12f6bf6d0c6bb34884c4e644c7b1625) Importer(2089858483,b0f066a214c2f5e87bad3c948f4d605d) (ScriptedImporter) -> (artifact id: '5294ec490cd355f6b1b680ec126ffe1c') in 0.03053 seconds
Number of updated asset objects reloaded before import = 0Number of asset objects unloaded after import = 1

========================================================================
Received Import Request.
  Time since last request: 0.000059 seconds.
  path: Assets/Space Exploration/Picto_Icons/Light_Purple/question-32.png
  artifactKey: Guid(68a146c246aecb4458f1e00d183c99f1) Importer(2089858483,b0f066a214c2f5e87bad3c948f4d605d)
Start importing Assets/Space Exploration/Picto_Icons/Light_Purple/question-32.png using Guid(68a146c246aecb4458f1e00d183c99f1) Importer(2089858483,b0f066a214c2f5e87bad3c948f4d605d) (ScriptedImporter) -> (artifact id: '65927a773bdc1f81b32a01119dc3e43a') in 0.0724604 seconds
Number of updated asset objects reloaded before import = 0Number of asset objects unloaded after import = 3

========================================================================
Received Import Request.
  Time since last request: 0.000031 seconds.
  path: Assets/Space Exploration/Picto_Icons/White/mic-off-256.png
  artifactKey: Guid(a4211b06fe56ae1498c3ffa474ceafd9) Importer(2089858483,b0f066a214c2f5e87bad3c948f4d605d)
Start importing Assets/Space Exploration/Picto_Icons/White/mic-off-256.png using Guid(a4211b06fe56ae1498c3ffa474ceafd9) Importer(2089858483,b0f066a214c2f5e87bad3c948f4d605d) (ScriptedImporter) -> (artifact id: '8821834cfbf068b7aaec49066587b57a') in 0.0566724 seconds
Number of updated asset objects reloaded before import = 0Number of asset objects unloaded after import = 3

========================================================================
Received Import Request.
  Time since last request: 0.000044 seconds.
  path: Assets/Free LowPoly Pack/Meshes/GateSmallFrameC_mesh.fbx
  artifactKey: Guid(6c6b31e560e09604081a2848c153e8d1) Importer(2089858483,b0f066a214c2f5e87bad3c948f4d605d)
Start importing Assets/Free LowPoly Pack/Meshes/GateSmallFrameC_mesh.fbx using Guid(6c6b31e560e09604081a2848c153e8d1) Importer(2089858483,b0f066a214c2f5e87bad3c948f4d605d) (ScriptedImporter) -> (artifact id: '434be6f5514c2bb6cf2a7e621de6d911') in 0.0464052 seconds
Number of updated asset objects reloaded before import = 0Number of asset objects unloaded after import = 13

========================================================================
Received Import Request.
  Time since last request: 0.000038 seconds.
  path: Assets/PlayFabSDK
  artifactKey: Guid(e53d5e839d5caa945b9b859abe15689b) Importer(2089858483,b0f066a214c2f5e87bad3c948f4d605d)
Start importing Assets/PlayFabSDK using Guid(e53d5e839d5caa945b9b859abe15689b) Importer(2089858483,b0f066a214c2f5e87bad3c948f4d605d) (ScriptedImporter) -> (artifact id: '7df33ff32fefbcd7e06a8dd32655d298') in 0.0211087 seconds
Number of updated asset objects reloaded before import = 0Number of asset objects unloaded after import = 1

========================================================================
Received Import Request.
  Time since last request: 0.000045 seconds.
  path: Assets/Space Exploration/Icons/drill-512.png
  artifactKey: Guid(3f6aefbfbafa19c41879cb6c4c16ba1e) Importer(2089858483,b0f066a214c2f5e87bad3c948f4d605d)
Start importing Assets/Space Exploration/Icons/drill-512.png using Guid(3f6aefbfbafa19c41879cb6c4c16ba1e) Importer(2089858483,b0f066a214c2f5e87bad3c948f4d605d) (ScriptedImporter) -> (artifact id: '4363b5b3138f291eed7f91c4affaaf65') in 0.0630641 seconds
Number of updated asset objects reloaded before import = 0Number of asset objects unloaded after import = 3

========================================================================
Received Import Request.
  Time since last request: 0.000066 seconds.
  path: Assets/Photon/PhotonRealtime/Code/LoadBalancingClient.cs
  artifactKey: Guid(f4e65968c7102bf42a77b6a5cade8743) Importer(2089858483,b0f066a214c2f5e87bad3c948f4d605d)
Start importing Assets/Photon/PhotonRealtime/Code/LoadBalancingClient.cs using Guid(f4e65968c7102bf42a77b6a5cade8743) Importer(2089858483,b0f066a214c2f5e87bad3c948f4d605d) (ScriptedImporter) -> (artifact id: '765a077e08e707050df7bb3cb0b69e6e') in 0.0615792 seconds
Number of updated asset objects reloaded before import = 0Number of asset objects unloaded after import = 0

========================================================================
Received Import Request.
  Time since last request: 0.000041 seconds.
  path: Assets/Space Exploration/Picto_Icons/Light_Purple/pencil-256.png
  artifactKey: Guid(ee8847c774c34aa4bae4af13f134a703) Importer(2089858483,b0f066a214c2f5e87bad3c948f4d605d)
Start importing Assets/Space Exploration/Picto_Icons/Light_Purple/pencil-256.png using Guid(ee8847c774c34aa4bae4af13f134a703) Importer(2089858483,b0f066a214c2f5e87bad3c948f4d605d) (ScriptedImporter) -> (artifact id: 'b2345fca840844ebad3d12b8193d7d32') in 0.060101 seconds
Number of updated asset objects reloaded before import = 0Number of asset objects unloaded after import = 3

========================================================================
Received Import Request.
  Time since last request: 0.000021 seconds.
  path: Assets/Space Exploration/Icons/plant-64.png
  artifactKey: Guid(51e8f439c103741479e6e6194c5a681f) Importer(2089858483,b0f066a214c2f5e87bad3c948f4d605d)
Start importing Assets/Space Exploration/Icons/plant-64.png using Guid(51e8f439c103741479e6e6194c5a681f) Importer(2089858483,b0f066a214c2f5e87bad3c948f4d605d) (ScriptedImporter) -> (artifact id: 'd20688645508c5a63dca256c40253107') in 0.157393 seconds
Number of updated asset objects reloaded before import = 0Number of asset objects unloaded after import = 3

========================================================================
Received Import Request.
  Time since last request: 0.000039 seconds.
  path: Assets/Space Exploration/Picto_Icons/Light_Purple/cross-256.png
  artifactKey: Guid(02fe4d41cb41b6a4e8859d588a2cf261) Importer(2089858483,b0f066a214c2f5e87bad3c948f4d605d)
Start importing Assets/Space Exploration/Picto_Icons/Light_Purple/cross-256.png using Guid(02fe4d41cb41b6a4e8859d588a2cf261) Importer(2089858483,b0f066a214c2f5e87bad3c948f4d605d) (ScriptedImporter) -> (artifact id: 'a878205fc6dd2cd31e84f3ad38232285') in 0.0588295 seconds
Number of updated asset objects reloaded before import = 0Number of asset objects unloaded after import = 3

========================================================================
Received Import Request.
  Time since last request: 0.000215 seconds.
  path: Assets/Space Exploration/Prefabs/UI_Elements/Large/Currency Bars/Coin_Amount_Large.prefab
  artifactKey: Guid(ec1be0d1c729b9945b2775e62ddf4061) Importer(2089858483,b0f066a214c2f5e87bad3c948f4d605d)
Start importing Assets/Space Exploration/Prefabs/UI_Elements/Large/Currency Bars/Coin_Amount_Large.prefab using Guid(ec1be0d1c729b9945b2775e62ddf4061) Importer(2089858483,b0f066a214c2f5e87bad3c948f4d605d) (ScriptedImporter) -> (artifact id: '2d4f11fda3663c3f8bd18718494eb8fd') in 0.0601022 seconds
Number of updated asset objects reloaded before import = 0Number of asset objects unloaded after import = 27

========================================================================
Received Import Request.
  Time since last request: 0.000037 seconds.
  path: Assets/Space Exploration/Picto_Icons/White/cross-256.png
  artifactKey: Guid(0deadde77c9afe544a0534f91adc39b3) Importer(2089858483,b0f066a214c2f5e87bad3c948f4d605d)
Start importing Assets/Space Exploration/Picto_Icons/White/cross-256.png using Guid(0deadde77c9afe544a0534f91adc39b3) Importer(2089858483,b0f066a214c2f5e87bad3c948f4d605d) (ScriptedImporter) -> (artifact id: 'd7d7b899a01759bc6aeea26d3cc9d005') in 0.0725696 seconds
Number of updated asset objects reloaded before import = 0Number of asset objects unloaded after import = 3

========================================================================
Received Import Request.
  Time since last request: 0.000030 seconds.
  path: Assets/Space Exploration/Picto_Icons/Light_Purple/add-person-64.png
  artifactKey: Guid(bd5a4b1b12bb5f042941c05fb9b9f26a) Importer(2089858483,b0f066a214c2f5e87bad3c948f4d605d)
Start importing Assets/Space Exploration/Picto_Icons/Light_Purple/add-person-64.png using Guid(bd5a4b1b12bb5f042941c05fb9b9f26a) Importer(2089858483,b0f066a214c2f5e87bad3c948f4d605d) (ScriptedImporter) -> (artifact id: '49808bf110a7e0621801baf59b5d6e77') in 0.0512352 seconds
Number of updated asset objects reloaded before import = 0Number of asset objects unloaded after import = 3

========================================================================
Received Import Request.
  Time since last request: 0.000376 seconds.
  path: Assets/Space Exploration/Picto_Icons/White/trophy-2-256.png
  artifactKey: Guid(787d1ed9dad72d64695b4544a2a04c41) Importer(2089858483,b0f066a214c2f5e87bad3c948f4d605d)
Start importing Assets/Space Exploration/Picto_Icons/White/trophy-2-256.png using Guid(787d1ed9dad72d64695b4544a2a04c41) Importer(2089858483,b0f066a214c2f5e87bad3c948f4d605d) (ScriptedImporter) -> (artifact id: 'a7ffc73fb1493d442b457e6447805cb2') in 0.0547174 seconds
Number of updated asset objects reloaded before import = 0Number of asset objects unloaded after import = 3

========================================================================
Received Import Request.
  Time since last request: 0.000029 seconds.
  path: Assets/Space Exploration/Button_Images/Highlighted_Sprite/large/extra-long-yellow-highlight-large.png
  artifactKey: Guid(07ddac96a763d41478525b503dff2f7a) Importer(2089858483,b0f066a214c2f5e87bad3c948f4d605d)
Start importing Assets/Space Exploration/Button_Images/Highlighted_Sprite/large/extra-long-yellow-highlight-large.png using Guid(07ddac96a763d41478525b503dff2f7a) Importer(2089858483,b0f066a214c2f5e87bad3c948f4d605d) (ScriptedImporter) -> (artifact id: '41df845ccce0418adec70b387b37d26b') in 0.0548104 seconds
Number of updated asset objects reloaded before import = 0Number of asset objects unloaded after import = 3

========================================================================
Received Import Request.
  Time since last request: 0.000048 seconds.
  path: Assets/Space Exploration/Other_Images/Large/shooting-star-pink-short-large.png
  artifactKey: Guid(03cc20ab31846334097ffcd3c156a0f2) Importer(2089858483,b0f066a214c2f5e87bad3c948f4d605d)
Start importing Assets/Space Exploration/Other_Images/Large/shooting-star-pink-short-large.png using Guid(03cc20ab31846334097ffcd3c156a0f2) Importer(2089858483,b0f066a214c2f5e87bad3c948f4d605d) (ScriptedImporter) -> (artifact id: 'a0885a59d0b199cf2ca9f1923ec88a18') in 0.058868 seconds
Number of updated asset objects reloaded before import = 0Number of asset objects unloaded after import = 3

========================================================================
Received Import Request.
  Time since last request: 0.000066 seconds.
  path: Assets/Photon/PhotonChat/Code/ChatClient.cs
  artifactKey: Guid(692e391fa2a297c45b3d530aa85be610) Importer(2089858483,b0f066a214c2f5e87bad3c948f4d605d)
Start importing Assets/Photon/PhotonChat/Code/ChatClient.cs using Guid(692e391fa2a297c45b3d530aa85be610) Importer(2089858483,b0f066a214c2f5e87bad3c948f4d605d) (ScriptedImporter) -> (artifact id: '15f685c4912e4ec829d7c6638da515fa') in 0.0299543 seconds
Number of updated asset objects reloaded before import = 0Number of asset objects unloaded after import = 0

========================================================================
Received Import Request.
  Time since last request: 0.000055 seconds.
  path: Assets/Space Exploration/Picto_Icons/Dark_Purple/shuffle-arrow-32.png
  artifactKey: Guid(d913c63a73b1efd458e3f56fd3268524) Importer(2089858483,b0f066a214c2f5e87bad3c948f4d605d)
Start importing Assets/Space Exploration/Picto_Icons/Dark_Purple/shuffle-arrow-32.png using Guid(d913c63a73b1efd458e3f56fd3268524) Importer(2089858483,b0f066a214c2f5e87bad3c948f4d605d) (ScriptedImporter) -> (artifact id: '3b9593d2d460a3b5dae52db78cb9632e') in 0.0832991 seconds
Number of updated asset objects reloaded before import = 0Number of asset objects unloaded after import = 3

========================================================================
Received Import Request.
  Time since last request: 0.000034 seconds.
  path: Assets/Photon/PhotonUnityNetworking/Code/Editor/PunGradient.png
  artifactKey: Guid(1faa1cf0448470c4ebbb23b97759ab50) Importer(2089858483,b0f066a214c2f5e87bad3c948f4d605d)
Start importing Assets/Photon/PhotonUnityNetworking/Code/Editor/PunGradient.png using Guid(1faa1cf0448470c4ebbb23b97759ab50) Importer(2089858483,b0f066a214c2f5e87bad3c948f4d605d) (ScriptedImporter) -> (artifact id: '605b58d5250dd3c308dbfdb2ac533698') in 0.0634758 seconds
Number of updated asset objects reloaded before import = 0Number of asset objects unloaded after import = 1

========================================================================
Received Import Request.
  Time since last request: 0.000041 seconds.
  path: Assets/Photon/PhotonUnityNetworking/Demos/DemoProcedural/Scripts/Cluster.cs
  artifactKey: Guid(3fde284a91e7bf14dbf72b084e11736d) Importer(2089858483,b0f066a214c2f5e87bad3c948f4d605d)
Start importing Assets/Photon/PhotonUnityNetworking/Demos/DemoProcedural/Scripts/Cluster.cs using Guid(3fde284a91e7bf14dbf72b084e11736d) Importer(2089858483,b0f066a214c2f5e87bad3c948f4d605d) (ScriptedImporter) -> (artifact id: 'ac96d1d16c7ddde56a0802450ad8ff75') in 0.0653665 seconds
Number of updated asset objects reloaded before import = 0Number of asset objects unloaded after import = 0

========================================================================
Received Import Request.
  Time since last request: 0.000030 seconds.
  path: Assets/Photon/PhotonUnityNetworking/Code/PhotonHandler.cs
  artifactKey: Guid(177bddf229f8d8445a70c0652f03b7df) Importer(2089858483,b0f066a214c2f5e87bad3c948f4d605d)
Start importing Assets/Photon/PhotonUnityNetworking/Code/PhotonHandler.cs using Guid(177bddf229f8d8445a70c0652f03b7df) Importer(2089858483,b0f066a214c2f5e87bad3c948f4d605d) (ScriptedImporter) -> (artifact id: '21ce40bb84ca2dabb32579187065a01a') in 0.0941482 seconds
Number of updated asset objects reloaded before import = 0Number of asset objects unloaded after import = 0

========================================================================
Received Import Request.
  Time since last request: 0.000042 seconds.
  path: Assets/Space Exploration/Picto_Icons
  artifactKey: Guid(ee01f977bea84404088b5960bca954c4) Importer(2089858483,b0f066a214c2f5e87bad3c948f4d605d)
Start importing Assets/Space Exploration/Picto_Icons using Guid(ee01f977bea84404088b5960bca954c4) Importer(2089858483,b0f066a214c2f5e87bad3c948f4d605d) (ScriptedImporter) -> (artifact id: '66bca5aae92c37ba0b04dc0409285725') in 0.0371441 seconds
Number of updated asset objects reloaded before import = 0Number of asset objects unloaded after import = 1

========================================================================
Received Import Request.
  Time since last request: 0.000038 seconds.
  path: Assets/Space Exploration/Containers/Large/homepage-icon-container-large.png
  artifactKey: Guid(abd679e4068d6674aa8633499c062740) Importer(2089858483,b0f066a214c2f5e87bad3c948f4d605d)
Start importing Assets/Space Exploration/Containers/Large/homepage-icon-container-large.png using Guid(abd679e4068d6674aa8633499c062740) Importer(2089858483,b0f066a214c2f5e87bad3c948f4d605d) (ScriptedImporter) -> (artifact id: '99c5bf63f1155189f454e6f2c4d1e793') in 0.0668052 seconds
Number of updated asset objects reloaded before import = 0Number of asset objects unloaded after import = 3

========================================================================
Received Import Request.
  Time since last request: 0.000031 seconds.
  path: Assets/Space Exploration/Icons/drill-64.png
  artifactKey: Guid(431c7b60d0303f741bb07acbddb5541c) Importer(2089858483,b0f066a214c2f5e87bad3c948f4d605d)
Start importing Assets/Space Exploration/Icons/drill-64.png using Guid(431c7b60d0303f741bb07acbddb5541c) Importer(2089858483,b0f066a214c2f5e87bad3c948f4d605d) (ScriptedImporter) -> (artifact id: '7c28e81fc87bff4d9c918be5b24aa25c') in 0.0493591 seconds
Number of updated asset objects reloaded before import = 0Number of asset objects unloaded after import = 3

========================================================================
Received Import Request.
  Time since last request: 0.000030 seconds.
  path: Assets/TextMesh Pro/Shaders/TMP_SDF-Mobile.shader
  artifactKey: Guid(fe393ace9b354375a9cb14cdbbc28be4) Importer(2089858483,b0f066a214c2f5e87bad3c948f4d605d)
Start importing Assets/TextMesh Pro/Shaders/TMP_SDF-Mobile.shader using Guid(fe393ace9b354375a9cb14cdbbc28be4) Importer(2089858483,b0f066a214c2f5e87bad3c948f4d605d) (ScriptedImporter) -> (artifact id: '744148d0167b4a0ca3a87f29a2a0c10f') in 0.0511538 seconds
Number of updated asset objects reloaded before import = 0Number of asset objects unloaded after import = 1

========================================================================
Received Import Request.
  Time since last request: 0.000038 seconds.
  path: Assets/Space Exploration/Rank_System_Components/Extra Large/ranking-3rd-highlight-extra-large.png
  artifactKey: Guid(72274dfa948d45044a3cfa1690b4dc94) Importer(2089858483,b0f066a214c2f5e87bad3c948f4d605d)
Start importing Assets/Space Exploration/Rank_System_Components/Extra Large/ranking-3rd-highlight-extra-large.png using Guid(72274dfa948d45044a3cfa1690b4dc94) Importer(2089858483,b0f066a214c2f5e87bad3c948f4d605d) (ScriptedImporter) -> (artifact id: '8f1109167e2532b4b0494f47ca7f8aa8') in 0.0990687 seconds
Number of updated asset objects reloaded before import = 0Number of asset objects unloaded after import = 3

========================================================================
Received Import Request.
  Time since last request: 0.000058 seconds.
  path: Assets/Space Exploration/Grid_Components/Large/dark-square-button-blank-large.png
  artifactKey: Guid(38ed20aab188f4141ad54a57f26b8a9e) Importer(2089858483,b0f066a214c2f5e87bad3c948f4d605d)
Start importing Assets/Space Exploration/Grid_Components/Large/dark-square-button-blank-large.png using Guid(38ed20aab188f4141ad54a57f26b8a9e) Importer(2089858483,b0f066a214c2f5e87bad3c948f4d605d) (ScriptedImporter) -> (artifact id: 'ac75fd68e58977778939e17d6515963b') in 0.0613658 seconds
Number of updated asset objects reloaded before import = 0Number of asset objects unloaded after import = 3

========================================================================
Received Import Request.
  Time since last request: 0.000043 seconds.
  path: Assets/Space Exploration/Settings_&_Menu_Components/Extra Large
  artifactKey: Guid(02cddb3d73b47ea4198f3902f58461fc) Importer(2089858483,b0f066a214c2f5e87bad3c948f4d605d)
Start importing Assets/Space Exploration/Settings_&_Menu_Components/Extra Large using Guid(02cddb3d73b47ea4198f3902f58461fc) Importer(2089858483,b0f066a214c2f5e87bad3c948f4d605d) (ScriptedImporter) -> (artifact id: '310164fc0dfcf748a41429e778922014') in 0.0246408 seconds
Number of updated asset objects reloaded before import = 0Number of asset objects unloaded after import = 1

========================================================================
Received Import Request.
  Time since last request: 0.000043 seconds.
  path: Assets/Space Exploration/Picto_Icons/Light_Purple/zoom-out-128.png
  artifactKey: Guid(aee4e0719b7050c4287a1eb91122b4e5) Importer(2089858483,b0f066a214c2f5e87bad3c948f4d605d)
Start importing Assets/Space Exploration/Picto_Icons/Light_Purple/zoom-out-128.png using Guid(aee4e0719b7050c4287a1eb91122b4e5) Importer(2089858483,b0f066a214c2f5e87bad3c948f4d605d) (ScriptedImporter) -> (artifact id: '78742f285a5721d75ef451394187daed') in 0.0718509 seconds
Number of updated asset objects reloaded before import = 0Number of asset objects unloaded after import = 3

========================================================================
Received Import Request.
  Time since last request: 0.000303 seconds.
  path: Assets/Free LowPoly Pack/Prefabs/RampSmall.prefab
  artifactKey: Guid(68a175f629f570f429cddf1860f76ad3) Importer(2089858483,b0f066a214c2f5e87bad3c948f4d605d)
Start importing Assets/Free LowPoly Pack/Prefabs/RampSmall.prefab using Guid(68a175f629f570f429cddf1860f76ad3) Importer(2089858483,b0f066a214c2f5e87bad3c948f4d605d) (ScriptedImporter) -> (artifact id: '03f870c6b2b271e9ce6721f163d2301d') in 0.0720613 seconds
Number of updated asset objects reloaded before import = 0Number of asset objects unloaded after import = 11

========================================================================
Received Import Request.
  Time since last request: 0.000034 seconds.
  path: Assets/Space Exploration/Button_Images/Highlighted_Sprite/medium/medium-blue-highlight-medium.png
  artifactKey: Guid(df3c8388aa21dd042a491577f30839e7) Importer(2089858483,b0f066a214c2f5e87bad3c948f4d605d)
Start importing Assets/Space Exploration/Button_Images/Highlighted_Sprite/medium/medium-blue-highlight-medium.png using Guid(df3c8388aa21dd042a491577f30839e7) Importer(2089858483,b0f066a214c2f5e87bad3c948f4d605d) (ScriptedImporter) -> (artifact id: '54b967803050a2706ac217b48eb2b4bc') in 0.0591197 seconds
Number of updated asset objects reloaded before import = 0Number of asset objects unloaded after import = 3

========================================================================
Received Import Request.
  Time since last request: 0.000039 seconds.
  path: Assets/Space Exploration/Picto_Icons/White/solar-system-64.png
  artifactKey: Guid(019d887aa519ee8438811bfb7b08d057) Importer(2089858483,b0f066a214c2f5e87bad3c948f4d605d)
Start importing Assets/Space Exploration/Picto_Icons/White/solar-system-64.png using Guid(019d887aa519ee8438811bfb7b08d057) Importer(2089858483,b0f066a214c2f5e87bad3c948f4d605d) (ScriptedImporter) -> (artifact id: '0874abc1e1f3a2841a9fc04dce172982') in 0.0667553 seconds
Number of updated asset objects reloaded before import = 0Number of asset objects unloaded after import = 3

========================================================================
Received Import Request.
  Time since last request: 0.000113 seconds.
  path: Assets/PlayFabSDK/Groups/PlayFabEvents.cs
  artifactKey: Guid(89aad6173ff54ed4092f14bd118f0652) Importer(2089858483,b0f066a214c2f5e87bad3c948f4d605d)
Start importing Assets/PlayFabSDK/Groups/PlayFabEvents.cs using Guid(89aad6173ff54ed4092f14bd118f0652) Importer(2089858483,b0f066a214c2f5e87bad3c948f4d605d) (ScriptedImporter) -> (artifact id: '64affdefffbc21ca8571e47e818171ab') in 0.0221695 seconds
Number of updated asset objects reloaded before import = 0Number of asset objects unloaded after import = 0

========================================================================
Received Import Request.
  Time since last request: 0.000040 seconds.
  path: Assets/Space Exploration/Grid_Components/Medium/item-info-picto-icon-container-medium.png
  artifactKey: Guid(58fc84d7c778eb14eab9bba77ceef2cc) Importer(2089858483,b0f066a214c2f5e87bad3c948f4d605d)
Start importing Assets/Space Exploration/Grid_Components/Medium/item-info-picto-icon-container-medium.png using Guid(58fc84d7c778eb14eab9bba77ceef2cc) Importer(2089858483,b0f066a214c2f5e87bad3c948f4d605d) (ScriptedImporter) -> (artifact id: '851a1a170fea4931adaffdb9b13c9dcd') in 0.1088136 seconds
Number of updated asset objects reloaded before import = 0Number of asset objects unloaded after import = 3

========================================================================
Received Import Request.
  Time since last request: 0.000028 seconds.
  path: Assets/Space Exploration/Containers/Medium/loot-found-container-medium.png
  artifactKey: Guid(342ae9c4b03de1c4da3835c4452943be) Importer(2089858483,b0f066a214c2f5e87bad3c948f4d605d)
Start importing Assets/Space Exploration/Containers/Medium/loot-found-container-medium.png using Guid(342ae9c4b03de1c4da3835c4452943be) Importer(2089858483,b0f066a214c2f5e87bad3c948f4d605d) (ScriptedImporter) -> (artifact id: '59239b1c02646e018fd17b98d5816ad8') in 0.0944847 seconds
Number of updated asset objects reloaded before import = 0Number of asset objects unloaded after import = 3

========================================================================
Received Import Request.
  Time since last request: 0.000084 seconds.
  path: Assets/Photon/PhotonUnityNetworking/Demos/PunCockpit/Scripts/Lists/RoomListView.cs
  artifactKey: Guid(f5c9e34bb9f7d43a4a17eb45abbba66e) Importer(2089858483,b0f066a214c2f5e87bad3c948f4d605d)
Start importing Assets/Photon/PhotonUnityNetworking/Demos/PunCockpit/Scripts/Lists/RoomListView.cs using Guid(f5c9e34bb9f7d43a4a17eb45abbba66e) Importer(2089858483,b0f066a214c2f5e87bad3c948f4d605d) (ScriptedImporter) -> (artifact id: 'cd0acb8f39ee6e298e2dc6e3499738d3') in 0.029035 seconds
Number of updated asset objects reloaded before import = 0Number of asset objects unloaded after import = 0

========================================================================
Received Import Request.
  Time since last request: 0.000126 seconds.
  path: Assets/Space Exploration/Fonts/Font Sources/static/Asap_SemiCondensed-ExtraBoldItalic.ttf
  artifactKey: Guid(aa615d578f7021444848aa76e1dc2a7d) Importer(2089858483,b0f066a214c2f5e87bad3c948f4d605d)
Start importing Assets/Space Exploration/Fonts/Font Sources/static/Asap_SemiCondensed-ExtraBoldItalic.ttf using Guid(aa615d578f7021444848aa76e1dc2a7d) Importer(2089858483,b0f066a214c2f5e87bad3c948f4d605d) (ScriptedImporter) -> (artifact id: '445a68eed4d8687bf74abd18d5f2a457') in 0.0630085 seconds
Number of updated asset objects reloaded before import = 0Number of asset objects unloaded after import = 3

========================================================================
Received Import Request.
  Time since last request: 0.000039 seconds.
  path: Assets/Space Exploration/Picto_Icons/Dark_Purple/play-64.png
  artifactKey: Guid(01b935193e253674282e2fd8e3732da1) Importer(2089858483,b0f066a214c2f5e87bad3c948f4d605d)
Start importing Assets/Space Exploration/Picto_Icons/Dark_Purple/play-64.png using Guid(01b935193e253674282e2fd8e3732da1) Importer(2089858483,b0f066a214c2f5e87bad3c948f4d605d) (ScriptedImporter) -> (artifact id: '2286c4b3c857c5298c28e094f8734fb9') in 0.0775143 seconds
Number of updated asset objects reloaded before import = 0Number of asset objects unloaded after import = 3

========================================================================
Received Import Request.
  Time since last request: 0.000031 seconds.
  path: Assets/Space Exploration/Picto_Icons/White/upload-64.png
  artifactKey: Guid(5a2c06c8cd1fef249b5e8bd886ff21c7) Importer(2089858483,b0f066a214c2f5e87bad3c948f4d605d)
Start importing Assets/Space Exploration/Picto_Icons/White/upload-64.png using Guid(5a2c06c8cd1fef249b5e8bd886ff21c7) Importer(2089858483,b0f066a214c2f5e87bad3c948f4d605d) (ScriptedImporter) -> (artifact id: '10d87d946bf47d356ae4ec31d310f718') in 0.0595961 seconds
Number of updated asset objects reloaded before import = 0Number of asset objects unloaded after import = 3

========================================================================
Received Import Request.
  Time since last request: 0.000076 seconds.
  path: Assets/Space Exploration/Grid_Components/Extra Large/item-shop-containerextra-large.png
  artifactKey: Guid(c2267bfcb3965e940be108c4b7a4aa93) Importer(2089858483,b0f066a214c2f5e87bad3c948f4d605d)
Start importing Assets/Space Exploration/Grid_Components/Extra Large/item-shop-containerextra-large.png using Guid(c2267bfcb3965e940be108c4b7a4aa93) Importer(2089858483,b0f066a214c2f5e87bad3c948f4d605d) (ScriptedImporter) -> (artifact id: '32c41e3941c30f479bbe1a742666ddb6') in 0.0677124 seconds
Number of updated asset objects reloaded before import = 0Number of asset objects unloaded after import = 3

========================================================================
Received Import Request.
  Time since last request: 0.000038 seconds.
  path: Assets/Space Exploration/Picto_Icons/Light_Purple/rocket-32.png
  artifactKey: Guid(e5b0a369946b43d40956977e7a11568f) Importer(2089858483,b0f066a214c2f5e87bad3c948f4d605d)
Start importing Assets/Space Exploration/Picto_Icons/Light_Purple/rocket-32.png using Guid(e5b0a369946b43d40956977e7a11568f) Importer(2089858483,b0f066a214c2f5e87bad3c948f4d605d) (ScriptedImporter) -> (artifact id: '6a5fe06c0092c9e1c0f7820f4b6d16e0') in 0.1186786 seconds
Number of updated asset objects reloaded before import = 0Number of asset objects unloaded after import = 3

========================================================================
Received Import Request.
  Time since last request: 0.000059 seconds.
  path: Assets/Space Exploration/Picto_Icons/White/wifi-128.png
  artifactKey: Guid(38d19a0650b51b644a6d2223b9508e37) Importer(2089858483,b0f066a214c2f5e87bad3c948f4d605d)
Start importing Assets/Space Exploration/Picto_Icons/White/wifi-128.png using Guid(38d19a0650b51b644a6d2223b9508e37) Importer(2089858483,b0f066a214c2f5e87bad3c948f4d605d) (ScriptedImporter) -> (artifact id: 'efd820c46a5343774b3738eba7f752eb') in 0.0699101 seconds
Number of updated asset objects reloaded before import = 0Number of asset objects unloaded after import = 3

========================================================================
Received Import Request.
  Time since last request: 0.000059 seconds.
  path: Assets/Scripts/Core/Singleton.cs
  artifactKey: Guid(55ee89d3b9c3d1f47a6720632827be8c) Importer(2089858483,b0f066a214c2f5e87bad3c948f4d605d)
Start importing Assets/Scripts/Core/Singleton.cs using Guid(55ee89d3b9c3d1f47a6720632827be8c) Importer(2089858483,b0f066a214c2f5e87bad3c948f4d605d) (ScriptedImporter) -> (artifact id: '6bd6ff1003651f7c54046b0dfa740bf9') in 0.0343173 seconds
Number of updated asset objects reloaded before import = 0Number of asset objects unloaded after import = 0

========================================================================
Received Import Request.
  Time since last request: 0.000047 seconds.
  path: Assets/Space Exploration/Settings_&_Menu_Components/Large/on-selected-large.png
  artifactKey: Guid(5e46f536d2b263f4cbee8d77e159329d) Importer(2089858483,b0f066a214c2f5e87bad3c948f4d605d)
Start importing Assets/Space Exploration/Settings_&_Menu_Components/Large/on-selected-large.png using Guid(5e46f536d2b263f4cbee8d77e159329d) Importer(2089858483,b0f066a214c2f5e87bad3c948f4d605d) (ScriptedImporter) -> (artifact id: '3930ca77642b902c22a4ef7349d83976') in 0.0530165 seconds
Number of updated asset objects reloaded before import = 0Number of asset objects unloaded after import = 3

========================================================================
Received Import Request.
  Time since last request: 0.000030 seconds.
  path: Assets/Space Exploration/Prefabs/Buttons_Simple/Medium/Blue/Long_Blue_Medium_Button.prefab
  artifactKey: Guid(e1cae763f6836ee459584cb7caa1f79b) Importer(2089858483,b0f066a214c2f5e87bad3c948f4d605d)
Start importing Assets/Space Exploration/Prefabs/Buttons_Simple/Medium/Blue/Long_Blue_Medium_Button.prefab using Guid(e1cae763f6836ee459584cb7caa1f79b) Importer(2089858483,b0f066a214c2f5e87bad3c948f4d605d) (ScriptedImporter) -> (artifact id: '48b2d3aa6c1a5b74c5346428908e42f5') in 0.0774195 seconds
Number of updated asset objects reloaded before import = 0Number of asset objects unloaded after import = 18

========================================================================
Received Import Request.
  Time since last request: 0.000104 seconds.
  path: Assets/Photon/PhotonUnityNetworking/Code/Editor/PhotonUnityNetworking.Editor.asmdef
  artifactKey: Guid(4025d00f1ce60da4ea2d0830acf5ebfb) Importer(2089858483,b0f066a214c2f5e87bad3c948f4d605d)
Start importing Assets/Photon/PhotonUnityNetworking/Code/Editor/PhotonUnityNetworking.Editor.asmdef using Guid(4025d00f1ce60da4ea2d0830acf5ebfb) Importer(2089858483,b0f066a214c2f5e87bad3c948f4d605d) (ScriptedImporter) -> (artifact id: '42e837783389838917c2ea2a07150820') in 0.0781507 seconds
Number of updated asset objects reloaded before import = 0Number of asset objects unloaded after import = 1

========================================================================
Received Import Request.
  Time since last request: 0.000030 seconds.
  path: Assets/Space Exploration/Prefabs/Buttons_Simple/Medium/Pink/Short_Pink_Medium_Button.prefab
  artifactKey: Guid(2eece1497fe5d794ca9aa24f99f79862) Importer(2089858483,b0f066a214c2f5e87bad3c948f4d605d)
Start importing Assets/Space Exploration/Prefabs/Buttons_Simple/Medium/Pink/Short_Pink_Medium_Button.prefab using Guid(2eece1497fe5d794ca9aa24f99f79862) Importer(2089858483,b0f066a214c2f5e87bad3c948f4d605d) (ScriptedImporter) -> (artifact id: 'a2d6ed4ac37a45b2c2d706b148397c4b') in 0.0985978 seconds
Number of updated asset objects reloaded before import = 0Number of asset objects unloaded after import = 18

========================================================================
Received Import Request.
  Time since last request: 0.000039 seconds.
  path: Assets/Space Exploration/Picto_Icons/Dark_Purple/crescent-moon-128.png
  artifactKey: Guid(1277903d2ae82104fa4b59749eb7d662) Importer(2089858483,b0f066a214c2f5e87bad3c948f4d605d)
Start importing Assets/Space Exploration/Picto_Icons/Dark_Purple/crescent-moon-128.png using Guid(1277903d2ae82104fa4b59749eb7d662) Importer(2089858483,b0f066a214c2f5e87bad3c948f4d605d) (ScriptedImporter) -> (artifact id: '207c73ad04ad445c7961f538d0fb78ca') in 0.1599564 seconds
Number of updated asset objects reloaded before import = 0Number of asset objects unloaded after import = 3

========================================================================
Received Import Request.
  Time since last request: 0.000058 seconds.
  path: Assets/Space Exploration/Picto_Icons/White/ranking-32.png
  artifactKey: Guid(da31c3ea4c82a5e4d96bde4b014eec0e) Importer(2089858483,b0f066a214c2f5e87bad3c948f4d605d)
Start importing Assets/Space Exploration/Picto_Icons/White/ranking-32.png using Guid(da31c3ea4c82a5e4d96bde4b014eec0e) Importer(2089858483,b0f066a214c2f5e87bad3c948f4d605d) (ScriptedImporter) -> (artifact id: 'bc1233188cc86d7cd8dee0fa23c9df94') in 0.1327767 seconds
Number of updated asset objects reloaded before import = 0Number of asset objects unloaded after import = 3

========================================================================
Received Import Request.
  Time since last request: 0.000050 seconds.
  path: Assets/Space Exploration/Button_Images/Source_Image_Sprites/medium/square-purple-medium.png
  artifactKey: Guid(41bb827ae1988a1409b278ab19b2ee6d) Importer(2089858483,b0f066a214c2f5e87bad3c948f4d605d)
Start importing Assets/Space Exploration/Button_Images/Source_Image_Sprites/medium/square-purple-medium.png using Guid(41bb827ae1988a1409b278ab19b2ee6d) Importer(2089858483,b0f066a214c2f5e87bad3c948f4d605d) (ScriptedImporter) -> (artifact id: '7254c2c8f8ba05be272ca94ef5611b59') in 0.1205055 seconds
Number of updated asset objects reloaded before import = 0Number of asset objects unloaded after import = 3

========================================================================
Received Import Request.
  Time since last request: 0.000030 seconds.
  path: Assets/Space Exploration/Rank_System_Components/Medium/ranking-1st-highlight-medium.png
  artifactKey: Guid(6275db04f6c7aed419beba564dde70d5) Importer(2089858483,b0f066a214c2f5e87bad3c948f4d605d)
Start importing Assets/Space Exploration/Rank_System_Components/Medium/ranking-1st-highlight-medium.png using Guid(6275db04f6c7aed419beba564dde70d5) Importer(2089858483,b0f066a214c2f5e87bad3c948f4d605d) (ScriptedImporter) -> (artifact id: 'c6524a5577add5cf2fe1583de9396178') in 0.1167496 seconds
Number of updated asset objects reloaded before import = 0Number of asset objects unloaded after import = 3

========================================================================
Received Import Request.
  Time since last request: 0.000041 seconds.
  path: Assets/ProjectSettings/MemorySettings.asset
  artifactKey: Guid(562587a317d92e24a96d089233f1cccd) Importer(2089858483,b0f066a214c2f5e87bad3c948f4d605d)
Start importing Assets/ProjectSettings/MemorySettings.asset using Guid(562587a317d92e24a96d089233f1cccd) Importer(2089858483,b0f066a214c2f5e87bad3c948f4d605d) (ScriptedImporter) -> (artifact id: '6c4369d776e011ac62862e660368276f') in 0.0703275 seconds
Number of updated asset objects reloaded before import = 0Number of asset objects unloaded after import = 1

========================================================================
Received Import Request.
  Time since last request: 0.000030 seconds.
  path: Assets/PlayFabEditorExtensions/Editor/Resources/Microsoft.IdentityModel.JsonWebTokens.dll
  artifactKey: Guid(dc635884888d7e045a1dd4e25fd07ff5) Importer(2089858483,b0f066a214c2f5e87bad3c948f4d605d)
Start importing Assets/PlayFabEditorExtensions/Editor/Resources/Microsoft.IdentityModel.JsonWebTokens.dll using Guid(dc635884888d7e045a1dd4e25fd07ff5) Importer(2089858483,b0f066a214c2f5e87bad3c948f4d605d) (ScriptedImporter) -> (artifact id: '3b92457036d3feaf36a160ced71f824e') in 0.0260678 seconds
Number of updated asset objects reloaded before import = 0Number of asset objects unloaded after import = 0

========================================================================
Received Import Request.
  Time since last request: 0.000168 seconds.
  path: Assets/Space Exploration/Fonts/Font Sources/static/Asap_Condensed-Thin.ttf
  artifactKey: Guid(969947d86523ba14a97daa0b30978751) Importer(2089858483,b0f066a214c2f5e87bad3c948f4d605d)
Start importing Assets/Space Exploration/Fonts/Font Sources/static/Asap_Condensed-Thin.ttf using Guid(969947d86523ba14a97daa0b30978751) Importer(2089858483,b0f066a214c2f5e87bad3c948f4d605d) (ScriptedImporter) -> (artifact id: '5c07971a7bc062d039c48c34d057c396') in 0.0346627 seconds
Number of updated asset objects reloaded before import = 0Number of asset objects unloaded after import = 3

========================================================================
Received Import Request.
  Time since last request: 0.000029 seconds.
  path: Assets/Photon/PhotonUnityNetworking/changelog.txt
  artifactKey: Guid(612a7d8fb44bb994d90d9c0fa1408703) Importer(2089858483,b0f066a214c2f5e87bad3c948f4d605d)
Start importing Assets/Photon/PhotonUnityNetworking/changelog.txt using Guid(612a7d8fb44bb994d90d9c0fa1408703) Importer(2089858483,b0f066a214c2f5e87bad3c948f4d605d) (ScriptedImporter) -> (artifact id: '347cec2650925e2120118341e187e05d') in 0.04988 seconds
Number of updated asset objects reloaded before import = 0Number of asset objects unloaded after import = 1

========================================================================
Received Import Request.
  Time since last request: 0.000043 seconds.
  path: Assets/PlayFabSDK/Entity/ScreenTimeTracker.cs
  artifactKey: Guid(bb87bdc3f40216e419c8f1b76c4517d6) Importer(2089858483,b0f066a214c2f5e87bad3c948f4d605d)
Start importing Assets/PlayFabSDK/Entity/ScreenTimeTracker.cs using Guid(bb87bdc3f40216e419c8f1b76c4517d6) Importer(2089858483,b0f066a214c2f5e87bad3c948f4d605d) (ScriptedImporter) -> (artifact id: '362d05135faa01401a84df400aa033dc') in 0.0210937 seconds
Number of updated asset objects reloaded before import = 0Number of asset objects unloaded after import = 0

========================================================================
Received Import Request.
  Time since last request: 0.000035 seconds.
  path: Assets/Space Exploration/Picto_Icons/Light_Purple/black-hole-32.png
  artifactKey: Guid(8cc56cca9bd35364d9a0ead8e170732a) Importer(2089858483,b0f066a214c2f5e87bad3c948f4d605d)
Start importing Assets/Space Exploration/Picto_Icons/Light_Purple/black-hole-32.png using Guid(8cc56cca9bd35364d9a0ead8e170732a) Importer(2089858483,b0f066a214c2f5e87bad3c948f4d605d) (ScriptedImporter) -> (artifact id: '9fc0a25cbda387df131b81bf74c610a5') in 0.0409341 seconds
Number of updated asset objects reloaded before import = 0Number of asset objects unloaded after import = 3

========================================================================
Received Import Request.
  Time since last request: 0.000039 seconds.
  path: Assets/Space Exploration/Icons/silver-ore-256.png
  artifactKey: Guid(208cf90648e1ee24a991dad7cb1e3306) Importer(2089858483,b0f066a214c2f5e87bad3c948f4d605d)
Start importing Assets/Space Exploration/Icons/silver-ore-256.png using Guid(208cf90648e1ee24a991dad7cb1e3306) Importer(2089858483,b0f066a214c2f5e87bad3c948f4d605d) (ScriptedImporter) -> (artifact id: 'db339088d227927b3c0fd6b6e4d3914d') in 0.0403719 seconds
Number of updated asset objects reloaded before import = 0Number of asset objects unloaded after import = 3

========================================================================
Received Import Request.
  Time since last request: 0.000027 seconds.
  path: Assets/Space Exploration/Fonts/Font Sources/Asap-VariableFont_wdth,wght.ttf
  artifactKey: Guid(ffb12b5421e80c54bb53230665414438) Importer(2089858483,b0f066a214c2f5e87bad3c948f4d605d)
Start importing Assets/Space Exploration/Fonts/Font Sources/Asap-VariableFont_wdth,wght.ttf using Guid(ffb12b5421e80c54bb53230665414438) Importer(2089858483,b0f066a214c2f5e87bad3c948f4d605d) (ScriptedImporter) -> (artifact id: 'e11b68c974cc3dfbdec18529e2ade592') in 0.0305782 seconds
Number of updated asset objects reloaded before import = 0Number of asset objects unloaded after import = 3

========================================================================
Received Import Request.
  Time since last request: 0.000043 seconds.
  path: Assets/Space Exploration/Picto_Icons/Dark_Purple/right-256.png
  artifactKey: Guid(963bd7165dba40b4aa2ae551bc81448f) Importer(2089858483,b0f066a214c2f5e87bad3c948f4d605d)
Start importing Assets/Space Exploration/Picto_Icons/Dark_Purple/right-256.png using Guid(963bd7165dba40b4aa2ae551bc81448f) Importer(2089858483,b0f066a214c2f5e87bad3c948f4d605d) (ScriptedImporter) -> (artifact id: '4e922cc76292c8fe7c08d3e3a63023b6') in 0.0317071 seconds
Number of updated asset objects reloaded before import = 0Number of asset objects unloaded after import = 3

========================================================================
Received Import Request.
  Time since last request: 0.000051 seconds.
  path: Assets/Space Exploration/Picto_Icons/Dark_Purple/ad-32.png
  artifactKey: Guid(33f6e3554f9e51f4cbf57d08ff156084) Importer(2089858483,b0f066a214c2f5e87bad3c948f4d605d)
Start importing Assets/Space Exploration/Picto_Icons/Dark_Purple/ad-32.png using Guid(33f6e3554f9e51f4cbf57d08ff156084) Importer(2089858483,b0f066a214c2f5e87bad3c948f4d605d) (ScriptedImporter) -> (artifact id: '519373f3453da1653485d6deb4070958') in 0.0457766 seconds
Number of updated asset objects reloaded before import = 0Number of asset objects unloaded after import = 3

========================================================================
Received Import Request.
  Time since last request: 0.000050 seconds.
  path: Assets/Photon/PhotonUnityNetworking/Demos/Shared Assets/Animations/Materials
  artifactKey: Guid(35cca3de5691d944fb610576a516bb70) Importer(2089858483,b0f066a214c2f5e87bad3c948f4d605d)
Start importing Assets/Photon/PhotonUnityNetworking/Demos/Shared Assets/Animations/Materials using Guid(35cca3de5691d944fb610576a516bb70) Importer(2089858483,b0f066a214c2f5e87bad3c948f4d605d) (ScriptedImporter) -> (artifact id: '86ee1c5eebbcbda549843975f6dfaac6') in 0.0194259 seconds
Number of updated asset objects reloaded before import = 0Number of asset objects unloaded after import = 1

========================================================================
Received Import Request.
  Time since last request: 0.000027 seconds.
  path: Assets/Space Exploration/Picto_Icons/Light_Purple/mail-128.png
  artifactKey: Guid(579270a1608b4dd4aad4e13c64259890) Importer(2089858483,b0f066a214c2f5e87bad3c948f4d605d)
Start importing Assets/Space Exploration/Picto_Icons/Light_Purple/mail-128.png using Guid(579270a1608b4dd4aad4e13c64259890) Importer(2089858483,b0f066a214c2f5e87bad3c948f4d605d) (ScriptedImporter) -> (artifact id: '56a2134ec5e5fc2fb37d03f366d9d4d5') in 0.0524908 seconds
Number of updated asset objects reloaded before import = 0Number of asset objects unloaded after import = 3

========================================================================
Received Import Request.
  Time since last request: 0.000032 seconds.
  path: Assets/Space Exploration/Picto_Icons/Dark_Purple/snowflake-32.png
  artifactKey: Guid(1548f46346cd86e4bb2563998b254439) Importer(2089858483,b0f066a214c2f5e87bad3c948f4d605d)
Start importing Assets/Space Exploration/Picto_Icons/Dark_Purple/snowflake-32.png using Guid(1548f46346cd86e4bb2563998b254439) Importer(2089858483,b0f066a214c2f5e87bad3c948f4d605d) (ScriptedImporter) -> (artifact id: 'fc91c3154a55d5b9d0ab0b7d313aef74') in 0.0558475 seconds
Number of updated asset objects reloaded before import = 0Number of asset objects unloaded after import = 3

========================================================================
Received Import Request.
  Time since last request: 0.000043 seconds.
  path: Assets/Space Exploration/Button_Images/Highlighted_Sprite/large/large-purple-sparkle-highlight-large.png
  artifactKey: Guid(b7634abc6e7e9464cb3ac9399793bbdf) Importer(2089858483,b0f066a214c2f5e87bad3c948f4d605d)
Start importing Assets/Space Exploration/Button_Images/Highlighted_Sprite/large/large-purple-sparkle-highlight-large.png using Guid(b7634abc6e7e9464cb3ac9399793bbdf) Importer(2089858483,b0f066a214c2f5e87bad3c948f4d605d) (ScriptedImporter) -> (artifact id: '2fd4980a48141e579361c99d2b4a17ea') in 0.0348158 seconds
Number of updated asset objects reloaded before import = 0Number of asset objects unloaded after import = 3

========================================================================
Received Import Request.
  Time since last request: 0.000033 seconds.
  path: Assets/Space Exploration/Icons/exoplanet-2-128.png
  artifactKey: Guid(d2e3807c200ef4e43a7b6bbc8f63ffcc) Importer(2089858483,b0f066a214c2f5e87bad3c948f4d605d)
Start importing Assets/Space Exploration/Icons/exoplanet-2-128.png using Guid(d2e3807c200ef4e43a7b6bbc8f63ffcc) Importer(2089858483,b0f066a214c2f5e87bad3c948f4d605d) (ScriptedImporter) -> (artifact id: 'b75092d54f0d3f72ce8bb47daf13e604') in 0.0469241 seconds
Number of updated asset objects reloaded before import = 0Number of asset objects unloaded after import = 3

========================================================================
Received Import Request.
  Time since last request: 0.000041 seconds.
  path: Assets/Space Exploration/Fonts/Font Sources/static/Asap_Expanded-Black.ttf
  artifactKey: Guid(5e81efb4841c447439bad2c01c032b76) Importer(2089858483,b0f066a214c2f5e87bad3c948f4d605d)
Start importing Assets/Space Exploration/Fonts/Font Sources/static/Asap_Expanded-Black.ttf using Guid(5e81efb4841c447439bad2c01c032b76) Importer(2089858483,b0f066a214c2f5e87bad3c948f4d605d) (ScriptedImporter) -> (artifact id: '8a401e699b4fe823d998d486bf0c2e84') in 0.0278766 seconds
Number of updated asset objects reloaded before import = 0Number of asset objects unloaded after import = 3

========================================================================
Received Import Request.
  Time since last request: 0.000030 seconds.
  path: Assets/Space Exploration/Button_Images/Pressed_Sprites/Large/large-purple-sparkle-pressed-large.png
  artifactKey: Guid(52132b8f437a414409a29fa1574964f6) Importer(2089858483,b0f066a214c2f5e87bad3c948f4d605d)
Start importing Assets/Space Exploration/Button_Images/Pressed_Sprites/Large/large-purple-sparkle-pressed-large.png using Guid(52132b8f437a414409a29fa1574964f6) Importer(2089858483,b0f066a214c2f5e87bad3c948f4d605d) (ScriptedImporter) -> (artifact id: '6b68c97aea442b10c26f02c3757e0319') in 0.0320273 seconds
Number of updated asset objects reloaded before import = 0Number of asset objects unloaded after import = 3

========================================================================
Received Import Request.
  Time since last request: 0.000039 seconds.
  path: Assets/Space Exploration/Button_Images/Source_Image_Sprites/large/extra-long-purple-large.png
  artifactKey: Guid(b9df8f59f41a3f84daec737746020532) Importer(2089858483,b0f066a214c2f5e87bad3c948f4d605d)
Start importing Assets/Space Exploration/Button_Images/Source_Image_Sprites/large/extra-long-purple-large.png using Guid(b9df8f59f41a3f84daec737746020532) Importer(2089858483,b0f066a214c2f5e87bad3c948f4d605d) (ScriptedImporter) -> (artifact id: '17bb80794c7caa52deec3937338aeea7') in 0.0325902 seconds
Number of updated asset objects reloaded before import = 0Number of asset objects unloaded after import = 3

========================================================================
Received Import Request.
  Time since last request: 0.000028 seconds.
  path: Assets/Space Exploration/Fonts/Font Sources/static/Asap_Condensed-Italic.ttf
  artifactKey: Guid(55ce27256157aa542817e88dc963352a) Importer(2089858483,b0f066a214c2f5e87bad3c948f4d605d)
Start importing Assets/Space Exploration/Fonts/Font Sources/static/Asap_Condensed-Italic.ttf using Guid(55ce27256157aa542817e88dc963352a) Importer(2089858483,b0f066a214c2f5e87bad3c948f4d605d) (ScriptedImporter) -> (artifact id: '5fbdb8fa88f28d328ba184bd66130f83') in 0.0275659 seconds
Number of updated asset objects reloaded before import = 0Number of asset objects unloaded after import = 3

========================================================================
Received Import Request.
  Time since last request: 0.000034 seconds.
  path: Assets/Space Exploration/Picto_Icons/Dark_Purple/question-32.png
  artifactKey: Guid(086cef6c558c7ca4b95bca98b8b60158) Importer(2089858483,b0f066a214c2f5e87bad3c948f4d605d)
Start importing Assets/Space Exploration/Picto_Icons/Dark_Purple/question-32.png using Guid(086cef6c558c7ca4b95bca98b8b60158) Importer(2089858483,b0f066a214c2f5e87bad3c948f4d605d) (ScriptedImporter) -> (artifact id: '8660583066fa6db290052dcef82c8472') in 0.0459702 seconds
Number of updated asset objects reloaded before import = 0Number of asset objects unloaded after import = 3

========================================================================
Received Import Request.
  Time since last request: 0.000036 seconds.
  path: Assets/Space Exploration/Icons/home-256.png
  artifactKey: Guid(97968c30f9259c14eb59f93e44ba4669) Importer(2089858483,b0f066a214c2f5e87bad3c948f4d605d)
Start importing Assets/Space Exploration/Icons/home-256.png using Guid(97968c30f9259c14eb59f93e44ba4669) Importer(2089858483,b0f066a214c2f5e87bad3c948f4d605d) (ScriptedImporter) -> (artifact id: 'b7bc1f9cb7d95b4d0042144479d08b76') in 0.0423227 seconds
Number of updated asset objects reloaded before import = 0Number of asset objects unloaded after import = 3

========================================================================
Received Import Request.
  Time since last request: 0.000048 seconds.
  path: Assets/Space Exploration/Picto_Icons/Light_Purple/expand-32.png
  artifactKey: Guid(8d656b9afe527ee4ab6c37a17bc6bfb1) Importer(2089858483,b0f066a214c2f5e87bad3c948f4d605d)
Start importing Assets/Space Exploration/Picto_Icons/Light_Purple/expand-32.png using Guid(8d656b9afe527ee4ab6c37a17bc6bfb1) Importer(2089858483,b0f066a214c2f5e87bad3c948f4d605d) (ScriptedImporter) -> (artifact id: '72e3aa337b6ed7a513d91e0da78b7d99') in 0.0464245 seconds
Number of updated asset objects reloaded before import = 0Number of asset objects unloaded after import = 3

========================================================================
Received Import Request.
  Time since last request: 0.000032 seconds.
  path: Assets/Photon/PhotonChat/Demos/Demo Chat/Code/Utilities/TextButtonTransition.cs
  artifactKey: Guid(0a2169250a70845ffa2a9d25e9cd84cd) Importer(2089858483,b0f066a214c2f5e87bad3c948f4d605d)
Start importing Assets/Photon/PhotonChat/Demos/Demo Chat/Code/Utilities/TextButtonTransition.cs using Guid(0a2169250a70845ffa2a9d25e9cd84cd) Importer(2089858483,b0f066a214c2f5e87bad3c948f4d605d) (ScriptedImporter) -> (artifact id: '4f71319b6d25e1183d34932647513b4d') in 0.0209121 seconds
Number of updated asset objects reloaded before import = 0Number of asset objects unloaded after import = 0

========================================================================
Received Import Request.
  Time since last request: 0.000037 seconds.
  path: Assets/Photon/PhotonUnityNetworking/Demos/PunCockpit/Scripts/Autonomous UI/NickNameField.cs
  artifactKey: Guid(ea425f69fa0f244a79a3514a6d64cab2) Importer(2089858483,b0f066a214c2f5e87bad3c948f4d605d)
Start importing Assets/Photon/PhotonUnityNetworking/Demos/PunCockpit/Scripts/Autonomous UI/NickNameField.cs using Guid(ea425f69fa0f244a79a3514a6d64cab2) Importer(2089858483,b0f066a214c2f5e87bad3c948f4d605d) (ScriptedImporter) -> (artifact id: '83ede01dbcd41dcf35a40f4736e68f7b') in 0.0204852 seconds
Number of updated asset objects reloaded before import = 0Number of asset objects unloaded after import = 0

========================================================================
Received Import Request.
  Time since last request: 0.000022 seconds.
  path: Assets/Space Exploration/Picto_Icons/Light_Purple/snowflake-256.png
  artifactKey: Guid(2e872175041a75c4da7ccf208de7d431) Importer(2089858483,b0f066a214c2f5e87bad3c948f4d605d)
Start importing Assets/Space Exploration/Picto_Icons/Light_Purple/snowflake-256.png using Guid(2e872175041a75c4da7ccf208de7d431) Importer(2089858483,b0f066a214c2f5e87bad3c948f4d605d) (ScriptedImporter) -> (artifact id: '1b0443d084bdf1f79cf04bea1c15a704') in 0.0469156 seconds
Number of updated asset objects reloaded before import = 0Number of asset objects unloaded after import = 3

========================================================================
Received Import Request.
  Time since last request: 0.000035 seconds.
  path: Assets/Photon/PhotonUnityNetworking/Demos/PunCockpit/Scripts/Autonomous UI/Generic/StringInputField.cs
  artifactKey: Guid(e02d5b184c20e43ebba343cc89e35962) Importer(2089858483,b0f066a214c2f5e87bad3c948f4d605d)
Start importing Assets/Photon/PhotonUnityNetworking/Demos/PunCockpit/Scripts/Autonomous UI/Generic/StringInputField.cs using Guid(e02d5b184c20e43ebba343cc89e35962) Importer(2089858483,b0f066a214c2f5e87bad3c948f4d605d) (ScriptedImporter) -> (artifact id: '1a981b2d8024f2b30dbe721636e3ea9a') in 0.0195549 seconds
Number of updated asset objects reloaded before import = 0Number of asset objects unloaded after import = 0

========================================================================
Received Import Request.
  Time since last request: 0.000033 seconds.
  path: Assets/Space Exploration/Icons/ufo-2-128.png
  artifactKey: Guid(a1e3728f86f1d6244a297ad0f97ef5d0) Importer(2089858483,b0f066a214c2f5e87bad3c948f4d605d)
Start importing Assets/Space Exploration/Icons/ufo-2-128.png using Guid(a1e3728f86f1d6244a297ad0f97ef5d0) Importer(2089858483,b0f066a214c2f5e87bad3c948f4d605d) (ScriptedImporter) -> (artifact id: '3fb181d540531adfdfc93ac45dbacfb5') in 0.0436049 seconds
Number of updated asset objects reloaded before import = 0Number of asset objects unloaded after import = 3

========================================================================
Received Import Request.
  Time since last request: 0.000026 seconds.
  path: Assets/Space Exploration/Button_Images/Pressed_Sprites/Small/large-blue-pressed-small.png
  artifactKey: Guid(c60a657691e9e7f41ab5b8a8ee0467f7) Importer(2089858483,b0f066a214c2f5e87bad3c948f4d605d)
Start importing Assets/Space Exploration/Button_Images/Pressed_Sprites/Small/large-blue-pressed-small.png using Guid(c60a657691e9e7f41ab5b8a8ee0467f7) Importer(2089858483,b0f066a214c2f5e87bad3c948f4d605d) (ScriptedImporter) -> (artifact id: '61e60fa8804953b64ffac5570220e002') in 0.0296831 seconds
Number of updated asset objects reloaded before import = 0Number of asset objects unloaded after import = 3

========================================================================
Received Import Request.
  Time since last request: 0.000040 seconds.
  path: Assets/Photon/PhotonUnityNetworking/Demos/DemoSlotRacer/Kenney Assets/Racing Kit/Models/rail.fbx
  artifactKey: Guid(c0c42e3ceebd42943ade3b7414c47afd) Importer(2089858483,b0f066a214c2f5e87bad3c948f4d605d)
Start importing Assets/Photon/PhotonUnityNetworking/Demos/DemoSlotRacer/Kenney Assets/Racing Kit/Models/rail.fbx using Guid(c0c42e3ceebd42943ade3b7414c47afd) Importer(2089858483,b0f066a214c2f5e87bad3c948f4d605d) (ScriptedImporter) -> (artifact id: '2c2c0dba6a15ddce23edfca6e024bb1a') in 0.0447883 seconds
Number of updated asset objects reloaded before import = 0Number of asset objects unloaded after import = 8

========================================================================
Received Import Request.
  Time since last request: 0.000034 seconds.
  path: Assets/Space Exploration/Picto_Icons/White/chat-256.png
  artifactKey: Guid(b1cda1299a8d44340b3688ab29a1ece9) Importer(2089858483,b0f066a214c2f5e87bad3c948f4d605d)
Start importing Assets/Space Exploration/Picto_Icons/White/chat-256.png using Guid(b1cda1299a8d44340b3688ab29a1ece9) Importer(2089858483,b0f066a214c2f5e87bad3c948f4d605d) (ScriptedImporter) -> (artifact id: 'f49c1baa5cbe3ff0bf4489c645ff68ff') in 0.0419466 seconds
Number of updated asset objects reloaded before import = 0Number of asset objects unloaded after import = 3

========================================================================
Received Import Request.
  Time since last request: 0.000041 seconds.
  path: Assets/ProjectSettings/PresetManager.asset
  artifactKey: Guid(f795a7a09a186554abbe52cf740ad3de) Importer(2089858483,b0f066a214c2f5e87bad3c948f4d605d)
Start importing Assets/ProjectSettings/PresetManager.asset using Guid(f795a7a09a186554abbe52cf740ad3de) Importer(2089858483,b0f066a214c2f5e87bad3c948f4d605d) (ScriptedImporter) -> (artifact id: '6e3ec97cf1b8e71d2b0e1c5526d40b8a') in 0.0218081 seconds
Number of updated asset objects reloaded before import = 0Number of asset objects unloaded after import = 1

========================================================================
Received Import Request.
  Time since last request: 0.000022 seconds.
  path: Assets/Space Exploration/Icons/ufo-2-64.png
  artifactKey: Guid(b85e8a144da2dcf4aa1bb4337d50b1ba) Importer(2089858483,b0f066a214c2f5e87bad3c948f4d605d)
Start importing Assets/Space Exploration/Icons/ufo-2-64.png using Guid(b85e8a144da2dcf4aa1bb4337d50b1ba) Importer(2089858483,b0f066a214c2f5e87bad3c948f4d605d) (ScriptedImporter) -> (artifact id: 'bc90f33da26ecb7ee3a5196b84195fad') in 0.0419112 seconds
Number of updated asset objects reloaded before import = 0Number of asset objects unloaded after import = 3

========================================================================
Received Import Request.
  Time since last request: 0.000030 seconds.
  path: Assets/Space Exploration/Icons/neptune-256.png
  artifactKey: Guid(3a93244e6e11c914d86303484b013c38) Importer(2089858483,b0f066a214c2f5e87bad3c948f4d605d)
Start importing Assets/Space Exploration/Icons/neptune-256.png using Guid(3a93244e6e11c914d86303484b013c38) Importer(2089858483,b0f066a214c2f5e87bad3c948f4d605d) (ScriptedImporter) -> (artifact id: '0793c31e3bf92c5cb015cfba6f911e53') in 0.0447165 seconds
Number of updated asset objects reloaded before import = 0Number of asset objects unloaded after import = 3

========================================================================
Received Import Request.
  Time since last request: 0.000060 seconds.
  path: Assets/Photon/PhotonUnityNetworking/Demos/WebRpcImplementationExample.cs
  artifactKey: Guid(e5c26fb35dbf64c4eb0d1f24f1a853e9) Importer(2089858483,b0f066a214c2f5e87bad3c948f4d605d)
Start importing Assets/Photon/PhotonUnityNetworking/Demos/WebRpcImplementationExample.cs using Guid(e5c26fb35dbf64c4eb0d1f24f1a853e9) Importer(2089858483,b0f066a214c2f5e87bad3c948f4d605d) (ScriptedImporter) -> (artifact id: 'bd92cab41bd1024c33f2f5820fccf030') in 0.019864 seconds
Number of updated asset objects reloaded before import = 0Number of asset objects unloaded after import = 0

========================================================================
Received Import Request.
  Time since last request: 0.000025 seconds.
  path: Assets/Space Exploration/Grid_Components/Extra Large/inventory-locked-highlight-extra-large.png
  artifactKey: Guid(9a1ccc890b7b68d4f9511f38a2290e59) Importer(2089858483,b0f066a214c2f5e87bad3c948f4d605d)
Start importing Assets/Space Exploration/Grid_Components/Extra Large/inventory-locked-highlight-extra-large.png using Guid(9a1ccc890b7b68d4f9511f38a2290e59) Importer(2089858483,b0f066a214c2f5e87bad3c948f4d605d) (ScriptedImporter) -> (artifact id: 'dfcbdb408d1354b76f34f955c738a280') in 0.0420661 seconds
Number of updated asset objects reloaded before import = 0Number of asset objects unloaded after import = 3

========================================================================
Received Import Request.
  Time since last request: 0.000030 seconds.
  path: Assets/Space Exploration/Button_Images/Highlighted_Sprite/large/medium-yellow-highlight-large.png
  artifactKey: Guid(e7f40875241d401419ed874f2dfc8822) Importer(2089858483,b0f066a214c2f5e87bad3c948f4d605d)
Start importing Assets/Space Exploration/Button_Images/Highlighted_Sprite/large/medium-yellow-highlight-large.png using Guid(e7f40875241d401419ed874f2dfc8822) Importer(2089858483,b0f066a214c2f5e87bad3c948f4d605d) (ScriptedImporter) -> (artifact id: 'fb3391309b25bfe861375489e9ba5700') in 0.034536 seconds
Number of updated asset objects reloaded before import = 0Number of asset objects unloaded after import = 3

========================================================================
Received Import Request.
  Time since last request: 0.000033 seconds.
  path: Assets/Space Exploration/Prefabs/Buttons_Simple/Extra Large/Blue/Long_Blue_Extra_Large_Button.prefab
  artifactKey: Guid(2d7d9d775680ad541b47a9b155be6367) Importer(2089858483,b0f066a214c2f5e87bad3c948f4d605d)
Start importing Assets/Space Exploration/Prefabs/Buttons_Simple/Extra Large/Blue/Long_Blue_Extra_Large_Button.prefab using Guid(2d7d9d775680ad541b47a9b155be6367) Importer(2089858483,b0f066a214c2f5e87bad3c948f4d605d) (ScriptedImporter) -> (artifact id: '87c7f44bdc8dd61ae84281fc5be58487') in 0.0674393 seconds
Number of updated asset objects reloaded before import = 0Number of asset objects unloaded after import = 18

========================================================================
Received Import Request.
  Time since last request: 0.000032 seconds.
  path: Assets/Space Exploration/Picto_Icons/Dark_Purple/left-arrow-128.png
  artifactKey: Guid(4bc6a7d9b97d6f146870e9f187b3c73e) Importer(2089858483,b0f066a214c2f5e87bad3c948f4d605d)
Start importing Assets/Space Exploration/Picto_Icons/Dark_Purple/left-arrow-128.png using Guid(4bc6a7d9b97d6f146870e9f187b3c73e) Importer(2089858483,b0f066a214c2f5e87bad3c948f4d605d) (ScriptedImporter) -> (artifact id: '27994d3339533a96f2adc9a9e91159c3') in 0.0435198 seconds
Number of updated asset objects reloaded before import = 0Number of asset objects unloaded after import = 3

========================================================================
Received Import Request.
  Time since last request: 0.000074 seconds.
  path: Assets/Space Exploration/Button_Images/Source_Image_Sprites/small/large-yellow-small.png
  artifactKey: Guid(76af4107adb6d2f4f917dbcf5a880696) Importer(2089858483,b0f066a214c2f5e87bad3c948f4d605d)
Start importing Assets/Space Exploration/Button_Images/Source_Image_Sprites/small/large-yellow-small.png using Guid(76af4107adb6d2f4f917dbcf5a880696) Importer(2089858483,b0f066a214c2f5e87bad3c948f4d605d) (ScriptedImporter) -> (artifact id: '7219151f748ca52d291039d8d827d5ee') in 0.0317245 seconds
Number of updated asset objects reloaded before import = 0Number of asset objects unloaded after import = 3

========================================================================
Received Import Request.
  Time since last request: 0.000027 seconds.
  path: Assets/Space Exploration/Picto_Icons/White/person-256.png
  artifactKey: Guid(53c4f0196b158ec4aa12711fb45d9a4e) Importer(2089858483,b0f066a214c2f5e87bad3c948f4d605d)
Start importing Assets/Space Exploration/Picto_Icons/White/person-256.png using Guid(53c4f0196b158ec4aa12711fb45d9a4e) Importer(2089858483,b0f066a214c2f5e87bad3c948f4d605d) (ScriptedImporter) -> (artifact id: 'cbc3cbc4e1e1e3c6146990182d5cc801') in 0.0714748 seconds
Number of updated asset objects reloaded before import = 0Number of asset objects unloaded after import = 3

========================================================================
Received Import Request.
  Time since last request: 0.000445 seconds.
  path: Assets/Space Exploration/Picto_Icons/White/trash-256.png
  artifactKey: Guid(1b3cda82cb08aa44695eb88a2c1a5654) Importer(2089858483,b0f066a214c2f5e87bad3c948f4d605d)
Start importing Assets/Space Exploration/Picto_Icons/White/trash-256.png using Guid(1b3cda82cb08aa44695eb88a2c1a5654) Importer(2089858483,b0f066a214c2f5e87bad3c948f4d605d) (ScriptedImporter) -> (artifact id: '50770101e708072d0740cec480f0da87') in 0.0425138 seconds
Number of updated asset objects reloaded before import = 0Number of asset objects unloaded after import = 3

========================================================================
Received Import Request.
  Time since last request: 0.000041 seconds.
  path: Assets/Space Exploration/Prefabs/Buttons_Simple/Medium/Yellow/Square_Yellow_Medium_Button.prefab
  artifactKey: Guid(1289f8bc6f154014da69c4aa06110e2b) Importer(2089858483,b0f066a214c2f5e87bad3c948f4d605d)
Start importing Assets/Space Exploration/Prefabs/Buttons_Simple/Medium/Yellow/Square_Yellow_Medium_Button.prefab using Guid(1289f8bc6f154014da69c4aa06110e2b) Importer(2089858483,b0f066a214c2f5e87bad3c948f4d605d) (ScriptedImporter) -> (artifact id: 'c86989a159068f7d5cff775744b80cc2') in 0.0617204 seconds
Number of updated asset objects reloaded before import = 0Number of asset objects unloaded after import = 18

========================================================================
Received Import Request.
  Time since last request: 0.000032 seconds.
  path: Assets/Space Exploration/Picto_Icons/White/shop-128.png
  artifactKey: Guid(d71a5ccd0b1427e41ade9dd340c55cb8) Importer(2089858483,b0f066a214c2f5e87bad3c948f4d605d)
Start importing Assets/Space Exploration/Picto_Icons/White/shop-128.png using Guid(d71a5ccd0b1427e41ade9dd340c55cb8) Importer(2089858483,b0f066a214c2f5e87bad3c948f4d605d) (ScriptedImporter) -> (artifact id: 'd6fa7626c8d1e43ccd7344e5d8a5788e') in 0.0451531 seconds
Number of updated asset objects reloaded before import = 0Number of asset objects unloaded after import = 3

========================================================================
Received Import Request.
  Time since last request: 0.000044 seconds.
  path: Assets/Space Exploration/Picto_Icons/Light_Purple/check-32.png
  artifactKey: Guid(078350f9c57867c45b104f0230de9698) Importer(2089858483,b0f066a214c2f5e87bad3c948f4d605d)
Start importing Assets/Space Exploration/Picto_Icons/Light_Purple/check-32.png using Guid(078350f9c57867c45b104f0230de9698) Importer(2089858483,b0f066a214c2f5e87bad3c948f4d605d) (ScriptedImporter) -> (artifact id: '1363c427f1f514b0c1ce28e16af7a9ee') in 0.0408259 seconds
Number of updated asset objects reloaded before import = 0Number of asset objects unloaded after import = 3

========================================================================
Received Import Request.
  Time since last request: 0.000032 seconds.
  path: Assets/Space Exploration/Picto_Icons/Dark_Purple/cross-32.png
  artifactKey: Guid(a3f202eca0af203459aeeff5a8caff76) Importer(2089858483,b0f066a214c2f5e87bad3c948f4d605d)
Start importing Assets/Space Exploration/Picto_Icons/Dark_Purple/cross-32.png using Guid(a3f202eca0af203459aeeff5a8caff76) Importer(2089858483,b0f066a214c2f5e87bad3c948f4d605d) (ScriptedImporter) -> (artifact id: 'b89f9836b37872ea64eb11d5a64ddebc') in 0.0297726 seconds
Number of updated asset objects reloaded before import = 0Number of asset objects unloaded after import = 3

========================================================================
Received Import Request.
  Time since last request: 0.000046 seconds.
  path: Assets/Space Exploration/Settings_&_Menu_Components/Large/on-off-selected-blank-large.png
  artifactKey: Guid(14d8fae7b67c12e46b529bf132798d25) Importer(2089858483,b0f066a214c2f5e87bad3c948f4d605d)
Start importing Assets/Space Exploration/Settings_&_Menu_Components/Large/on-off-selected-blank-large.png using Guid(14d8fae7b67c12e46b529bf132798d25) Importer(2089858483,b0f066a214c2f5e87bad3c948f4d605d) (ScriptedImporter) -> (artifact id: '8000a7943162a379a7a426cfeeb7c604') in 0.0404977 seconds
Number of updated asset objects reloaded before import = 0Number of asset objects unloaded after import = 3

========================================================================
Received Import Request.
  Time since last request: 0.000032 seconds.
  path: Assets/Space Exploration/Icons/heart-512.png
  artifactKey: Guid(ecb728ecbc6be7c4caa96151292103cc) Importer(2089858483,b0f066a214c2f5e87bad3c948f4d605d)
Start importing Assets/Space Exploration/Icons/heart-512.png using Guid(ecb728ecbc6be7c4caa96151292103cc) Importer(2089858483,b0f066a214c2f5e87bad3c948f4d605d) (ScriptedImporter) -> (artifact id: 'a945b650ee9d4bf6f2ffc5c77286c0d1') in 0.0417495 seconds
Number of updated asset objects reloaded before import = 0Number of asset objects unloaded after import = 3

========================================================================
Received Import Request.
  Time since last request: 0.000044 seconds.
  path: Assets/Space Exploration/Picto_Icons/Dark_Purple/sound-64.png
  artifactKey: Guid(155187ee7f45d6e4a965a6285c241a83) Importer(2089858483,b0f066a214c2f5e87bad3c948f4d605d)
Start importing Assets/Space Exploration/Picto_Icons/Dark_Purple/sound-64.png using Guid(155187ee7f45d6e4a965a6285c241a83) Importer(2089858483,b0f066a214c2f5e87bad3c948f4d605d) (ScriptedImporter) -> (artifact id: '56bf6e981933c194cef6d7131d642316') in 0.0416124 seconds
Number of updated asset objects reloaded before import = 0Number of asset objects unloaded after import = 3

========================================================================
Received Import Request.
  Time since last request: 0.000034 seconds.
  path: Assets/Space Exploration/Icons/coin-64.png
  artifactKey: Guid(f9b444f36254bc143a8d9c17a3e8bc84) Importer(2089858483,b0f066a214c2f5e87bad3c948f4d605d)
Start importing Assets/Space Exploration/Icons/coin-64.png using Guid(f9b444f36254bc143a8d9c17a3e8bc84) Importer(2089858483,b0f066a214c2f5e87bad3c948f4d605d) (ScriptedImporter) -> (artifact id: '3e4ef2acaaea75894dd484597c6dae25') in 0.0308152 seconds
Number of updated asset objects reloaded before import = 0Number of asset objects unloaded after import = 3

========================================================================
Received Import Request.
  Time since last request: 0.000045 seconds.
  path: Assets/Space Exploration/Picto_Icons/White/buy-128.png
  artifactKey: Guid(8d53392989088804bb0e515a3ce8dd67) Importer(2089858483,b0f066a214c2f5e87bad3c948f4d605d)
Start importing Assets/Space Exploration/Picto_Icons/White/buy-128.png using Guid(8d53392989088804bb0e515a3ce8dd67) Importer(2089858483,b0f066a214c2f5e87bad3c948f4d605d) (ScriptedImporter) -> (artifact id: 'cda64e7f48811488caa9592027c3c6db') in 0.0449967 seconds
Number of updated asset objects reloaded before import = 0Number of asset objects unloaded after import = 3

========================================================================
Received Import Request.
  Time since last request: 0.000029 seconds.
  path: Assets/Space Exploration/Prefabs/UI_Elements/Extra_Large/Slider Bars
  artifactKey: Guid(efd4f5f3472293348a439272452cb056) Importer(2089858483,b0f066a214c2f5e87bad3c948f4d605d)
Start importing Assets/Space Exploration/Prefabs/UI_Elements/Extra_Large/Slider Bars using Guid(efd4f5f3472293348a439272452cb056) Importer(2089858483,b0f066a214c2f5e87bad3c948f4d605d) (ScriptedImporter) -> (artifact id: 'a152cac95499a6d6d1f0274f95dbb43e') in 0.0192072 seconds
Number of updated asset objects reloaded before import = 0Number of asset objects unloaded after import = 1

========================================================================
Received Import Request.
  Time since last request: 0.000044 seconds.
  path: Assets/Space Exploration/Button_Images/Source_Image_Sprites/medium/square-yellow-medium.png
  artifactKey: Guid(2010eb91d71392e4b8a60496d92ad607) Importer(2089858483,b0f066a214c2f5e87bad3c948f4d605d)
Start importing Assets/Space Exploration/Button_Images/Source_Image_Sprites/medium/square-yellow-medium.png using Guid(2010eb91d71392e4b8a60496d92ad607) Importer(2089858483,b0f066a214c2f5e87bad3c948f4d605d) (ScriptedImporter) -> (artifact id: '3f411d86aa0c64c54aa12813b4e01f28') in 0.0419172 seconds
Number of updated asset objects reloaded before import = 0Number of asset objects unloaded after import = 3

========================================================================
Received Import Request.
  Time since last request: 0.000026 seconds.
  path: Assets/Space Exploration/Picto_Icons/White/door-32.png
  artifactKey: Guid(3db2259bb62401d4d860d4fd2796da05) Importer(2089858483,b0f066a214c2f5e87bad3c948f4d605d)
Start importing Assets/Space Exploration/Picto_Icons/White/door-32.png using Guid(3db2259bb62401d4d860d4fd2796da05) Importer(2089858483,b0f066a214c2f5e87bad3c948f4d605d) (ScriptedImporter) -> (artifact id: '84c412f02eadcbc9506099e3cbacbf76') in 0.0376572 seconds
Number of updated asset objects reloaded before import = 0Number of asset objects unloaded after import = 3

========================================================================
Received Import Request.
  Time since last request: 0.000029 seconds.
  path: Assets/Space Exploration/Scenes/Victory_Demo.unity
  artifactKey: Guid(df01c6922c31af04584772c352a7dabc) Importer(2089858483,b0f066a214c2f5e87bad3c948f4d605d)
Start importing Assets/Space Exploration/Scenes/Victory_Demo.unity using Guid(df01c6922c31af04584772c352a7dabc) Importer(2089858483,b0f066a214c2f5e87bad3c948f4d605d) (ScriptedImporter) -> (artifact id: 'b4067286d6cfd71eeb7653131ade6f6c') in 0.0364948 seconds
Number of updated asset objects reloaded before import = 0Number of asset objects unloaded after import = 1

========================================================================
Received Import Request.
  Time since last request: 0.000038 seconds.
  path: Assets/Space Exploration/Rank_System_Components/Extra Large/ranking-container-extra-large.png
  artifactKey: Guid(8869206522e41354786d29c0d838505c) Importer(2089858483,b0f066a214c2f5e87bad3c948f4d605d)
Start importing Assets/Space Exploration/Rank_System_Components/Extra Large/ranking-container-extra-large.png using Guid(8869206522e41354786d29c0d838505c) Importer(2089858483,b0f066a214c2f5e87bad3c948f4d605d) (ScriptedImporter) -> (artifact id: '51c06dd0837f3cafeacafbeef6e2c6bd') in 0.0412647 seconds
Number of updated asset objects reloaded before import = 0Number of asset objects unloaded after import = 3

========================================================================
Received Import Request.
  Time since last request: 0.000026 seconds.
  path: Assets/Space Exploration/Settings_&_Menu_Components/Medium/check-medium.png
  artifactKey: Guid(e41f563c3b3593141a042f54d0e171ce) Importer(2089858483,b0f066a214c2f5e87bad3c948f4d605d)
Start importing Assets/Space Exploration/Settings_&_Menu_Components/Medium/check-medium.png using Guid(e41f563c3b3593141a042f54d0e171ce) Importer(2089858483,b0f066a214c2f5e87bad3c948f4d605d) (ScriptedImporter) -> (artifact id: '50bed4351c7e0386efb3469eb25b199f') in 0.0402152 seconds
Number of updated asset objects reloaded before import = 0Number of asset objects unloaded after import = 3

========================================================================
Received Import Request.
  Time since last request: 0.000027 seconds.
  path: Assets/Photon/PhotonUnityNetworking/Demos/Shared Assets/Animations/HumanoidJumpAndFall.fbx
  artifactKey: Guid(51dd2e4c869794f75a0df7d54b210214) Importer(2089858483,b0f066a214c2f5e87bad3c948f4d605d)
Start importing Assets/Photon/PhotonUnityNetworking/Demos/Shared Assets/Animations/HumanoidJumpAndFall.fbx using Guid(51dd2e4c869794f75a0df7d54b210214) Importer(2089858483,b0f066a214c2f5e87bad3c948f4d605d) (ScriptedImporter) -> (artifact id: '60e3ac633489c53c5b318e0f11d01a4c') in 0.0591738 seconds
Number of updated asset objects reloaded before import = 0Number of asset objects unloaded after import = 160

========================================================================
Received Import Request.
  Time since last request: 0.000045 seconds.
  path: Assets/Space Exploration/Picto_Icons/White/menu-32.png
  artifactKey: Guid(b1c761fabddbbb249b26dfc35c559d64) Importer(2089858483,b0f066a214c2f5e87bad3c948f4d605d)
Start importing Assets/Space Exploration/Picto_Icons/White/menu-32.png using Guid(b1c761fabddbbb249b26dfc35c559d64) Importer(2089858483,b0f066a214c2f5e87bad3c948f4d605d) (ScriptedImporter) -> (artifact id: 'ff07e2813c9a8e2939eecf3b9e0f7080') in 0.043127 seconds
Number of updated asset objects reloaded before import = 0Number of asset objects unloaded after import = 3

========================================================================
Received Import Request.
  Time since last request: 0.000022 seconds.
  path: Assets/ProjectSettings/TagManager.asset
  artifactKey: Guid(5f84e78f18b6052409f788c90e8c482a) Importer(2089858483,b0f066a214c2f5e87bad3c948f4d605d)
Start importing Assets/ProjectSettings/TagManager.asset using Guid(5f84e78f18b6052409f788c90e8c482a) Importer(2089858483,b0f066a214c2f5e87bad3c948f4d605d) (ScriptedImporter) -> (artifact id: 'e19cfd0bd4428988e88485e3edcada63') in 0.0189082 seconds
Number of updated asset objects reloaded before import = 0Number of asset objects unloaded after import = 1

========================================================================
Received Import Request.
  Time since last request: 0.000072 seconds.
  path: Assets/Space Exploration/Picto_Icons/Dark_Purple/+-128.png
  artifactKey: Guid(0a04275e3e732944c9f35dec12f32ac2) Importer(2089858483,b0f066a214c2f5e87bad3c948f4d605d)
Start importing Assets/Space Exploration/Picto_Icons/Dark_Purple/+-128.png using Guid(0a04275e3e732944c9f35dec12f32ac2) Importer(2089858483,b0f066a214c2f5e87bad3c948f4d605d) (ScriptedImporter) -> (artifact id: '04b3da352c5706602b94cb6d688407a5') in 0.0462505 seconds
Number of updated asset objects reloaded before import = 0Number of asset objects unloaded after import = 3

========================================================================
Received Import Request.
  Time since last request: 0.000041 seconds.
  path: Assets/Space Exploration/Button_Images/Source_Image_Sprites/medium/medium-purple-medium.png
  artifactKey: Guid(445baf8173da5ac439c1bb360bedc3f2) Importer(2089858483,b0f066a214c2f5e87bad3c948f4d605d)
Start importing Assets/Space Exploration/Button_Images/Source_Image_Sprites/medium/medium-purple-medium.png using Guid(445baf8173da5ac439c1bb360bedc3f2) Importer(2089858483,b0f066a214c2f5e87bad3c948f4d605d) (ScriptedImporter) -> (artifact id: 'c48e98b13242c942a3b22b1945ee778e') in 0.0359168 seconds
Number of updated asset objects reloaded before import = 0Number of asset objects unloaded after import = 3

========================================================================
Received Import Request.
  Time since last request: 0.000023 seconds.
  path: Assets/Space Exploration/Picto_Icons/Dark_Purple/music-off-64.png
  artifactKey: Guid(c59eeb278b7ed7e428f12d81cab71467) Importer(2089858483,b0f066a214c2f5e87bad3c948f4d605d)
Start importing Assets/Space Exploration/Picto_Icons/Dark_Purple/music-off-64.png using Guid(c59eeb278b7ed7e428f12d81cab71467) Importer(2089858483,b0f066a214c2f5e87bad3c948f4d605d) (ScriptedImporter) -> (artifact id: 'd8858c5f6c243b40332098d93eb2991e') in 0.0394496 seconds
Number of updated asset objects reloaded before import = 0Number of asset objects unloaded after import = 3

========================================================================
Received Import Request.
  Time since last request: 0.000044 seconds.
  path: Assets/Space Exploration/Picto_Icons/Light_Purple/lock-256.png
  artifactKey: Guid(e7b9416c77378834c9cac8d4bf940814) Importer(2089858483,b0f066a214c2f5e87bad3c948f4d605d)
Start importing Assets/Space Exploration/Picto_Icons/Light_Purple/lock-256.png using Guid(e7b9416c77378834c9cac8d4bf940814) Importer(2089858483,b0f066a214c2f5e87bad3c948f4d605d) (ScriptedImporter) -> (artifact id: '774a4bfb9357671be059e3d6c07979b1') in 0.029819 seconds
Number of updated asset objects reloaded before import = 0Number of asset objects unloaded after import = 3

========================================================================
Received Import Request.
  Time since last request: 0.000031 seconds.
  path: Assets/Space Exploration/Button_Images/Disabled_Sprites/Small/extra-long-disabled-small.png
  artifactKey: Guid(157576388394f624aa5c889fad5c50e0) Importer(2089858483,b0f066a214c2f5e87bad3c948f4d605d)
Start importing Assets/Space Exploration/Button_Images/Disabled_Sprites/Small/extra-long-disabled-small.png using Guid(157576388394f624aa5c889fad5c50e0) Importer(2089858483,b0f066a214c2f5e87bad3c948f4d605d) (ScriptedImporter) -> (artifact id: '7eb22e648f5b082023ce74f48cef7179') in 0.0275869 seconds
Number of updated asset objects reloaded before import = 0Number of asset objects unloaded after import = 3

========================================================================
Received Import Request.
  Time since last request: 0.000029 seconds.
  path: Assets/Space Exploration/Picto_Icons/Dark_Purple/send-64.png
  artifactKey: Guid(2dfff521f2687934880591593434b8cc) Importer(2089858483,b0f066a214c2f5e87bad3c948f4d605d)
Start importing Assets/Space Exploration/Picto_Icons/Dark_Purple/send-64.png using Guid(2dfff521f2687934880591593434b8cc) Importer(2089858483,b0f066a214c2f5e87bad3c948f4d605d) (ScriptedImporter) -> (artifact id: 'f347b82015cb7916a6301cd34f1424b2') in 0.0365799 seconds
Number of updated asset objects reloaded before import = 0Number of asset objects unloaded after import = 3

========================================================================
Received Import Request.
  Time since last request: 0.000030 seconds.
  path: Assets/Space Exploration/Picto_Icons/White/pencil-256.png
  artifactKey: Guid(35e3a89a508d04f4eb683abccc85c560) Importer(2089858483,b0f066a214c2f5e87bad3c948f4d605d)
Start importing Assets/Space Exploration/Picto_Icons/White/pencil-256.png using Guid(35e3a89a508d04f4eb683abccc85c560) Importer(2089858483,b0f066a214c2f5e87bad3c948f4d605d) (ScriptedImporter) -> (artifact id: '11d0ddd2cb1556498e5ca3870ebedb91') in 0.0386732 seconds
Number of updated asset objects reloaded before import = 0Number of asset objects unloaded after import = 3

========================================================================
Received Import Request.
  Time since last request: 0.000041 seconds.
  path: Assets/Space Exploration/Picto_Icons/White/rocket-32.png
  artifactKey: Guid(4d1a775e9a72e024a99b3314a5a64f9d) Importer(2089858483,b0f066a214c2f5e87bad3c948f4d605d)
Start importing Assets/Space Exploration/Picto_Icons/White/rocket-32.png using Guid(4d1a775e9a72e024a99b3314a5a64f9d) Importer(2089858483,b0f066a214c2f5e87bad3c948f4d605d) (ScriptedImporter) -> (artifact id: '6f98720aca5e3bdbd9d94662cfee9b9e') in 0.0822928 seconds
Number of updated asset objects reloaded before import = 0Number of asset objects unloaded after import = 3

========================================================================
Received Import Request.
  Time since last request: 0.000030 seconds.
  path: Assets/Space Exploration/Picto_Icons/White/chat-64.png
  artifactKey: Guid(845d39d9c1d6da643b093dfa271f896f) Importer(2089858483,b0f066a214c2f5e87bad3c948f4d605d)
Start importing Assets/Space Exploration/Picto_Icons/White/chat-64.png using Guid(845d39d9c1d6da643b093dfa271f896f) Importer(2089858483,b0f066a214c2f5e87bad3c948f4d605d) (ScriptedImporter) -> (artifact id: '05d845f3e155ed4261ecb03e12f896cc') in 0.044153 seconds
Number of updated asset objects reloaded before import = 0Number of asset objects unloaded after import = 3

========================================================================
Received Import Request.
  Time since last request: 0.000040 seconds.
  path: Assets/Space Exploration/Button_Images/Highlighted_Sprite/large/square-pink-highlight-large.png
  artifactKey: Guid(bcac79104269f284580ab9ae1d57ccb0) Importer(2089858483,b0f066a214c2f5e87bad3c948f4d605d)
Start importing Assets/Space Exploration/Button_Images/Highlighted_Sprite/large/square-pink-highlight-large.png using Guid(bcac79104269f284580ab9ae1d57ccb0) Importer(2089858483,b0f066a214c2f5e87bad3c948f4d605d) (ScriptedImporter) -> (artifact id: 'ac752de3d8289f08d1dec588b2684a2a') in 0.0316501 seconds
Number of updated asset objects reloaded before import = 0Number of asset objects unloaded after import = 3

========================================================================
Received Import Request.
  Time since last request: 0.000029 seconds.
  path: Assets/Space Exploration/Picto_Icons/White/sun-128.png
  artifactKey: Guid(934e0f39ef7324044807759f6f7953b4) Importer(2089858483,b0f066a214c2f5e87bad3c948f4d605d)
Start importing Assets/Space Exploration/Picto_Icons/White/sun-128.png using Guid(934e0f39ef7324044807759f6f7953b4) Importer(2089858483,b0f066a214c2f5e87bad3c948f4d605d) (ScriptedImporter) -> (artifact id: 'aed33960b8f3a6dc5cad453ca144ab6b') in 0.0398959 seconds
Number of updated asset objects reloaded before import = 0Number of asset objects unloaded after import = 3

========================================================================
Received Import Request.
  Time since last request: 0.000032 seconds.
  path: Assets/Space Exploration/Picto_Icons/Light_Purple/bow-128.png
  artifactKey: Guid(57a26907f6b1d4f42ba2cce57dfad0fb) Importer(2089858483,b0f066a214c2f5e87bad3c948f4d605d)
Start importing Assets/Space Exploration/Picto_Icons/Light_Purple/bow-128.png using Guid(57a26907f6b1d4f42ba2cce57dfad0fb) Importer(2089858483,b0f066a214c2f5e87bad3c948f4d605d) (ScriptedImporter) -> (artifact id: '05d13dad6d8fb742e59b14fda69816a4') in 0.0403416 seconds
Number of updated asset objects reloaded before import = 0Number of asset objects unloaded after import = 3

========================================================================
Received Import Request.
  Time since last request: 0.000037 seconds.
  path: Assets/Space Exploration/Settings_&_Menu_Components/Extra Large/check-box-empty-extra-large.png
  artifactKey: Guid(98d3459d4bd027a4b9f3f7dd1bad02e8) Importer(2089858483,b0f066a214c2f5e87bad3c948f4d605d)
Start importing Assets/Space Exploration/Settings_&_Menu_Components/Extra Large/check-box-empty-extra-large.png using Guid(98d3459d4bd027a4b9f3f7dd1bad02e8) Importer(2089858483,b0f066a214c2f5e87bad3c948f4d605d) (ScriptedImporter) -> (artifact id: '43029af5a077db1de8fa7e9cd96d316d') in 0.0318174 seconds
Number of updated asset objects reloaded before import = 0Number of asset objects unloaded after import = 3

========================================================================
Received Import Request.
  Time since last request: 0.000028 seconds.
  path: Assets/Space Exploration/Picto_Icons/White/next-128.png
  artifactKey: Guid(f21c8f720e79fe34ba78b97a5c9bd379) Importer(2089858483,b0f066a214c2f5e87bad3c948f4d605d)
Start importing Assets/Space Exploration/Picto_Icons/White/next-128.png using Guid(f21c8f720e79fe34ba78b97a5c9bd379) Importer(2089858483,b0f066a214c2f5e87bad3c948f4d605d) (ScriptedImporter) -> (artifact id: 'cee4e9e218095ef07b3550e232deaab1') in 0.0399699 seconds
Number of updated asset objects reloaded before import = 0Number of asset objects unloaded after import = 3

========================================================================
Received Import Request.
  Time since last request: 0.000035 seconds.
  path: Assets/Photon/PhotonUnityNetworking/Demos/PunCockpit/Forms/UserIdUiForm.cs
  artifactKey: Guid(a37901dfac2364b018833f32816a7a16) Importer(2089858483,b0f066a214c2f5e87bad3c948f4d605d)
Start importing Assets/Photon/PhotonUnityNetworking/Demos/PunCockpit/Forms/UserIdUiForm.cs using Guid(a37901dfac2364b018833f32816a7a16) Importer(2089858483,b0f066a214c2f5e87bad3c948f4d605d) (ScriptedImporter) -> (artifact id: '4212421b7a09280188c1733e0f8b194a') in 0.0188249 seconds
Number of updated asset objects reloaded before import = 0Number of asset objects unloaded after import = 0

========================================================================
Received Import Request.
  Time since last request: 0.000039 seconds.
  path: Assets/Space Exploration/Picto_Icons/Dark_Purple/banner-128.png
  artifactKey: Guid(3716285552b01034c8123c910d3b771b) Importer(2089858483,b0f066a214c2f5e87bad3c948f4d605d)
Start importing Assets/Space Exploration/Picto_Icons/Dark_Purple/banner-128.png using Guid(3716285552b01034c8123c910d3b771b) Importer(2089858483,b0f066a214c2f5e87bad3c948f4d605d) (ScriptedImporter) -> (artifact id: '005ddf1552070905d374cccb7f8379aa') in 0.0428229 seconds
Number of updated asset objects reloaded before import = 0Number of asset objects unloaded after import = 3

========================================================================
Received Import Request.
  Time since last request: 0.000030 seconds.
  path: Assets/PlayFabSDK/Insights/PlayFabInsightsAPI.cs
  artifactKey: Guid(711d5cb10af3bcf44b9a605a7e7c03e3) Importer(2089858483,b0f066a214c2f5e87bad3c948f4d605d)
Start importing Assets/PlayFabSDK/Insights/PlayFabInsightsAPI.cs using Guid(711d5cb10af3bcf44b9a605a7e7c03e3) Importer(2089858483,b0f066a214c2f5e87bad3c948f4d605d) (ScriptedImporter) -> (artifact id: '650a5aae9caeeefb063c0b8b0c04be02') in 0.0187485 seconds
Number of updated asset objects reloaded before import = 0Number of asset objects unloaded after import = 0

========================================================================
Received Import Request.
  Time since last request: 0.000035 seconds.
  path: Assets/Space Exploration/Picto_Icons/Dark_Purple/shield-256.png
  artifactKey: Guid(9ffb87777c4855742b4002c69e819756) Importer(2089858483,b0f066a214c2f5e87bad3c948f4d605d)
Start importing Assets/Space Exploration/Picto_Icons/Dark_Purple/shield-256.png using Guid(9ffb87777c4855742b4002c69e819756) Importer(2089858483,b0f066a214c2f5e87bad3c948f4d605d) (ScriptedImporter) -> (artifact id: '13e43a2ab17b07a326242f924f68c768') in 0.0465571 seconds
Number of updated asset objects reloaded before import = 0Number of asset objects unloaded after import = 3

========================================================================
Received Import Request.
  Time since last request: 0.000039 seconds.
  path: Assets/Photon/PhotonUnityNetworking/Demos/PunBasics-Tutorial/Materials/Red Beam.mat
  artifactKey: Guid(409bf720e9924426b9f253cf037a8f4e) Importer(2089858483,b0f066a214c2f5e87bad3c948f4d605d)
Start importing Assets/Photon/PhotonUnityNetworking/Demos/PunBasics-Tutorial/Materials/Red Beam.mat using Guid(409bf720e9924426b9f253cf037a8f4e) Importer(2089858483,b0f066a214c2f5e87bad3c948f4d605d) (ScriptedImporter) -> (artifact id: '019c4f6bbfe3b52610749e982eb535a9') in 0.0291169 seconds
Number of updated asset objects reloaded before import = 0Number of asset objects unloaded after import = 2

========================================================================
Received Import Request.
  Time since last request: 0.000027 seconds.
  path: Assets/Space Exploration/Prefabs/Buttons_Simple/Extra Large/Blue/Blue_Extra_Large_Button.prefab
  artifactKey: Guid(45e7e44ad478cf3418bd34e21628c31b) Importer(2089858483,b0f066a214c2f5e87bad3c948f4d605d)
Start importing Assets/Space Exploration/Prefabs/Buttons_Simple/Extra Large/Blue/Blue_Extra_Large_Button.prefab using Guid(45e7e44ad478cf3418bd34e21628c31b) Importer(2089858483,b0f066a214c2f5e87bad3c948f4d605d) (ScriptedImporter) -> (artifact id: 'ec9e2b84348ed9efc276d6c026ccf83f') in 0.0500762 seconds
Number of updated asset objects reloaded before import = 0Number of asset objects unloaded after import = 18

========================================================================
Received Import Request.
  Time since last request: 0.000035 seconds.
  path: Assets/Space Exploration/Fonts/Font Sources/static/Asap_SemiCondensed-LightItalic.ttf
  artifactKey: Guid(4cd15ce54855ab04b893802ab3da2cf8) Importer(2089858483,b0f066a214c2f5e87bad3c948f4d605d)
Start importing Assets/Space Exploration/Fonts/Font Sources/static/Asap_SemiCondensed-LightItalic.ttf using Guid(4cd15ce54855ab04b893802ab3da2cf8) Importer(2089858483,b0f066a214c2f5e87bad3c948f4d605d) (ScriptedImporter) -> (artifact id: 'bd2b2a670005b212ac13b1d23b582a15') in 0.0242877 seconds
Number of updated asset objects reloaded before import = 0Number of asset objects unloaded after import = 3

========================================================================
Received Import Request.
  Time since last request: 0.000036 seconds.
  path: Assets/Photon/PhotonNetworking-Documentation.chm
  artifactKey: Guid(6923098d409554f57bedd5a4fa66e3ad) Importer(2089858483,b0f066a214c2f5e87bad3c948f4d605d)
Start importing Assets/Photon/PhotonNetworking-Documentation.chm using Guid(6923098d409554f57bedd5a4fa66e3ad) Importer(2089858483,b0f066a214c2f5e87bad3c948f4d605d) (ScriptedImporter) -> (artifact id: 'e07027b5bfbf58dc646059c387f8544d') in 0.0181755 seconds
Number of updated asset objects reloaded before import = 0Number of asset objects unloaded after import = 1

========================================================================
Received Import Request.
  Time since last request: 0.000029 seconds.
  path: Assets/Photon/PhotonRealtime/Demos/DemoLoadBalancing/ConnectAndJoinRandomLb.cs
  artifactKey: Guid(72e8756202d0dfc488140c228938043b) Importer(2089858483,b0f066a214c2f5e87bad3c948f4d605d)
Start importing Assets/Photon/PhotonRealtime/Demos/DemoLoadBalancing/ConnectAndJoinRandomLb.cs using Guid(72e8756202d0dfc488140c228938043b) Importer(2089858483,b0f066a214c2f5e87bad3c948f4d605d) (ScriptedImporter) -> (artifact id: 'b233c0b6f4234d9555c591feadb845d5') in 0.0183055 seconds
Number of updated asset objects reloaded before import = 0Number of asset objects unloaded after import = 0

========================================================================
Received Import Request.
  Time since last request: 0.000026 seconds.
  path: Assets/Photon/PhotonUnityNetworking/Demos/DemoSlotRacer/Kenney Assets/Racing Kit/Models
  artifactKey: Guid(936c39e82305d734a8b9d5b1dd50ed71) Importer(2089858483,b0f066a214c2f5e87bad3c948f4d605d)
Start importing Assets/Photon/PhotonUnityNetworking/Demos/DemoSlotRacer/Kenney Assets/Racing Kit/Models using Guid(936c39e82305d734a8b9d5b1dd50ed71) Importer(2089858483,b0f066a214c2f5e87bad3c948f4d605d) (ScriptedImporter) -> (artifact id: '627dcc94bdc0db8b481bfc800f132ae1') in 0.017949 seconds
Number of updated asset objects reloaded before import = 0Number of asset objects unloaded after import = 1

========================================================================
Received Import Request.
  Time since last request: 0.000040 seconds.
  path: Assets/Space Exploration/Settings_&_Menu_Components/Small/heart-gem-coin-bar-small.png
  artifactKey: Guid(136f8b4886abe0745842fa1856456368) Importer(2089858483,b0f066a214c2f5e87bad3c948f4d605d)
Start importing Assets/Space Exploration/Settings_&_Menu_Components/Small/heart-gem-coin-bar-small.png using Guid(136f8b4886abe0745842fa1856456368) Importer(2089858483,b0f066a214c2f5e87bad3c948f4d605d) (ScriptedImporter) -> (artifact id: 'edc834b030dd974c04fa402e7dbe1220') in 0.028099 seconds
Number of updated asset objects reloaded before import = 0Number of asset objects unloaded after import = 3

========================================================================
Received Import Request.
  Time since last request: 0.000042 seconds.
  path: Assets/Space Exploration/Picto_Icons/Dark_Purple/next-256.png
  artifactKey: Guid(6509fd8d376aec542a2b0e6338049c2c) Importer(2089858483,b0f066a214c2f5e87bad3c948f4d605d)
Start importing Assets/Space Exploration/Picto_Icons/Dark_Purple/next-256.png using Guid(6509fd8d376aec542a2b0e6338049c2c) Importer(2089858483,b0f066a214c2f5e87bad3c948f4d605d) (ScriptedImporter) -> (artifact id: '2bc6e5ad3b7ed105c444f6c7dff46791') in 0.0395957 seconds
Number of updated asset objects reloaded before import = 0Number of asset objects unloaded after import = 3

========================================================================
Received Import Request.
  Time since last request: 0.000032 seconds.
  path: Assets/Space Exploration/Picto_Icons/White/all-white-64.png
  artifactKey: Guid(5e89e39380fea0d45b50e9d5c3fa8ce8) Importer(2089858483,b0f066a214c2f5e87bad3c948f4d605d)
Start importing Assets/Space Exploration/Picto_Icons/White/all-white-64.png using Guid(5e89e39380fea0d45b50e9d5c3fa8ce8) Importer(2089858483,b0f066a214c2f5e87bad3c948f4d605d) (ScriptedImporter) -> (artifact id: '29cee432ff46b0648ce57484ead283bd') in 0.0386997 seconds
Number of updated asset objects reloaded before import = 0Number of asset objects unloaded after import = 3

========================================================================
Received Import Request.
  Time since last request: 0.000043 seconds.
  path: Assets/Space Exploration/Grid_Components/Medium/inventory-add-highlight-medium.png
  artifactKey: Guid(c0efd15c43625cc418efbe83b595173d) Importer(2089858483,b0f066a214c2f5e87bad3c948f4d605d)
Start importing Assets/Space Exploration/Grid_Components/Medium/inventory-add-highlight-medium.png using Guid(c0efd15c43625cc418efbe83b595173d) Importer(2089858483,b0f066a214c2f5e87bad3c948f4d605d) (ScriptedImporter) -> (artifact id: '020b8fd081d4d8c35c3e2bbd240fd8d1') in 0.0392583 seconds
Number of updated asset objects reloaded before import = 0Number of asset objects unloaded after import = 3

========================================================================
Received Import Request.
  Time since last request: 0.000024 seconds.
  path: Assets/Space Exploration/Picto_Icons/Dark_Purple/like-128.png
  artifactKey: Guid(ebb3164a0d3ce734c9c73b8d6c07ce99) Importer(2089858483,b0f066a214c2f5e87bad3c948f4d605d)
Start importing Assets/Space Exploration/Picto_Icons/Dark_Purple/like-128.png using Guid(ebb3164a0d3ce734c9c73b8d6c07ce99) Importer(2089858483,b0f066a214c2f5e87bad3c948f4d605d) (ScriptedImporter) -> (artifact id: '0d6b60c5f0aea6d2a6015722a3a49e66') in 0.0400619 seconds
Number of updated asset objects reloaded before import = 0Number of asset objects unloaded after import = 3

========================================================================
Received Import Request.
  Time since last request: 0.000037 seconds.
  path: Assets/Photon/PhotonUnityNetworking/Demos/DemoSlotRacer/Kenney Assets/Stylized city/Models/tree_1.FBX
  artifactKey: Guid(92afa2e4e0d0b8542bf48b0de3ac19bd) Importer(2089858483,b0f066a214c2f5e87bad3c948f4d605d)
Start importing Assets/Photon/PhotonUnityNetworking/Demos/DemoSlotRacer/Kenney Assets/Stylized city/Models/tree_1.FBX using Guid(92afa2e4e0d0b8542bf48b0de3ac19bd) Importer(2089858483,b0f066a214c2f5e87bad3c948f4d605d) (ScriptedImporter) -> (artifact id: '85439f8575abf4fa91b995c9e07644ef') in 0.0436748 seconds
Number of updated asset objects reloaded before import = 0Number of asset objects unloaded after import = 24

========================================================================
Received Import Request.
  Time since last request: 0.000053 seconds.
  path: Assets/Space Exploration/Settings_&_Menu_Components/Large
  artifactKey: Guid(9e414adf9131e5f4b8d446ccddbfd7e0) Importer(2089858483,b0f066a214c2f5e87bad3c948f4d605d)
Start importing Assets/Space Exploration/Settings_&_Menu_Components/Large using Guid(9e414adf9131e5f4b8d446ccddbfd7e0) Importer(2089858483,b0f066a214c2f5e87bad3c948f4d605d) (ScriptedImporter) -> (artifact id: '2f4dc4b80f6d257b3a847f819b9ebdbe') in 0.0190035 seconds
Number of updated asset objects reloaded before import = 0Number of asset objects unloaded after import = 1

========================================================================
Received Import Request.
  Time since last request: 0.000024 seconds.
  path: Assets/Photon/PhotonUnityNetworking/Demos/PunBasics-Tutorial/Scenes
  artifactKey: Guid(c2e133c321fc868409cc3a12da290c3a) Importer(2089858483,b0f066a214c2f5e87bad3c948f4d605d)
Start importing Assets/Photon/PhotonUnityNetworking/Demos/PunBasics-Tutorial/Scenes using Guid(c2e133c321fc868409cc3a12da290c3a) Importer(2089858483,b0f066a214c2f5e87bad3c948f4d605d) (ScriptedImporter) -> (artifact id: '5e28b0e1213c5d044a0336973261c22a') in 0.0183923 seconds
Number of updated asset objects reloaded before import = 0Number of asset objects unloaded after import = 1

========================================================================
Received Import Request.
  Time since last request: 0.000035 seconds.
  path: Assets/Space Exploration/Picto_Icons/Light_Purple/trophy-2-64.png
  artifactKey: Guid(b2fe32113339eb64ea4f509fc7ffbf40) Importer(2089858483,b0f066a214c2f5e87bad3c948f4d605d)
Start importing Assets/Space Exploration/Picto_Icons/Light_Purple/trophy-2-64.png using Guid(b2fe32113339eb64ea4f509fc7ffbf40) Importer(2089858483,b0f066a214c2f5e87bad3c948f4d605d) (ScriptedImporter) -> (artifact id: 'd283dab1856016530c2a3b45d0210ee0') in 0.0389321 seconds
Number of updated asset objects reloaded before import = 0Number of asset objects unloaded after import = 3

========================================================================
Received Import Request.
  Time since last request: 0.000040 seconds.
  path: Assets/Space Exploration/Picto_Icons/White/try-again-256.png
  artifactKey: Guid(9ea2c2728bd66574b8ce47244402b188) Importer(2089858483,b0f066a214c2f5e87bad3c948f4d605d)
Start importing Assets/Space Exploration/Picto_Icons/White/try-again-256.png using Guid(9ea2c2728bd66574b8ce47244402b188) Importer(2089858483,b0f066a214c2f5e87bad3c948f4d605d) (ScriptedImporter) -> (artifact id: '730dc3c139dbbd047b3a6753e42d6680') in 0.0406466 seconds
Number of updated asset objects reloaded before import = 0Number of asset objects unloaded after import = 3

========================================================================
Received Import Request.
  Time since last request: 0.000027 seconds.
  path: Assets/Space Exploration/Settings_&_Menu_Components/Large/level-icon-large.png
  artifactKey: Guid(f38240d45d27e4646a94188b4876e6a0) Importer(2089858483,b0f066a214c2f5e87bad3c948f4d605d)
Start importing Assets/Space Exploration/Settings_&_Menu_Components/Large/level-icon-large.png using Guid(f38240d45d27e4646a94188b4876e6a0) Importer(2089858483,b0f066a214c2f5e87bad3c948f4d605d) (ScriptedImporter) -> (artifact id: '648154e14560799800284b7922471e06') in 0.0271468 seconds
Number of updated asset objects reloaded before import = 0Number of asset objects unloaded after import = 3

========================================================================
Received Import Request.
  Time since last request: 0.000034 seconds.
  path: Assets/Photon/PhotonUnityNetworking/Demos/DemoProcedural/Materials/Orange.mat
  artifactKey: Guid(09adc4af150569a4cb996354c367b8c8) Importer(2089858483,b0f066a214c2f5e87bad3c948f4d605d)
Start importing Assets/Photon/PhotonUnityNetworking/Demos/DemoProcedural/Materials/Orange.mat using Guid(09adc4af150569a4cb996354c367b8c8) Importer(2089858483,b0f066a214c2f5e87bad3c948f4d605d) (ScriptedImporter) -> (artifact id: '8bdc40708481118c4656a713f336fe7d') in 0.0252838 seconds
Number of updated asset objects reloaded before import = 0Number of asset objects unloaded after import = 1

========================================================================
Received Import Request.
  Time since last request: 0.000037 seconds.
  path: Assets/Space Exploration/Picto_Icons/White/ufo-32.png
  artifactKey: Guid(3b9361f8d16174144ba1148e4d88854e) Importer(2089858483,b0f066a214c2f5e87bad3c948f4d605d)
Start importing Assets/Space Exploration/Picto_Icons/White/ufo-32.png using Guid(3b9361f8d16174144ba1148e4d88854e) Importer(2089858483,b0f066a214c2f5e87bad3c948f4d605d) (ScriptedImporter) -> (artifact id: 'f7f059f534bd08399880d6cfbf0203a9') in 0.0373227 seconds
Number of updated asset objects reloaded before import = 0Number of asset objects unloaded after import = 3

========================================================================
Received Import Request.
  Time since last request: 0.000040 seconds.
  path: Assets/Space Exploration/Picto_Icons/Light_Purple/music-off-256.png
  artifactKey: Guid(e1ada43c1703b1045812f41f3a717300) Importer(2089858483,b0f066a214c2f5e87bad3c948f4d605d)
Start importing Assets/Space Exploration/Picto_Icons/Light_Purple/music-off-256.png using Guid(e1ada43c1703b1045812f41f3a717300) Importer(2089858483,b0f066a214c2f5e87bad3c948f4d605d) (ScriptedImporter) -> (artifact id: '7ccf57dc2cd526824d008eab123f9a66') in 0.0389795 seconds
Number of updated asset objects reloaded before import = 0Number of asset objects unloaded after import = 3

========================================================================
Received Import Request.
  Time since last request: 0.000044 seconds.
  path: Assets/Space Exploration/Fonts/Font Sources/static/Asap_SemiExpanded-Regular.ttf
  artifactKey: Guid(e101bdf8d80c8064094a4ac1ffc2e785) Importer(2089858483,b0f066a214c2f5e87bad3c948f4d605d)
Start importing Assets/Space Exploration/Fonts/Font Sources/static/Asap_SemiExpanded-Regular.ttf using Guid(e101bdf8d80c8064094a4ac1ffc2e785) Importer(2089858483,b0f066a214c2f5e87bad3c948f4d605d) (ScriptedImporter) -> (artifact id: '7937fcca764a6df5224d95ebcd9b6873') in 0.0247131 seconds
Number of updated asset objects reloaded before import = 0Number of asset objects unloaded after import = 3

========================================================================
Received Import Request.
  Time since last request: 0.000039 seconds.
  path: Assets/Space Exploration/Picto_Icons/Dark_Purple/next-32.png
  artifactKey: Guid(db5af83e10fa6574b8138ec096707617) Importer(2089858483,b0f066a214c2f5e87bad3c948f4d605d)
Start importing Assets/Space Exploration/Picto_Icons/Dark_Purple/next-32.png using Guid(db5af83e10fa6574b8138ec096707617) Importer(2089858483,b0f066a214c2f5e87bad3c948f4d605d) (ScriptedImporter) -> (artifact id: 'eb191c61ce74b9045cb72189e3ac0111') in 0.038591 seconds
Number of updated asset objects reloaded before import = 0Number of asset objects unloaded after import = 3

========================================================================
Received Import Request.
  Time since last request: 0.000026 seconds.
  path: Assets/Space Exploration/Picto_Icons/Light_Purple/book-64.png
  artifactKey: Guid(49036e21e80f41742931605f50dff1b1) Importer(2089858483,b0f066a214c2f5e87bad3c948f4d605d)
Start importing Assets/Space Exploration/Picto_Icons/Light_Purple/book-64.png using Guid(49036e21e80f41742931605f50dff1b1) Importer(2089858483,b0f066a214c2f5e87bad3c948f4d605d) (ScriptedImporter) -> (artifact id: 'c4a00609d72929489e8312d8bb35dc03') in 0.0406715 seconds
Number of updated asset objects reloaded before import = 0Number of asset objects unloaded after import = 3

========================================================================
Received Import Request.
  Time since last request: 0.000031 seconds.
  path: Assets/Stylized Astronaut/Character/Materials/Yellow_Mat.mat
  artifactKey: Guid(d2c8f925eb40c4748811efdd803f25c6) Importer(2089858483,b0f066a214c2f5e87bad3c948f4d605d)
Start importing Assets/Stylized Astronaut/Character/Materials/Yellow_Mat.mat using Guid(d2c8f925eb40c4748811efdd803f25c6) Importer(2089858483,b0f066a214c2f5e87bad3c948f4d605d) (ScriptedImporter) -> (artifact id: '154252dc67225d8aa0e53396b418226d') in 0.0297316 seconds
Number of updated asset objects reloaded before import = 0Number of asset objects unloaded after import = 1

========================================================================
Received Import Request.
  Time since last request: 0.000037 seconds.
  path: Assets/Space Exploration/Picto_Icons/Light_Purple/buy-32.png
  artifactKey: Guid(692cc589b9cce2f41ac41504e17a12e6) Importer(2089858483,b0f066a214c2f5e87bad3c948f4d605d)
Start importing Assets/Space Exploration/Picto_Icons/Light_Purple/buy-32.png using Guid(692cc589b9cce2f41ac41504e17a12e6) Importer(2089858483,b0f066a214c2f5e87bad3c948f4d605d) (ScriptedImporter) -> (artifact id: 'd0fb0506ec5e054aae8898a556ebc611') in 0.0796029 seconds
Number of updated asset objects reloaded before import = 0Number of asset objects unloaded after import = 3

========================================================================
Received Import Request.
  Time since last request: 0.000028 seconds.
  path: Assets/PlayFabSDK/Multiplayer/PlayFabEvents.cs
  artifactKey: Guid(fe16c398171536247a7e4685790d4dac) Importer(2089858483,b0f066a214c2f5e87bad3c948f4d605d)
Start importing Assets/PlayFabSDK/Multiplayer/PlayFabEvents.cs using Guid(fe16c398171536247a7e4685790d4dac) Importer(2089858483,b0f066a214c2f5e87bad3c948f4d605d) (ScriptedImporter) -> (artifact id: '8a9f813522edd8e3ab441112b07949ee') in 0.0195045 seconds
Number of updated asset objects reloaded before import = 0Number of asset objects unloaded after import = 0

========================================================================
Received Import Request.
  Time since last request: 0.000036 seconds.
  path: Assets/Space Exploration/Picto_Icons/Dark_Purple/astronaut-128.png
  artifactKey: Guid(69d2597d4e9974a4e93134e7e93a3ed8) Importer(2089858483,b0f066a214c2f5e87bad3c948f4d605d)
Start importing Assets/Space Exploration/Picto_Icons/Dark_Purple/astronaut-128.png using Guid(69d2597d4e9974a4e93134e7e93a3ed8) Importer(2089858483,b0f066a214c2f5e87bad3c948f4d605d) (ScriptedImporter) -> (artifact id: '2180ee3a263c89725c0e055b4c52ef67') in 0.0444942 seconds
Number of updated asset objects reloaded before import = 0Number of asset objects unloaded after import = 3

========================================================================
Received Import Request.
  Time since last request: 0.000021 seconds.
  path: Assets/PlayFabSDK/Shared/Internal/PlayFabHttp/PlayFabWebRequest.cs
  artifactKey: Guid(18fd1a0daadd68d45aebf8c19cac2bda) Importer(2089858483,b0f066a214c2f5e87bad3c948f4d605d)
Start importing Assets/PlayFabSDK/Shared/Internal/PlayFabHttp/PlayFabWebRequest.cs using Guid(18fd1a0daadd68d45aebf8c19cac2bda) Importer(2089858483,b0f066a214c2f5e87bad3c948f4d605d) (ScriptedImporter) -> (artifact id: '46adf97e65519bc59fe8720f08b6c176') in 0.0183426 seconds
Number of updated asset objects reloaded before import = 0Number of asset objects unloaded after import = 0

========================================================================
Received Import Request.
  Time since last request: 0.000026 seconds.
  path: Assets/Space Exploration/Picto_Icons/Dark_Purple/solar-system-64.png
  artifactKey: Guid(0ea5608fbb665274f81f10c595e83503) Importer(2089858483,b0f066a214c2f5e87bad3c948f4d605d)
Start importing Assets/Space Exploration/Picto_Icons/Dark_Purple/solar-system-64.png using Guid(0ea5608fbb665274f81f10c595e83503) Importer(2089858483,b0f066a214c2f5e87bad3c948f4d605d) (ScriptedImporter) -> (artifact id: 'f2e09f435521a08bc92789897bfa3b9b') in 0.044389 seconds
Number of updated asset objects reloaded before import = 0Number of asset objects unloaded after import = 3

========================================================================
Received Import Request.
  Time since last request: 0.000035 seconds.
  path: Assets/Space Exploration/Other_Images/Extra_Large/shooting-star-blue-extra-large.png
  artifactKey: Guid(0cdf6f256625e0a4ebe0a6bf0082c76c) Importer(2089858483,b0f066a214c2f5e87bad3c948f4d605d)
Start importing Assets/Space Exploration/Other_Images/Extra_Large/shooting-star-blue-extra-large.png using Guid(0cdf6f256625e0a4ebe0a6bf0082c76c) Importer(2089858483,b0f066a214c2f5e87bad3c948f4d605d) (ScriptedImporter) -> (artifact id: '78e53c9cda5684df4fda1366e3a2e23b') in 0.0386935 seconds
Number of updated asset objects reloaded before import = 0Number of asset objects unloaded after import = 3

========================================================================
Received Import Request.
  Time since last request: 0.000026 seconds.
  path: Assets/Space Exploration/Containers/Large/loot-found-container-large.png
  artifactKey: Guid(1c2dca4a34ee8a140a6e52c59c97db58) Importer(2089858483,b0f066a214c2f5e87bad3c948f4d605d)
Start importing Assets/Space Exploration/Containers/Large/loot-found-container-large.png using Guid(1c2dca4a34ee8a140a6e52c59c97db58) Importer(2089858483,b0f066a214c2f5e87bad3c948f4d605d) (ScriptedImporter) -> (artifact id: 'b8ae98f5472c3445b67956744062dfb0') in 0.037581 seconds
Number of updated asset objects reloaded before import = 0Number of asset objects unloaded after import = 3

========================================================================
Received Import Request.
  Time since last request: 0.000077 seconds.
  path: Assets/Space Exploration/Picto_Icons/Dark_Purple/key-64.png
  artifactKey: Guid(81943425de05d3242b5b1536a2aca183) Importer(2089858483,b0f066a214c2f5e87bad3c948f4d605d)
Start importing Assets/Space Exploration/Picto_Icons/Dark_Purple/key-64.png using Guid(81943425de05d3242b5b1536a2aca183) Importer(2089858483,b0f066a214c2f5e87bad3c948f4d605d) (ScriptedImporter) -> (artifact id: '64e374a8ef8c5c135ab1733a44ee969f') in 0.0411256 seconds
Number of updated asset objects reloaded before import = 0Number of asset objects unloaded after import = 3

========================================================================
Received Import Request.
  Time since last request: 0.000044 seconds.
  path: Assets/Space Exploration/Icons/chest-2-128.png
  artifactKey: Guid(2e9dda379e067314fbe431d55b3ec76a) Importer(2089858483,b0f066a214c2f5e87bad3c948f4d605d)
Start importing Assets/Space Exploration/Icons/chest-2-128.png using Guid(2e9dda379e067314fbe431d55b3ec76a) Importer(2089858483,b0f066a214c2f5e87bad3c948f4d605d) (ScriptedImporter) -> (artifact id: '71fc4a47fbe5196ed1b1aac6a56e5511') in 0.0400239 seconds
Number of updated asset objects reloaded before import = 0Number of asset objects unloaded after import = 3

========================================================================
Received Import Request.
  Time since last request: 0.000021 seconds.
  path: Assets/Space Exploration/Picto_Icons/Dark_Purple/diamond-128.png
  artifactKey: Guid(e341eac5eda7f244991025af1c4690aa) Importer(2089858483,b0f066a214c2f5e87bad3c948f4d605d)
Start importing Assets/Space Exploration/Picto_Icons/Dark_Purple/diamond-128.png using Guid(e341eac5eda7f244991025af1c4690aa) Importer(2089858483,b0f066a214c2f5e87bad3c948f4d605d) (ScriptedImporter) -> (artifact id: 'c1391d388e2c5901d059151bce9f38f1') in 0.0498515 seconds
Number of updated asset objects reloaded before import = 0Number of asset objects unloaded after import = 3

========================================================================
Received Import Request.
  Time since last request: 0.000033 seconds.
  path: Assets/Photon/PhotonUnityNetworking/UtilityScripts/PhotonPlayer/PlayerNumbering.cs
  artifactKey: Guid(b28dd60f6abf16d4094cf0f642a043e2) Importer(2089858483,b0f066a214c2f5e87bad3c948f4d605d)
Start importing Assets/Photon/PhotonUnityNetworking/UtilityScripts/PhotonPlayer/PlayerNumbering.cs using Guid(b28dd60f6abf16d4094cf0f642a043e2) Importer(2089858483,b0f066a214c2f5e87bad3c948f4d605d) (ScriptedImporter) -> (artifact id: 'e552c6848dda91c5be745d8a4631ee96') in 0.0208246 seconds
Number of updated asset objects reloaded before import = 0Number of asset objects unloaded after import = 0

========================================================================
Received Import Request.
  Time since last request: 0.000035 seconds.
  path: Assets/Photon/PhotonUnityNetworking/Demos/PunCockpit/Scripts/Autonomous UI/CurrentRoom/CurrentRoomIsOpenToggle.cs
  artifactKey: Guid(fa1f9506beac441fa984720f2b92a92a) Importer(2089858483,b0f066a214c2f5e87bad3c948f4d605d)
Start importing Assets/Photon/PhotonUnityNetworking/Demos/PunCockpit/Scripts/Autonomous UI/CurrentRoom/CurrentRoomIsOpenToggle.cs using Guid(fa1f9506beac441fa984720f2b92a92a) Importer(2089858483,b0f066a214c2f5e87bad3c948f4d605d) (ScriptedImporter) -> (artifact id: 'adbe22de402f7357b413af06526c70fc') in 0.0197547 seconds
Number of updated asset objects reloaded before import = 0Number of asset objects unloaded after import = 0

========================================================================
Received Import Request.
  Time since last request: 0.000027 seconds.
  path: Assets/Space Exploration/Picto_Icons/Light_Purple/ring-64.png
  artifactKey: Guid(0999cd8b9324b844c8a0b5111a638b9d) Importer(2089858483,b0f066a214c2f5e87bad3c948f4d605d)
Start importing Assets/Space Exploration/Picto_Icons/Light_Purple/ring-64.png using Guid(0999cd8b9324b844c8a0b5111a638b9d) Importer(2089858483,b0f066a214c2f5e87bad3c948f4d605d) (ScriptedImporter) -> (artifact id: '2739e5e2ef28d29a9be22a81653e55ef') in 0.0397522 seconds
Number of updated asset objects reloaded before import = 0Number of asset objects unloaded after import = 3

========================================================================
Received Import Request.
  Time since last request: 0.000029 seconds.
  path: Assets/Space Exploration/Icons/pluto-128.png
  artifactKey: Guid(61e4f738a49b8fd4d888564afd2a6401) Importer(2089858483,b0f066a214c2f5e87bad3c948f4d605d)
Start importing Assets/Space Exploration/Icons/pluto-128.png using Guid(61e4f738a49b8fd4d888564afd2a6401) Importer(2089858483,b0f066a214c2f5e87bad3c948f4d605d) (ScriptedImporter) -> (artifact id: '980e5062be76e12fe91fb2a8dcadeef4') in 0.0398367 seconds
Number of updated asset objects reloaded before import = 0Number of asset objects unloaded after import = 3

========================================================================
Received Import Request.
  Time since last request: 0.000035 seconds.
  path: Assets/Space Exploration/Picto_Icons/White/add-person-256.png
  artifactKey: Guid(9a8c26ccd9dddf146ab408e8cf0e5b98) Importer(2089858483,b0f066a214c2f5e87bad3c948f4d605d)
Start importing Assets/Space Exploration/Picto_Icons/White/add-person-256.png using Guid(9a8c26ccd9dddf146ab408e8cf0e5b98) Importer(2089858483,b0f066a214c2f5e87bad3c948f4d605d) (ScriptedImporter) -> (artifact id: 'c9554c33dd004ede0456f0bac2c9767e') in 0.0420445 seconds
Number of updated asset objects reloaded before import = 0Number of asset objects unloaded after import = 3

========================================================================
Received Import Request.
  Time since last request: 0.000028 seconds.
  path: Assets/Space Exploration/Settings_&_Menu_Components/Medium/short-button-flat-purple-medium.png
  artifactKey: Guid(35689e539c6efea4ebcb47df16522f01) Importer(2089858483,b0f066a214c2f5e87bad3c948f4d605d)
Start importing Assets/Space Exploration/Settings_&_Menu_Components/Medium/short-button-flat-purple-medium.png using Guid(35689e539c6efea4ebcb47df16522f01) Importer(2089858483,b0f066a214c2f5e87bad3c948f4d605d) (ScriptedImporter) -> (artifact id: 'f701e76cc183f3165528fa3db59a1c10') in 0.0333168 seconds
Number of updated asset objects reloaded before import = 0Number of asset objects unloaded after import = 3

========================================================================
Received Import Request.
  Time since last request: 0.000029 seconds.
  path: Assets/Photon/PhotonUnityNetworking/Demos/Shared Assets/Animations/HumanoidWalkTurnSharp.fbx
  artifactKey: Guid(bb141fc9a700c9c4ca7e6dadb8acf24b) Importer(2089858483,b0f066a214c2f5e87bad3c948f4d605d)
Start importing Assets/Photon/PhotonUnityNetworking/Demos/Shared Assets/Animations/HumanoidWalkTurnSharp.fbx using Guid(bb141fc9a700c9c4ca7e6dadb8acf24b) Importer(2089858483,b0f066a214c2f5e87bad3c948f4d605d) (ScriptedImporter) -> (artifact id: '7e4815db755e8e461038cb6b459eeef6') in 0.0378864 seconds
Number of updated asset objects reloaded before import = 0Number of asset objects unloaded after import = 158

========================================================================
Received Import Request.
  Time since last request: 0.000043 seconds.
  path: Assets/Space Exploration/Picto_Icons/Light_Purple/check-128.png
  artifactKey: Guid(891fe0bf71f319c4e9239bb7ca5994ec) Importer(2089858483,b0f066a214c2f5e87bad3c948f4d605d)
Start importing Assets/Space Exploration/Picto_Icons/Light_Purple/check-128.png using Guid(891fe0bf71f319c4e9239bb7ca5994ec) Importer(2089858483,b0f066a214c2f5e87bad3c948f4d605d) (ScriptedImporter) -> (artifact id: '9f0b9051f2aaff0fcb10d44f0fbf96d2') in 0.0399475 seconds
Number of updated asset objects reloaded before import = 0Number of asset objects unloaded after import = 3

========================================================================
Received Import Request.
  Time since last request: 0.000022 seconds.
  path: Assets/Space Exploration/Settings_&_Menu_Components/Small/off-slected-small.png
  artifactKey: Guid(d7c549724ef698c46b1db48e4bc594c9) Importer(2089858483,b0f066a214c2f5e87bad3c948f4d605d)
Start importing Assets/Space Exploration/Settings_&_Menu_Components/Small/off-slected-small.png using Guid(d7c549724ef698c46b1db48e4bc594c9) Importer(2089858483,b0f066a214c2f5e87bad3c948f4d605d) (ScriptedImporter) -> (artifact id: '3d6a462b7675b975173daeb856ec7b1f') in 0.0306873 seconds
Number of updated asset objects reloaded before import = 0Number of asset objects unloaded after import = 3

========================================================================
Received Import Request.
  Time since last request: 0.000030 seconds.
  path: Assets/Space Exploration/Button_Images/Highlighted_Sprite/large/large-yellow-highlight-large.png
  artifactKey: Guid(fd5773eeb1b289a4390e58d83fb0ad90) Importer(2089858483,b0f066a214c2f5e87bad3c948f4d605d)
Start importing Assets/Space Exploration/Button_Images/Highlighted_Sprite/large/large-yellow-highlight-large.png using Guid(fd5773eeb1b289a4390e58d83fb0ad90) Importer(2089858483,b0f066a214c2f5e87bad3c948f4d605d) (ScriptedImporter) -> (artifact id: 'c67cbd96f299f3effe9bdfde1d67a783') in 0.0347028 seconds
Number of updated asset objects reloaded before import = 0Number of asset objects unloaded after import = 3

========================================================================
Received Import Request.
  Time since last request: 0.000026 seconds.
  path: Assets/Photon/PhotonUnityNetworking/Code/Views/PhotonRigidbody2DView.cs
  artifactKey: Guid(0e7cb724808c322458aa4d15f5035fa9) Importer(2089858483,b0f066a214c2f5e87bad3c948f4d605d)
Start importing Assets/Photon/PhotonUnityNetworking/Code/Views/PhotonRigidbody2DView.cs using Guid(0e7cb724808c322458aa4d15f5035fa9) Importer(2089858483,b0f066a214c2f5e87bad3c948f4d605d) (ScriptedImporter) -> (artifact id: '0b82a61dfbe78746b044e0e8d65328b2') in 0.019956 seconds
Number of updated asset objects reloaded before import = 0Number of asset objects unloaded after import = 0

========================================================================
Received Import Request.
  Time since last request: 0.000026 seconds.
  path: Assets/Space Exploration/Button_Images/Disabled_Sprites/Medium/extra-long-disabled-medium.png
  artifactKey: Guid(68bef2fe0395c714d9b09ba31e2eceb1) Importer(2089858483,b0f066a214c2f5e87bad3c948f4d605d)
Start importing Assets/Space Exploration/Button_Images/Disabled_Sprites/Medium/extra-long-disabled-medium.png using Guid(68bef2fe0395c714d9b09ba31e2eceb1) Importer(2089858483,b0f066a214c2f5e87bad3c948f4d605d) (ScriptedImporter) -> (artifact id: 'a68e08099546a7bc62027d5341c5cd6d') in 0.0284443 seconds
Number of updated asset objects reloaded before import = 0Number of asset objects unloaded after import = 3

========================================================================
Received Import Request.
  Time since last request: 0.000040 seconds.
  path: Assets/Space Exploration/Grid_Components/Medium/inventory-add-medium.png
  artifactKey: Guid(db36d22319f982c48a6b755976befcbc) Importer(2089858483,b0f066a214c2f5e87bad3c948f4d605d)
Start importing Assets/Space Exploration/Grid_Components/Medium/inventory-add-medium.png using Guid(db36d22319f982c48a6b755976befcbc) Importer(2089858483,b0f066a214c2f5e87bad3c948f4d605d) (ScriptedImporter) -> (artifact id: '32357cf92bb5391e6984b9b47010558a') in 0.040805 seconds
Number of updated asset objects reloaded before import = 0Number of asset objects unloaded after import = 3

========================================================================
Received Import Request.
  Time since last request: 0.000041 seconds.
  path: Assets/Space Exploration/Picto_Icons/White/shop-32.png
  artifactKey: Guid(1691e91fcbd02eb4e8642f13bd359cff) Importer(2089858483,b0f066a214c2f5e87bad3c948f4d605d)
Start importing Assets/Space Exploration/Picto_Icons/White/shop-32.png using Guid(1691e91fcbd02eb4e8642f13bd359cff) Importer(2089858483,b0f066a214c2f5e87bad3c948f4d605d) (ScriptedImporter) -> (artifact id: '1fad31e50c9cd534293c70e943a2aed0') in 0.0404557 seconds
Number of updated asset objects reloaded before import = 0Number of asset objects unloaded after import = 3

========================================================================
Received Import Request.
  Time since last request: 0.000027 seconds.
  path: Assets/Photon/PhotonUnityNetworking/Demos/PunCockpit/Scripts/Autonomous UI/CurrentRoom/CurrentRoomIsVisibleToggle.cs
  artifactKey: Guid(d221ad35d6c3f4da9b735a5e819ed1d3) Importer(2089858483,b0f066a214c2f5e87bad3c948f4d605d)
Start importing Assets/Photon/PhotonUnityNetworking/Demos/PunCockpit/Scripts/Autonomous UI/CurrentRoom/CurrentRoomIsVisibleToggle.cs using Guid(d221ad35d6c3f4da9b735a5e819ed1d3) Importer(2089858483,b0f066a214c2f5e87bad3c948f4d605d) (ScriptedImporter) -> (artifact id: '0b359d8ec496d2f74f274a041d4f18ab') in 0.0179283 seconds
Number of updated asset objects reloaded before import = 0Number of asset objects unloaded after import = 0

========================================================================
Received Import Request.
  Time since last request: 0.000032 seconds.
  path: Assets/Space Exploration/Picto_Icons/Light_Purple/calendar-32.png
  artifactKey: Guid(05af408326be3154f9a902a88fee05cb) Importer(2089858483,b0f066a214c2f5e87bad3c948f4d605d)
Start importing Assets/Space Exploration/Picto_Icons/Light_Purple/calendar-32.png using Guid(05af408326be3154f9a902a88fee05cb) Importer(2089858483,b0f066a214c2f5e87bad3c948f4d605d) (ScriptedImporter) -> (artifact id: '1db5cbff303cc3f3f3a043dd6a0e5893') in 0.039061 seconds
Number of updated asset objects reloaded before import = 0Number of asset objects unloaded after import = 3

========================================================================
Received Import Request.
  Time since last request: 0.000050 seconds.
  path: Assets/Space Exploration/Scenes/Item_demo.unity
  artifactKey: Guid(19bc03a6b6a2ef445a9eb12a33bfb835) Importer(2089858483,b0f066a214c2f5e87bad3c948f4d605d)
Start importing Assets/Space Exploration/Scenes/Item_demo.unity using Guid(19bc03a6b6a2ef445a9eb12a33bfb835) Importer(2089858483,b0f066a214c2f5e87bad3c948f4d605d) (ScriptedImporter) -> (artifact id: '8ce3d171248376d5f2571483edad2ddb') in 0.0433651 seconds
Number of updated asset objects reloaded before import = 0Number of asset objects unloaded after import = 1

========================================================================
Received Import Request.
  Time since last request: 0.000031 seconds.
  path: Assets/Photon/PhotonUnityNetworking/Demos/DemoSlotRacer/Kenney Assets/Stylized city
  artifactKey: Guid(fe4d3272b8eadde48bb30e60838d60c0) Importer(2089858483,b0f066a214c2f5e87bad3c948f4d605d)
Start importing Assets/Photon/PhotonUnityNetworking/Demos/DemoSlotRacer/Kenney Assets/Stylized city using Guid(fe4d3272b8eadde48bb30e60838d60c0) Importer(2089858483,b0f066a214c2f5e87bad3c948f4d605d) (ScriptedImporter) -> (artifact id: '4bfb050013670a8bc67377535d4b9bcf') in 0.0207171 seconds
Number of updated asset objects reloaded before import = 0Number of asset objects unloaded after import = 1

========================================================================
Received Import Request.
  Time since last request: 0.000034 seconds.
  path: Assets/Space Exploration/Button_Images/Pressed_Sprites/Extra_Large/large-pink-pressed-extra-large.png
  artifactKey: Guid(ea82b651f5c12d344b5a9d8a56f61cb0) Importer(2089858483,b0f066a214c2f5e87bad3c948f4d605d)
Start importing Assets/Space Exploration/Button_Images/Pressed_Sprites/Extra_Large/large-pink-pressed-extra-large.png using Guid(ea82b651f5c12d344b5a9d8a56f61cb0) Importer(2089858483,b0f066a214c2f5e87bad3c948f4d605d) (ScriptedImporter) -> (artifact id: 'd9b06f9da3863e53be43fd0319736d84') in 0.0295082 seconds
Number of updated asset objects reloaded before import = 0Number of asset objects unloaded after import = 3

========================================================================
Received Import Request.
  Time since last request: 0.000028 seconds.
  path: Assets/Space Exploration/Button_Images/Pressed_Sprites/Large/square-pink-pressed-large.png
  artifactKey: Guid(562f727c212a7be4db7633e5fed061d4) Importer(2089858483,b0f066a214c2f5e87bad3c948f4d605d)
Start importing Assets/Space Exploration/Button_Images/Pressed_Sprites/Large/square-pink-pressed-large.png using Guid(562f727c212a7be4db7633e5fed061d4) Importer(2089858483,b0f066a214c2f5e87bad3c948f4d605d) (ScriptedImporter) -> (artifact id: '1f02e3114bc974aa50f14faa92055c70') in 0.0289753 seconds
Number of updated asset objects reloaded before import = 0Number of asset objects unloaded after import = 3

========================================================================
Received Import Request.
  Time since last request: 0.000031 seconds.
  path: Assets/Space Exploration/Button_Images/Source_Image_Sprites/small/extra-long-blue-small.png
  artifactKey: Guid(a0405fe267efb9e488a64635d98efca2) Importer(2089858483,b0f066a214c2f5e87bad3c948f4d605d)
Start importing Assets/Space Exploration/Button_Images/Source_Image_Sprites/small/extra-long-blue-small.png using Guid(a0405fe267efb9e488a64635d98efca2) Importer(2089858483,b0f066a214c2f5e87bad3c948f4d605d) (ScriptedImporter) -> (artifact id: 'b8ef5760a7b46917ee024f8265428cd7') in 0.0301867 seconds
Number of updated asset objects reloaded before import = 0Number of asset objects unloaded after import = 3

========================================================================
Received Import Request.
  Time since last request: 0.000040 seconds.
  path: Assets/Space Exploration/Picto_Icons/Dark_Purple/ufo-64.png
  artifactKey: Guid(595626c9d6764b54aac56ea0e0c339fb) Importer(2089858483,b0f066a214c2f5e87bad3c948f4d605d)
Start importing Assets/Space Exploration/Picto_Icons/Dark_Purple/ufo-64.png using Guid(595626c9d6764b54aac56ea0e0c339fb) Importer(2089858483,b0f066a214c2f5e87bad3c948f4d605d) (ScriptedImporter) -> (artifact id: 'fab4e82636afd911e832b3d22c60551c') in 0.0389944 seconds
Number of updated asset objects reloaded before import = 0Number of asset objects unloaded after import = 3

========================================================================
Received Import Request.
  Time since last request: 0.000027 seconds.
  path: Assets/UserSettings/Layouts/default-6000.dwlt
  artifactKey: Guid(b751dfd42f21d494cbcbb7d0dfc11887) Importer(2089858483,b0f066a214c2f5e87bad3c948f4d605d)
Start importing Assets/UserSettings/Layouts/default-6000.dwlt using Guid(b751dfd42f21d494cbcbb7d0dfc11887) Importer(2089858483,b0f066a214c2f5e87bad3c948f4d605d) (ScriptedImporter) -> (artifact id: '1d52dced7cfe751a09c8059db61fc6a2') in 0.019303 seconds
Number of updated asset objects reloaded before import = 0Number of asset objects unloaded after import = 1

========================================================================
Received Import Request.
  Time since last request: 0.000034 seconds.
  path: Assets/PlayFabEditorExtensions/Editor/Scripts/Panels/PlayFabEditorMenu.cs
  artifactKey: Guid(f299dcbf6b977c446a02dfe5885393bd) Importer(2089858483,b0f066a214c2f5e87bad3c948f4d605d)
Start importing Assets/PlayFabEditorExtensions/Editor/Scripts/Panels/PlayFabEditorMenu.cs using Guid(f299dcbf6b977c446a02dfe5885393bd) Importer(2089858483,b0f066a214c2f5e87bad3c948f4d605d) (ScriptedImporter) -> (artifact id: '26faf530bae8f3db407c193c9f516c9b') in 0.0180135 seconds
Number of updated asset objects reloaded before import = 0Number of asset objects unloaded after import = 0

========================================================================
Received Import Request.
  Time since last request: 0.000040 seconds.
  path: Assets/Photon/PhotonUnityNetworking/Demos/Shared Assets/Prefabs/UI/Toggle Regular.prefab
  artifactKey: Guid(82b2227f60269dd46b9a921faca9dc1f) Importer(2089858483,b0f066a214c2f5e87bad3c948f4d605d)
Start importing Assets/Photon/PhotonUnityNetworking/Demos/Shared Assets/Prefabs/UI/Toggle Regular.prefab using Guid(82b2227f60269dd46b9a921faca9dc1f) Importer(2089858483,b0f066a214c2f5e87bad3c948f4d605d) (ScriptedImporter) -> (artifact id: '1c5781cde6b8f65ce2351eb62f96e52c') in 0.0643449 seconds
Number of updated asset objects reloaded before import = 0Number of asset objects unloaded after import = 20

========================================================================
Received Import Request.
  Time since last request: 0.000030 seconds.
  path: Assets/Space Exploration/Picto_Icons/Light_Purple/add-256.png
  artifactKey: Guid(ab44a3fd22bf20c49b86420665a804e2) Importer(2089858483,b0f066a214c2f5e87bad3c948f4d605d)
Start importing Assets/Space Exploration/Picto_Icons/Light_Purple/add-256.png using Guid(ab44a3fd22bf20c49b86420665a804e2) Importer(2089858483,b0f066a214c2f5e87bad3c948f4d605d) (ScriptedImporter) -> (artifact id: 'd611c4fae22ed8fc8ab5fc8f252f3507') in 0.0286129 seconds
Number of updated asset objects reloaded before import = 0Number of asset objects unloaded after import = 3

========================================================================
Received Import Request.
  Time since last request: 0.000037 seconds.
  path: Assets/Space Exploration/Settings_&_Menu_Components/Large/notification-circle-large.png
  artifactKey: Guid(90e58268a9b44df4bb192bf50df32fd1) Importer(2089858483,b0f066a214c2f5e87bad3c948f4d605d)
Start importing Assets/Space Exploration/Settings_&_Menu_Components/Large/notification-circle-large.png using Guid(90e58268a9b44df4bb192bf50df32fd1) Importer(2089858483,b0f066a214c2f5e87bad3c948f4d605d) (ScriptedImporter) -> (artifact id: 'f15e3a831bf9cf3272068c0d2014a5cf') in 0.043374 seconds
Number of updated asset objects reloaded before import = 0Number of asset objects unloaded after import = 3

========================================================================
Received Import Request.
  Time since last request: 0.000032 seconds.
  path: Assets/Space Exploration/Button_Images/Pressed_Sprites/Medium/large-pink-sparkle-pressed-medium.png
  artifactKey: Guid(34e08c56bac8ff142b7c7c3fc05fe7f9) Importer(2089858483,b0f066a214c2f5e87bad3c948f4d605d)
Start importing Assets/Space Exploration/Button_Images/Pressed_Sprites/Medium/large-pink-sparkle-pressed-medium.png using Guid(34e08c56bac8ff142b7c7c3fc05fe7f9) Importer(2089858483,b0f066a214c2f5e87bad3c948f4d605d) (ScriptedImporter) -> (artifact id: 'caff707c1b4dcad4732010d8ce33cf33') in 0.035796 seconds
Number of updated asset objects reloaded before import = 0Number of asset objects unloaded after import = 3

========================================================================
Received Import Request.
  Time since last request: 0.000030 seconds.
  path: Assets/Space Exploration/Button_Images/Source_Image_Sprites/large/large-yellow-large.png
  artifactKey: Guid(e107fa9a61100ab4da5ea6e204229b9d) Importer(2089858483,b0f066a214c2f5e87bad3c948f4d605d)
Start importing Assets/Space Exploration/Button_Images/Source_Image_Sprites/large/large-yellow-large.png using Guid(e107fa9a61100ab4da5ea6e204229b9d) Importer(2089858483,b0f066a214c2f5e87bad3c948f4d605d) (ScriptedImporter) -> (artifact id: 'e302842956ffeef9ea8c5f0864a8c577') in 0.0283368 seconds
Number of updated asset objects reloaded before import = 0Number of asset objects unloaded after import = 3

========================================================================
Received Import Request.
  Time since last request: 0.000026 seconds.
  path: Assets/PlayFabSDK/Admin
  artifactKey: Guid(f80b73ed5fc053a409c5e9347d9c609a) Importer(2089858483,b0f066a214c2f5e87bad3c948f4d605d)
Start importing Assets/PlayFabSDK/Admin using Guid(f80b73ed5fc053a409c5e9347d9c609a) Importer(2089858483,b0f066a214c2f5e87bad3c948f4d605d) (ScriptedImporter) -> (artifact id: '911e5ae5d906c7bbf38fe244af72d3c0') in 0.0188541 seconds
Number of updated asset objects reloaded before import = 0Number of asset objects unloaded after import = 1

========================================================================
Received Import Request.
  Time since last request: 0.000028 seconds.
  path: Assets/Space Exploration/Picto_Icons/White/settings-32.png
  artifactKey: Guid(ce2e06acb61844544ad56de46088e728) Importer(2089858483,b0f066a214c2f5e87bad3c948f4d605d)
Start importing Assets/Space Exploration/Picto_Icons/White/settings-32.png using Guid(ce2e06acb61844544ad56de46088e728) Importer(2089858483,b0f066a214c2f5e87bad3c948f4d605d) (ScriptedImporter) -> (artifact id: 'b960c5d18f500253bbd50de0325985bc') in 0.2265917 seconds
Number of updated asset objects reloaded before import = 0Number of asset objects unloaded after import = 3

========================================================================
Received Import Request.
  Time since last request: 0.000036 seconds.
  path: Assets/Space Exploration/Picto_Icons/Dark_Purple/trash-256.png
  artifactKey: Guid(7b8e4d303cafe4443b9711fc640ee5a6) Importer(2089858483,b0f066a214c2f5e87bad3c948f4d605d)
Start importing Assets/Space Exploration/Picto_Icons/Dark_Purple/trash-256.png using Guid(7b8e4d303cafe4443b9711fc640ee5a6) Importer(2089858483,b0f066a214c2f5e87bad3c948f4d605d) (ScriptedImporter) -> (artifact id: '5b6920571a43af581bafff273cc4d847') in 0.0407835 seconds
Number of updated asset objects reloaded before import = 0Number of asset objects unloaded after import = 3

========================================================================
Received Import Request.
  Time since last request: 0.000024 seconds.
  path: Assets/Space Exploration/Picto_Icons/Dark_Purple/solar-system-32.png
  artifactKey: Guid(41b1b3e7801678e4092cda7466222bc8) Importer(2089858483,b0f066a214c2f5e87bad3c948f4d605d)
Start importing Assets/Space Exploration/Picto_Icons/Dark_Purple/solar-system-32.png using Guid(41b1b3e7801678e4092cda7466222bc8) Importer(2089858483,b0f066a214c2f5e87bad3c948f4d605d) (ScriptedImporter) -> (artifact id: '90fc3aefa4b909effef91081f6be58a1') in 0.040969 seconds
Number of updated asset objects reloaded before import = 0Number of asset objects unloaded after import = 3

========================================================================
Received Import Request.
  Time since last request: 0.000032 seconds.
  path: Assets/Photon/PhotonUnityNetworking/UtilityScripts/Culling/CullingHandler.cs
  artifactKey: Guid(84db789113d4b01418c1becb128c4561) Importer(2089858483,b0f066a214c2f5e87bad3c948f4d605d)
Start importing Assets/Photon/PhotonUnityNetworking/UtilityScripts/Culling/CullingHandler.cs using Guid(84db789113d4b01418c1becb128c4561) Importer(2089858483,b0f066a214c2f5e87bad3c948f4d605d) (ScriptedImporter) -> (artifact id: '3d298695b3d8bdebcd91c160ed536e7f') in 0.0182235 seconds
Number of updated asset objects reloaded before import = 0Number of asset objects unloaded after import = 0

========================================================================
Received Import Request.
  Time since last request: 0.000042 seconds.
  path: Assets/Space Exploration/Button_Images/Source_Image_Sprites/small/square-blue-small.png
  artifactKey: Guid(f35674bf732bbd64d9ee7b79fec60b10) Importer(2089858483,b0f066a214c2f5e87bad3c948f4d605d)
Start importing Assets/Space Exploration/Button_Images/Source_Image_Sprites/small/square-blue-small.png using Guid(f35674bf732bbd64d9ee7b79fec60b10) Importer(2089858483,b0f066a214c2f5e87bad3c948f4d605d) (ScriptedImporter) -> (artifact id: '057f2b9a0ef7121b7c6a1a593a07f1f9') in 0.0331853 seconds
Number of updated asset objects reloaded before import = 0Number of asset objects unloaded after import = 3

========================================================================
Received Import Request.
  Time since last request: 0.000020 seconds.
  path: Assets/Space Exploration/Prefabs/Buttons_Simple/Medium/Blue/Sparkle_Large_Blue_Medium_Button.prefab
  artifactKey: Guid(99786138ed2fe8145a4dbaee6e79d0f9) Importer(2089858483,b0f066a214c2f5e87bad3c948f4d605d)
Start importing Assets/Space Exploration/Prefabs/Buttons_Simple/Medium/Blue/Sparkle_Large_Blue_Medium_Button.prefab using Guid(99786138ed2fe8145a4dbaee6e79d0f9) Importer(2089858483,b0f066a214c2f5e87bad3c948f4d605d) (ScriptedImporter) -> (artifact id: '09d512be28f198fdca8433e7e1b8ad5b') in 0.0514769 seconds
Number of updated asset objects reloaded before import = 0Number of asset objects unloaded after import = 18

========================================================================
Received Import Request.
  Time since last request: 0.000028 seconds.
  path: Assets/Photon/PhotonUnityNetworking/Demos/DemoAsteroids/Materials/FlyerAsteroid.mat
  artifactKey: Guid(968fc57e6928a5448ae7d0644246d534) Importer(2089858483,b0f066a214c2f5e87bad3c948f4d605d)
Start importing Assets/Photon/PhotonUnityNetworking/Demos/DemoAsteroids/Materials/FlyerAsteroid.mat using Guid(968fc57e6928a5448ae7d0644246d534) Importer(2089858483,b0f066a214c2f5e87bad3c948f4d605d) (ScriptedImporter) -> (artifact id: '4784f152db350bff94f3200954a1a3ad') in 0.0225913 seconds
Number of updated asset objects reloaded before import = 0Number of asset objects unloaded after import = 2

========================================================================
Received Import Request.
  Time since last request: 0.000041 seconds.
  path: Assets/Photon/PhotonUnityNetworking/Demos/PunCockpit/Scripts/ReadOnlyProperties/IsConnectedProperty.cs
  artifactKey: Guid(398773e8d21e14a6780ad50d653d4b9e) Importer(2089858483,b0f066a214c2f5e87bad3c948f4d605d)
Start importing Assets/Photon/PhotonUnityNetworking/Demos/PunCockpit/Scripts/ReadOnlyProperties/IsConnectedProperty.cs using Guid(398773e8d21e14a6780ad50d653d4b9e) Importer(2089858483,b0f066a214c2f5e87bad3c948f4d605d) (ScriptedImporter) -> (artifact id: 'a3c8fa0dbe027b440169f7956fb5851a') in 0.0211539 seconds
Number of updated asset objects reloaded before import = 0Number of asset objects unloaded after import = 0

========================================================================
Received Import Request.
  Time since last request: 0.000053 seconds.
  path: Assets/Space Exploration/Picto_Icons/Light_Purple/no-wifi-64.png
  artifactKey: Guid(0aedbd13ffe338441ada1853e6c7423b) Importer(2089858483,b0f066a214c2f5e87bad3c948f4d605d)
Start importing Assets/Space Exploration/Picto_Icons/Light_Purple/no-wifi-64.png using Guid(0aedbd13ffe338441ada1853e6c7423b) Importer(2089858483,b0f066a214c2f5e87bad3c948f4d605d) (ScriptedImporter) -> (artifact id: 'b1f90c7e23dbf98381749fe4d40bccdb') in 0.0471774 seconds
Number of updated asset objects reloaded before import = 0Number of asset objects unloaded after import = 3

========================================================================
Received Import Request.
  Time since last request: 0.000028 seconds.
  path: Assets/Space Exploration/Icons/mushroom-512.png
  artifactKey: Guid(3994112a69b1a824a9881d84764f8abc) Importer(2089858483,b0f066a214c2f5e87bad3c948f4d605d)
Start importing Assets/Space Exploration/Icons/mushroom-512.png using Guid(3994112a69b1a824a9881d84764f8abc) Importer(2089858483,b0f066a214c2f5e87bad3c948f4d605d) (ScriptedImporter) -> (artifact id: 'c5d2f4e7b98014e49171321831f4330d') in 0.0429552 seconds
Number of updated asset objects reloaded before import = 0Number of asset objects unloaded after import = 3

========================================================================
Received Import Request.
  Time since last request: 0.000038 seconds.
  path: Assets/Space Exploration/Button_Images/Source_Image_Sprites/small/large-blue-sparkle-small.png
  artifactKey: Guid(047cf53121db7734ebcc80f22ebb3a92) Importer(2089858483,b0f066a214c2f5e87bad3c948f4d605d)
Start importing Assets/Space Exploration/Button_Images/Source_Image_Sprites/small/large-blue-sparkle-small.png using Guid(047cf53121db7734ebcc80f22ebb3a92) Importer(2089858483,b0f066a214c2f5e87bad3c948f4d605d) (ScriptedImporter) -> (artifact id: 'ecc2cef342f4b831af9b4587dec82939') in 0.0285809 seconds
Number of updated asset objects reloaded before import = 0Number of asset objects unloaded after import = 3

========================================================================
Received Import Request.
  Time since last request: 0.000031 seconds.
  path: Assets/Space Exploration/Button_Images/Pressed_Sprites/Medium/short-purple-pressed-medium.png
  artifactKey: Guid(d1d45d761cd2d6a45922cbb91f8d1efa) Importer(2089858483,b0f066a214c2f5e87bad3c948f4d605d)
Start importing Assets/Space Exploration/Button_Images/Pressed_Sprites/Medium/short-purple-pressed-medium.png using Guid(d1d45d761cd2d6a45922cbb91f8d1efa) Importer(2089858483,b0f066a214c2f5e87bad3c948f4d605d) (ScriptedImporter) -> (artifact id: 'be8ab9cb8d6cae42b9ffbafbcb859261') in 0.0289621 seconds
Number of updated asset objects reloaded before import = 0Number of asset objects unloaded after import = 3

========================================================================
Received Import Request.
  Time since last request: 0.000027 seconds.
  path: Assets/Space Exploration/Icons/potion-pink-2-512.png
  artifactKey: Guid(6364fb4522f6001439555653aaf88c9f) Importer(2089858483,b0f066a214c2f5e87bad3c948f4d605d)
Start importing Assets/Space Exploration/Icons/potion-pink-2-512.png using Guid(6364fb4522f6001439555653aaf88c9f) Importer(2089858483,b0f066a214c2f5e87bad3c948f4d605d) (ScriptedImporter) -> (artifact id: 'b7cf379e85dc861a646a0711ae252579') in 0.0458151 seconds
Number of updated asset objects reloaded before import = 0Number of asset objects unloaded after import = 3

========================================================================
Received Import Request.
  Time since last request: 0.000036 seconds.
  path: Assets/Space Exploration/Prefabs/UI_Elements
  artifactKey: Guid(a688d2efacfd9cf48887c0f7a156c6d8) Importer(2089858483,b0f066a214c2f5e87bad3c948f4d605d)
Start importing Assets/Space Exploration/Prefabs/UI_Elements using Guid(a688d2efacfd9cf48887c0f7a156c6d8) Importer(2089858483,b0f066a214c2f5e87bad3c948f4d605d) (ScriptedImporter) -> (artifact id: '7f087e7961e50d3e9ab75f310d94042a') in 0.0198183 seconds
Number of updated asset objects reloaded before import = 0Number of asset objects unloaded after import = 1

========================================================================
Received Import Request.
  Time since last request: 0.000070 seconds.
  path: Assets/Space Exploration/Picto_Icons/Light_Purple/shrink-64.png
  artifactKey: Guid(1e57d6a5b92f27d4ab86d50afbf8cda2) Importer(2089858483,b0f066a214c2f5e87bad3c948f4d605d)
Start importing Assets/Space Exploration/Picto_Icons/Light_Purple/shrink-64.png using Guid(1e57d6a5b92f27d4ab86d50afbf8cda2) Importer(2089858483,b0f066a214c2f5e87bad3c948f4d605d) (ScriptedImporter) -> (artifact id: '4a09324ebdd0c4b28112921665264028') in 0.0777076 seconds
Number of updated asset objects reloaded before import = 0Number of asset objects unloaded after import = 3

========================================================================
Received Import Request.
  Time since last request: 0.000059 seconds.
  path: Assets/Space Exploration/Picto_Icons/Dark_Purple/eat-128.png
  artifactKey: Guid(717ab55749c6d7b4695faecf281beb87) Importer(2089858483,b0f066a214c2f5e87bad3c948f4d605d)
Start importing Assets/Space Exploration/Picto_Icons/Dark_Purple/eat-128.png using Guid(717ab55749c6d7b4695faecf281beb87) Importer(2089858483,b0f066a214c2f5e87bad3c948f4d605d) (ScriptedImporter) -> (artifact id: 'b87282b4210ff5603c49dc1f764160d0') in 0.052239 seconds
Number of updated asset objects reloaded before import = 0Number of asset objects unloaded after import = 3

========================================================================
Received Import Request.
  Time since last request: 0.000030 seconds.
  path: Assets/Space Exploration/Button_Images/Disabled_Sprites/Large/large-disabled-large.png
  artifactKey: Guid(91895e4322d438545a0ab7b8b5b52b87) Importer(2089858483,b0f066a214c2f5e87bad3c948f4d605d)
Start importing Assets/Space Exploration/Button_Images/Disabled_Sprites/Large/large-disabled-large.png using Guid(91895e4322d438545a0ab7b8b5b52b87) Importer(2089858483,b0f066a214c2f5e87bad3c948f4d605d) (ScriptedImporter) -> (artifact id: '9f6ee072e368a1c89a956eaa916777ac') in 0.0535198 seconds
Number of updated asset objects reloaded before import = 0Number of asset objects unloaded after import = 3

========================================================================
Received Import Request.
  Time since last request: 0.000039 seconds.
  path: Assets/Space Exploration/Picto_Icons/White/@-256.png
  artifactKey: Guid(51da593f29677f6478a0587dcd37aa41) Importer(2089858483,b0f066a214c2f5e87bad3c948f4d605d)
Start importing Assets/Space Exploration/Picto_Icons/White/@-256.png using Guid(51da593f29677f6478a0587dcd37aa41) Importer(2089858483,b0f066a214c2f5e87bad3c948f4d605d) (ScriptedImporter) -> (artifact id: '0d0280d7f7511b8a1161d0174318c9bd') in 0.0645406 seconds
Number of updated asset objects reloaded before import = 0Number of asset objects unloaded after import = 3

========================================================================
Received Import Request.
  Time since last request: 0.000027 seconds.
  path: Assets/PlayFabSDK/Insights
  artifactKey: Guid(9e9ed76149c97e14c85789225c8c3971) Importer(2089858483,b0f066a214c2f5e87bad3c948f4d605d)
Start importing Assets/PlayFabSDK/Insights using Guid(9e9ed76149c97e14c85789225c8c3971) Importer(2089858483,b0f066a214c2f5e87bad3c948f4d605d) (ScriptedImporter) -> (artifact id: 'b679b4ad87796b01452ed549e903c3c5') in 0.0205027 seconds
Number of updated asset objects reloaded before import = 0Number of asset objects unloaded after import = 1

========================================================================
Received Import Request.
  Time since last request: 0.000049 seconds.
  path: Assets/Space Exploration/Background_Images/large/Login.png
  artifactKey: Guid(754be423731686044b63f5ecc7d8b7f8) Importer(2089858483,b0f066a214c2f5e87bad3c948f4d605d)
Start importing Assets/Space Exploration/Background_Images/large/Login.png using Guid(754be423731686044b63f5ecc7d8b7f8) Importer(2089858483,b0f066a214c2f5e87bad3c948f4d605d) (ScriptedImporter) -> (artifact id: 'a59c3746ab939186b3d26bcde6d41e8e') in 0.048589 seconds
Number of updated asset objects reloaded before import = 0Number of asset objects unloaded after import = 3

========================================================================
Received Import Request.
  Time since last request: 0.000031 seconds.
  path: Assets/Space Exploration/Settings_&_Menu_Components/Extra Large/on-off-selected-blank-extra-large.png
  artifactKey: Guid(1da24970ae435bc47b7423276469d657) Importer(2089858483,b0f066a214c2f5e87bad3c948f4d605d)
Start importing Assets/Space Exploration/Settings_&_Menu_Components/Extra Large/on-off-selected-blank-extra-large.png using Guid(1da24970ae435bc47b7423276469d657) Importer(2089858483,b0f066a214c2f5e87bad3c948f4d605d) (ScriptedImporter) -> (artifact id: 'cda8ec8427aefbadf8857dd794ce84c1') in 0.0476421 seconds
Number of updated asset objects reloaded before import = 0Number of asset objects unloaded after import = 3

========================================================================
Received Import Request.
  Time since last request: 0.000028 seconds.
  path: Assets/Space Exploration/Button_Images/Source_Image_Sprites/extra large/short-yellow-extra-large.png
  artifactKey: Guid(c8dd6d8869346624c8adc63daa4146b9) Importer(2089858483,b0f066a214c2f5e87bad3c948f4d605d)
Start importing Assets/Space Exploration/Button_Images/Source_Image_Sprites/extra large/short-yellow-extra-large.png using Guid(c8dd6d8869346624c8adc63daa4146b9) Importer(2089858483,b0f066a214c2f5e87bad3c948f4d605d) (ScriptedImporter) -> (artifact id: '4fc6dcef5d20cf28a0c6727759caa8d3') in 0.0371756 seconds
Number of updated asset objects reloaded before import = 0Number of asset objects unloaded after import = 3

========================================================================
Received Import Request.
  Time since last request: 0.000038 seconds.
  path: Assets/Photon/PhotonUnityNetworking/Demos/DemoHub/Editor/PunStartup.cs
  artifactKey: Guid(6bafe5c223c99ab44a5f70010efdae47) Importer(2089858483,b0f066a214c2f5e87bad3c948f4d605d)
Start importing Assets/Photon/PhotonUnityNetworking/Demos/DemoHub/Editor/PunStartup.cs using Guid(6bafe5c223c99ab44a5f70010efdae47) Importer(2089858483,b0f066a214c2f5e87bad3c948f4d605d) (ScriptedImporter) -> (artifact id: '60d2ecbd23ebdb3fabc728e8c8211a55') in 0.02197 seconds
Number of updated asset objects reloaded before import = 0Number of asset objects unloaded after import = 0

========================================================================
Received Import Request.
  Time since last request: 0.000028 seconds.
  path: Assets/Space Exploration/Button_Images/Highlighted_Sprite/extra large/medium-pink-highlight-extra-large.png
  artifactKey: Guid(f833495e0eaa8e54ba3ac14a1a00cbf6) Importer(2089858483,b0f066a214c2f5e87bad3c948f4d605d)
Start importing Assets/Space Exploration/Button_Images/Highlighted_Sprite/extra large/medium-pink-highlight-extra-large.png using Guid(f833495e0eaa8e54ba3ac14a1a00cbf6) Importer(2089858483,b0f066a214c2f5e87bad3c948f4d605d) (ScriptedImporter) -> (artifact id: '955e0465647c99fcfd7d24feb5c32425') in 0.0317861 seconds
Number of updated asset objects reloaded before import = 0Number of asset objects unloaded after import = 3

========================================================================
Received Import Request.
  Time since last request: 0.000028 seconds.
  path: Assets/Photon/PhotonUnityNetworking/Demos/DemoSlotRacer/Kenney Assets/Stylized city/Models/car_4.FBX
  artifactKey: Guid(f3cb3c8f5cd4b514ebf9fbfda32cb36d) Importer(2089858483,b0f066a214c2f5e87bad3c948f4d605d)
Start importing Assets/Photon/PhotonUnityNetworking/Demos/DemoSlotRacer/Kenney Assets/Stylized city/Models/car_4.FBX using Guid(f3cb3c8f5cd4b514ebf9fbfda32cb36d) Importer(2089858483,b0f066a214c2f5e87bad3c948f4d605d) (ScriptedImporter) -> (artifact id: '56921f1dc4166b81bbf0ed3e080cbd96') in 0.0416064 seconds
Number of updated asset objects reloaded before import = 0Number of asset objects unloaded after import = 76

========================================================================
Received Import Request.
  Time since last request: 0.000034 seconds.
  path: Assets/Photon/PhotonUnityNetworking/Demos/DemoSlotRacer/Kenney Assets/Racing Kit/Models/Textures
  artifactKey: Guid(b8fffc43e3e50674e971d47c073367c0) Importer(2089858483,b0f066a214c2f5e87bad3c948f4d605d)
Start importing Assets/Photon/PhotonUnityNetworking/Demos/DemoSlotRacer/Kenney Assets/Racing Kit/Models/Textures using Guid(b8fffc43e3e50674e971d47c073367c0) Importer(2089858483,b0f066a214c2f5e87bad3c948f4d605d) (ScriptedImporter) -> (artifact id: '8d6d23247a85cebb4853a469cc295b3c') in 0.0213607 seconds
Number of updated asset objects reloaded before import = 0Number of asset objects unloaded after import = 1

========================================================================
Received Import Request.
  Time since last request: 0.000024 seconds.
  path: Assets/Space Exploration/Icons/exoplanet-5-512.png
  artifactKey: Guid(65f000710b9e2f941b7221b8e5b33e7b) Importer(2089858483,b0f066a214c2f5e87bad3c948f4d605d)
Start importing Assets/Space Exploration/Icons/exoplanet-5-512.png using Guid(65f000710b9e2f941b7221b8e5b33e7b) Importer(2089858483,b0f066a214c2f5e87bad3c948f4d605d) (ScriptedImporter) -> (artifact id: 'cbe086acea5980cd386aa449a5d82c0f') in 0.0428413 seconds
Number of updated asset objects reloaded before import = 0Number of asset objects unloaded after import = 3

========================================================================
Received Import Request.
  Time since last request: 0.000030 seconds.
  path: Assets/Photon/PhotonUnityNetworking/Demos/PunCockpit/Scripts/Autonomous UI/BackgroundTimeOutField.cs
  artifactKey: Guid(44aff3084c8664497aa6048e66e71a7c) Importer(2089858483,b0f066a214c2f5e87bad3c948f4d605d)
Start importing Assets/Photon/PhotonUnityNetworking/Demos/PunCockpit/Scripts/Autonomous UI/BackgroundTimeOutField.cs using Guid(44aff3084c8664497aa6048e66e71a7c) Importer(2089858483,b0f066a214c2f5e87bad3c948f4d605d) (ScriptedImporter) -> (artifact id: '9edede3033137079830ddd1f75c619b1') in 0.0219455 seconds
Number of updated asset objects reloaded before import = 0Number of asset objects unloaded after import = 0

========================================================================
Received Import Request.
  Time since last request: 0.000045 seconds.
  path: Assets/PlayFabEditorExtensions/Editor/Resources/Microsoft.IdentityModel.Clients.ActiveDirectory.dll
  artifactKey: Guid(620cbc85d1065b54ebdbc18579c4728e) Importer(2089858483,b0f066a214c2f5e87bad3c948f4d605d)
Start importing Assets/PlayFabEditorExtensions/Editor/Resources/Microsoft.IdentityModel.Clients.ActiveDirectory.dll using Guid(620cbc85d1065b54ebdbc18579c4728e) Importer(2089858483,b0f066a214c2f5e87bad3c948f4d605d) (ScriptedImporter) -> (artifact id: '32d811fa50dc0ad74ac0aa8a3be7ad0d') in 0.0280018 seconds
Number of updated asset objects reloaded before import = 0Number of asset objects unloaded after import = 0

========================================================================
Received Import Request.
  Time since last request: 0.000029 seconds.
  path: Assets/Space Exploration/Picto_Icons/White/map-64.png
  artifactKey: Guid(98856601545ccbf46938642ee65df66d) Importer(2089858483,b0f066a214c2f5e87bad3c948f4d605d)
Start importing Assets/Space Exploration/Picto_Icons/White/map-64.png using Guid(98856601545ccbf46938642ee65df66d) Importer(2089858483,b0f066a214c2f5e87bad3c948f4d605d) (ScriptedImporter) -> (artifact id: 'fc11ca10367891363e924cf2a07a729e') in 0.0444356 seconds
Number of updated asset objects reloaded before import = 0Number of asset objects unloaded after import = 3

========================================================================
Received Import Request.
  Time since last request: 0.000029 seconds.
  path: Assets/PlayFabSDK/Shared/Internal/PlayFabHttp/PlayFabWWW.cs
  artifactKey: Guid(71ae810a641b9644187c8824db5ff1fe) Importer(2089858483,b0f066a214c2f5e87bad3c948f4d605d)
Start importing Assets/PlayFabSDK/Shared/Internal/PlayFabHttp/PlayFabWWW.cs using Guid(71ae810a641b9644187c8824db5ff1fe) Importer(2089858483,b0f066a214c2f5e87bad3c948f4d605d) (ScriptedImporter) -> (artifact id: '75bfdbaf7c853fb9690a056214f4771e') in 0.0510119 seconds
Number of updated asset objects reloaded before import = 0Number of asset objects unloaded after import = 0

========================================================================
Received Import Request.
  Time since last request: 0.000091 seconds.
  path: Assets/Space Exploration/Button_Images/Highlighted_Sprite/extra large/extra-long-purple-highlight-extra-large.png
  artifactKey: Guid(d7867fb5033ff544da453535f6063936) Importer(2089858483,b0f066a214c2f5e87bad3c948f4d605d)
Start importing Assets/Space Exploration/Button_Images/Highlighted_Sprite/extra large/extra-long-purple-highlight-extra-large.png using Guid(d7867fb5033ff544da453535f6063936) Importer(2089858483,b0f066a214c2f5e87bad3c948f4d605d) (ScriptedImporter) -> (artifact id: '2cb34ebe10018764e7cbf2b3a7122442') in 0.0380923 seconds
Number of updated asset objects reloaded before import = 0Number of asset objects unloaded after import = 3

========================================================================
Received Import Request.
  Time since last request: 0.000027 seconds.
  path: Assets/Space Exploration/Icons/exoplanet-2-256.png
  artifactKey: Guid(a2f833a3e1ee32b4e9109135a7c1adc3) Importer(2089858483,b0f066a214c2f5e87bad3c948f4d605d)
Start importing Assets/Space Exploration/Icons/exoplanet-2-256.png using Guid(a2f833a3e1ee32b4e9109135a7c1adc3) Importer(2089858483,b0f066a214c2f5e87bad3c948f4d605d) (ScriptedImporter) -> (artifact id: '1388e163b65598d87ce461ae46a43375') in 0.0399855 seconds
Number of updated asset objects reloaded before import = 0Number of asset objects unloaded after import = 3

========================================================================
Received Import Request.
  Time since last request: 0.000032 seconds.
  path: Assets/Space Exploration/Picto_Icons/White/question-64.png
  artifactKey: Guid(c7d5628e2319e6f4a9e607649db349b8) Importer(2089858483,b0f066a214c2f5e87bad3c948f4d605d)
Start importing Assets/Space Exploration/Picto_Icons/White/question-64.png using Guid(c7d5628e2319e6f4a9e607649db349b8) Importer(2089858483,b0f066a214c2f5e87bad3c948f4d605d) (ScriptedImporter) -> (artifact id: '8ca8c2d1e920e7e5b17ac1a396f09e9f') in 0.0436499 seconds
Number of updated asset objects reloaded before import = 0Number of asset objects unloaded after import = 3

========================================================================
Received Import Request.
  Time since last request: 0.000041 seconds.
  path: Assets/Space Exploration/Prefabs/Buttons_Simple/Medium/Yellow/Long_Yellow_Medium_Button.prefab
  artifactKey: Guid(4bfdbbbb7c299704f8a39f0dfbf48c05) Importer(2089858483,b0f066a214c2f5e87bad3c948f4d605d)
Start importing Assets/Space Exploration/Prefabs/Buttons_Simple/Medium/Yellow/Long_Yellow_Medium_Button.prefab using Guid(4bfdbbbb7c299704f8a39f0dfbf48c05) Importer(2089858483,b0f066a214c2f5e87bad3c948f4d605d) (ScriptedImporter) -> (artifact id: '49b21a805597f7b43327d260d50a6b95') in 0.0656486 seconds
Number of updated asset objects reloaded before import = 0Number of asset objects unloaded after import = 18

========================================================================
Received Import Request.
  Time since last request: 0.000031 seconds.
  path: Assets/Space Exploration/Other_Images
  artifactKey: Guid(876544ac7a9940b4f8b7b7202d5a309f) Importer(2089858483,b0f066a214c2f5e87bad3c948f4d605d)
Start importing Assets/Space Exploration/Other_Images using Guid(876544ac7a9940b4f8b7b7202d5a309f) Importer(2089858483,b0f066a214c2f5e87bad3c948f4d605d) (ScriptedImporter) -> (artifact id: '5e0e6ee48f20a7c6fc06054c22bfb8a8') in 0.024157 seconds
Number of updated asset objects reloaded before import = 0Number of asset objects unloaded after import = 1

========================================================================
Received Import Request.
  Time since last request: 0.000043 seconds.
  path: Assets/Space Exploration/Rank_System_Components/Small/ranking-1st-small.png
  artifactKey: Guid(8f30c00239fda52468c5f6971626aa51) Importer(2089858483,b0f066a214c2f5e87bad3c948f4d605d)
Start importing Assets/Space Exploration/Rank_System_Components/Small/ranking-1st-small.png using Guid(8f30c00239fda52468c5f6971626aa51) Importer(2089858483,b0f066a214c2f5e87bad3c948f4d605d) (ScriptedImporter) -> (artifact id: '6f8abcd0786a67d3a74dcf3dc23432d4') in 0.0807238 seconds
Number of updated asset objects reloaded before import = 0Number of asset objects unloaded after import = 3

========================================================================
Received Import Request.
  Time since last request: 0.000031 seconds.
  path: Assets/Space Exploration/Picto_Icons/White/pickaxe-128.png
  artifactKey: Guid(c5594ae759c4a3348a446b2b7714b022) Importer(2089858483,b0f066a214c2f5e87bad3c948f4d605d)
Start importing Assets/Space Exploration/Picto_Icons/White/pickaxe-128.png using Guid(c5594ae759c4a3348a446b2b7714b022) Importer(2089858483,b0f066a214c2f5e87bad3c948f4d605d) (ScriptedImporter) -> (artifact id: '7ab13259c2a0f3d859523f8c38d089fa') in 0.0972939 seconds
Number of updated asset objects reloaded before import = 0Number of asset objects unloaded after import = 3

========================================================================
Received Import Request.
  Time since last request: 0.000039 seconds.
  path: Assets/Space Exploration/Icons/potion-green-3-512.png
  artifactKey: Guid(060c1e76efb265a4d9e0b24ed9334b66) Importer(2089858483,b0f066a214c2f5e87bad3c948f4d605d)
Start importing Assets/Space Exploration/Icons/potion-green-3-512.png using Guid(060c1e76efb265a4d9e0b24ed9334b66) Importer(2089858483,b0f066a214c2f5e87bad3c948f4d605d) (ScriptedImporter) -> (artifact id: '69b515de647fb63f338186f22c41b5f9') in 0.060008 seconds
Number of updated asset objects reloaded before import = 0Number of asset objects unloaded after import = 3

========================================================================
Received Import Request.
  Time since last request: 0.000034 seconds.
  path: Assets/Space Exploration/Icons/full-moon-512.png
  artifactKey: Guid(622bea15bae640a4aa803b7304a0c50b) Importer(2089858483,b0f066a214c2f5e87bad3c948f4d605d)
Start importing Assets/Space Exploration/Icons/full-moon-512.png using Guid(622bea15bae640a4aa803b7304a0c50b) Importer(2089858483,b0f066a214c2f5e87bad3c948f4d605d) (ScriptedImporter) -> (artifact id: '0f5ea02b9a32b15df471257c8b5fd65e') in 0.080041 seconds
Number of updated asset objects reloaded before import = 0Number of asset objects unloaded after import = 3

========================================================================
Received Import Request.
  Time since last request: 0.000043 seconds.
  path: Assets/Space Exploration/Icons/skull-64.png
  artifactKey: Guid(a50b11c715a38864ebf25788838d577d) Importer(2089858483,b0f066a214c2f5e87bad3c948f4d605d)
Start importing Assets/Space Exploration/Icons/skull-64.png using Guid(a50b11c715a38864ebf25788838d577d) Importer(2089858483,b0f066a214c2f5e87bad3c948f4d605d) (ScriptedImporter) -> (artifact id: '8c74bd4ea5f641a3b29fbd452fbcf7a9') in 0.1238879 seconds
Number of updated asset objects reloaded before import = 0Number of asset objects unloaded after import = 3

========================================================================
Received Import Request.
  Time since last request: 0.000027 seconds.
  path: Assets/Space Exploration/Icons/pluto-256.png
  artifactKey: Guid(99be1a0d98333a5479388688b54a3e36) Importer(2089858483,b0f066a214c2f5e87bad3c948f4d605d)
Start importing Assets/Space Exploration/Icons/pluto-256.png using Guid(99be1a0d98333a5479388688b54a3e36) Importer(2089858483,b0f066a214c2f5e87bad3c948f4d605d) (ScriptedImporter) -> (artifact id: '2c8764d33337f91219dce0e8232a2b1a') in 0.0596367 seconds
Number of updated asset objects reloaded before import = 0Number of asset objects unloaded after import = 3

========================================================================
Received Import Request.
  Time since last request: 0.000042 seconds.
  path: Assets/Space Exploration/Picto_Icons/Dark_Purple/black-hole-128.png
  artifactKey: Guid(273ee3245f2e05f43b05225f8bd72b30) Importer(2089858483,b0f066a214c2f5e87bad3c948f4d605d)
Start importing Assets/Space Exploration/Picto_Icons/Dark_Purple/black-hole-128.png using Guid(273ee3245f2e05f43b05225f8bd72b30) Importer(2089858483,b0f066a214c2f5e87bad3c948f4d605d) (ScriptedImporter) -> (artifact id: '6d672b41101e7ce41c7191bc86c984f5') in 0.0572711 seconds
Number of updated asset objects reloaded before import = 0Number of asset objects unloaded after import = 3

========================================================================
Received Import Request.
  Time since last request: 0.000026 seconds.
  path: Assets/Space Exploration/Picto_Icons/White/star-64.png
  artifactKey: Guid(a0f1a82c9fe604a4aa90c2ff67d41317) Importer(2089858483,b0f066a214c2f5e87bad3c948f4d605d)
Start importing Assets/Space Exploration/Picto_Icons/White/star-64.png using Guid(a0f1a82c9fe604a4aa90c2ff67d41317) Importer(2089858483,b0f066a214c2f5e87bad3c948f4d605d) (ScriptedImporter) -> (artifact id: 'b2a7abf4b9ec7e6cfc74e7e40dc4f1c6') in 0.0545904 seconds
Number of updated asset objects reloaded before import = 0Number of asset objects unloaded after import = 3

========================================================================
Received Import Request.
  Time since last request: 0.000040 seconds.
  path: Assets/Space Exploration/Grid_Components/Large/inventory-add-highlight-large.png
  artifactKey: Guid(a7a8acab48eba6147a6ccd204279a9ba) Importer(2089858483,b0f066a214c2f5e87bad3c948f4d605d)
Start importing Assets/Space Exploration/Grid_Components/Large/inventory-add-highlight-large.png using Guid(a7a8acab48eba6147a6ccd204279a9ba) Importer(2089858483,b0f066a214c2f5e87bad3c948f4d605d) (ScriptedImporter) -> (artifact id: '57fc995437130ad485663899174a5de3') in 0.0544616 seconds
Number of updated asset objects reloaded before import = 0Number of asset objects unloaded after import = 3

========================================================================
Received Import Request.
  Time since last request: 0.000032 seconds.
  path: Assets/Space Exploration/Button_Images/Highlighted_Sprite/extra large/medium-purple-highlight-extra-large.png
  artifactKey: Guid(b5f24e7b91d8fb64e80465826436c717) Importer(2089858483,b0f066a214c2f5e87bad3c948f4d605d)
Start importing Assets/Space Exploration/Button_Images/Highlighted_Sprite/extra large/medium-purple-highlight-extra-large.png using Guid(b5f24e7b91d8fb64e80465826436c717) Importer(2089858483,b0f066a214c2f5e87bad3c948f4d605d) (ScriptedImporter) -> (artifact id: '1fc7c7a84f9bd8d621f7789f75e93baf') in 0.0610893 seconds
Number of updated asset objects reloaded before import = 0Number of asset objects unloaded after import = 3

========================================================================
Received Import Request.
  Time since last request: 0.000039 seconds.
  path: Assets/Space Exploration/Picto_Icons/White/map-256.png
  artifactKey: Guid(4eed71a14449f084d95dd0743ef9763e) Importer(2089858483,b0f066a214c2f5e87bad3c948f4d605d)
Start importing Assets/Space Exploration/Picto_Icons/White/map-256.png using Guid(4eed71a14449f084d95dd0743ef9763e) Importer(2089858483,b0f066a214c2f5e87bad3c948f4d605d) (ScriptedImporter) -> (artifact id: '3d9c3fe5d2fd657d9f8b927f0935d4c2') in 0.0783828 seconds
Number of updated asset objects reloaded before import = 0Number of asset objects unloaded after import = 3

========================================================================
Received Import Request.
  Time since last request: 0.000027 seconds.
  path: Assets/Space Exploration/Icons/crown-512.png
  artifactKey: Guid(c0fca5b05f62efc4ab30139eea0807ff) Importer(2089858483,b0f066a214c2f5e87bad3c948f4d605d)
Start importing Assets/Space Exploration/Icons/crown-512.png using Guid(c0fca5b05f62efc4ab30139eea0807ff) Importer(2089858483,b0f066a214c2f5e87bad3c948f4d605d) (ScriptedImporter) -> (artifact id: 'e59da975084f07915b977905854b6e9f') in 0.0801121 seconds
Number of updated asset objects reloaded before import = 0Number of asset objects unloaded after import = 3

========================================================================
Received Import Request.
  Time since last request: 0.000043 seconds.
  path: Assets/Space Exploration/Icons/star-512.png
  artifactKey: Guid(c312c96aabd780b458e35126d6eb218e) Importer(2089858483,b0f066a214c2f5e87bad3c948f4d605d)
Start importing Assets/Space Exploration/Icons/star-512.png using Guid(c312c96aabd780b458e35126d6eb218e) Importer(2089858483,b0f066a214c2f5e87bad3c948f4d605d) (ScriptedImporter) -> (artifact id: 'cd0a0f03ae1412b8cc7e941d81fe04af') in 0.0478534 seconds
Number of updated asset objects reloaded before import = 0Number of asset objects unloaded after import = 3

========================================================================
Received Import Request.
  Time since last request: 0.000058 seconds.
  path: Assets/Space Exploration/Picto_Icons/White/left-arrow-64.png
  artifactKey: Guid(38d67f3006080eb44a0e64ac0b38ac23) Importer(2089858483,b0f066a214c2f5e87bad3c948f4d605d)
Start importing Assets/Space Exploration/Picto_Icons/White/left-arrow-64.png using Guid(38d67f3006080eb44a0e64ac0b38ac23) Importer(2089858483,b0f066a214c2f5e87bad3c948f4d605d) (ScriptedImporter) -> (artifact id: 'f2c92eb27cdd8b889fd88148c2b979c6') in 0.0449772 seconds
Number of updated asset objects reloaded before import = 0Number of asset objects unloaded after import = 3

========================================================================
Received Import Request.
  Time since last request: 0.000041 seconds.
  path: Assets/Space Exploration/Picto_Icons/Light_Purple/shuffle-arrow-128.png
  artifactKey: Guid(827b4950ed385f84fa5e9b9a30d80aee) Importer(2089858483,b0f066a214c2f5e87bad3c948f4d605d)
Start importing Assets/Space Exploration/Picto_Icons/Light_Purple/shuffle-arrow-128.png using Guid(827b4950ed385f84fa5e9b9a30d80aee) Importer(2089858483,b0f066a214c2f5e87bad3c948f4d605d) (ScriptedImporter) -> (artifact id: 'aa5ed78e9de19255f139f8c8c8546c08') in 0.0438456 seconds
Number of updated asset objects reloaded before import = 0Number of asset objects unloaded after import = 3

========================================================================
Received Import Request.
  Time since last request: 0.000032 seconds.
  path: Assets/Space Exploration/Picto_Icons/Dark_Purple/buy-64.png
  artifactKey: Guid(96b2ae27983e75e44b23f1a5debdeb37) Importer(2089858483,b0f066a214c2f5e87bad3c948f4d605d)
Start importing Assets/Space Exploration/Picto_Icons/Dark_Purple/buy-64.png using Guid(96b2ae27983e75e44b23f1a5debdeb37) Importer(2089858483,b0f066a214c2f5e87bad3c948f4d605d) (ScriptedImporter) -> (artifact id: 'da27afe8d285f14ba0206cd506643358') in 0.0771762 seconds
Number of updated asset objects reloaded before import = 0Number of asset objects unloaded after import = 3

========================================================================
Received Import Request.
  Time since last request: 0.000047 seconds.
  path: Assets/Space Exploration/Picto_Icons/Dark_Purple/caution-256.png
  artifactKey: Guid(84df09e2f8554d144a5d6b0ba4e56679) Importer(2089858483,b0f066a214c2f5e87bad3c948f4d605d)
Start importing Assets/Space Exploration/Picto_Icons/Dark_Purple/caution-256.png using Guid(84df09e2f8554d144a5d6b0ba4e56679) Importer(2089858483,b0f066a214c2f5e87bad3c948f4d605d) (ScriptedImporter) -> (artifact id: 'd63d4b943833551eb4c28ddb39ae1cfd') in 0.0605809 seconds
Number of updated asset objects reloaded before import = 0Number of asset objects unloaded after import = 3

========================================================================
Received Import Request.
  Time since last request: 0.000037 seconds.
  path: Assets/Photon/PhotonChat/Demos
  artifactKey: Guid(801c62f7d03cb463ba20067deb330234) Importer(2089858483,b0f066a214c2f5e87bad3c948f4d605d)
Start importing Assets/Photon/PhotonChat/Demos using Guid(801c62f7d03cb463ba20067deb330234) Importer(2089858483,b0f066a214c2f5e87bad3c948f4d605d) (ScriptedImporter) -> (artifact id: 'c213bd936fb5572cfd6f60d2f7e64428') in 0.0252533 seconds
Number of updated asset objects reloaded before import = 0Number of asset objects unloaded after import = 1

========================================================================
Received Import Request.
  Time since last request: 0.000041 seconds.
  path: Assets/Space Exploration/Picto_Icons/Dark_Purple/star-256.png
  artifactKey: Guid(038e40b8fd184df4f8ec1b8ab7c1f5af) Importer(2089858483,b0f066a214c2f5e87bad3c948f4d605d)
Start importing Assets/Space Exploration/Picto_Icons/Dark_Purple/star-256.png using Guid(038e40b8fd184df4f8ec1b8ab7c1f5af) Importer(2089858483,b0f066a214c2f5e87bad3c948f4d605d) (ScriptedImporter) -> (artifact id: '3326a9d231ed7fa3d9e3083123ec1fec') in 0.1023975 seconds
Number of updated asset objects reloaded before import = 0Number of asset objects unloaded after import = 3

========================================================================
Received Import Request.
  Time since last request: 0.000031 seconds.
  path: Assets/Photon/PhotonUnityNetworking/Demos/DemoAsteroids/Models/Materials/Asteroid.mat
  artifactKey: Guid(be2c382f522695c4fa3947ac8e1d4457) Importer(2089858483,b0f066a214c2f5e87bad3c948f4d605d)
Start importing Assets/Photon/PhotonUnityNetworking/Demos/DemoAsteroids/Models/Materials/Asteroid.mat using Guid(be2c382f522695c4fa3947ac8e1d4457) Importer(2089858483,b0f066a214c2f5e87bad3c948f4d605d) (ScriptedImporter) -> (artifact id: 'deb30954fc11e3c3143de3d637e58321') in 0.0698288 seconds
Number of updated asset objects reloaded before import = 0Number of asset objects unloaded after import = 1

========================================================================
Received Import Request.
  Time since last request: 0.000040 seconds.
  path: Assets/Space Exploration/Containers/Large/inventory-menu-container-large.png
  artifactKey: Guid(27cf08913019d0a4f996c3becf94ec77) Importer(2089858483,b0f066a214c2f5e87bad3c948f4d605d)
Start importing Assets/Space Exploration/Containers/Large/inventory-menu-container-large.png using Guid(27cf08913019d0a4f996c3becf94ec77) Importer(2089858483,b0f066a214c2f5e87bad3c948f4d605d) (ScriptedImporter) -> (artifact id: '9facc0fb6c12f2945ae7a341860f2ab8') in 0.0882617 seconds
Number of updated asset objects reloaded before import = 0Number of asset objects unloaded after import = 3

========================================================================
Received Import Request.
  Time since last request: 0.000029 seconds.
  path: Assets/Photon/PhotonUnityNetworking/Demos/PunCockpit/Prefabs
  artifactKey: Guid(8701c2a6e3904e649bf803cefc241114) Importer(2089858483,b0f066a214c2f5e87bad3c948f4d605d)
Start importing Assets/Photon/PhotonUnityNetworking/Demos/PunCockpit/Prefabs using Guid(8701c2a6e3904e649bf803cefc241114) Importer(2089858483,b0f066a214c2f5e87bad3c948f4d605d) (ScriptedImporter) -> (artifact id: 'bf4a03024ae200a25a514d4a39c6a3f4') in 0.0328627 seconds
Number of updated asset objects reloaded before import = 0Number of asset objects unloaded after import = 1

========================================================================
Received Import Request.
  Time since last request: 0.000043 seconds.
  path: Assets/Space Exploration/Picto_Icons/White/telescope-32.png
  artifactKey: Guid(b0e2698d52a386841af9b023d85646f0) Importer(2089858483,b0f066a214c2f5e87bad3c948f4d605d)
Start importing Assets/Space Exploration/Picto_Icons/White/telescope-32.png using Guid(b0e2698d52a386841af9b023d85646f0) Importer(2089858483,b0f066a214c2f5e87bad3c948f4d605d) (ScriptedImporter) -> (artifact id: 'd8a5f91a638f502a9dae9737b5f77b59') in 0.0456686 seconds
Number of updated asset objects reloaded before import = 0Number of asset objects unloaded after import = 3

========================================================================
Received Import Request.
  Time since last request: 0.000035 seconds.
  path: Assets/Space Exploration/Button_Images/Disabled_Sprites/Extra_Large/large-disabled-extra-large.png
  artifactKey: Guid(d3a613461862e5c4eb3ef2830423e919) Importer(2089858483,b0f066a214c2f5e87bad3c948f4d605d)
Start importing Assets/Space Exploration/Button_Images/Disabled_Sprites/Extra_Large/large-disabled-extra-large.png using Guid(d3a613461862e5c4eb3ef2830423e919) Importer(2089858483,b0f066a214c2f5e87bad3c948f4d605d) (ScriptedImporter) -> (artifact id: 'd25924daea62c4175e5172e4cdcc9ced') in 0.0430407 seconds
Number of updated asset objects reloaded before import = 0Number of asset objects unloaded after import = 3

========================================================================
Received Import Request.
  Time since last request: 0.000077 seconds.
  path: Assets/Photon/PhotonUnityNetworking/Demos/Shared Assets/Models/Robot Kyle.fbx
  artifactKey: Guid(320b1c2af77554f99a1658df4a6d3d5c) Importer(2089858483,b0f066a214c2f5e87bad3c948f4d605d)
Start importing Assets/Photon/PhotonUnityNetworking/Demos/Shared Assets/Models/Robot Kyle.fbx using Guid(320b1c2af77554f99a1658df4a6d3d5c) Importer(2089858483,b0f066a214c2f5e87bad3c948f4d605d) (ScriptedImporter) -> (artifact id: '2d0613201500de139d2c607362deaeb6') in 0.0427817 seconds
Number of updated asset objects reloaded before import = 0Number of asset objects unloaded after import = 108

========================================================================
Received Import Request.
  Time since last request: 0.000097 seconds.
  path: Assets/Photon/PhotonUnityNetworking/Code/Utilities/NestedComponentUtilities.cs
  artifactKey: Guid(40bca7ec270007b40a4de315c071f4d3) Importer(2089858483,b0f066a214c2f5e87bad3c948f4d605d)
Start importing Assets/Photon/PhotonUnityNetworking/Code/Utilities/NestedComponentUtilities.cs using Guid(40bca7ec270007b40a4de315c071f4d3) Importer(2089858483,b0f066a214c2f5e87bad3c948f4d605d) (ScriptedImporter) -> (artifact id: '40a46890ed2695f91945ce0ca278c4a5') in 0.0398069 seconds
Number of updated asset objects reloaded before import = 0Number of asset objects unloaded after import = 0

========================================================================
Received Import Request.
  Time since last request: 0.000102 seconds.
  path: Assets/PlayFabSDK/Client/PlayFabClientInstanceAPI.cs
  artifactKey: Guid(ddd185cc4cdc40643a08607da563ddc4) Importer(2089858483,b0f066a214c2f5e87bad3c948f4d605d)
Start importing Assets/PlayFabSDK/Client/PlayFabClientInstanceAPI.cs using Guid(ddd185cc4cdc40643a08607da563ddc4) Importer(2089858483,b0f066a214c2f5e87bad3c948f4d605d) (ScriptedImporter) -> (artifact id: '53c89f60b4ef6000c88e4669054a9252') in 0.0396459 seconds
Number of updated asset objects reloaded before import = 0Number of asset objects unloaded after import = 0

========================================================================
Received Import Request.
  Time since last request: 0.000030 seconds.
  path: Assets/Space Exploration/Picto_Icons/White/add-256.png
  artifactKey: Guid(072874f7b0a111241aed244a928fb121) Importer(2089858483,b0f066a214c2f5e87bad3c948f4d605d)
Start importing Assets/Space Exploration/Picto_Icons/White/add-256.png using Guid(072874f7b0a111241aed244a928fb121) Importer(2089858483,b0f066a214c2f5e87bad3c948f4d605d) (ScriptedImporter) -> (artifact id: '01cf305541b14c906338de6ae1fb6d12') in 0.0673974 seconds
Number of updated asset objects reloaded before import = 0Number of asset objects unloaded after import = 3

========================================================================
Received Import Request.
  Time since last request: 0.000037 seconds.
  path: Assets/Space Exploration/Picto_Icons/Light_Purple/skull-256.png
  artifactKey: Guid(7b7d82f0f31ec9b48a3da6bf35c32731) Importer(2089858483,b0f066a214c2f5e87bad3c948f4d605d)
Start importing Assets/Space Exploration/Picto_Icons/Light_Purple/skull-256.png using Guid(7b7d82f0f31ec9b48a3da6bf35c32731) Importer(2089858483,b0f066a214c2f5e87bad3c948f4d605d) (ScriptedImporter) -> (artifact id: '893586f5827bdcf9317253542a74d3fd') in 0.2063868 seconds
Number of updated asset objects reloaded before import = 0Number of asset objects unloaded after import = 3

========================================================================
Received Import Request.
  Time since last request: 0.000041 seconds.
  path: Assets/Photon/PhotonUnityNetworking/Demos/DemoSlotRacer/Kenney Assets/Stylized city/Materials/13 - Default22662.mat
  artifactKey: Guid(7d91274cc4a876a439f75445704f421b) Importer(2089858483,b0f066a214c2f5e87bad3c948f4d605d)
Start importing Assets/Photon/PhotonUnityNetworking/Demos/DemoSlotRacer/Kenney Assets/Stylized city/Materials/13 - Default22662.mat using Guid(7d91274cc4a876a439f75445704f421b) Importer(2089858483,b0f066a214c2f5e87bad3c948f4d605d) (ScriptedImporter) -> (artifact id: 'bce197b4ee142cf58f387cc3e09cfa0e') in 0.0318913 seconds
Number of updated asset objects reloaded before import = 0Number of asset objects unloaded after import = 1

========================================================================
Received Import Request.
  Time since last request: 0.000041 seconds.
  path: Assets/Space Exploration/Picto_Icons/Dark_Purple/pause-128.png
  artifactKey: Guid(f15d0ab5f740ce842a282130d7351d58) Importer(2089858483,b0f066a214c2f5e87bad3c948f4d605d)
Start importing Assets/Space Exploration/Picto_Icons/Dark_Purple/pause-128.png using Guid(f15d0ab5f740ce842a282130d7351d58) Importer(2089858483,b0f066a214c2f5e87bad3c948f4d605d) (ScriptedImporter) -> (artifact id: '7d18e20baaa98eed34eac48926e50720') in 0.1447412 seconds
Number of updated asset objects reloaded before import = 0Number of asset objects unloaded after import = 3

========================================================================
Received Import Request.
  Time since last request: 0.000035 seconds.
  path: Assets/Space Exploration/Icons/potion-pink-1-128.png
  artifactKey: Guid(b0d03bba26224c54cbe7608d778df3d7) Importer(2089858483,b0f066a214c2f5e87bad3c948f4d605d)
Start importing Assets/Space Exploration/Icons/potion-pink-1-128.png using Guid(b0d03bba26224c54cbe7608d778df3d7) Importer(2089858483,b0f066a214c2f5e87bad3c948f4d605d) (ScriptedImporter) -> (artifact id: 'a9bb326630697202f3b638611278e475') in 0.0794628 seconds
Number of updated asset objects reloaded before import = 0Number of asset objects unloaded after import = 3

========================================================================
Received Import Request.
  Time since last request: 0.000045 seconds.
  path: Assets/Space Exploration/Button_Images/Pressed_Sprites/Medium/square-yellow-pressed-medium.png
  artifactKey: Guid(1da6a33986439d14fbdc927e830d782f) Importer(2089858483,b0f066a214c2f5e87bad3c948f4d605d)
Start importing Assets/Space Exploration/Button_Images/Pressed_Sprites/Medium/square-yellow-pressed-medium.png using Guid(1da6a33986439d14fbdc927e830d782f) Importer(2089858483,b0f066a214c2f5e87bad3c948f4d605d) (ScriptedImporter) -> (artifact id: '00be31318feee442c6680d881deadf5f') in 0.0328235 seconds
Number of updated asset objects reloaded before import = 0Number of asset objects unloaded after import = 3

========================================================================
Received Import Request.
  Time since last request: 0.000038 seconds.
  path: Assets/Space Exploration/Picto_Icons/White/play-128.png
  artifactKey: Guid(841d404d445e10b488a088de6cebda4c) Importer(2089858483,b0f066a214c2f5e87bad3c948f4d605d)
Start importing Assets/Space Exploration/Picto_Icons/White/play-128.png using Guid(841d404d445e10b488a088de6cebda4c) Importer(2089858483,b0f066a214c2f5e87bad3c948f4d605d) (ScriptedImporter) -> (artifact id: '21687fdd2980851466506448ec08c3ba') in 0.0556669 seconds
Number of updated asset objects reloaded before import = 0Number of asset objects unloaded after import = 3

========================================================================
Received Import Request.
  Time since last request: 0.000039 seconds.
  path: Assets/Photon/PhotonUnityNetworking/Demos/DemoSlotRacer/Kenney Assets/Stylized city/Materials/insides_3.mat
  artifactKey: Guid(cdcec2345c1d1af4da10b1c5d9cbff65) Importer(2089858483,b0f066a214c2f5e87bad3c948f4d605d)
Start importing Assets/Photon/PhotonUnityNetworking/Demos/DemoSlotRacer/Kenney Assets/Stylized city/Materials/insides_3.mat using Guid(cdcec2345c1d1af4da10b1c5d9cbff65) Importer(2089858483,b0f066a214c2f5e87bad3c948f4d605d) (ScriptedImporter) -> (artifact id: '5d1db453ec28f3ff29f6d4f749362762') in 0.0209121 seconds
Number of updated asset objects reloaded before import = 0Number of asset objects unloaded after import = 1

========================================================================
Received Import Request.
  Time since last request: 0.000029 seconds.
  path: Assets/Space Exploration/Prefabs/UI_Elements/Large/Currency Bars/Heart_Amount_Large.prefab
  artifactKey: Guid(5fd6faea628ae3d49b7ba3b824456ca6) Importer(2089858483,b0f066a214c2f5e87bad3c948f4d605d)
Start importing Assets/Space Exploration/Prefabs/UI_Elements/Large/Currency Bars/Heart_Amount_Large.prefab using Guid(5fd6faea628ae3d49b7ba3b824456ca6) Importer(2089858483,b0f066a214c2f5e87bad3c948f4d605d) (ScriptedImporter) -> (artifact id: '8ad957073ba63d6030895dcc9d786ab5') in 0.0943836 seconds
Number of updated asset objects reloaded before import = 0Number of asset objects unloaded after import = 25

========================================================================
Received Import Request.
  Time since last request: 0.000035 seconds.
  path: Assets/Space Exploration/Picto_Icons/Light_Purple/web-32.png
  artifactKey: Guid(83bc2c150e2709f489cd818944849c32) Importer(2089858483,b0f066a214c2f5e87bad3c948f4d605d)
Start importing Assets/Space Exploration/Picto_Icons/Light_Purple/web-32.png using Guid(83bc2c150e2709f489cd818944849c32) Importer(2089858483,b0f066a214c2f5e87bad3c948f4d605d) (ScriptedImporter) -> (artifact id: '5d73de77cd1ce189710adf545fd077c7') in 0.0828807 seconds
Number of updated asset objects reloaded before import = 0Number of asset objects unloaded after import = 3

========================================================================
Received Import Request.
  Time since last request: 0.000029 seconds.
  path: Assets/Space Exploration/Picto_Icons/Light_Purple/bell-off-64.png
  artifactKey: Guid(effd8dc1e561c22498429c49ac52d09c) Importer(2089858483,b0f066a214c2f5e87bad3c948f4d605d)
Start importing Assets/Space Exploration/Picto_Icons/Light_Purple/bell-off-64.png using Guid(effd8dc1e561c22498429c49ac52d09c) Importer(2089858483,b0f066a214c2f5e87bad3c948f4d605d) (ScriptedImporter) -> (artifact id: '4ff2568c92e9bbd6d037abf21d71e532') in 0.1252438 seconds
Number of updated asset objects reloaded before import = 0Number of asset objects unloaded after import = 3

========================================================================
Received Import Request.
  Time since last request: 0.000049 seconds.
  path: Assets/Space Exploration/Picto_Icons/Dark_Purple/music-off-256.png
  artifactKey: Guid(016f936d79d70404ba0fa12b50b0506f) Importer(2089858483,b0f066a214c2f5e87bad3c948f4d605d)
Start importing Assets/Space Exploration/Picto_Icons/Dark_Purple/music-off-256.png using Guid(016f936d79d70404ba0fa12b50b0506f) Importer(2089858483,b0f066a214c2f5e87bad3c948f4d605d) (ScriptedImporter) -> (artifact id: '2335072acd86c547d9c6fa288d17aca2') in 0.0737815 seconds
Number of updated asset objects reloaded before import = 0Number of asset objects unloaded after import = 3

========================================================================
Received Import Request.
  Time since last request: 0.000029 seconds.
  path: Assets/Space Exploration/Button_Images/Highlighted_Sprite/small/extra-long-purple-highlight-small.png
  artifactKey: Guid(4b5fc20006c90554d985430035a2309b) Importer(2089858483,b0f066a214c2f5e87bad3c948f4d605d)
Start importing Assets/Space Exploration/Button_Images/Highlighted_Sprite/small/extra-long-purple-highlight-small.png using Guid(4b5fc20006c90554d985430035a2309b) Importer(2089858483,b0f066a214c2f5e87bad3c948f4d605d) (ScriptedImporter) -> (artifact id: '99951a678b98c69050a9ab3cb7969f44') in 0.1003131 seconds
Number of updated asset objects reloaded before import = 0Number of asset objects unloaded after import = 3

========================================================================
Received Import Request.
  Time since last request: 0.000042 seconds.
  path: Assets/Space Exploration/Button_Images/Source_Image_Sprites/extra large/square-purple-extra-large.png
  artifactKey: Guid(ecbc893dfb7c03a47bafbc17c32b12ee) Importer(2089858483,b0f066a214c2f5e87bad3c948f4d605d)
Start importing Assets/Space Exploration/Button_Images/Source_Image_Sprites/extra large/square-purple-extra-large.png using Guid(ecbc893dfb7c03a47bafbc17c32b12ee) Importer(2089858483,b0f066a214c2f5e87bad3c948f4d605d) (ScriptedImporter) -> (artifact id: 'c4021f0109b7dbfa45c46d3a99a861a3') in 0.0451269 seconds
Number of updated asset objects reloaded before import = 0Number of asset objects unloaded after import = 3

========================================================================
Received Import Request.
  Time since last request: 0.000035 seconds.
  path: Assets/Space Exploration/Button_Images/Pressed_Sprites/Small/short-pink-pressed-small.png
  artifactKey: Guid(a125b8dae66d0194a96221c2cd0818e1) Importer(2089858483,b0f066a214c2f5e87bad3c948f4d605d)
Start importing Assets/Space Exploration/Button_Images/Pressed_Sprites/Small/short-pink-pressed-small.png using Guid(a125b8dae66d0194a96221c2cd0818e1) Importer(2089858483,b0f066a214c2f5e87bad3c948f4d605d) (ScriptedImporter) -> (artifact id: '290bb48757f0dd9d56d93e57d2e2232f') in 0.0555763 seconds
Number of updated asset objects reloaded before import = 0Number of asset objects unloaded after import = 3

========================================================================
Received Import Request.
  Time since last request: 0.000041 seconds.
  path: Assets/Space Exploration/Icons/astronaut-256.png
  artifactKey: Guid(3faa5c6b2093db249b0df35e37e530ae) Importer(2089858483,b0f066a214c2f5e87bad3c948f4d605d)
Start importing Assets/Space Exploration/Icons/astronaut-256.png using Guid(3faa5c6b2093db249b0df35e37e530ae) Importer(2089858483,b0f066a214c2f5e87bad3c948f4d605d) (ScriptedImporter) -> (artifact id: '34e4f49baa4b849fde6e3198f3ead750') in 0.0536286 seconds
Number of updated asset objects reloaded before import = 0Number of asset objects unloaded after import = 3

========================================================================
Received Import Request.
  Time since last request: 0.000034 seconds.
  path: Assets/Photon/PhotonUnityNetworking/Demos/DemoProcedural/Scripts
  artifactKey: Guid(66ccfe3c456c20c4f9de20d08685de69) Importer(2089858483,b0f066a214c2f5e87bad3c948f4d605d)
Start importing Assets/Photon/PhotonUnityNetworking/Demos/DemoProcedural/Scripts using Guid(66ccfe3c456c20c4f9de20d08685de69) Importer(2089858483,b0f066a214c2f5e87bad3c948f4d605d) (ScriptedImporter) -> (artifact id: '68bf1b058413cd323d6225f1d79f28be') in 0.0260994 seconds
Number of updated asset objects reloaded before import = 0Number of asset objects unloaded after import = 1

========================================================================
Received Import Request.
  Time since last request: 0.000041 seconds.
  path: Assets/Scripts/Managers/PlayfabManager.cs
  artifactKey: Guid(2cc25752c53fdab4bb6f36a984fa7f89) Importer(2089858483,b0f066a214c2f5e87bad3c948f4d605d)
Start importing Assets/Scripts/Managers/PlayfabManager.cs using Guid(2cc25752c53fdab4bb6f36a984fa7f89) Importer(2089858483,b0f066a214c2f5e87bad3c948f4d605d) (ScriptedImporter) -> (artifact id: 'da8faaf0861202dfba25662704f2d167') in 0.1812624 seconds
Number of updated asset objects reloaded before import = 0Number of asset objects unloaded after import = 0

========================================================================
Received Import Request.
  Time since last request: 0.000029 seconds.
  path: Assets/Space Exploration/Button_Images/Highlighted_Sprite/large/extra-long-pink-highlight-large.png
  artifactKey: Guid(ec8548ee72a377349aa85e028c1e950d) Importer(2089858483,b0f066a214c2f5e87bad3c948f4d605d)
Start importing Assets/Space Exploration/Button_Images/Highlighted_Sprite/large/extra-long-pink-highlight-large.png using Guid(ec8548ee72a377349aa85e028c1e950d) Importer(2089858483,b0f066a214c2f5e87bad3c948f4d605d) (ScriptedImporter) -> (artifact id: '471c8991f0eaa741d37ecff980444af2') in 0.074984 seconds
Number of updated asset objects reloaded before import = 0Number of asset objects unloaded after import = 3

========================================================================
Received Import Request.
  Time since last request: 0.000036 seconds.
  path: Assets/Space Exploration/Picto_Icons/Light_Purple/bell-32.png
  artifactKey: Guid(9fec198f43401fd4d81c488f804d31e6) Importer(2089858483,b0f066a214c2f5e87bad3c948f4d605d)
Start importing Assets/Space Exploration/Picto_Icons/Light_Purple/bell-32.png using Guid(9fec198f43401fd4d81c488f804d31e6) Importer(2089858483,b0f066a214c2f5e87bad3c948f4d605d) (ScriptedImporter) -> (artifact id: 'e00fd49ee7fca4b403c0f9c5d38cb99b') in 0.1330687 seconds
Number of updated asset objects reloaded before import = 0Number of asset objects unloaded after import = 3

========================================================================
Received Import Request.
  Time since last request: 0.000041 seconds.
  path: Assets/Space Exploration/Button_Images/Highlighted_Sprite/large/large-pink-sparkle-highlight-large.png
  artifactKey: Guid(f121e3e95432ff447b8a60bc26605015) Importer(2089858483,b0f066a214c2f5e87bad3c948f4d605d)
Start importing Assets/Space Exploration/Button_Images/Highlighted_Sprite/large/large-pink-sparkle-highlight-large.png using Guid(f121e3e95432ff447b8a60bc26605015) Importer(2089858483,b0f066a214c2f5e87bad3c948f4d605d) (ScriptedImporter) -> (artifact id: '4c85b983b9bc45eeab8c464773f261a3') in 0.0827196 seconds
Number of updated asset objects reloaded before import = 0Number of asset objects unloaded after import = 3

========================================================================
Received Import Request.
  Time since last request: 0.000571 seconds.
  path: Assets/Space Exploration/Prefabs/UI_Elements/Small
  artifactKey: Guid(cce94e4e8464b6248ab467e60e5087ff) Importer(2089858483,b0f066a214c2f5e87bad3c948f4d605d)
Start importing Assets/Space Exploration/Prefabs/UI_Elements/Small using Guid(cce94e4e8464b6248ab467e60e5087ff) Importer(2089858483,b0f066a214c2f5e87bad3c948f4d605d) (ScriptedImporter) -> (artifact id: '90baa87580ffe2d73ddb09f97e6c029f') in 0.0242963 seconds
Number of updated asset objects reloaded before import = 0Number of asset objects unloaded after import = 1

========================================================================
Received Import Request.
  Time since last request: 0.000034 seconds.
  path: Assets/Space Exploration/Picto_Icons/Dark_Purple/ufo-128.png
  artifactKey: Guid(4797d0ef25d1f5242a6b3e99b697286a) Importer(2089858483,b0f066a214c2f5e87bad3c948f4d605d)
Start importing Assets/Space Exploration/Picto_Icons/Dark_Purple/ufo-128.png using Guid(4797d0ef25d1f5242a6b3e99b697286a) Importer(2089858483,b0f066a214c2f5e87bad3c948f4d605d) (ScriptedImporter) -> (artifact id: '643d54714b577217fa7adf72fd307837') in 0.056713 seconds
Number of updated asset objects reloaded before import = 0Number of asset objects unloaded after import = 3

========================================================================
Received Import Request.
  Time since last request: 0.000048 seconds.
  path: Assets/Space Exploration/Button_Images/Highlighted_Sprite/extra large/large-blue-sparkle-highlight-extra-large.png
  artifactKey: Guid(03c49f4dd83ae2340aa179b496a4c21a) Importer(2089858483,b0f066a214c2f5e87bad3c948f4d605d)
Start importing Assets/Space Exploration/Button_Images/Highlighted_Sprite/extra large/large-blue-sparkle-highlight-extra-large.png using Guid(03c49f4dd83ae2340aa179b496a4c21a) Importer(2089858483,b0f066a214c2f5e87bad3c948f4d605d) (ScriptedImporter) -> (artifact id: 'f1d403dcd4fb196666009f5928350fea') in 0.0563703 seconds
Number of updated asset objects reloaded before import = 0Number of asset objects unloaded after import = 3

========================================================================
Received Import Request.
  Time since last request: 0.000027 seconds.
  path: Assets/Space Exploration/Picto_Icons/White/right-arrow-64.png
  artifactKey: Guid(83d950e8a9773cd43933fff8ac0c7acf) Importer(2089858483,b0f066a214c2f5e87bad3c948f4d605d)
Start importing Assets/Space Exploration/Picto_Icons/White/right-arrow-64.png using Guid(83d950e8a9773cd43933fff8ac0c7acf) Importer(2089858483,b0f066a214c2f5e87bad3c948f4d605d) (ScriptedImporter) -> (artifact id: '837cab4e7606d062ead21542e8f6d7b1') in 0.0481801 seconds
Number of updated asset objects reloaded before import = 0Number of asset objects unloaded after import = 3

========================================================================
Received Import Request.
  Time since last request: 0.000041 seconds.
  path: Assets/Photon/PhotonRealtime/Code/Unity/Editor/Wizard
  artifactKey: Guid(146bee4bff786a04e81b8db57abb30b2) Importer(2089858483,b0f066a214c2f5e87bad3c948f4d605d)
Start importing Assets/Photon/PhotonRealtime/Code/Unity/Editor/Wizard using Guid(146bee4bff786a04e81b8db57abb30b2) Importer(2089858483,b0f066a214c2f5e87bad3c948f4d605d) (ScriptedImporter) -> (artifact id: '89963ede23ff376fc3268931696ece8f') in 0.026676 seconds
Number of updated asset objects reloaded before import = 0Number of asset objects unloaded after import = 1

========================================================================
Received Import Request.
  Time since last request: 0.000030 seconds.
  path: Assets/Photon/PhotonUnityNetworking/Demos/DemoSlotRacer/SlotCar-Scene/LightingData.asset
  artifactKey: Guid(7c8e0d280c24c4aba81a4294e87548ec) Importer(2089858483,b0f066a214c2f5e87bad3c948f4d605d)
Start importing Assets/Photon/PhotonUnityNetworking/Demos/DemoSlotRacer/SlotCar-Scene/LightingData.asset using Guid(7c8e0d280c24c4aba81a4294e87548ec) Importer(2089858483,b0f066a214c2f5e87bad3c948f4d605d) (ScriptedImporter) -> (artifact id: '70038fc7c827e06f05e8d088c3ef2e3f') in 0.0604921 seconds
Number of updated asset objects reloaded before import = 0Number of asset objects unloaded after import = 2

========================================================================
Received Import Request.
  Time since last request: 0.000053 seconds.
  path: Assets/Space Exploration/Fonts/Font Sources/static/Asap_SemiExpanded-ExtraBoldItalic.ttf
  artifactKey: Guid(c32ee0853b2c29c4ea6e3359e1c81f7a) Importer(2089858483,b0f066a214c2f5e87bad3c948f4d605d)
Start importing Assets/Space Exploration/Fonts/Font Sources/static/Asap_SemiExpanded-ExtraBoldItalic.ttf using Guid(c32ee0853b2c29c4ea6e3359e1c81f7a) Importer(2089858483,b0f066a214c2f5e87bad3c948f4d605d) (ScriptedImporter) -> (artifact id: '8bdac79c956b6e85da35663f58ac4d42') in 0.0511353 seconds
Number of updated asset objects reloaded before import = 0Number of asset objects unloaded after import = 3

========================================================================
Received Import Request.
  Time since last request: 0.000037 seconds.
  path: Assets/Photon/PhotonUnityNetworking/Demos/DemoAsteroids/Models/Materials
  artifactKey: Guid(5b0355c289df177488ae398e713b4769) Importer(2089858483,b0f066a214c2f5e87bad3c948f4d605d)
Start importing Assets/Photon/PhotonUnityNetworking/Demos/DemoAsteroids/Models/Materials using Guid(5b0355c289df177488ae398e713b4769) Importer(2089858483,b0f066a214c2f5e87bad3c948f4d605d) (ScriptedImporter) -> (artifact id: '35e7a44c0a70e77fafc66c01ddc45619') in 0.0256476 seconds
Number of updated asset objects reloaded before import = 0Number of asset objects unloaded after import = 1

========================================================================
Received Import Request.
  Time since last request: 0.000041 seconds.
  path: Assets/Space Exploration/Other_Images/Medium/cloud-1-medium.png
  artifactKey: Guid(1f388e5a2edfb10448714064a60d23e0) Importer(2089858483,b0f066a214c2f5e87bad3c948f4d605d)
Start importing Assets/Space Exploration/Other_Images/Medium/cloud-1-medium.png using Guid(1f388e5a2edfb10448714064a60d23e0) Importer(2089858483,b0f066a214c2f5e87bad3c948f4d605d) (ScriptedImporter) -> (artifact id: 'b25a000be3ad723e3b8ff8749e1676f4') in 0.055163 seconds
Number of updated asset objects reloaded before import = 0Number of asset objects unloaded after import = 3

========================================================================
Received Import Request.
  Time since last request: 0.000034 seconds.
  path: Assets/Photon/PhotonUnityNetworking/Demos/DemoSlotRacer/Scripts/PlayerControl.cs
  artifactKey: Guid(4fde14656bc40455ba65844c093b79a3) Importer(2089858483,b0f066a214c2f5e87bad3c948f4d605d)
Start importing Assets/Photon/PhotonUnityNetworking/Demos/DemoSlotRacer/Scripts/PlayerControl.cs using Guid(4fde14656bc40455ba65844c093b79a3) Importer(2089858483,b0f066a214c2f5e87bad3c948f4d605d) (ScriptedImporter) -> (artifact id: '47a9d268c482e3a407f68ed6bf54d5d5') in 0.0251897 seconds
Number of updated asset objects reloaded before import = 0Number of asset objects unloaded after import = 0

========================================================================
Received Import Request.
  Time since last request: 0.000039 seconds.
  path: Assets/Photon/PhotonUnityNetworking/Demos/DemoSlotRacer/Kenney Assets/Stylized city/Models/hamvee.FBX
  artifactKey: Guid(7b912c5dfa554a04296ecbf246180058) Importer(2089858483,b0f066a214c2f5e87bad3c948f4d605d)
Start importing Assets/Photon/PhotonUnityNetworking/Demos/DemoSlotRacer/Kenney Assets/Stylized city/Models/hamvee.FBX using Guid(7b912c5dfa554a04296ecbf246180058) Importer(2089858483,b0f066a214c2f5e87bad3c948f4d605d) (ScriptedImporter) -> (artifact id: '346b58d4c4d46c5662a909b2a535a384') in 0.0570783 seconds
Number of updated asset objects reloaded before import = 0Number of asset objects unloaded after import = 41

========================================================================
Received Import Request.
  Time since last request: 0.000029 seconds.
  path: Assets/Space Exploration/Picto_Icons/White/add-person-32.png
  artifactKey: Guid(b80e4f0d79423544f91cc1abe12c6351) Importer(2089858483,b0f066a214c2f5e87bad3c948f4d605d)
Start importing Assets/Space Exploration/Picto_Icons/White/add-person-32.png using Guid(b80e4f0d79423544f91cc1abe12c6351) Importer(2089858483,b0f066a214c2f5e87bad3c948f4d605d) (ScriptedImporter) -> (artifact id: '92ce3fcf5fe1362b4b019f1cf7dfa36e') in 0.0549598 seconds
Number of updated asset objects reloaded before import = 0Number of asset objects unloaded after import = 3

========================================================================
Received Import Request.
  Time since last request: 0.000197 seconds.
  path: Assets/Space Exploration/Icons/no-ads-512.png
  artifactKey: Guid(3b706fd961bad174c998050a70ce36b3) Importer(2089858483,b0f066a214c2f5e87bad3c948f4d605d)
Start importing Assets/Space Exploration/Icons/no-ads-512.png using Guid(3b706fd961bad174c998050a70ce36b3) Importer(2089858483,b0f066a214c2f5e87bad3c948f4d605d) (ScriptedImporter) -> (artifact id: '55fcaf6aaa03c92d0a7eaf0c7fd16781') in 0.0609623 seconds
Number of updated asset objects reloaded before import = 0Number of asset objects unloaded after import = 3

========================================================================
Received Import Request.
  Time since last request: 0.000028 seconds.
  path: Assets/Space Exploration/Icons/map-256.png
  artifactKey: Guid(90b198b7bc3886f42aa70c6a4c26a81b) Importer(2089858483,b0f066a214c2f5e87bad3c948f4d605d)
Start importing Assets/Space Exploration/Icons/map-256.png using Guid(90b198b7bc3886f42aa70c6a4c26a81b) Importer(2089858483,b0f066a214c2f5e87bad3c948f4d605d) (ScriptedImporter) -> (artifact id: '2b650cef137bb8af6db116fbb631d640') in 0.0576217 seconds
Number of updated asset objects reloaded before import = 0Number of asset objects unloaded after import = 3

========================================================================
Received Import Request.
  Time since last request: 0.000035 seconds.
  path: Assets/Space Exploration/Containers/Extra Large
  artifactKey: Guid(d9906b0a44c558748ac081cfd514f716) Importer(2089858483,b0f066a214c2f5e87bad3c948f4d605d)
Start importing Assets/Space Exploration/Containers/Extra Large using Guid(d9906b0a44c558748ac081cfd514f716) Importer(2089858483,b0f066a214c2f5e87bad3c948f4d605d) (ScriptedImporter) -> (artifact id: '2163005e5cc60903fd43d2f8611974eb') in 0.0229436 seconds
Number of updated asset objects reloaded before import = 0Number of asset objects unloaded after import = 1

========================================================================
Received Import Request.
  Time since last request: 0.000035 seconds.
  path: Assets/Space Exploration/Icons/full-moon-128.png
  artifactKey: Guid(3050a53ed98f2b141b5bcdf02f4d4d9b) Importer(2089858483,b0f066a214c2f5e87bad3c948f4d605d)
Start importing Assets/Space Exploration/Icons/full-moon-128.png using Guid(3050a53ed98f2b141b5bcdf02f4d4d9b) Importer(2089858483,b0f066a214c2f5e87bad3c948f4d605d) (ScriptedImporter) -> (artifact id: '4c142a5980d66cc85fcdd8fc5712cc68') in 0.0472181 seconds
Number of updated asset objects reloaded before import = 0Number of asset objects unloaded after import = 3

========================================================================
Received Import Request.
  Time since last request: 0.000052 seconds.
  path: Assets/Space Exploration/Button_Images/Highlighted_Sprite/small/large-blue-sparkle-highlight-small.png
  artifactKey: Guid(c92769ca7630e1748bff400304f073ca) Importer(2089858483,b0f066a214c2f5e87bad3c948f4d605d)
Start importing Assets/Space Exploration/Button_Images/Highlighted_Sprite/small/large-blue-sparkle-highlight-small.png using Guid(c92769ca7630e1748bff400304f073ca) Importer(2089858483,b0f066a214c2f5e87bad3c948f4d605d) (ScriptedImporter) -> (artifact id: 'b1ea6e26ccce1bf90856a9e6a4611a32') in 0.0486132 seconds
Number of updated asset objects reloaded before import = 0Number of asset objects unloaded after import = 3

========================================================================
Received Import Request.
  Time since last request: 0.000033 seconds.
  path: Assets/Space Exploration/Prefabs/UI_Elements/Extra_Large/Currency Bars
  artifactKey: Guid(baabbf3fb67e9644f859e352cc777a78) Importer(2089858483,b0f066a214c2f5e87bad3c948f4d605d)
Start importing Assets/Space Exploration/Prefabs/UI_Elements/Extra_Large/Currency Bars using Guid(baabbf3fb67e9644f859e352cc777a78) Importer(2089858483,b0f066a214c2f5e87bad3c948f4d605d) (ScriptedImporter) -> (artifact id: 'dbaa6ea4d7907280df3b601942e403d1') in 0.0304874 seconds
Number of updated asset objects reloaded before import = 0Number of asset objects unloaded after import = 1

========================================================================
Received Import Request.
  Time since last request: 0.000037 seconds.
  path: Assets/Space Exploration/Containers/Medium/victory-defeat-container-medium.png
  artifactKey: Guid(ac9e120fcff33a8479712f87fc877d11) Importer(2089858483,b0f066a214c2f5e87bad3c948f4d605d)
Start importing Assets/Space Exploration/Containers/Medium/victory-defeat-container-medium.png using Guid(ac9e120fcff33a8479712f87fc877d11) Importer(2089858483,b0f066a214c2f5e87bad3c948f4d605d) (ScriptedImporter) -> (artifact id: '7eaa240212a1ec28bbf33cc5e8643baa') in 0.0495128 seconds
Number of updated asset objects reloaded before import = 0Number of asset objects unloaded after import = 3

========================================================================
Received Import Request.
  Time since last request: 0.000039 seconds.
  path: Assets/Space Exploration/Picto_Icons/Dark_Purple/music-64.png
  artifactKey: Guid(86c2af30bfa63fe4fb34ea351ec5126c) Importer(2089858483,b0f066a214c2f5e87bad3c948f4d605d)
Start importing Assets/Space Exploration/Picto_Icons/Dark_Purple/music-64.png using Guid(86c2af30bfa63fe4fb34ea351ec5126c) Importer(2089858483,b0f066a214c2f5e87bad3c948f4d605d) (ScriptedImporter) -> (artifact id: 'bfc783eaeeff5c84f2b425de5138acfc') in 0.0493992 seconds
Number of updated asset objects reloaded before import = 0Number of asset objects unloaded after import = 3

========================================================================
Received Import Request.
  Time since last request: 0.000036 seconds.
  path: Assets/Space Exploration/Picto_Icons/White/buy-256.png
  artifactKey: Guid(843d29cdda2816e4cbc04fb96501aa4b) Importer(2089858483,b0f066a214c2f5e87bad3c948f4d605d)
Start importing Assets/Space Exploration/Picto_Icons/White/buy-256.png using Guid(843d29cdda2816e4cbc04fb96501aa4b) Importer(2089858483,b0f066a214c2f5e87bad3c948f4d605d) (ScriptedImporter) -> (artifact id: 'b96a4e4bb1948965572cfb8daca19830') in 0.0442938 seconds
Number of updated asset objects reloaded before import = 0Number of asset objects unloaded after import = 3

========================================================================
Received Import Request.
  Time since last request: 0.000028 seconds.
  path: Assets/PlayFabSDK/Progression/PlayFabEvents.cs
  artifactKey: Guid(0baf01ae0e5700e41a23409b4e548524) Importer(2089858483,b0f066a214c2f5e87bad3c948f4d605d)
Start importing Assets/PlayFabSDK/Progression/PlayFabEvents.cs using Guid(0baf01ae0e5700e41a23409b4e548524) Importer(2089858483,b0f066a214c2f5e87bad3c948f4d605d) (ScriptedImporter) -> (artifact id: '2453cb9de5022468c186032067e5c2ae') in 0.0247702 seconds
Number of updated asset objects reloaded before import = 0Number of asset objects unloaded after import = 0

========================================================================
Received Import Request.
  Time since last request: 0.000040 seconds.
  path: Assets/Photon/PhotonUnityNetworking/Demos/DemoSlotRacer/Kenney Assets/Stylized city/Materials/windows_2.mat
  artifactKey: Guid(db1318ffb13bfef419a8dad09473425d) Importer(2089858483,b0f066a214c2f5e87bad3c948f4d605d)
Start importing Assets/Photon/PhotonUnityNetworking/Demos/DemoSlotRacer/Kenney Assets/Stylized city/Materials/windows_2.mat using Guid(db1318ffb13bfef419a8dad09473425d) Importer(2089858483,b0f066a214c2f5e87bad3c948f4d605d) (ScriptedImporter) -> (artifact id: 'f9fea85c519a2017255f3d47f7541466') in 0.0369125 seconds
Number of updated asset objects reloaded before import = 0Number of asset objects unloaded after import = 1

========================================================================
Received Import Request.
  Time since last request: 0.000027 seconds.
  path: Assets/Space Exploration/Picto_Icons/Light_Purple/bell-64.png
  artifactKey: Guid(bacb7d2b56e8e284999cff5adede4519) Importer(2089858483,b0f066a214c2f5e87bad3c948f4d605d)
Start importing Assets/Space Exploration/Picto_Icons/Light_Purple/bell-64.png using Guid(bacb7d2b56e8e284999cff5adede4519) Importer(2089858483,b0f066a214c2f5e87bad3c948f4d605d) (ScriptedImporter) -> (artifact id: 'fb37a19021b30ea03075b75e9e1b33e8') in 0.1124761 seconds
Number of updated asset objects reloaded before import = 0Number of asset objects unloaded after import = 3

========================================================================
Received Import Request.
  Time since last request: 0.000040 seconds.
  path: Assets/Space Exploration/Picto_Icons/White/bell-off-32.png
  artifactKey: Guid(250e8819e34bec7478910647bbb35d33) Importer(2089858483,b0f066a214c2f5e87bad3c948f4d605d)
Start importing Assets/Space Exploration/Picto_Icons/White/bell-off-32.png using Guid(250e8819e34bec7478910647bbb35d33) Importer(2089858483,b0f066a214c2f5e87bad3c948f4d605d) (ScriptedImporter) -> (artifact id: 'c71ef2dc391aee9aa0b736360d2b207d') in 0.1856086 seconds
Number of updated asset objects reloaded before import = 0Number of asset objects unloaded after import = 3

========================================================================
Received Import Request.
  Time since last request: 0.000036 seconds.
  path: Assets/Space Exploration/Picto_Icons/Light_Purple/sound-32.png
  artifactKey: Guid(ea37a929785fc104b98cc1d54a1853b1) Importer(2089858483,b0f066a214c2f5e87bad3c948f4d605d)
Start importing Assets/Space Exploration/Picto_Icons/Light_Purple/sound-32.png using Guid(ea37a929785fc104b98cc1d54a1853b1) Importer(2089858483,b0f066a214c2f5e87bad3c948f4d605d) (ScriptedImporter) -> (artifact id: 'e92d66494f5f85f084934bfefb216c24') in 0.0536972 seconds
Number of updated asset objects reloaded before import = 0Number of asset objects unloaded after import = 3

========================================================================
Received Import Request.
  Time since last request: 0.000041 seconds.
  path: Assets/Settings/DefaultVolumeProfile.asset
  artifactKey: Guid(ab09877e2e707104187f6f83e2f62510) Importer(2089858483,b0f066a214c2f5e87bad3c948f4d605d)
Start importing Assets/Settings/DefaultVolumeProfile.asset using Guid(ab09877e2e707104187f6f83e2f62510) Importer(2089858483,b0f066a214c2f5e87bad3c948f4d605d) (ScriptedImporter) -> (artifact id: 'be9c8b02f4914dc78b6eaaa6b80c0f0b') in 0.0269062 seconds
Number of updated asset objects reloaded before import = 0Number of asset objects unloaded after import = 0

========================================================================
Received Import Request.
  Time since last request: 0.000263 seconds.
  path: Assets/Space Exploration/Picto_Icons/Dark_Purple/bow-256.png
  artifactKey: Guid(7c73f8ea628312e49a2f5bfee544af15) Importer(2089858483,b0f066a214c2f5e87bad3c948f4d605d)
Start importing Assets/Space Exploration/Picto_Icons/Dark_Purple/bow-256.png using Guid(7c73f8ea628312e49a2f5bfee544af15) Importer(2089858483,b0f066a214c2f5e87bad3c948f4d605d) (ScriptedImporter) -> (artifact id: '8c0472b60db2fef26647aead61a05f13') in 0.0602578 seconds
Number of updated asset objects reloaded before import = 0Number of asset objects unloaded after import = 3

========================================================================
Received Import Request.
  Time since last request: 0.000041 seconds.
  path: Assets/Space Exploration/Picto_Icons/Dark_Purple/add-person-128.png
  artifactKey: Guid(3ac40dc06f024b540874a04b3d48b95e) Importer(2089858483,b0f066a214c2f5e87bad3c948f4d605d)
Start importing Assets/Space Exploration/Picto_Icons/Dark_Purple/add-person-128.png using Guid(3ac40dc06f024b540874a04b3d48b95e) Importer(2089858483,b0f066a214c2f5e87bad3c948f4d605d) (ScriptedImporter) -> (artifact id: '801e731e64c1e94b2245bc3180806483') in 0.0725853 seconds
Number of updated asset objects reloaded before import = 0Number of asset objects unloaded after import = 3

========================================================================
Received Import Request.
  Time since last request: 0.000033 seconds.
  path: Assets/Photon/PhotonUnityNetworking/Demos/PunCockpit/PunCockpit.cs
  artifactKey: Guid(f65282626d77d47738989d339cb4f3ff) Importer(2089858483,b0f066a214c2f5e87bad3c948f4d605d)
Start importing Assets/Photon/PhotonUnityNetworking/Demos/PunCockpit/PunCockpit.cs using Guid(f65282626d77d47738989d339cb4f3ff) Importer(2089858483,b0f066a214c2f5e87bad3c948f4d605d) (ScriptedImporter) -> (artifact id: 'fea86ed4b86b4ca1b2fb6b7c4b5f0fe1') in 0.0303744 seconds
Number of updated asset objects reloaded before import = 0Number of asset objects unloaded after import = 0

========================================================================
Received Import Request.
  Time since last request: 0.000046 seconds.
  path: Assets/Space Exploration/Settings_&_Menu_Components/Medium/mission-bar-completed-medium.png
  artifactKey: Guid(6f55b53371db18d498f2532252e098fa) Importer(2089858483,b0f066a214c2f5e87bad3c948f4d605d)
Start importing Assets/Space Exploration/Settings_&_Menu_Components/Medium/mission-bar-completed-medium.png using Guid(6f55b53371db18d498f2532252e098fa) Importer(2089858483,b0f066a214c2f5e87bad3c948f4d605d) (ScriptedImporter) -> (artifact id: 'f1b76ad35fa52b2cdd1937d8cc152dce') in 0.0886617 seconds
Number of updated asset objects reloaded before import = 0Number of asset objects unloaded after import = 3

========================================================================
Received Import Request.
  Time since last request: 0.000032 seconds.
  path: Assets/Free LowPoly Pack/Meshes/Materials/GLASS_mat.mat
  artifactKey: Guid(d1c325922182ba04397e74e2bcd582fd) Importer(2089858483,b0f066a214c2f5e87bad3c948f4d605d)
Start importing Assets/Free LowPoly Pack/Meshes/Materials/GLASS_mat.mat using Guid(d1c325922182ba04397e74e2bcd582fd) Importer(2089858483,b0f066a214c2f5e87bad3c948f4d605d) (ScriptedImporter) -> (artifact id: '3eb4c238c8f05257fa29ed422105fd5d') in 0.0333351 seconds
Number of updated asset objects reloaded before import = 0Number of asset objects unloaded after import = 2

========================================================================
Received Import Request.
  Time since last request: 0.000040 seconds.
  path: Assets/Space Exploration/Button_Images/Disabled_Sprites/Medium/medium-disabled-medium.png
  artifactKey: Guid(b4622323a1699d546bf2f8a94e9a5c3e) Importer(2089858483,b0f066a214c2f5e87bad3c948f4d605d)
Start importing Assets/Space Exploration/Button_Images/Disabled_Sprites/Medium/medium-disabled-medium.png using Guid(b4622323a1699d546bf2f8a94e9a5c3e) Importer(2089858483,b0f066a214c2f5e87bad3c948f4d605d) (ScriptedImporter) -> (artifact id: '20c23affa83787f8d787c10d29cb0252') in 0.0785074 seconds
Number of updated asset objects reloaded before import = 0Number of asset objects unloaded after import = 3

========================================================================
Received Import Request.
  Time since last request: 0.000027 seconds.
  path: Assets/Space Exploration/Prefabs/Buttons_Simple/Small/Pink/Large_Pink_Small_Button.prefab
  artifactKey: Guid(504da2ef0c2b9e14cb17ef17b20dfa07) Importer(2089858483,b0f066a214c2f5e87bad3c948f4d605d)
Start importing Assets/Space Exploration/Prefabs/Buttons_Simple/Small/Pink/Large_Pink_Small_Button.prefab using Guid(504da2ef0c2b9e14cb17ef17b20dfa07) Importer(2089858483,b0f066a214c2f5e87bad3c948f4d605d) (ScriptedImporter) -> (artifact id: 'df3dcf3f483febdd3e587df6cc9cedab') in 0.1149835 seconds
Number of updated asset objects reloaded before import = 0Number of asset objects unloaded after import = 18

========================================================================
Received Import Request.
  Time since last request: 0.000056 seconds.
  path: Assets/Space Exploration/Button_Images/Pressed_Sprites/Extra_Large/short-pink-pressed-extra-large.png
  artifactKey: Guid(53bbbe96b0515a248bb806743684b4f1) Importer(2089858483,b0f066a214c2f5e87bad3c948f4d605d)
Start importing Assets/Space Exploration/Button_Images/Pressed_Sprites/Extra_Large/short-pink-pressed-extra-large.png using Guid(53bbbe96b0515a248bb806743684b4f1) Importer(2089858483,b0f066a214c2f5e87bad3c948f4d605d) (ScriptedImporter) -> (artifact id: '4deaa0fca9a36d202a89931684a79c37') in 0.0687984 seconds
Number of updated asset objects reloaded before import = 0Number of asset objects unloaded after import = 3

========================================================================
Received Import Request.
  Time since last request: 0.000027 seconds.
  path: Assets/Space Exploration/Picto_Icons/White/trophy-64.png
  artifactKey: Guid(47ecd5807d60c144199018f833fdb394) Importer(2089858483,b0f066a214c2f5e87bad3c948f4d605d)
Start importing Assets/Space Exploration/Picto_Icons/White/trophy-64.png using Guid(47ecd5807d60c144199018f833fdb394) Importer(2089858483,b0f066a214c2f5e87bad3c948f4d605d) (ScriptedImporter) -> (artifact id: 'fc5cdc5c5573387db513f0bfd7266028') in 0.0484175 seconds
Number of updated asset objects reloaded before import = 0Number of asset objects unloaded after import = 3

========================================================================
Received Import Request.
  Time since last request: 0.000042 seconds.
  path: Assets/Space Exploration/Button_Images/Pressed_Sprites/Small/extra-long-yellow-pressed-small.png
  artifactKey: Guid(a0d7d0e50a04b0a479d921d7feecb9ff) Importer(2089858483,b0f066a214c2f5e87bad3c948f4d605d)
Start importing Assets/Space Exploration/Button_Images/Pressed_Sprites/Small/extra-long-yellow-pressed-small.png using Guid(a0d7d0e50a04b0a479d921d7feecb9ff) Importer(2089858483,b0f066a214c2f5e87bad3c948f4d605d) (ScriptedImporter) -> (artifact id: '144010a558618f7ab13f1cc4dd283eba') in 0.0384468 seconds
Number of updated asset objects reloaded before import = 0Number of asset objects unloaded after import = 3

========================================================================
Received Import Request.
  Time since last request: 0.000026 seconds.
  path: Assets/Space Exploration/Other_Images/Large/object-shadow-large.png
  artifactKey: Guid(a9b8cfd4f757e4d45bda4677f6bb0b29) Importer(2089858483,b0f066a214c2f5e87bad3c948f4d605d)
Start importing Assets/Space Exploration/Other_Images/Large/object-shadow-large.png using Guid(a9b8cfd4f757e4d45bda4677f6bb0b29) Importer(2089858483,b0f066a214c2f5e87bad3c948f4d605d) (ScriptedImporter) -> (artifact id: '33bdab01fe731aa56ead76a9868c7019') in 0.0616154 seconds
Number of updated asset objects reloaded before import = 0Number of asset objects unloaded after import = 3

========================================================================
Received Import Request.
  Time since last request: 0.000050 seconds.
  path: Assets/Photon/PhotonUnityNetworking/Resources
  artifactKey: Guid(d5cabcf4f702b8d448e02700301cc7e6) Importer(2089858483,b0f066a214c2f5e87bad3c948f4d605d)
Start importing Assets/Photon/PhotonUnityNetworking/Resources using Guid(d5cabcf4f702b8d448e02700301cc7e6) Importer(2089858483,b0f066a214c2f5e87bad3c948f4d605d) (ScriptedImporter) -> (artifact id: '12e9fcc27982c481b43b31dbf46e91ee') in 0.0419467 seconds
Number of updated asset objects reloaded before import = 0Number of asset objects unloaded after import = 1

========================================================================
Received Import Request.
  Time since last request: 0.000094 seconds.
  path: Assets/Space Exploration/Icons/mars-512.png
  artifactKey: Guid(83941569853cbcd4caa756a8f56f0393) Importer(2089858483,b0f066a214c2f5e87bad3c948f4d605d)
Start importing Assets/Space Exploration/Icons/mars-512.png using Guid(83941569853cbcd4caa756a8f56f0393) Importer(2089858483,b0f066a214c2f5e87bad3c948f4d605d) (ScriptedImporter) -> (artifact id: '59cb6d90e0d11c7c71c1ba70f1e9f5c0') in 0.050608 seconds
Number of updated asset objects reloaded before import = 0Number of asset objects unloaded after import = 3

========================================================================
Received Import Request.
  Time since last request: 0.000057 seconds.
  path: Assets/Space Exploration/Picto_Icons/White/no-wifi-32.png
  artifactKey: Guid(754761744af263d43801502fe0cd22a2) Importer(2089858483,b0f066a214c2f5e87bad3c948f4d605d)
Start importing Assets/Space Exploration/Picto_Icons/White/no-wifi-32.png using Guid(754761744af263d43801502fe0cd22a2) Importer(2089858483,b0f066a214c2f5e87bad3c948f4d605d) (ScriptedImporter) -> (artifact id: 'a6107a7469c70dc51772b1e38d1ab5f1') in 0.1108995 seconds
Number of updated asset objects reloaded before import = 0Number of asset objects unloaded after import = 3

========================================================================
Received Import Request.
  Time since last request: 0.000034 seconds.
  path: Assets/Space Exploration/Icons/rocket-512.png
  artifactKey: Guid(eaf505e279bb8514c866ea8f4c6c6401) Importer(2089858483,b0f066a214c2f5e87bad3c948f4d605d)
Start importing Assets/Space Exploration/Icons/rocket-512.png using Guid(eaf505e279bb8514c866ea8f4c6c6401) Importer(2089858483,b0f066a214c2f5e87bad3c948f4d605d) (ScriptedImporter) -> (artifact id: '412c27dc01658603223aa5aacd42914a') in 0.0510869 seconds
Number of updated asset objects reloaded before import = 0Number of asset objects unloaded after import = 3

========================================================================
Received Import Request.
  Time since last request: 0.000053 seconds.
  path: Assets/Space Exploration/Picto_Icons/Light_Purple/skull-128.png
  artifactKey: Guid(cc84e103ffe7d72408eb89b26b938704) Importer(2089858483,b0f066a214c2f5e87bad3c948f4d605d)
Start importing Assets/Space Exploration/Picto_Icons/Light_Purple/skull-128.png using Guid(cc84e103ffe7d72408eb89b26b938704) Importer(2089858483,b0f066a214c2f5e87bad3c948f4d605d) (ScriptedImporter) -> (artifact id: 'b466511e0ee77c518296281b0c3d2fde') in 0.0671559 seconds
Number of updated asset objects reloaded before import = 0Number of asset objects unloaded after import = 3

========================================================================
Received Import Request.
  Time since last request: 0.000027 seconds.
  path: Assets/Space Exploration/Icons/gift-64.png
  artifactKey: Guid(7ac64cd87e908a244831458e727d8a3e) Importer(2089858483,b0f066a214c2f5e87bad3c948f4d605d)
Start importing Assets/Space Exploration/Icons/gift-64.png using Guid(7ac64cd87e908a244831458e727d8a3e) Importer(2089858483,b0f066a214c2f5e87bad3c948f4d605d) (ScriptedImporter) -> (artifact id: 'ca43cdddeb791603d645d6460ede6194') in 0.0505829 seconds
Number of updated asset objects reloaded before import = 0Number of asset objects unloaded after import = 3

========================================================================
Received Import Request.
  Time since last request: 0.000036 seconds.
  path: Assets/Photon/PhotonUnityNetworking/Demos/PunCockpit/Scripts/ReadOnlyProperties
  artifactKey: Guid(418caa004faab434da814c76a8704dd8) Importer(2089858483,b0f066a214c2f5e87bad3c948f4d605d)
Start importing Assets/Photon/PhotonUnityNetworking/Demos/PunCockpit/Scripts/ReadOnlyProperties using Guid(418caa004faab434da814c76a8704dd8) Importer(2089858483,b0f066a214c2f5e87bad3c948f4d605d) (ScriptedImporter) -> (artifact id: 'e8087a9ba9b8a0533b2c03853486ba7c') in 0.0313741 seconds
Number of updated asset objects reloaded before import = 0Number of asset objects unloaded after import = 1

========================================================================
Received Import Request.
  Time since last request: 0.000028 seconds.
  path: Assets/Space Exploration/Button_Images/Highlighted_Sprite/medium/short-yellow-highlight-medium.png
  artifactKey: Guid(d124fdcd2ba717946b24b31e3928ad1f) Importer(2089858483,b0f066a214c2f5e87bad3c948f4d605d)
Start importing Assets/Space Exploration/Button_Images/Highlighted_Sprite/medium/short-yellow-highlight-medium.png using Guid(d124fdcd2ba717946b24b31e3928ad1f) Importer(2089858483,b0f066a214c2f5e87bad3c948f4d605d) (ScriptedImporter) -> (artifact id: '51671e3c2828c4b728a5e8c09a10a27d') in 0.0764312 seconds
Number of updated asset objects reloaded before import = 0Number of asset objects unloaded after import = 3

========================================================================
Received Import Request.
  Time since last request: 0.000109 seconds.
  path: Assets/Space Exploration/Grid_Components/Small/homepage-icon-container-small.png
  artifactKey: Guid(15aab8ffef43420418a544807255531b) Importer(2089858483,b0f066a214c2f5e87bad3c948f4d605d)
Start importing Assets/Space Exploration/Grid_Components/Small/homepage-icon-container-small.png using Guid(15aab8ffef43420418a544807255531b) Importer(2089858483,b0f066a214c2f5e87bad3c948f4d605d) (ScriptedImporter) -> (artifact id: 'd4f1c7f0731316a14b9abbb7ff8299f8') in 0.0618256 seconds
Number of updated asset objects reloaded before import = 0Number of asset objects unloaded after import = 3

========================================================================
Received Import Request.
  Time since last request: 0.000031 seconds.
  path: Assets/Space Exploration/Picto_Icons/Light_Purple/mic-off-128.png
  artifactKey: Guid(6b4925d8c7dbe7446acd88c30cb552a4) Importer(2089858483,b0f066a214c2f5e87bad3c948f4d605d)
Start importing Assets/Space Exploration/Picto_Icons/Light_Purple/mic-off-128.png using Guid(6b4925d8c7dbe7446acd88c30cb552a4) Importer(2089858483,b0f066a214c2f5e87bad3c948f4d605d) (ScriptedImporter) -> (artifact id: '4ed1db99ec0a2be134c3dd3bfbef2eaa') in 0.049071 seconds
Number of updated asset objects reloaded before import = 0Number of asset objects unloaded after import = 3

========================================================================
Received Import Request.
  Time since last request: 0.000045 seconds.
  path: Assets/Space Exploration/Picto_Icons/Light_Purple/--64.png
  artifactKey: Guid(93385b04d2a1ef043973a50026aedec3) Importer(2089858483,b0f066a214c2f5e87bad3c948f4d605d)
Start importing Assets/Space Exploration/Picto_Icons/Light_Purple/--64.png using Guid(93385b04d2a1ef043973a50026aedec3) Importer(2089858483,b0f066a214c2f5e87bad3c948f4d605d) (ScriptedImporter) -> (artifact id: 'ded7dc353c9e1fb06aba0147d65cb5f8') in 0.0474345 seconds
Number of updated asset objects reloaded before import = 0Number of asset objects unloaded after import = 3

========================================================================
Received Import Request.
  Time since last request: 0.000049 seconds.
  path: Assets/Space Exploration/Fonts/Font Sources/static/Asap_SemiCondensed-Light.ttf
  artifactKey: Guid(d4749a6ca97fea940acb6917d83a3f61) Importer(2089858483,b0f066a214c2f5e87bad3c948f4d605d)
Start importing Assets/Space Exploration/Fonts/Font Sources/static/Asap_SemiCondensed-Light.ttf using Guid(d4749a6ca97fea940acb6917d83a3f61) Importer(2089858483,b0f066a214c2f5e87bad3c948f4d605d) (ScriptedImporter) -> (artifact id: '28801a08e5306356715818f856648c5e') in 0.0373216 seconds
Number of updated asset objects reloaded before import = 0Number of asset objects unloaded after import = 3

========================================================================
Received Import Request.
  Time since last request: 0.000046 seconds.
  path: Assets/PlayFabSDK/Shared/Internal/SingletonMonoBehaviour.cs
  artifactKey: Guid(f6a51fa1ed684497db153f40961979c4) Importer(2089858483,b0f066a214c2f5e87bad3c948f4d605d)
Start importing Assets/PlayFabSDK/Shared/Internal/SingletonMonoBehaviour.cs using Guid(f6a51fa1ed684497db153f40961979c4) Importer(2089858483,b0f066a214c2f5e87bad3c948f4d605d) (ScriptedImporter) -> (artifact id: 'a18a916f87c83dce716b1564a49884ed') in 0.0263824 seconds
Number of updated asset objects reloaded before import = 0Number of asset objects unloaded after import = 0

========================================================================
Received Import Request.
  Time since last request: 0.000031 seconds.
  path: Assets/Space Exploration/Picto_Icons/White/--256.png
  artifactKey: Guid(4bc58e3f5b778e74db69b68bd113ed83) Importer(2089858483,b0f066a214c2f5e87bad3c948f4d605d)
Start importing Assets/Space Exploration/Picto_Icons/White/--256.png using Guid(4bc58e3f5b778e74db69b68bd113ed83) Importer(2089858483,b0f066a214c2f5e87bad3c948f4d605d) (ScriptedImporter) -> (artifact id: 'eec62ad4127951dda965cf9c4ef14042') in 0.0582431 seconds
Number of updated asset objects reloaded before import = 0Number of asset objects unloaded after import = 3

========================================================================
Received Import Request.
  Time since last request: 0.000038 seconds.
  path: Assets/Space Exploration/Prefabs/Buttons_Simple/Medium/Blue/Square_Blue_Medium_Button.prefab
  artifactKey: Guid(e770d06168358a8409bb57ad60b4e9a4) Importer(2089858483,b0f066a214c2f5e87bad3c948f4d605d)
Start importing Assets/Space Exploration/Prefabs/Buttons_Simple/Medium/Blue/Square_Blue_Medium_Button.prefab using Guid(e770d06168358a8409bb57ad60b4e9a4) Importer(2089858483,b0f066a214c2f5e87bad3c948f4d605d) (ScriptedImporter) -> (artifact id: 'a66bcf2c52a42c6c9ae8dd69eaed7ddf') in 0.124266 seconds
Number of updated asset objects reloaded before import = 0Number of asset objects unloaded after import = 18

========================================================================
Received Import Request.
  Time since last request: 0.000033 seconds.
  path: Assets/Space Exploration/Picto_Icons/White/caution-64.png
  artifactKey: Guid(0749d7c61dd10e84e859cf60beae39f8) Importer(2089858483,b0f066a214c2f5e87bad3c948f4d605d)
Start importing Assets/Space Exploration/Picto_Icons/White/caution-64.png using Guid(0749d7c61dd10e84e859cf60beae39f8) Importer(2089858483,b0f066a214c2f5e87bad3c948f4d605d) (ScriptedImporter) -> (artifact id: 'ce04f3d09ac3ffac1c04b94d78d01af9') in 0.0550643 seconds
Number of updated asset objects reloaded before import = 0Number of asset objects unloaded after import = 3

========================================================================
Received Import Request.
  Time since last request: 0.000038 seconds.
  path: Assets/Space Exploration/Prefabs/Buttons_Simple/Extra Large/Pink/Large_Pink_Extra_Large_Button.prefab
  artifactKey: Guid(5c83e66c5cc311c4b864e19a01724295) Importer(2089858483,b0f066a214c2f5e87bad3c948f4d605d)
Start importing Assets/Space Exploration/Prefabs/Buttons_Simple/Extra Large/Pink/Large_Pink_Extra_Large_Button.prefab using Guid(5c83e66c5cc311c4b864e19a01724295) Importer(2089858483,b0f066a214c2f5e87bad3c948f4d605d) (ScriptedImporter) -> (artifact id: 'c2acbc459de895571c05c0b657cce283') in 0.121476 seconds
Number of updated asset objects reloaded before import = 0Number of asset objects unloaded after import = 18

========================================================================
Received Import Request.
  Time since last request: 0.006627 seconds.
  path: Assets/Photon/PhotonUnityNetworking/Demos/DemoProcedural/Materials/Yellow.mat
  artifactKey: Guid(90623549d4482f042ade35d8a0758e35) Importer(2089858483,b0f066a214c2f5e87bad3c948f4d605d)
Start importing Assets/Photon/PhotonUnityNetworking/Demos/DemoProcedural/Materials/Yellow.mat using Guid(90623549d4482f042ade35d8a0758e35) Importer(2089858483,b0f066a214c2f5e87bad3c948f4d605d) (ScriptedImporter) -> (artifact id: 'c00ffae27238138f8fc6782ef9336fce') in 0.0360348 seconds
Number of updated asset objects reloaded before import = 0Number of asset objects unloaded after import = 1

========================================================================
Received Import Request.
  Time since last request: 0.000025 seconds.
  path: Assets/Photon/PhotonUnityNetworking/Code
  artifactKey: Guid(9a312e4dbb5268d4e859200f68478e0c) Importer(2089858483,b0f066a214c2f5e87bad3c948f4d605d)
Start importing Assets/Photon/PhotonUnityNetworking/Code using Guid(9a312e4dbb5268d4e859200f68478e0c) Importer(2089858483,b0f066a214c2f5e87bad3c948f4d605d) (ScriptedImporter) -> (artifact id: '426fa54e053417743c3403f30c6ddab5') in 0.0164171 seconds
Number of updated asset objects reloaded before import = 0Number of asset objects unloaded after import = 1

========================================================================
Received Import Request.
  Time since last request: 0.000042 seconds.
  path: Assets/Photon/PhotonChat/Code/ChatEventCode.cs
  artifactKey: Guid(188e4a680bce12d4cbad8d57a24f7d44) Importer(2089858483,b0f066a214c2f5e87bad3c948f4d605d)
Start importing Assets/Photon/PhotonChat/Code/ChatEventCode.cs using Guid(188e4a680bce12d4cbad8d57a24f7d44) Importer(2089858483,b0f066a214c2f5e87bad3c948f4d605d) (ScriptedImporter) -> (artifact id: '0a19088e68f5e0764bba75b5fff98ae2') in 0.0372454 seconds
Number of updated asset objects reloaded before import = 0Number of asset objects unloaded after import = 0

========================================================================
Received Import Request.
  Time since last request: 0.000033 seconds.
  path: Assets/Space Exploration/Picto_Icons/Light_Purple/try-again-32.png
  artifactKey: Guid(6430636dda67e9743b1bdbd81db8cda8) Importer(2089858483,b0f066a214c2f5e87bad3c948f4d605d)
Start importing Assets/Space Exploration/Picto_Icons/Light_Purple/try-again-32.png using Guid(6430636dda67e9743b1bdbd81db8cda8) Importer(2089858483,b0f066a214c2f5e87bad3c948f4d605d) (ScriptedImporter) -> (artifact id: '158bcdf40da6714a733a5bb6136d0b2a') in 0.143887 seconds
Number of updated asset objects reloaded before import = 0Number of asset objects unloaded after import = 3

========================================================================
Received Import Request.
  Time since last request: 0.000039 seconds.
  path: Assets/PlayFabSDK/PlayFab.asmdef
  artifactKey: Guid(0da6d172d18a54e4389d0dce1e1ffdf2) Importer(2089858483,b0f066a214c2f5e87bad3c948f4d605d)
Start importing Assets/PlayFabSDK/PlayFab.asmdef using Guid(0da6d172d18a54e4389d0dce1e1ffdf2) Importer(2089858483,b0f066a214c2f5e87bad3c948f4d605d) (ScriptedImporter) -> (artifact id: 'c510c92882f38c4dd7321065ffdea8e6') in 0.0385448 seconds
Number of updated asset objects reloaded before import = 0Number of asset objects unloaded after import = 1

========================================================================
Received Import Request.
  Time since last request: 0.000031 seconds.
  path: Assets/Space Exploration/Button_Images/Source_Image_Sprites/extra large/extra-long-yellow-extra-large.png
  artifactKey: Guid(b84980f08f533b445b41ce88a4636b83) Importer(2089858483,b0f066a214c2f5e87bad3c948f4d605d)
Start importing Assets/Space Exploration/Button_Images/Source_Image_Sprites/extra large/extra-long-yellow-extra-large.png using Guid(b84980f08f533b445b41ce88a4636b83) Importer(2089858483,b0f066a214c2f5e87bad3c948f4d605d) (ScriptedImporter) -> (artifact id: '7fd179110c075f4ddcc857e7288d0697') in 0.0440988 seconds
Number of updated asset objects reloaded before import = 0Number of asset objects unloaded after import = 3

========================================================================
Received Import Request.
  Time since last request: 0.000040 seconds.
  path: Assets/Space Exploration/Button_Images/Pressed_Sprites/Large/medium-blue-pressed-large.png
  artifactKey: Guid(93f86fab23485504b9ce70e391557308) Importer(2089858483,b0f066a214c2f5e87bad3c948f4d605d)
Start importing Assets/Space Exploration/Button_Images/Pressed_Sprites/Large/medium-blue-pressed-large.png using Guid(93f86fab23485504b9ce70e391557308) Importer(2089858483,b0f066a214c2f5e87bad3c948f4d605d) (ScriptedImporter) -> (artifact id: 'a8c11aa29f389a3507c4e6bb99b81c96') in 0.1027159 seconds
Number of updated asset objects reloaded before import = 0Number of asset objects unloaded after import = 3

========================================================================
Received Import Request.
  Time since last request: 0.000026 seconds.
  path: Assets/PlayFabSDK/Client/PlayFabEvents.cs
  artifactKey: Guid(da33df462ae2fa04cb401398dc2b8a5d) Importer(2089858483,b0f066a214c2f5e87bad3c948f4d605d)
Start importing Assets/PlayFabSDK/Client/PlayFabEvents.cs using Guid(da33df462ae2fa04cb401398dc2b8a5d) Importer(2089858483,b0f066a214c2f5e87bad3c948f4d605d) (ScriptedImporter) -> (artifact id: '6348afd3194a86cbdf863e64abf23ae5') in 0.0270343 seconds
Number of updated asset objects reloaded before import = 0Number of asset objects unloaded after import = 0

========================================================================
Received Import Request.
  Time since last request: 0.000108 seconds.
  path: Assets/Photon/PhotonUnityNetworking/Code/Views
  artifactKey: Guid(a724ff00b77e85d44a2af6baf46fc6a2) Importer(2089858483,b0f066a214c2f5e87bad3c948f4d605d)
Start importing Assets/Photon/PhotonUnityNetworking/Code/Views using Guid(a724ff00b77e85d44a2af6baf46fc6a2) Importer(2089858483,b0f066a214c2f5e87bad3c948f4d605d) (ScriptedImporter) -> (artifact id: '6fe8966d5b099ee92a26e01b436f7d07') in 0.0500991 seconds
Number of updated asset objects reloaded before import = 0Number of asset objects unloaded after import = 1

========================================================================
Received Import Request.
  Time since last request: 0.000029 seconds.
  path: Assets/Space Exploration/Button_Images/Highlighted_Sprite/large/large-blue-highlight-large.png
  artifactKey: Guid(7af342b1bd77b3c4b81244afc243d978) Importer(2089858483,b0f066a214c2f5e87bad3c948f4d605d)
Start importing Assets/Space Exploration/Button_Images/Highlighted_Sprite/large/large-blue-highlight-large.png using Guid(7af342b1bd77b3c4b81244afc243d978) Importer(2089858483,b0f066a214c2f5e87bad3c948f4d605d) (ScriptedImporter) -> (artifact id: '892a54cfb8689fff6c5db3867e674bd4') in 0.0302166 seconds
Number of updated asset objects reloaded before import = 0Number of asset objects unloaded after import = 3

========================================================================
Received Import Request.
  Time since last request: 0.000044 seconds.
  path: Assets/Space Exploration/Picto_Icons/White/badge-128.png
  artifactKey: Guid(e020c8eb3550f724b88a39f46e70f3a2) Importer(2089858483,b0f066a214c2f5e87bad3c948f4d605d)
Start importing Assets/Space Exploration/Picto_Icons/White/badge-128.png using Guid(e020c8eb3550f724b88a39f46e70f3a2) Importer(2089858483,b0f066a214c2f5e87bad3c948f4d605d) (ScriptedImporter) -> (artifact id: '15fce79dbe3ffeec476574d50a89987e') in 0.1107191 seconds
Number of updated asset objects reloaded before import = 0Number of asset objects unloaded after import = 3

========================================================================
Received Import Request.
  Time since last request: 0.000051 seconds.
  path: Assets/Space Exploration/Picto_Icons/Dark_Purple/ad-256.png
  artifactKey: Guid(fe346878a1bfcd744aa9a8e7b8b248f5) Importer(2089858483,b0f066a214c2f5e87bad3c948f4d605d)
Start importing Assets/Space Exploration/Picto_Icons/Dark_Purple/ad-256.png using Guid(fe346878a1bfcd744aa9a8e7b8b248f5) Importer(2089858483,b0f066a214c2f5e87bad3c948f4d605d) (ScriptedImporter) -> (artifact id: '439930ffdc06d6a8feb835c941fa7d10') in 0.0629677 seconds
Number of updated asset objects reloaded before import = 0Number of asset objects unloaded after import = 3

========================================================================
Received Import Request.
  Time since last request: 0.000048 seconds.
  path: Assets/Space Exploration/Other_Images/Large/cloud-2-large.png
  artifactKey: Guid(c7b3774d759d590458816ef38a8593eb) Importer(2089858483,b0f066a214c2f5e87bad3c948f4d605d)
Start importing Assets/Space Exploration/Other_Images/Large/cloud-2-large.png using Guid(c7b3774d759d590458816ef38a8593eb) Importer(2089858483,b0f066a214c2f5e87bad3c948f4d605d) (ScriptedImporter) -> (artifact id: '51f9981d49362d25365dee790081a6eb') in 0.0836856 seconds
Number of updated asset objects reloaded before import = 0Number of asset objects unloaded after import = 3

========================================================================
Received Import Request.
  Time since last request: 0.000026 seconds.
  path: Assets/Space Exploration/Icons/exoplanet-1-256.png
  artifactKey: Guid(03347e0fcba46c84b8066c5fd6c010f9) Importer(2089858483,b0f066a214c2f5e87bad3c948f4d605d)
Start importing Assets/Space Exploration/Icons/exoplanet-1-256.png using Guid(03347e0fcba46c84b8066c5fd6c010f9) Importer(2089858483,b0f066a214c2f5e87bad3c948f4d605d) (ScriptedImporter) -> (artifact id: 'af7a3d9650add0a7f1a4c224f456082a') in 0.0792381 seconds
Number of updated asset objects reloaded before import = 0Number of asset objects unloaded after import = 3

========================================================================
Received Import Request.
  Time since last request: 0.000030 seconds.
  path: Assets/Photon/PhotonUnityNetworking/Code/Editor/PunSceneSettings.cs
  artifactKey: Guid(fc3284eace5a64d4bb516df7d7effdb9) Importer(2089858483,b0f066a214c2f5e87bad3c948f4d605d)
Start importing Assets/Photon/PhotonUnityNetworking/Code/Editor/PunSceneSettings.cs using Guid(fc3284eace5a64d4bb516df7d7effdb9) Importer(2089858483,b0f066a214c2f5e87bad3c948f4d605d) (ScriptedImporter) -> (artifact id: 'c56f5ef6e8ab01e102c529527681ceaf') in 0.0327533 seconds
Number of updated asset objects reloaded before import = 0Number of asset objects unloaded after import = 0

========================================================================
Received Import Request.
  Time since last request: 0.000036 seconds.
  path: Assets/Photon/PhotonRealtime/Code/Unity
  artifactKey: Guid(fa14aa576f7e18f4bb6c4c93368a235d) Importer(2089858483,b0f066a214c2f5e87bad3c948f4d605d)
Start importing Assets/Photon/PhotonRealtime/Code/Unity using Guid(fa14aa576f7e18f4bb6c4c93368a235d) Importer(2089858483,b0f066a214c2f5e87bad3c948f4d605d) (ScriptedImporter) -> (artifact id: 'dcef31701082024e34da03ee6b0cdb61') in 0.0243619 seconds
Number of updated asset objects reloaded before import = 0Number of asset objects unloaded after import = 1

========================================================================
Received Import Request.
  Time since last request: 0.000047 seconds.
  path: Assets/Space Exploration/Prefabs/Buttons_Simple/Large/Blue/Blue_Large_Button.prefab
  artifactKey: Guid(101c319917ef49548a48ad90596d7caf) Importer(2089858483,b0f066a214c2f5e87bad3c948f4d605d)
Start importing Assets/Space Exploration/Prefabs/Buttons_Simple/Large/Blue/Blue_Large_Button.prefab using Guid(101c319917ef49548a48ad90596d7caf) Importer(2089858483,b0f066a214c2f5e87bad3c948f4d605d) (ScriptedImporter) -> (artifact id: '0004a549a3bfbfb544cd3ec7e5a48271') in 0.0725533 seconds
Number of updated asset objects reloaded before import = 0Number of asset objects unloaded after import = 18

========================================================================
Received Import Request.
  Time since last request: 0.000044 seconds.
  path: Assets/Space Exploration/Containers/Large/victory-defeat-container-large.png
  artifactKey: Guid(dd0675f07de66864199dd1a1922d27c7) Importer(2089858483,b0f066a214c2f5e87bad3c948f4d605d)
Start importing Assets/Space Exploration/Containers/Large/victory-defeat-container-large.png using Guid(dd0675f07de66864199dd1a1922d27c7) Importer(2089858483,b0f066a214c2f5e87bad3c948f4d605d) (ScriptedImporter) -> (artifact id: '139dc8290d7e7870ee266818b8283797') in 0.0468379 seconds
Number of updated asset objects reloaded before import = 0Number of asset objects unloaded after import = 3

========================================================================
Received Import Request.
  Time since last request: 0.000031 seconds.
  path: Assets/Space Exploration/Picto_Icons/White/bolt-128.png
  artifactKey: Guid(2be418c2561b8ad4689366ccd5653720) Importer(2089858483,b0f066a214c2f5e87bad3c948f4d605d)
Start importing Assets/Space Exploration/Picto_Icons/White/bolt-128.png using Guid(2be418c2561b8ad4689366ccd5653720) Importer(2089858483,b0f066a214c2f5e87bad3c948f4d605d) (ScriptedImporter) -> (artifact id: 'ba51d5984b61de273cf038f3db9d61b9') in 0.0533278 seconds
Number of updated asset objects reloaded before import = 0Number of asset objects unloaded after import = 3

========================================================================
Received Import Request.
  Time since last request: 0.000043 seconds.
  path: Assets/Space Exploration/Settings_&_Menu_Components/Small/sound-bar-full-small.png
  artifactKey: Guid(0c81afca312b04348bfb7f55ad3463ac) Importer(2089858483,b0f066a214c2f5e87bad3c948f4d605d)
Start importing Assets/Space Exploration/Settings_&_Menu_Components/Small/sound-bar-full-small.png using Guid(0c81afca312b04348bfb7f55ad3463ac) Importer(2089858483,b0f066a214c2f5e87bad3c948f4d605d) (ScriptedImporter) -> (artifact id: '702e5f688a8443d852efb7913e317529') in 0.2388923 seconds
Number of updated asset objects reloaded before import = 0Number of asset objects unloaded after import = 22

========================================================================
Received Import Request.
  Time since last request: 0.000032 seconds.
  path: Assets/Space Exploration/Prefabs/Buttons_Simple/Extra Large/Blue/Square_Blue_Extra_Large_Button.prefab
  artifactKey: Guid(0829c26eff23a4c4c97a1a2a2a905b68) Importer(2089858483,b0f066a214c2f5e87bad3c948f4d605d)
Start importing Assets/Space Exploration/Prefabs/Buttons_Simple/Extra Large/Blue/Square_Blue_Extra_Large_Button.prefab using Guid(0829c26eff23a4c4c97a1a2a2a905b68) Importer(2089858483,b0f066a214c2f5e87bad3c948f4d605d) (ScriptedImporter) -> (artifact id: '81a8904a49e73f13d257323ca9f28323') in 0.1685388 seconds
Number of updated asset objects reloaded before import = 0Number of asset objects unloaded after import = 18

========================================================================
Received Import Request.
  Time since last request: 0.000067 seconds.
  path: Assets/Photon/PhotonUnityNetworking/Code/CustomTypes.cs
  artifactKey: Guid(ab517bd36a2b2504b83979fcad45d4a2) Importer(2089858483,b0f066a214c2f5e87bad3c948f4d605d)
Start importing Assets/Photon/PhotonUnityNetworking/Code/CustomTypes.cs using Guid(ab517bd36a2b2504b83979fcad45d4a2) Importer(2089858483,b0f066a214c2f5e87bad3c948f4d605d) (ScriptedImporter) -> (artifact id: '73f954f6d371c3199b89c64d1cbd492a') in 0.0214523 seconds
Number of updated asset objects reloaded before import = 0Number of asset objects unloaded after import = 0

========================================================================
Received Import Request.
  Time since last request: 0.000031 seconds.
  path: Assets/Space Exploration/Button_Images/Pressed_Sprites/Small/extra-long-blue-pressed-small.png
  artifactKey: Guid(583dce88bd8b813498e69c78f47a65d5) Importer(2089858483,b0f066a214c2f5e87bad3c948f4d605d)
Start importing Assets/Space Exploration/Button_Images/Pressed_Sprites/Small/extra-long-blue-pressed-small.png using Guid(583dce88bd8b813498e69c78f47a65d5) Importer(2089858483,b0f066a214c2f5e87bad3c948f4d605d) (ScriptedImporter) -> (artifact id: '23f85a1d1f143152dbc1b4d607d65280') in 0.060041 seconds
Number of updated asset objects reloaded before import = 0Number of asset objects unloaded after import = 3

========================================================================
Received Import Request.
  Time since last request: 0.000035 seconds.
  path: Assets/Space Exploration/Grid_Components/Extra Large/inventory-locked-extra-large.png
  artifactKey: Guid(90587be43c161ab46b4f9bf2363ea40e) Importer(2089858483,b0f066a214c2f5e87bad3c948f4d605d)
Start importing Assets/Space Exploration/Grid_Components/Extra Large/inventory-locked-extra-large.png using Guid(90587be43c161ab46b4f9bf2363ea40e) Importer(2089858483,b0f066a214c2f5e87bad3c948f4d605d) (ScriptedImporter) -> (artifact id: '1e025919ec4c2bc3100900b07103a995') in 0.0581728 seconds
Number of updated asset objects reloaded before import = 0Number of asset objects unloaded after import = 3

========================================================================
Received Import Request.
  Time since last request: 0.000028 seconds.
  path: Assets/Photon/PhotonLibs/netstandard2.0/Photon3Unity3D.xml
  artifactKey: Guid(7015e500cd5b71244af56448dfb59804) Importer(2089858483,b0f066a214c2f5e87bad3c948f4d605d)
Start importing Assets/Photon/PhotonLibs/netstandard2.0/Photon3Unity3D.xml using Guid(7015e500cd5b71244af56448dfb59804) Importer(2089858483,b0f066a214c2f5e87bad3c948f4d605d) (ScriptedImporter) -> (artifact id: '4ea63d99968c79f9b17b20e69fc60cf1') in 0.0538886 seconds
Number of updated asset objects reloaded before import = 0Number of asset objects unloaded after import = 1

========================================================================
Received Import Request.
  Time since last request: 0.000037 seconds.
  path: Assets/Space Exploration/Settings_&_Menu_Components/Extra Large/sound-bar-container-extra-large.png
  artifactKey: Guid(c3c886aa861913c4cb2919dd2ad058e3) Importer(2089858483,b0f066a214c2f5e87bad3c948f4d605d)
Start importing Assets/Space Exploration/Settings_&_Menu_Components/Extra Large/sound-bar-container-extra-large.png using Guid(c3c886aa861913c4cb2919dd2ad058e3) Importer(2089858483,b0f066a214c2f5e87bad3c948f4d605d) (ScriptedImporter) -> (artifact id: 'd5326ab6ac6b80d8d241ab9758ba04bd') in 0.0452313 seconds
Number of updated asset objects reloaded before import = 0Number of asset objects unloaded after import = 3

========================================================================
Received Import Request.
  Time since last request: 0.000032 seconds.
  path: Assets/Space Exploration/Grid_Components/Large/inventory-highlight-large.png
  artifactKey: Guid(b12f26b9aa120bb48900d3647647dd39) Importer(2089858483,b0f066a214c2f5e87bad3c948f4d605d)
Start importing Assets/Space Exploration/Grid_Components/Large/inventory-highlight-large.png using Guid(b12f26b9aa120bb48900d3647647dd39) Importer(2089858483,b0f066a214c2f5e87bad3c948f4d605d) (ScriptedImporter) -> (artifact id: 'c632a8a269eb4c3bb0a6fcf48bb2b0e5') in 0.0545208 seconds
Number of updated asset objects reloaded before import = 0Number of asset objects unloaded after import = 3

========================================================================
Received Import Request.
  Time since last request: 0.000036 seconds.
  path: Assets/Space Exploration/Prefabs/UI_Elements/Large/Slider Bars/Sound_Slider_Large.prefab
  artifactKey: Guid(3bd4282b199d24a449f097353fe14216) Importer(2089858483,b0f066a214c2f5e87bad3c948f4d605d)
Start importing Assets/Space Exploration/Prefabs/UI_Elements/Large/Slider Bars/Sound_Slider_Large.prefab using Guid(3bd4282b199d24a449f097353fe14216) Importer(2089858483,b0f066a214c2f5e87bad3c948f4d605d) (ScriptedImporter) -> (artifact id: 'ea49ffa1cd17014ffc59906a3d8bf442') in 0.1057055 seconds
Number of updated asset objects reloaded before import = 0Number of asset objects unloaded after import = 25

========================================================================
Received Import Request.
  Time since last request: 0.000032 seconds.
  path: Assets/ProjectSettings/MultiplayerManager.asset
  artifactKey: Guid(87b70b4bd6f752b4893badf3be7e33ee) Importer(2089858483,b0f066a214c2f5e87bad3c948f4d605d)
Start importing Assets/ProjectSettings/MultiplayerManager.asset using Guid(87b70b4bd6f752b4893badf3be7e33ee) Importer(2089858483,b0f066a214c2f5e87bad3c948f4d605d) (ScriptedImporter) -> (artifact id: '62f3ec4157c1ef61abc1a05e914a850d') in 0.0881686 seconds
Number of updated asset objects reloaded before import = 0Number of asset objects unloaded after import = 1

========================================================================
Received Import Request.
  Time since last request: 0.000048 seconds.
  path: Assets/Space Exploration/Picto_Icons/White/trophy-2-128.png
  artifactKey: Guid(724f1ff95903dac42aa0f2bafc5b7c58) Importer(2089858483,b0f066a214c2f5e87bad3c948f4d605d)
Start importing Assets/Space Exploration/Picto_Icons/White/trophy-2-128.png using Guid(724f1ff95903dac42aa0f2bafc5b7c58) Importer(2089858483,b0f066a214c2f5e87bad3c948f4d605d) (ScriptedImporter) -> (artifact id: '84c09bdf49eac9da3880d616b3273cc5') in 0.0589785 seconds
Number of updated asset objects reloaded before import = 0Number of asset objects unloaded after import = 3

========================================================================
Received Import Request.
  Time since last request: 0.000026 seconds.
  path: Assets/Space Exploration/Picto_Icons/Light_Purple/star-128.png
  artifactKey: Guid(6b74fac32ba06934eb64acf2c1069efd) Importer(2089858483,b0f066a214c2f5e87bad3c948f4d605d)
Start importing Assets/Space Exploration/Picto_Icons/Light_Purple/star-128.png using Guid(6b74fac32ba06934eb64acf2c1069efd) Importer(2089858483,b0f066a214c2f5e87bad3c948f4d605d) (ScriptedImporter) -> (artifact id: 'd31603e7c03031ba8f8ca77054d9f6b2') in 0.0513981 seconds
Number of updated asset objects reloaded before import = 0Number of asset objects unloaded after import = 3

========================================================================
Received Import Request.
  Time since last request: 0.000036 seconds.
  path: Assets/Photon/PhotonUnityNetworking/Demos/Shared Assets/Skin/Orbitron Black.ttf
  artifactKey: Guid(495c9e2a934bcc640a8d7427b13cb680) Importer(2089858483,b0f066a214c2f5e87bad3c948f4d605d)
Start importing Assets/Photon/PhotonUnityNetworking/Demos/Shared Assets/Skin/Orbitron Black.ttf using Guid(495c9e2a934bcc640a8d7427b13cb680) Importer(2089858483,b0f066a214c2f5e87bad3c948f4d605d) (ScriptedImporter) -> (artifact id: '0360be5746d0540564c9433abb28ddb7') in 0.0442989 seconds
Number of updated asset objects reloaded before import = 0Number of asset objects unloaded after import = 3

========================================================================
Received Import Request.
  Time since last request: 0.000028 seconds.
  path: Assets/Space Exploration/Picto_Icons/White/mail-256.png
  artifactKey: Guid(90328383682c6be469b8800852214958) Importer(2089858483,b0f066a214c2f5e87bad3c948f4d605d)
Start importing Assets/Space Exploration/Picto_Icons/White/mail-256.png using Guid(90328383682c6be469b8800852214958) Importer(2089858483,b0f066a214c2f5e87bad3c948f4d605d) (ScriptedImporter) -> (artifact id: '96edc5ed8fb56e307864b25272a848ae') in 0.069113 seconds
Number of updated asset objects reloaded before import = 0Number of asset objects unloaded after import = 3

========================================================================
Received Import Request.
  Time since last request: 0.000055 seconds.
  path: Assets/Space Exploration/Picto_Icons/Light_Purple/zoom-in-32.png
  artifactKey: Guid(e50262c2c30aec44ea8ddd4eea395e1d) Importer(2089858483,b0f066a214c2f5e87bad3c948f4d605d)
Start importing Assets/Space Exploration/Picto_Icons/Light_Purple/zoom-in-32.png using Guid(e50262c2c30aec44ea8ddd4eea395e1d) Importer(2089858483,b0f066a214c2f5e87bad3c948f4d605d) (ScriptedImporter) -> (artifact id: '0819e9be4c60c65ebcb465d2826f7988') in 0.0441963 seconds
Number of updated asset objects reloaded before import = 0Number of asset objects unloaded after import = 3

========================================================================
Received Import Request.
  Time since last request: 0.000026 seconds.
  path: Assets/Space Exploration/Prefabs/UI_Elements/Large/Menu Buttons/Forward_Button_Large.prefab
  artifactKey: Guid(02fb600343c24114cb2ed5a302844ee7) Importer(2089858483,b0f066a214c2f5e87bad3c948f4d605d)
Start importing Assets/Space Exploration/Prefabs/UI_Elements/Large/Menu Buttons/Forward_Button_Large.prefab using Guid(02fb600343c24114cb2ed5a302844ee7) Importer(2089858483,b0f066a214c2f5e87bad3c948f4d605d) (ScriptedImporter) -> (artifact id: '1cd4dbd938f150f7c890d67d7c42f0f4') in 0.0566739 seconds
Number of updated asset objects reloaded before import = 0Number of asset objects unloaded after import = 13

========================================================================
Received Import Request.
  Time since last request: 0.000038 seconds.
  path: Assets/Photon/PhotonUnityNetworking/Demos/DemoProcedural/Scripts/WorldGenerator.cs
  artifactKey: Guid(4190307f26497ca49b67855340776e0a) Importer(2089858483,b0f066a214c2f5e87bad3c948f4d605d)
Start importing Assets/Photon/PhotonUnityNetworking/Demos/DemoProcedural/Scripts/WorldGenerator.cs using Guid(4190307f26497ca49b67855340776e0a) Importer(2089858483,b0f066a214c2f5e87bad3c948f4d605d) (ScriptedImporter) -> (artifact id: '13cbcfd17248f0acab2afc64e0e35535') in 0.0762449 seconds
Number of updated asset objects reloaded before import = 0Number of asset objects unloaded after import = 0

========================================================================
Received Import Request.
  Time since last request: 0.000028 seconds.
  path: Assets/Space Exploration/Icons/key-1-512.png
  artifactKey: Guid(5ba496a2d72515048af9ead1c06c34f9) Importer(2089858483,b0f066a214c2f5e87bad3c948f4d605d)
Start importing Assets/Space Exploration/Icons/key-1-512.png using Guid(5ba496a2d72515048af9ead1c06c34f9) Importer(2089858483,b0f066a214c2f5e87bad3c948f4d605d) (ScriptedImporter) -> (artifact id: '1e5daca8da4a2d4b1575bc2e4713fb04') in 0.0682714 seconds
Number of updated asset objects reloaded before import = 0Number of asset objects unloaded after import = 3

========================================================================
Received Import Request.
  Time since last request: 0.000035 seconds.
  path: Assets/Space Exploration/Fonts/Font Sources/static/Asap_Condensed-ExtraLight.ttf
  artifactKey: Guid(1340c9cf1eac3f34ba9f903322206653) Importer(2089858483,b0f066a214c2f5e87bad3c948f4d605d)
Start importing Assets/Space Exploration/Fonts/Font Sources/static/Asap_Condensed-ExtraLight.ttf using Guid(1340c9cf1eac3f34ba9f903322206653) Importer(2089858483,b0f066a214c2f5e87bad3c948f4d605d) (ScriptedImporter) -> (artifact id: '8523997cdafb2670f7f412bb158a8919') in 0.0553603 seconds
Number of updated asset objects reloaded before import = 0Number of asset objects unloaded after import = 3

========================================================================
Received Import Request.
  Time since last request: 0.000027 seconds.
  path: Assets/Photon/PhotonChat/Demos/Demo Chat/Code/NamePickNewGui.cs
  artifactKey: Guid(f5e77b98bc3c7be4d838fbfe21004ce3) Importer(2089858483,b0f066a214c2f5e87bad3c948f4d605d)
Start importing Assets/Photon/PhotonChat/Demos/Demo Chat/Code/NamePickNewGui.cs using Guid(f5e77b98bc3c7be4d838fbfe21004ce3) Importer(2089858483,b0f066a214c2f5e87bad3c948f4d605d) (ScriptedImporter) -> (artifact id: '47ccd73b875427746635248bb3f73ea0') in 0.0600406 seconds
Number of updated asset objects reloaded before import = 0Number of asset objects unloaded after import = 0

========================================================================
Received Import Request.
  Time since last request: 0.000040 seconds.
  path: Assets/Space Exploration/Picto_Icons/White/like-128.png
  artifactKey: Guid(6be8747b4ae10e4468f5ac46f89ce81e) Importer(2089858483,b0f066a214c2f5e87bad3c948f4d605d)
Start importing Assets/Space Exploration/Picto_Icons/White/like-128.png using Guid(6be8747b4ae10e4468f5ac46f89ce81e) Importer(2089858483,b0f066a214c2f5e87bad3c948f4d605d) (ScriptedImporter) -> (artifact id: 'b65cdc1437ef71a63b0958ab25800393') in 0.0912046 seconds
Number of updated asset objects reloaded before import = 0Number of asset objects unloaded after import = 3

========================================================================
Received Import Request.
  Time since last request: 0.000034 seconds.
  path: Assets/Photon/PhotonLibs/Photon3Unity3D.xml
  artifactKey: Guid(8d4f08d435c4b6343969d8af249460ff) Importer(2089858483,b0f066a214c2f5e87bad3c948f4d605d)
Start importing Assets/Photon/PhotonLibs/Photon3Unity3D.xml using Guid(8d4f08d435c4b6343969d8af249460ff) Importer(2089858483,b0f066a214c2f5e87bad3c948f4d605d) (ScriptedImporter) -> (artifact id: 'aa785201954b013350c3ed249f2c1344') in 0.0314681 seconds
Number of updated asset objects reloaded before import = 0Number of asset objects unloaded after import = 1

========================================================================
Received Import Request.
  Time since last request: 0.000042 seconds.
  path: Assets/Space Exploration/Picto_Icons/White/alien-32.png
  artifactKey: Guid(4436f0b703954f44f99ddc39bce5da99) Importer(2089858483,b0f066a214c2f5e87bad3c948f4d605d)
Start importing Assets/Space Exploration/Picto_Icons/White/alien-32.png using Guid(4436f0b703954f44f99ddc39bce5da99) Importer(2089858483,b0f066a214c2f5e87bad3c948f4d605d) (ScriptedImporter) -> (artifact id: '27625b1dc508fd097d38e5bba7bc2dc4') in 0.3721456 seconds
Number of updated asset objects reloaded before import = 0Number of asset objects unloaded after import = 3

========================================================================
Received Import Request.
  Time since last request: 0.000049 seconds.
  path: Assets/Space Exploration/Prefabs/UI_Elements/Small/Input Fields/Password_Input_Small.prefab
  artifactKey: Guid(0130f6e5f33e52d4da9a447ac408797e) Importer(2089858483,b0f066a214c2f5e87bad3c948f4d605d)
Start importing Assets/Space Exploration/Prefabs/UI_Elements/Small/Input Fields/Password_Input_Small.prefab using Guid(0130f6e5f33e52d4da9a447ac408797e) Importer(2089858483,b0f066a214c2f5e87bad3c948f4d605d) (ScriptedImporter) -> (artifact id: '089287380a13bf2614e92a9e010d3025') in 0.2254435 seconds
Number of updated asset objects reloaded before import = 0Number of asset objects unloaded after import = 29

========================================================================
Received Import Request.
  Time since last request: 0.000039 seconds.
  path: Assets/Space Exploration/Picto_Icons/Dark_Purple/sound-off-256.png
  artifactKey: Guid(83da2a27065c91b418eef8412d2077dc) Importer(2089858483,b0f066a214c2f5e87bad3c948f4d605d)
Start importing Assets/Space Exploration/Picto_Icons/Dark_Purple/sound-off-256.png using Guid(83da2a27065c91b418eef8412d2077dc) Importer(2089858483,b0f066a214c2f5e87bad3c948f4d605d) (ScriptedImporter) -> (artifact id: '2f5a89cc6f61d8744cd8e18599cc818f') in 0.0557344 seconds
Number of updated asset objects reloaded before import = 0Number of asset objects unloaded after import = 3

========================================================================
Received Import Request.
  Time since last request: 0.000022 seconds.
  path: Assets/Space Exploration/Picto_Icons/Dark_Purple/settings-64.png
  artifactKey: Guid(af0c2c422e0128642a5b00463b57e743) Importer(2089858483,b0f066a214c2f5e87bad3c948f4d605d)
Start importing Assets/Space Exploration/Picto_Icons/Dark_Purple/settings-64.png using Guid(af0c2c422e0128642a5b00463b57e743) Importer(2089858483,b0f066a214c2f5e87bad3c948f4d605d) (ScriptedImporter) -> (artifact id: '3e18c175db6b8f06865ebcaec44adcb2') in 0.1155215 seconds
Number of updated asset objects reloaded before import = 0Number of asset objects unloaded after import = 3

========================================================================
Received Import Request.
  Time since last request: 0.000039 seconds.
  path: Assets/Space Exploration/Other_Images/Small/shooting-star-pink-short-small.png
  artifactKey: Guid(f2029ed756e128a428be6980c9436c2d) Importer(2089858483,b0f066a214c2f5e87bad3c948f4d605d)
Start importing Assets/Space Exploration/Other_Images/Small/shooting-star-pink-short-small.png using Guid(f2029ed756e128a428be6980c9436c2d) Importer(2089858483,b0f066a214c2f5e87bad3c948f4d605d) (ScriptedImporter) -> (artifact id: '94da05b24f5180879519d8ca492301da') in 0.0532949 seconds
Number of updated asset objects reloaded before import = 0Number of asset objects unloaded after import = 3

========================================================================
Received Import Request.
  Time since last request: 0.000036 seconds.
  path: Assets/Space Exploration/Picto_Icons/Dark_Purple/redo-128.png
  artifactKey: Guid(7e57911bf403f5244b7678d039c165fb) Importer(2089858483,b0f066a214c2f5e87bad3c948f4d605d)
Start importing Assets/Space Exploration/Picto_Icons/Dark_Purple/redo-128.png using Guid(7e57911bf403f5244b7678d039c165fb) Importer(2089858483,b0f066a214c2f5e87bad3c948f4d605d) (ScriptedImporter) -> (artifact id: 'cf10c2ff170ac5e615f47529023a12c0') in 0.1059292 seconds
Number of updated asset objects reloaded before import = 0Number of asset objects unloaded after import = 3

========================================================================
Received Import Request.
  Time since last request: 0.000038 seconds.
  path: Assets/Space Exploration/Picto_Icons/Dark_Purple/crescent-moon-32.png
  artifactKey: Guid(6f098f64cd7a52f4989410d817d2416b) Importer(2089858483,b0f066a214c2f5e87bad3c948f4d605d)
Start importing Assets/Space Exploration/Picto_Icons/Dark_Purple/crescent-moon-32.png using Guid(6f098f64cd7a52f4989410d817d2416b) Importer(2089858483,b0f066a214c2f5e87bad3c948f4d605d) (ScriptedImporter) -> (artifact id: '74ae9627184cb8be202c18fff58a8435') in 0.0817934 seconds
Number of updated asset objects reloaded before import = 0Number of asset objects unloaded after import = 3

========================================================================
Received Import Request.
  Time since last request: 0.000029 seconds.
  path: Assets/Space Exploration/Picto_Icons/Light_Purple/right-arrow-128.png
  artifactKey: Guid(7ca48e1d1cb1ae14e8ceb688992a4ff9) Importer(2089858483,b0f066a214c2f5e87bad3c948f4d605d)
Start importing Assets/Space Exploration/Picto_Icons/Light_Purple/right-arrow-128.png using Guid(7ca48e1d1cb1ae14e8ceb688992a4ff9) Importer(2089858483,b0f066a214c2f5e87bad3c948f4d605d) (ScriptedImporter) -> (artifact id: '0fc03dd6047598cb2f68ff4ea92dfc88') in 0.0494878 seconds
Number of updated asset objects reloaded before import = 0Number of asset objects unloaded after import = 3

========================================================================
Received Import Request.
  Time since last request: 0.000039 seconds.
  path: Assets/PlayFabEditorExtensions/Editor/Scripts
  artifactKey: Guid(8d80bca4081cfd248bd0e0fa9421ea4d) Importer(2089858483,b0f066a214c2f5e87bad3c948f4d605d)
Start importing Assets/PlayFabEditorExtensions/Editor/Scripts using Guid(8d80bca4081cfd248bd0e0fa9421ea4d) Importer(2089858483,b0f066a214c2f5e87bad3c948f4d605d) (ScriptedImporter) -> (artifact id: '2f4d78319315b565aea2469e378a56eb') in 0.0304603 seconds
Number of updated asset objects reloaded before import = 0Number of asset objects unloaded after import = 1

========================================================================
Received Import Request.
  Time since last request: 0.000110 seconds.
  path: Assets/Photon/PhotonUnityNetworking/Demos/DemoAsteroids/Textures/FlyerPlayershipEmission.tif
  artifactKey: Guid(88217866776ce4c49944ecb360a5c6ca) Importer(2089858483,b0f066a214c2f5e87bad3c948f4d605d)
Start importing Assets/Photon/PhotonUnityNetworking/Demos/DemoAsteroids/Textures/FlyerPlayershipEmission.tif using Guid(88217866776ce4c49944ecb360a5c6ca) Importer(2089858483,b0f066a214c2f5e87bad3c948f4d605d) (ScriptedImporter) -> (artifact id: 'c3d07c7480fa4acb75d79b3d145314ee') in 0.091439 seconds
Number of updated asset objects reloaded before import = 0Number of asset objects unloaded after import = 1

========================================================================
Received Import Request.
  Time since last request: 0.000044 seconds.
  path: Assets/Photon/PhotonRealtime/Code/Unity/Editor/Wizard/resources/icons_welcome/information.png
  artifactKey: Guid(fe64035b49c4e4a078ee42b857ae1519) Importer(2089858483,b0f066a214c2f5e87bad3c948f4d605d)
Start importing Assets/Photon/PhotonRealtime/Code/Unity/Editor/Wizard/resources/icons_welcome/information.png using Guid(fe64035b49c4e4a078ee42b857ae1519) Importer(2089858483,b0f066a214c2f5e87bad3c948f4d605d) (ScriptedImporter) -> (artifact id: '86b7def03eead8027838c05ab7e76b9b') in 0.046579 seconds
Number of updated asset objects reloaded before import = 0Number of asset objects unloaded after import = 1

========================================================================
Received Import Request.
  Time since last request: 0.000029 seconds.
  path: Assets/Space Exploration/Icons/potion-green-2-128.png
  artifactKey: Guid(160c65f141f659c4081471204644daaf) Importer(2089858483,b0f066a214c2f5e87bad3c948f4d605d)
Start importing Assets/Space Exploration/Icons/potion-green-2-128.png using Guid(160c65f141f659c4081471204644daaf) Importer(2089858483,b0f066a214c2f5e87bad3c948f4d605d) (ScriptedImporter) -> (artifact id: 'ed2ae220a089afe52e7c42dca5455c7d') in 0.0415077 seconds
Number of updated asset objects reloaded before import = 0Number of asset objects unloaded after import = 3

========================================================================
Received Import Request.
  Time since last request: 0.000037 seconds.
  path: Assets/Photon/PhotonUnityNetworking/Demos/Shared Assets/Scripts/ThirdPersonCharacter.cs
  artifactKey: Guid(d8bc6cf2d5b0fa7468adcfed2d0454aa) Importer(2089858483,b0f066a214c2f5e87bad3c948f4d605d)
Start importing Assets/Photon/PhotonUnityNetworking/Demos/Shared Assets/Scripts/ThirdPersonCharacter.cs using Guid(d8bc6cf2d5b0fa7468adcfed2d0454aa) Importer(2089858483,b0f066a214c2f5e87bad3c948f4d605d) (ScriptedImporter) -> (artifact id: '106a145f49b5c329f97e583c3f410722') in 0.047693 seconds
Number of updated asset objects reloaded before import = 0Number of asset objects unloaded after import = 0

========================================================================
Received Import Request.
  Time since last request: 0.000027 seconds.
  path: Assets/Scripts/System
  artifactKey: Guid(17ca2445a9458e04db6c9a64b97a29e2) Importer(2089858483,b0f066a214c2f5e87bad3c948f4d605d)
Start importing Assets/Scripts/System using Guid(17ca2445a9458e04db6c9a64b97a29e2) Importer(2089858483,b0f066a214c2f5e87bad3c948f4d605d) (ScriptedImporter) -> (artifact id: '25d53924f9bef71e4c33a17c489300f5') in 0.0243508 seconds
Number of updated asset objects reloaded before import = 0Number of asset objects unloaded after import = 1

========================================================================
Received Import Request.
  Time since last request: 0.000038 seconds.
  path: Assets/Space Exploration/Picto_Icons/Light_Purple/ranking-128.png
  artifactKey: Guid(99b18e2d6a555ab41a5563e98524e5a8) Importer(2089858483,b0f066a214c2f5e87bad3c948f4d605d)
Start importing Assets/Space Exploration/Picto_Icons/Light_Purple/ranking-128.png using Guid(99b18e2d6a555ab41a5563e98524e5a8) Importer(2089858483,b0f066a214c2f5e87bad3c948f4d605d) (ScriptedImporter) -> (artifact id: '64782115d99e9149bd8eb177434206e3') in 0.0525677 seconds
Number of updated asset objects reloaded before import = 0Number of asset objects unloaded after import = 3

========================================================================
Received Import Request.
  Time since last request: 0.000027 seconds.
  path: Assets/PlayFabSDK/Shared/Internal/ISerializer.cs
  artifactKey: Guid(1337f8c156b41834691b131f3b6774f9) Importer(2089858483,b0f066a214c2f5e87bad3c948f4d605d)
Start importing Assets/PlayFabSDK/Shared/Internal/ISerializer.cs using Guid(1337f8c156b41834691b131f3b6774f9) Importer(2089858483,b0f066a214c2f5e87bad3c948f4d605d) (ScriptedImporter) -> (artifact id: '9c6b3c3129a6aeca04f9459b4e22ebc2') in 0.1211362 seconds
Number of updated asset objects reloaded before import = 0Number of asset objects unloaded after import = 0

========================================================================
Received Import Request.
  Time since last request: 0.000042 seconds.
  path: Assets/Space Exploration/Settings_&_Menu_Components/Large/short-button-flat-purple-locked-large.png
  artifactKey: Guid(f353505c6ec9b3f4baac9019dfcc0471) Importer(2089858483,b0f066a214c2f5e87bad3c948f4d605d)
Start importing Assets/Space Exploration/Settings_&_Menu_Components/Large/short-button-flat-purple-locked-large.png using Guid(f353505c6ec9b3f4baac9019dfcc0471) Importer(2089858483,b0f066a214c2f5e87bad3c948f4d605d) (ScriptedImporter) -> (artifact id: '562b5ea28ddf2c403309c5bcd94a6614') in 0.0489985 seconds
Number of updated asset objects reloaded before import = 0Number of asset objects unloaded after import = 3

========================================================================
Received Import Request.
  Time since last request: 0.000528 seconds.
  path: Assets/Packages
  artifactKey: Guid(4e2211ea05d8fca46800ba5fd0ee63cb) Importer(2089858483,b0f066a214c2f5e87bad3c948f4d605d)
Start importing Assets/Packages using Guid(4e2211ea05d8fca46800ba5fd0ee63cb) Importer(2089858483,b0f066a214c2f5e87bad3c948f4d605d) (ScriptedImporter) -> (artifact id: '112f7a99b70df7b9bc32906f5633a189') in 0.0794554 seconds
Number of updated asset objects reloaded before import = 0Number of asset objects unloaded after import = 1

========================================================================
Received Import Request.
  Time since last request: 0.000039 seconds.
  path: Assets/PlayFabSDK/Client/PlayFabClientAPI.cs
  artifactKey: Guid(90390500e82fe784caf147e8a6dee649) Importer(2089858483,b0f066a214c2f5e87bad3c948f4d605d)
Start importing Assets/PlayFabSDK/Client/PlayFabClientAPI.cs using Guid(90390500e82fe784caf147e8a6dee649) Importer(2089858483,b0f066a214c2f5e87bad3c948f4d605d) (ScriptedImporter) -> (artifact id: 'fafa7959bdf9aba9de9cf83a935a1db9') in 0.0221652 seconds
Number of updated asset objects reloaded before import = 0Number of asset objects unloaded after import = 0

========================================================================
Received Import Request.
  Time since last request: 0.000024 seconds.
  path: Assets/Space Exploration/Picto_Icons/Dark_Purple/shrink-128.png
  artifactKey: Guid(7bd5541a37478f54dadc54ec060c5f49) Importer(2089858483,b0f066a214c2f5e87bad3c948f4d605d)
Start importing Assets/Space Exploration/Picto_Icons/Dark_Purple/shrink-128.png using Guid(7bd5541a37478f54dadc54ec060c5f49) Importer(2089858483,b0f066a214c2f5e87bad3c948f4d605d) (ScriptedImporter) -> (artifact id: '2390887bd74864bf1b3e6546297f67b6') in 0.0892474 seconds
Number of updated asset objects reloaded before import = 0Number of asset objects unloaded after import = 3

========================================================================
Received Import Request.
  Time since last request: 0.000028 seconds.
  path: Assets/Space Exploration/Picto_Icons/Dark_Purple/redo-256.png
  artifactKey: Guid(5fb421eb8e6e5824e92c027165d90e87) Importer(2089858483,b0f066a214c2f5e87bad3c948f4d605d)
Start importing Assets/Space Exploration/Picto_Icons/Dark_Purple/redo-256.png using Guid(5fb421eb8e6e5824e92c027165d90e87) Importer(2089858483,b0f066a214c2f5e87bad3c948f4d605d) (ScriptedImporter) -> (artifact id: '753a94f42b31830d71466dbc258d95bc') in 0.0637678 seconds
Number of updated asset objects reloaded before import = 0Number of asset objects unloaded after import = 3

========================================================================
Received Import Request.
  Time since last request: 0.000052 seconds.
  path: Assets/Space Exploration/Picto_Icons/White/send-64.png
  artifactKey: Guid(24d33940bc10d9041a354752f452b36c) Importer(2089858483,b0f066a214c2f5e87bad3c948f4d605d)
Start importing Assets/Space Exploration/Picto_Icons/White/send-64.png using Guid(24d33940bc10d9041a354752f452b36c) Importer(2089858483,b0f066a214c2f5e87bad3c948f4d605d) (ScriptedImporter) -> (artifact id: '30ad16687498d2bd3d0205124b86ad95') in 0.0360883 seconds
Number of updated asset objects reloaded before import = 0Number of asset objects unloaded after import = 3

========================================================================
Received Import Request.
  Time since last request: 0.000030 seconds.
  path: Assets/Prefabs
  artifactKey: Guid(6e51fd9363e2250459b0ecd57ee0ef7c) Importer(2089858483,b0f066a214c2f5e87bad3c948f4d605d)
Start importing Assets/Prefabs using Guid(6e51fd9363e2250459b0ecd57ee0ef7c) Importer(2089858483,b0f066a214c2f5e87bad3c948f4d605d) (ScriptedImporter) -> (artifact id: '20307df7dc0512df6de98d48539f2c09') in 0.0231442 seconds
Number of updated asset objects reloaded before import = 0Number of asset objects unloaded after import = 1

========================================================================
Received Import Request.
  Time since last request: 0.000033 seconds.
  path: Assets/Space Exploration/Picto_Icons/Light_Purple/power-128.png
  artifactKey: Guid(591ee3afa303c8c42837ec735cabe1ec) Importer(2089858483,b0f066a214c2f5e87bad3c948f4d605d)
Start importing Assets/Space Exploration/Picto_Icons/Light_Purple/power-128.png using Guid(591ee3afa303c8c42837ec735cabe1ec) Importer(2089858483,b0f066a214c2f5e87bad3c948f4d605d) (ScriptedImporter) -> (artifact id: 'f33925f24f20525af6a3b06375d7afd1') in 0.1365067 seconds
Number of updated asset objects reloaded before import = 0Number of asset objects unloaded after import = 3

========================================================================
Received Import Request.
  Time since last request: 0.000027 seconds.
  path: Assets/Photon/PhotonUnityNetworking/UtilityScripts/Room
  artifactKey: Guid(7e3b3d6025e4b41fca914dca9dcc718d) Importer(2089858483,b0f066a214c2f5e87bad3c948f4d605d)
Start importing Assets/Photon/PhotonUnityNetworking/UtilityScripts/Room using Guid(7e3b3d6025e4b41fca914dca9dcc718d) Importer(2089858483,b0f066a214c2f5e87bad3c948f4d605d) (ScriptedImporter) -> (artifact id: '4025fc439e2c9604f8015eb224bf9f35') in 0.0792287 seconds
Number of updated asset objects reloaded before import = 0Number of asset objects unloaded after import = 1

========================================================================
Received Import Request.
  Time since last request: 0.000038 seconds.
  path: Assets/PlayFabSDK/Shared/Editor/PlayFabSdkEditor.asmdef
  artifactKey: Guid(8aa8a8085039f0e4ba1c8d6480d45262) Importer(2089858483,b0f066a214c2f5e87bad3c948f4d605d)
Start importing Assets/PlayFabSDK/Shared/Editor/PlayFabSdkEditor.asmdef using Guid(8aa8a8085039f0e4ba1c8d6480d45262) Importer(2089858483,b0f066a214c2f5e87bad3c948f4d605d) (ScriptedImporter) -> (artifact id: '5c10bbab9a8413694b0e0e372e21a08e') in 0.0272828 seconds
Number of updated asset objects reloaded before import = 0Number of asset objects unloaded after import = 1

========================================================================
Received Import Request.
  Time since last request: 0.000025 seconds.
  path: Assets/Photon/PhotonUnityNetworking/Icons
  artifactKey: Guid(ebc245e9a162d7749b96acd14e6d473e) Importer(2089858483,b0f066a214c2f5e87bad3c948f4d605d)
Start importing Assets/Photon/PhotonUnityNetworking/Icons using Guid(ebc245e9a162d7749b96acd14e6d473e) Importer(2089858483,b0f066a214c2f5e87bad3c948f4d605d) (ScriptedImporter) -> (artifact id: 'b3ad039e84e0b896856a23fb2e48fbed') in 0.0228155 seconds
Number of updated asset objects reloaded before import = 0Number of asset objects unloaded after import = 1

========================================================================
Received Import Request.
  Time since last request: 0.000163 seconds.
  path: Assets/Space Exploration/Button_Images/Source_Image_Sprites/extra large/large-blue-extra-large.png
  artifactKey: Guid(2d376ac146b2bbc41bdf3db213d788f7) Importer(2089858483,b0f066a214c2f5e87bad3c948f4d605d)
Start importing Assets/Space Exploration/Button_Images/Source_Image_Sprites/extra large/large-blue-extra-large.png using Guid(2d376ac146b2bbc41bdf3db213d788f7) Importer(2089858483,b0f066a214c2f5e87bad3c948f4d605d) (ScriptedImporter) -> (artifact id: '70f105f6cb62b0ecbf1ceb252d14524a') in 0.0420513 seconds
Number of updated asset objects reloaded before import = 0Number of asset objects unloaded after import = 3

========================================================================
Received Import Request.
  Time since last request: 0.000036 seconds.
  path: Assets/Space Exploration/Containers/Extra Large/loot-container-extra-large.png
  artifactKey: Guid(91f2ec1f950426a4e96c3d11138ca935) Importer(2089858483,b0f066a214c2f5e87bad3c948f4d605d)
Start importing Assets/Space Exploration/Containers/Extra Large/loot-container-extra-large.png using Guid(91f2ec1f950426a4e96c3d11138ca935) Importer(2089858483,b0f066a214c2f5e87bad3c948f4d605d) (ScriptedImporter) -> (artifact id: '20ccf70469f77b15fc89195809a39d4b') in 0.0725108 seconds
Number of updated asset objects reloaded before import = 0Number of asset objects unloaded after import = 3

========================================================================
Received Import Request.
  Time since last request: 0.000027 seconds.
  path: Assets/Photon/PhotonUnityNetworking/Demos/DemoSlotRacer/Kenney Assets/Racing Kit/Models/Materials/white.mat
  artifactKey: Guid(db16216c3f288ea4eb77dfefecada55a) Importer(2089858483,b0f066a214c2f5e87bad3c948f4d605d)
Start importing Assets/Photon/PhotonUnityNetworking/Demos/DemoSlotRacer/Kenney Assets/Racing Kit/Models/Materials/white.mat using Guid(db16216c3f288ea4eb77dfefecada55a) Importer(2089858483,b0f066a214c2f5e87bad3c948f4d605d) (ScriptedImporter) -> (artifact id: 'c8bd34041c19b7cbb1f1abcc5a0a7bf0') in 0.0434707 seconds
Number of updated asset objects reloaded before import = 0Number of asset objects unloaded after import = 1

========================================================================
Received Import Request.
  Time since last request: 0.000050 seconds.
  path: Assets/Photon/PhotonUnityNetworking/Demos/Shared Assets/Skin/3dText.shader
  artifactKey: Guid(953d6c4c7f7ec324d860efb0db9c68ff) Importer(2089858483,b0f066a214c2f5e87bad3c948f4d605d)
Start importing Assets/Photon/PhotonUnityNetworking/Demos/Shared Assets/Skin/3dText.shader using Guid(953d6c4c7f7ec324d860efb0db9c68ff) Importer(2089858483,b0f066a214c2f5e87bad3c948f4d605d) (ScriptedImporter) -> (artifact id: 'fdc7f87a702966a17266958c8642e19b') in 0.0307053 seconds
Number of updated asset objects reloaded before import = 0Number of asset objects unloaded after import = 1

========================================================================
Received Import Request.
  Time since last request: 0.000029 seconds.
  path: Assets/Photon/PhotonUnityNetworking/Demos/PunCockpit/Scripts/Controllers/PlayerDetailsController.cs
  artifactKey: Guid(a9eaa48793ddf4344b22871af0652c69) Importer(2089858483,b0f066a214c2f5e87bad3c948f4d605d)
Start importing Assets/Photon/PhotonUnityNetworking/Demos/PunCockpit/Scripts/Controllers/PlayerDetailsController.cs using Guid(a9eaa48793ddf4344b22871af0652c69) Importer(2089858483,b0f066a214c2f5e87bad3c948f4d605d) (ScriptedImporter) -> (artifact id: '8edad3d1d0448de39129fcf73354cc33') in 0.0306597 seconds
Number of updated asset objects reloaded before import = 0Number of asset objects unloaded after import = 0

Editor requested this worker to shutdown with reason: Scaling down because of idle timeout
AssetImportWorker is now disconnected from the server
Process exiting
Exiting without the bug reporter. Application will terminate with return code 0