[Licensing::Module] Trying to connect to existing licensing client channel...
[Licensing::IpcConnector] Successfully connected to: "LicenseClient-nwond" at "2026-07-28T03:48:31.9046836Z"
Built from '6000.3/staging' branch; Version is '6000.3.15f1 (c1aa84e375f6) revision 12692100'; Using compiler version '194234433'; Build Type 'Release'
OS: 'Windows 11  (10.0.26200) Core' Language: 'ko' Physical Memory: 16317 MB
BatchMode: 1, IsHumanControllingUs: 0, StartBugReporterOnCrash: 0, Is64bit: 1
System  architecture: x64
Process architecture: x64
Date: 2026-07-28T03:48:31Z

COMMAND LINE ARGUMENTS:
C:\Program Files\Unity\Hub\Editor\6000.3.15f1\Editor\Unity.exe
-adb2
-batchMode
-noUpm
-name
AssetImportWorker4
-projectPath
C:/Users/nwond/OneDrive/바탕 화면/Pocket-Racer/Program
-logFile
Logs/AssetImportWorker4.log
-srvPort
61214
-licensingIpc
LicenseClient-nwond
-job-worker-count
5
-background-job-worker-count
8
-gc-helper-count
1
-name
AssetImport
Successfully changed project path to: C:/Users/nwond/OneDrive/바탕 화면/Pocket-Racer/Program
C:/Users/nwond/OneDrive/바탕 화면/Pocket-Racer/Program
[UnityMemory] Configuration Parameters - Can be set up in boot.config
    "memorysetup-temp-allocator-size-nav-mesh-worker=65536"
    "memorysetup-temp-allocator-size-audio-worker=65536"
    "memorysetup-temp-allocator-size-gfx=262144"
    "memorysetup-allocator-temp-initial-block-size-main=262144"
    "memorysetup-allocator-temp-initial-block-size-worker=262144"
    "memorysetup-temp-allocator-size-background-worker=32768"
    "memorysetup-temp-allocator-size-job-worker=262144"
    "memorysetup-temp-allocator-size-preload-manager=33554432"
    "memorysetup-temp-allocator-size-gi-baking-worker=262144"
    "memorysetup-temp-allocator-size-gi-baking-worker=262144"
    "memorysetup-temp-allocator-size-gi-baking-worker=262144"
    "memorysetup-temp-allocator-size-gi-baking-worker=262144"
    "memorysetup-temp-allocator-size-gi-baking-worker=262144"
    "memorysetup-bucket-allocator-granularity=16"
    "memorysetup-bucket-allocator-bucket-count=8"
    "memorysetup-bucket-allocator-block-size=33554432"
    "memorysetup-bucket-allocator-block-count=8"
    "memorysetup-main-allocator-block-size=16777216"
    "memorysetup-thread-allocator-block-size=16777216"
    "memorysetup-gfx-main-allocator-block-size=16777216"
    "memorysetup-gfx-thread-allocator-block-size=16777216"
    "memorysetup-cache-allocator-block-size=4194304"
    "memorysetup-typetree-allocator-block-size=2097152"
    "memorysetup-profiler-bucket-allocator-granularity=16"
    "memorysetup-profiler-bucket-allocator-bucket-count=8"
    "memorysetup-profiler-bucket-allocator-block-size=33554432"
    "memorysetup-profiler-bucket-allocator-block-count=8"
    "memorysetup-profiler-allocator-block-size=16777216"
    "memorysetup-profiler-editor-allocator-block-size=1048576"
    "memorysetup-temp-allocator-size-main=16777216"
    "memorysetup-job-temp-allocator-block-size=2097152"
    "memorysetup-job-temp-allocator-block-size-background=1048576"
    "memorysetup-job-temp-allocator-reduction-small-platforms=262144"
    "memorysetup-temp-allocator-size-cloud-worker=32768"
Player connection [21064]  Target information:

Player connection [21064]  * "[IP] 192.168.219.104 [Port] 0 [Flags] 2 [Guid] 636092891 [EditorId] 636092891 [Version] 1048832 [Id] WindowsEditor(7,Dinosaur) [Debug] 1 [PackageName] WindowsEditor [ProjectName] Editor" 

Player connection [21064] Host joined multi-casting on [225.0.0.222:54997]...
Player connection [21064] Host joined alternative multi-casting on [225.0.0.222:34997]...
JobSystem: Creating JobQueue using job-worker-count value 5
Input System module state changed to: Initialized.
[Physics::Module] Initialized fallback backend.
[Physics::Module] Id: 0xdecafbad
Library Redirect Path: Library/
[Physics::Module] Selected backend.
[Physics::Module] Name: PhysX
[Physics::Module] Id: 0xf2b8ea05
[Physics::Module] SDK Version: 4.1.2
[Physics::Module] Integration Version: 1.0.0
[Physics::Module] Threading Mode: Multi-Threaded
Refreshing native plugins compatible for Editor in 11.44 ms, found 4 plugins.
Preloading 0 native plugins for Editor in 0.00 ms.
Initialize engine version: 6000.3.15f1 (c1aa84e375f6)
[Subsystems] Discovering subsystems at path C:/Program Files/Unity/Hub/Editor/6000.3.15f1/Editor/Data/Resources/UnitySubsystems
[Subsystems] Discovering subsystems at path C:/Users/nwond/OneDrive/바탕 화면/Pocket-Racer/Program/Assets
GfxDevice: creating device client; kGfxThreadingModeNonThreaded
Direct3D:
    Version:  Direct3D 11.0 [level 11.1]
    Renderer: NVIDIA GeForce RTX 3060 (ID=0x2544)
    Vendor:   NVIDIA
    VRAM:     8036 MB
    Driver:   32.0.16.1074
Initialize mono
Mono path[0] = 'C:/Program Files/Unity/Hub/Editor/6000.3.15f1/Editor/Data/Managed'
Mono path[1] = 'C:/Program Files/Unity/Hub/Editor/6000.3.15f1/Editor/Data/MonoBleedingEdge/lib/mono/unityjit-win32'
Mono config path = 'C:/Program Files/Unity/Hub/Editor/6000.3.15f1/Editor/Data/MonoBleedingEdge/etc'
Using monoOptions --debugger-agent=transport=dt_socket,embedding=1,server=y,suspend=n,address=127.0.0.1:56080
Begin MonoManager ReloadAssembly
[Licensing::Client] Error: HandshakeResponse reported an error:
	ResponseCode: 505
	ResponseStatus: Unsupported protocol version '1.18.1'.
[Licensing::Module] Error: Failed to handshake to channel: "LicenseClient-nwond"
[Licensing::IpcConnector] LicenseClient-nwond channel disconnected successfully.
[Licensing::IpcConnector] Successfully connected to: "LicenseClient-nwond-6000.3.15" at "2026-07-28T03:48:36.3927418Z"
[Licensing::Client] Code 10 while verifying Licensing Client signature (process Id: 25596, path: "C:/Program Files/Unity/Hub/Editor/6000.3.15f1/Editor/Data/Resources/Licensing/Client/Unity.Licensing.Client.exe")
[Licensing::Module] LicensingClient has failed validation; ignoring
[Licensing::Client] Handshaking with LicensingClient:
  Version:                 1.18.1+9fbee8e
  Session Id:              200e9fa5c98b487f8c3a3d4beba411ea
  Correlation Id:          068ee9ad5a76ca94e523770b0f848c72
  External correlation Id: 3284083869811335980
  Machine Id:              vzHBHqQzprq0ab1zjqc1s15jH+s=
[Licensing::Module] Successfully connected to LicensingClient on channel: "LicenseClient-nwond-6000.3.15" (connect: 0.00s, validation: 0.00s, handshake: 0.02s)
[Licensing::IpcConnector] Successfully connected to: "LicenseClient-nwond-6000.3.15-notifications" at "2026-07-28T03:48:36.4114646Z"
[Licensing::Module] Licensing Background thread has ended after 4.51s
Registering precompiled unity dll's ...
Register platform support module: C:/Program Files/Unity/Hub/Editor/6000.3.15f1/Editor/Data/PlaybackEngines/WindowsStandaloneSupport/UnityEditor.WindowsStandalone.Extensions.dll
Registered in 0.403919 seconds.
- Loaded All Assemblies, in 12.544 seconds
Native extension for WindowsStandalone target not found
Package Manager log level set to [2]
[Package Manager] Failed to launch server process. Reason: Unity was launched with the -noUpm command-line argument
[Package Manager] Unable to send message (not connected to server process).
[Package Manager] Cannot connect to Unity Package Manager local server
ScheduleIndexationOnStartup MainProcess:False IndexOnStartup:True
Mono: successfully reloaded assembly
- Finished resetting the current domain, in  0.793 seconds
Domain Reload Profiling: 13320ms
	BeginReloadAssembly (11428ms)
		ExecutionOrderSort (0ms)
		DisableScriptedObjects (0ms)
		BackupInstance (0ms)
		ReleaseScriptingObjects (0ms)
		CreateAndSetChildDomain (1ms)
	RebuildCommonClasses (80ms)
	RebuildNativeTypeToScriptingClass (26ms)
	initialDomainReloadingComplete (519ms)
	LoadAllAssembliesAndSetupDomain (473ms)
		LoadAssemblies (11397ms)
		RebuildTransferFunctionScriptingTraits (0ms)
		AnalyzeDomain (466ms)
			TypeCache.Refresh (463ms)
				TypeCache.ScanAssembly (433ms)
			BuildScriptInfoCaches (0ms)
			ResolveRequiredComponents (1ms)
	FinalizeReload (794ms)
		ReleaseScriptCaches (0ms)
		RebuildScriptCaches (0ms)
		SetupLoadedEditorAssemblies (721ms)
			LogAssemblyErrors (0ms)
			InitializePlatformSupportModulesInManaged (87ms)
			SetLoadedEditorAssemblies (6ms)
			BeforeProcessingInitializeOnLoad (160ms)
			ProcessInitializeOnLoadAttributes (285ms)
			ProcessInitializeOnLoadMethodAttributes (182ms)
			AfterProcessingInitializeOnLoad (0ms)
			EditorAssembliesLoaded (0ms)
		ExecutionOrderSort2 (0ms)
		AwakeInstancesAfterBackupRestoration (0ms)
========================================================================
Worker process is ready to serve import requests
Import Worker Mode flag is 0x00
Begin MonoManager ReloadAssembly
[Licensing::Client] Successfully resolved entitlement details
[Licensing::Module] License group:
  Id: 14569174559127-UnityPersXXXX
  Product: Unity Personal
  Type: Assigned
  Expiration: Unlimited
- Loaded All Assemblies, in 21.858 seconds
Refreshing native plugins compatible for Editor in 9.45 ms, found 4 plugins.
Native extension for WindowsStandalone target not found
[Package Manager] Failed to launch server process. Reason: Unity was launched with the -noUpm command-line argument
[Package Manager] Unable to send message (not connected to server process).
[Package Manager] Cannot connect to Unity Package Manager local server
Refreshing native plugins compatible for Editor in 13.27 ms, found 4 plugins.
[Package Manager] Failed to launch server process. Reason: Unity was launched with the -noUpm command-line argument
[Package Manager] Unable to send message (not connected to server process).
[Package Manager] Cannot connect to Unity Package Manager local server
ScheduleIndexationOnStartup MainProcess:False IndexOnStartup:True
Mono: successfully reloaded assembly
- Finished resetting the current domain, in  3.118 seconds
Domain Reload Profiling: 24791ms
	BeginReloadAssembly (2880ms)
		ExecutionOrderSort (0ms)
		DisableScriptedObjects (9ms)
		BackupInstance (0ms)
		ReleaseScriptingObjects (0ms)
		CreateAndSetChildDomain (63ms)
	RebuildCommonClasses (461ms)
	RebuildNativeTypeToScriptingClass (30ms)
	initialDomainReloadingComplete (713ms)
	LoadAllAssembliesAndSetupDomain (17589ms)
		LoadAssemblies (19440ms)
		RebuildTransferFunctionScriptingTraits (0ms)
		AnalyzeDomain (831ms)
			TypeCache.Refresh (583ms)
				TypeCache.ScanAssembly (513ms)
			BuildScriptInfoCaches (207ms)
			ResolveRequiredComponents (27ms)
	FinalizeReload (3119ms)
		ReleaseScriptCaches (0ms)
		RebuildScriptCaches (0ms)
		SetupLoadedEditorAssemblies (2573ms)
			LogAssemblyErrors (0ms)
			InitializePlatformSupportModulesInManaged (4ms)
			SetLoadedEditorAssemblies (8ms)
			BeforeProcessingInitializeOnLoad (391ms)
			ProcessInitializeOnLoadAttributes (1978ms)
			ProcessInitializeOnLoadMethodAttributes (166ms)
			AfterProcessingInitializeOnLoad (26ms)
			EditorAssembliesLoaded (0ms)
		ExecutionOrderSort2 (0ms)
		AwakeInstancesAfterBackupRestoration (29ms)
Launched and connected shader compiler UnityShaderCompiler.exe after 0.04 seconds
Refreshing native plugins compatible for Editor in 15.81 ms, found 4 plugins.
Preloading 0 native plugins for Editor in 0.00 ms.
Unloading 16 Unused Serialized files (Serialized files now loaded: 0)
Unloading 6805 unused Assets / (2.0 MB). Loaded Objects now: 7607.
Memory consumption went from 158.7 MB to 156.8 MB.
Total: 24.290600 ms (FindLiveObjects: 1.938500 ms CreateObjectMapping: 1.665200 ms MarkObjects: 16.557500 ms  DeleteObjects: 4.125700 ms)

========================================================================
Received Import Request.
  Time since last request: 757849.534112 seconds.
  path: Assets/Space Exploration/Picto_Icons/White/location-128.png
  artifactKey: Guid(a576228000f75b14f957968378385dfa) Importer(2089858483,b0f066a214c2f5e87bad3c948f4d605d)
Start importing Assets/Space Exploration/Picto_Icons/White/location-128.png using Guid(a576228000f75b14f957968378385dfa) Importer(2089858483,b0f066a214c2f5e87bad3c948f4d605d) (ScriptedImporter) -> (artifact id: '1e6289ff1f6c91334decd07d0feeb4e1') in 0.4727318 seconds
Number of updated asset objects reloaded before import = 0Number of asset objects unloaded after import = 3

========================================================================
Received Import Request.
  Time since last request: 0.000036 seconds.
  path: Assets/Space Exploration/Prefabs
  artifactKey: Guid(873d6fcbca4e66946b03be9ed196366e) Importer(2089858483,b0f066a214c2f5e87bad3c948f4d605d)
Start importing Assets/Space Exploration/Prefabs using Guid(873d6fcbca4e66946b03be9ed196366e) Importer(2089858483,b0f066a214c2f5e87bad3c948f4d605d) (ScriptedImporter) -> (artifact id: '3ea22e198b622019581ee114189a13ac') in 0.0244357 seconds
Number of updated asset objects reloaded before import = 0Number of asset objects unloaded after import = 1

========================================================================
Received Import Request.
  Time since last request: 0.000050 seconds.
  path: Assets/PlayFabSDK/Shared/Internal/wsaReflectionExtensions.cs
  artifactKey: Guid(1b20d57e2279b3a408268b20c2be2208) Importer(2089858483,b0f066a214c2f5e87bad3c948f4d605d)
Start importing Assets/PlayFabSDK/Shared/Internal/wsaReflectionExtensions.cs using Guid(1b20d57e2279b3a408268b20c2be2208) Importer(2089858483,b0f066a214c2f5e87bad3c948f4d605d) (ScriptedImporter) -> (artifact id: 'bff63e7586d5c45f1e048364b8424679') in 0.041699 seconds
Number of updated asset objects reloaded before import = 0Number of asset objects unloaded after import = 0

========================================================================
Received Import Request.
  Time since last request: 0.000030 seconds.
  path: Assets/Space Exploration/Picto_Icons/Dark_Purple/download-32.png
  artifactKey: Guid(c050e5993a6685a4f8510bda23f3a1f8) Importer(2089858483,b0f066a214c2f5e87bad3c948f4d605d)
Start importing Assets/Space Exploration/Picto_Icons/Dark_Purple/download-32.png using Guid(c050e5993a6685a4f8510bda23f3a1f8) Importer(2089858483,b0f066a214c2f5e87bad3c948f4d605d) (ScriptedImporter) -> (artifact id: '90328519e6ec6f74325df18f239cfa82') in 0.045799 seconds
Number of updated asset objects reloaded before import = 0Number of asset objects unloaded after import = 3

========================================================================
Received Import Request.
  Time since last request: 0.000046 seconds.
  path: Assets/Space Exploration/Picto_Icons/Light_Purple/try-again-64.png
  artifactKey: Guid(09b8b5820cdad1f4693f5610ce79f401) Importer(2089858483,b0f066a214c2f5e87bad3c948f4d605d)
Start importing Assets/Space Exploration/Picto_Icons/Light_Purple/try-again-64.png using Guid(09b8b5820cdad1f4693f5610ce79f401) Importer(2089858483,b0f066a214c2f5e87bad3c948f4d605d) (ScriptedImporter) -> (artifact id: 'a55f2cdf65f103ea54a6a23e648d47da') in 0.0437353 seconds
Number of updated asset objects reloaded before import = 0Number of asset objects unloaded after import = 3

========================================================================
Received Import Request.
  Time since last request: 0.000028 seconds.
  path: Assets/InputSystem_Actions.inputactions
  artifactKey: Guid(052faaac586de48259a63d0c4782560b) Importer(815301076,1909f56bfc062723c751e8b465ee728b)
Start importing Assets/InputSystem_Actions.inputactions using Guid(052faaac586de48259a63d0c4782560b) Importer(815301076,1909f56bfc062723c751e8b465ee728b) (PreviewImporter) -> (artifact id: '7dc86266732579bb53e0e2185817a08e') in 0.053456 seconds
Number of updated asset objects reloaded before import = 0Number of asset objects unloaded after import = 20

========================================================================
Received Import Request.
  Time since last request: 0.000042 seconds.
  path: Assets/Scripts/System/Rotation.cs
  artifactKey: Guid(9b3dfc08de160384fb842f8079c7a63e) Importer(2089858483,b0f066a214c2f5e87bad3c948f4d605d)
Start importing Assets/Scripts/System/Rotation.cs using Guid(9b3dfc08de160384fb842f8079c7a63e) Importer(2089858483,b0f066a214c2f5e87bad3c948f4d605d) (ScriptedImporter) -> (artifact id: '7d0a8a18bd9ee46b844213b75cd822cf') in 0.0248482 seconds
Number of updated asset objects reloaded before import = 0Number of asset objects unloaded after import = 0

========================================================================
Received Import Request.
  Time since last request: 0.000040 seconds.
  path: Assets/Space Exploration/Fonts/Font Sources/static/Asap_SemiCondensed-ThinItalic.ttf
  artifactKey: Guid(306eb113fb8ebfb45a5545cab933846d) Importer(2089858483,b0f066a214c2f5e87bad3c948f4d605d)
Start importing Assets/Space Exploration/Fonts/Font Sources/static/Asap_SemiCondensed-ThinItalic.ttf using Guid(306eb113fb8ebfb45a5545cab933846d) Importer(2089858483,b0f066a214c2f5e87bad3c948f4d605d) (ScriptedImporter) -> (artifact id: '0333576f635c3fe562c3b6e6fc942dee') in 0.0521883 seconds
Number of updated asset objects reloaded before import = 0Number of asset objects unloaded after import = 3

========================================================================
Received Import Request.
  Time since last request: 0.000039 seconds.
  path: Assets/Space Exploration/Picto_Icons/Light_Purple/ufo-64.png
  artifactKey: Guid(0997b149d5c420545a56bf5402e5841c) Importer(2089858483,b0f066a214c2f5e87bad3c948f4d605d)
Start importing Assets/Space Exploration/Picto_Icons/Light_Purple/ufo-64.png using Guid(0997b149d5c420545a56bf5402e5841c) Importer(2089858483,b0f066a214c2f5e87bad3c948f4d605d) (ScriptedImporter) -> (artifact id: '874d78148b0fa2e5b7b95531b32ca28b') in 0.0429767 seconds
Number of updated asset objects reloaded before import = 0Number of asset objects unloaded after import = 3

========================================================================
Received Import Request.
  Time since last request: 0.000073 seconds.
  path: Assets/Scripts/Managers/MasterManager.cs
  artifactKey: Guid(9fa17360d38ea8d4e85721835826e1c8) Importer(2089858483,b0f066a214c2f5e87bad3c948f4d605d)
Start importing Assets/Scripts/Managers/MasterManager.cs using Guid(9fa17360d38ea8d4e85721835826e1c8) Importer(2089858483,b0f066a214c2f5e87bad3c948f4d605d) (ScriptedImporter) -> (artifact id: 'e7d844c193048b939f819631129e83dc') in 0.0261793 seconds
Number of updated asset objects reloaded before import = 0Number of asset objects unloaded after import = 0

========================================================================
Received Import Request.
  Time since last request: 0.000025 seconds.
  path: Assets/Space Exploration/Picto_Icons/White/crescent-moon-128.png
  artifactKey: Guid(c0dcec261748f2247978668597ed46bc) Importer(2089858483,b0f066a214c2f5e87bad3c948f4d605d)
Start importing Assets/Space Exploration/Picto_Icons/White/crescent-moon-128.png using Guid(c0dcec261748f2247978668597ed46bc) Importer(2089858483,b0f066a214c2f5e87bad3c948f4d605d) (ScriptedImporter) -> (artifact id: '08d07228557736306fa26edb5be61e1f') in 0.0421032 seconds
Number of updated asset objects reloaded before import = 0Number of asset objects unloaded after import = 3

========================================================================
Received Import Request.
  Time since last request: 0.000051 seconds.
  path: Assets/Space Exploration/Settings_&_Menu_Components/Small/scroll-bar-small.png
  artifactKey: Guid(2c25dbf662fa8c242b21448a7694e815) Importer(2089858483,b0f066a214c2f5e87bad3c948f4d605d)
Start importing Assets/Space Exploration/Settings_&_Menu_Components/Small/scroll-bar-small.png using Guid(2c25dbf662fa8c242b21448a7694e815) Importer(2089858483,b0f066a214c2f5e87bad3c948f4d605d) (ScriptedImporter) -> (artifact id: '486c9260d9b6bf9708fc4354116766e6') in 0.0444534 seconds
Number of updated asset objects reloaded before import = 0Number of asset objects unloaded after import = 3

========================================================================
Received Import Request.
  Time since last request: 0.000034 seconds.
  path: Assets/Photon/PhotonChat/Demos/Demo Chat/Resources/OutlinedSquaredBox.png
  artifactKey: Guid(32d648ef894184c88902b4e50fcba2c1) Importer(2089858483,b0f066a214c2f5e87bad3c948f4d605d)
Start importing Assets/Photon/PhotonChat/Demos/Demo Chat/Resources/OutlinedSquaredBox.png using Guid(32d648ef894184c88902b4e50fcba2c1) Importer(2089858483,b0f066a214c2f5e87bad3c948f4d605d) (ScriptedImporter) -> (artifact id: '74e010efc9b8245118b6b2f16a60bf5c') in 0.0463449 seconds
Number of updated asset objects reloaded before import = 0Number of asset objects unloaded after import = 3

========================================================================
Received Import Request.
  Time since last request: 0.000109 seconds.
  path: Assets/Photon/PhotonUnityNetworking/Code/Editor/ReordableList/LICENSE.txt
  artifactKey: Guid(c2fbd2e43c3dfae4d9830e9921238cf5) Importer(2089858483,b0f066a214c2f5e87bad3c948f4d605d)
Start importing Assets/Photon/PhotonUnityNetworking/Code/Editor/ReordableList/LICENSE.txt using Guid(c2fbd2e43c3dfae4d9830e9921238cf5) Importer(2089858483,b0f066a214c2f5e87bad3c948f4d605d) (ScriptedImporter) -> (artifact id: '94a096efc5072a61b94594b3e6c99732') in 0.0380179 seconds
Number of updated asset objects reloaded before import = 0Number of asset objects unloaded after import = 1

========================================================================
Received Import Request.
  Time since last request: 0.000030 seconds.
  path: Assets/Photon/PhotonUnityNetworking/Demos/PunCockpit/Scripts/ReadOnlyProperties/CloudRegionProperty.cs
  artifactKey: Guid(e873bef6b926e45989cc835cb13ef3c2) Importer(2089858483,b0f066a214c2f5e87bad3c948f4d605d)
Start importing Assets/Photon/PhotonUnityNetworking/Demos/PunCockpit/Scripts/ReadOnlyProperties/CloudRegionProperty.cs using Guid(e873bef6b926e45989cc835cb13ef3c2) Importer(2089858483,b0f066a214c2f5e87bad3c948f4d605d) (ScriptedImporter) -> (artifact id: '9138aa8e7cd0c350154deaadf785a37d') in 0.022261 seconds
Number of updated asset objects reloaded before import = 0Number of asset objects unloaded after import = 0

========================================================================
Received Import Request.
  Time since last request: 0.000042 seconds.
  path: Assets/Space Exploration/Picto_Icons/White/no-wifi-256.png
  artifactKey: Guid(6612f89bb9ac3e142b015124a50509d9) Importer(2089858483,b0f066a214c2f5e87bad3c948f4d605d)
Start importing Assets/Space Exploration/Picto_Icons/White/no-wifi-256.png using Guid(6612f89bb9ac3e142b015124a50509d9) Importer(2089858483,b0f066a214c2f5e87bad3c948f4d605d) (ScriptedImporter) -> (artifact id: '2ba8ccefe95914ed1344f57323bfca9c') in 0.0385958 seconds
Number of updated asset objects reloaded before import = 0Number of asset objects unloaded after import = 3

========================================================================
Received Import Request.
  Time since last request: 0.000027 seconds.
  path: Assets/PlayFabSDK/Shared/Internal/PlayFabErrors.cs
  artifactKey: Guid(ed146f2193bb8ef49ad1200eefdab503) Importer(2089858483,b0f066a214c2f5e87bad3c948f4d605d)
Start importing Assets/PlayFabSDK/Shared/Internal/PlayFabErrors.cs using Guid(ed146f2193bb8ef49ad1200eefdab503) Importer(2089858483,b0f066a214c2f5e87bad3c948f4d605d) (ScriptedImporter) -> (artifact id: '2f1c9379fba2038ac77a871f387808d7') in 0.0174641 seconds
Number of updated asset objects reloaded before import = 0Number of asset objects unloaded after import = 0

========================================================================
Received Import Request.
  Time since last request: 0.000049 seconds.
  path: Assets/Space Exploration/Icons/potion-green-1-64.png
  artifactKey: Guid(6eb284054d50a7546948c9f893366c95) Importer(2089858483,b0f066a214c2f5e87bad3c948f4d605d)
Start importing Assets/Space Exploration/Icons/potion-green-1-64.png using Guid(6eb284054d50a7546948c9f893366c95) Importer(2089858483,b0f066a214c2f5e87bad3c948f4d605d) (ScriptedImporter) -> (artifact id: '5fb3014cb877dc32cd891b6ec6636f83') in 0.0475621 seconds
Number of updated asset objects reloaded before import = 0Number of asset objects unloaded after import = 3

========================================================================
Received Import Request.
  Time since last request: 0.000040 seconds.
  path: Assets/Space Exploration/Button_Images/Source_Image_Sprites/extra large/large-blue-sparkle-extra-large.png
  artifactKey: Guid(ded7a0ddad1f93e4b99111cf68712928) Importer(2089858483,b0f066a214c2f5e87bad3c948f4d605d)
Start importing Assets/Space Exploration/Button_Images/Source_Image_Sprites/extra large/large-blue-sparkle-extra-large.png using Guid(ded7a0ddad1f93e4b99111cf68712928) Importer(2089858483,b0f066a214c2f5e87bad3c948f4d605d) (ScriptedImporter) -> (artifact id: 'ee2b08434b2bbd6948a1ed04d109989c') in 0.0328117 seconds
Number of updated asset objects reloaded before import = 0Number of asset objects unloaded after import = 3

========================================================================
Received Import Request.
  Time since last request: 0.000025 seconds.
  path: Assets/Scripts/Managers
  artifactKey: Guid(39762ac85b57818499358e2cb687627b) Importer(2089858483,b0f066a214c2f5e87bad3c948f4d605d)
Start importing Assets/Scripts/Managers using Guid(39762ac85b57818499358e2cb687627b) Importer(2089858483,b0f066a214c2f5e87bad3c948f4d605d) (ScriptedImporter) -> (artifact id: '2c6c03d242f932f9f9bf9e41f99f81c5') in 0.0191846 seconds
Number of updated asset objects reloaded before import = 0Number of asset objects unloaded after import = 1

========================================================================
Received Import Request.
  Time since last request: 0.000034 seconds.
  path: Assets/Photon/PhotonUnityNetworking/Demos/DemoAsteroids/Resources/Spaceship.prefab
  artifactKey: Guid(775dd0a15ad25a544b33ad40ef0da1f0) Importer(2089858483,b0f066a214c2f5e87bad3c948f4d605d)
Start importing Assets/Photon/PhotonUnityNetworking/Demos/DemoAsteroids/Resources/Spaceship.prefab using Guid(775dd0a15ad25a544b33ad40ef0da1f0) Importer(2089858483,b0f066a214c2f5e87bad3c948f4d605d) (ScriptedImporter) -> (artifact id: '195e140248d79e94b7949c667dcb99e1') in 0.1436075 seconds
Number of updated asset objects reloaded before import = 0Number of asset objects unloaded after import = 31

========================================================================
Received Import Request.
  Time since last request: 0.000048 seconds.
  path: Assets/Space Exploration/Picto_Icons/Dark_Purple/star-64.png
  artifactKey: Guid(1d943d8a087fcc842bd4ab77c8edfbf5) Importer(2089858483,b0f066a214c2f5e87bad3c948f4d605d)
Start importing Assets/Space Exploration/Picto_Icons/Dark_Purple/star-64.png using Guid(1d943d8a087fcc842bd4ab77c8edfbf5) Importer(2089858483,b0f066a214c2f5e87bad3c948f4d605d) (ScriptedImporter) -> (artifact id: 'af9748e7a2dc9e19d8e41807fee1de00') in 0.0363681 seconds
Number of updated asset objects reloaded before import = 0Number of asset objects unloaded after import = 3

========================================================================
Received Import Request.
  Time since last request: 0.000050 seconds.
  path: Assets/Scripts/Character/Head.cs
  artifactKey: Guid(db0bc43510765d24cbb026c098b2c5db) Importer(2089858483,b0f066a214c2f5e87bad3c948f4d605d)
Start importing Assets/Scripts/Character/Head.cs using Guid(db0bc43510765d24cbb026c098b2c5db) Importer(2089858483,b0f066a214c2f5e87bad3c948f4d605d) (ScriptedImporter) -> (artifact id: '99fb083afa03690645e624464724c18e') in 0.0233027 seconds
Number of updated asset objects reloaded before import = 0Number of asset objects unloaded after import = 0

========================================================================
Received Import Request.
  Time since last request: 0.000029 seconds.
  path: Assets/Space Exploration/Picto_Icons/Dark_Purple/download-256.png
  artifactKey: Guid(0fc5e625c70f47b419dded79dd2fb5ea) Importer(2089858483,b0f066a214c2f5e87bad3c948f4d605d)
Start importing Assets/Space Exploration/Picto_Icons/Dark_Purple/download-256.png using Guid(0fc5e625c70f47b419dded79dd2fb5ea) Importer(2089858483,b0f066a214c2f5e87bad3c948f4d605d) (ScriptedImporter) -> (artifact id: 'f49cce9bff3a47796edfa4b35e348c29') in 0.0370839 seconds
Number of updated asset objects reloaded before import = 0Number of asset objects unloaded after import = 3

========================================================================
Received Import Request.
  Time since last request: 0.000040 seconds.
  path: Assets/Space Exploration/Picto_Icons/White/sound-256.png
  artifactKey: Guid(f915c1f4ccb7d4e4686b907a5ff1a435) Importer(2089858483,b0f066a214c2f5e87bad3c948f4d605d)
Start importing Assets/Space Exploration/Picto_Icons/White/sound-256.png using Guid(f915c1f4ccb7d4e4686b907a5ff1a435) Importer(2089858483,b0f066a214c2f5e87bad3c948f4d605d) (ScriptedImporter) -> (artifact id: '57fbb259e5ba3b648b4fa8d3d64987b6') in 0.0365573 seconds
Number of updated asset objects reloaded before import = 0Number of asset objects unloaded after import = 3

========================================================================
Received Import Request.
  Time since last request: 0.000029 seconds.
  path: Assets/Space Exploration/Button_Images/Pressed_Sprites/Large
  artifactKey: Guid(ce216c5b4c14541459d61dbdd377a3ae) Importer(2089858483,b0f066a214c2f5e87bad3c948f4d605d)
Start importing Assets/Space Exploration/Button_Images/Pressed_Sprites/Large using Guid(ce216c5b4c14541459d61dbdd377a3ae) Importer(2089858483,b0f066a214c2f5e87bad3c948f4d605d) (ScriptedImporter) -> (artifact id: '7d5ff8fd845977717fc78389add31bb4') in 0.016966 seconds
Number of updated asset objects reloaded before import = 0Number of asset objects unloaded after import = 1

========================================================================
Received Import Request.
  Time since last request: 1.233205 seconds.
  path: Assets/Free LowPoly Pack/Meshes/CeilingA1_mesh.fbx
  artifactKey: Guid(57e6c89de3325954bbd5247e79ab73f6) Importer(2089858483,b0f066a214c2f5e87bad3c948f4d605d)
Start importing Assets/Free LowPoly Pack/Meshes/CeilingA1_mesh.fbx using Guid(57e6c89de3325954bbd5247e79ab73f6) Importer(2089858483,b0f066a214c2f5e87bad3c948f4d605d) (ScriptedImporter) -> (artifact id: 'd066a38561d8e353f21259179bec0333') in 0.0791576 seconds
Number of updated asset objects reloaded before import = 0Number of asset objects unloaded after import = 10

========================================================================
Received Import Request.
  Time since last request: 0.000033 seconds.
  path: Assets/Space Exploration/Picto_Icons/White/down-arrow-64.png
  artifactKey: Guid(cb53604029e0df449925ab996ab1730b) Importer(2089858483,b0f066a214c2f5e87bad3c948f4d605d)
Start importing Assets/Space Exploration/Picto_Icons/White/down-arrow-64.png using Guid(cb53604029e0df449925ab996ab1730b) Importer(2089858483,b0f066a214c2f5e87bad3c948f4d605d) (ScriptedImporter) -> (artifact id: '48778b8179fec47791080caeb0ef756d') in 0.0526547 seconds
Number of updated asset objects reloaded before import = 0Number of asset objects unloaded after import = 3

========================================================================
Received Import Request.
  Time since last request: 0.000039 seconds.
  path: Assets/Space Exploration/Fonts/Font Sources/static/Asap_SemiCondensed-Black.ttf
  artifactKey: Guid(52b7e149cd5aff048b3ace8cf0bef3eb) Importer(2089858483,b0f066a214c2f5e87bad3c948f4d605d)
Start importing Assets/Space Exploration/Fonts/Font Sources/static/Asap_SemiCondensed-Black.ttf using Guid(52b7e149cd5aff048b3ace8cf0bef3eb) Importer(2089858483,b0f066a214c2f5e87bad3c948f4d605d) (ScriptedImporter) -> (artifact id: 'a0b4838df7957a77aa9fdda621b50a40') in 0.0360336 seconds
Number of updated asset objects reloaded before import = 0Number of asset objects unloaded after import = 3

========================================================================
Received Import Request.
  Time since last request: 0.000036 seconds.
  path: Assets/Photon/PhotonUnityNetworking/Demos/Shared Assets/Textures/Gradient.png
  artifactKey: Guid(4ca1824a2e144f043b9eb7d6e3777659) Importer(2089858483,b0f066a214c2f5e87bad3c948f4d605d)
Start importing Assets/Photon/PhotonUnityNetworking/Demos/Shared Assets/Textures/Gradient.png using Guid(4ca1824a2e144f043b9eb7d6e3777659) Importer(2089858483,b0f066a214c2f5e87bad3c948f4d605d) (ScriptedImporter) -> (artifact id: '23fd48175ac0aa6421a2c29ddee4ae51') in 0.0541369 seconds
Number of updated asset objects reloaded before import = 0Number of asset objects unloaded after import = 1

========================================================================
Received Import Request.
  Time since last request: 0.000030 seconds.
  path: Assets/Space Exploration/Picto_Icons/Light_Purple/settings-128.png
  artifactKey: Guid(c8030940d2df01a418026f24fb6a9e84) Importer(2089858483,b0f066a214c2f5e87bad3c948f4d605d)
Start importing Assets/Space Exploration/Picto_Icons/Light_Purple/settings-128.png using Guid(c8030940d2df01a418026f24fb6a9e84) Importer(2089858483,b0f066a214c2f5e87bad3c948f4d605d) (ScriptedImporter) -> (artifact id: '473035088ff715c8f5ef81e979154c06') in 0.0458328 seconds
Number of updated asset objects reloaded before import = 0Number of asset objects unloaded after import = 3

========================================================================
Received Import Request.
  Time since last request: 0.000027 seconds.
  path: Assets/Space Exploration/Button_Images/Source_Image_Sprites/medium/medium-blue-medium.png
  artifactKey: Guid(378fc1b46969b584eb9e8381cab5cc0e) Importer(2089858483,b0f066a214c2f5e87bad3c948f4d605d)
Start importing Assets/Space Exploration/Button_Images/Source_Image_Sprites/medium/medium-blue-medium.png using Guid(378fc1b46969b584eb9e8381cab5cc0e) Importer(2089858483,b0f066a214c2f5e87bad3c948f4d605d) (ScriptedImporter) -> (artifact id: '8941233c9bc5c044ac025e7482e6c231') in 0.0362357 seconds
Number of updated asset objects reloaded before import = 0Number of asset objects unloaded after import = 3

========================================================================
Received Import Request.
  Time since last request: 0.000041 seconds.
  path: Assets/Space Exploration/Picto_Icons/Dark_Purple/trophy-32.png
  artifactKey: Guid(6b2bce11240fd784d97c2f6a75c1427c) Importer(2089858483,b0f066a214c2f5e87bad3c948f4d605d)
Start importing Assets/Space Exploration/Picto_Icons/Dark_Purple/trophy-32.png using Guid(6b2bce11240fd784d97c2f6a75c1427c) Importer(2089858483,b0f066a214c2f5e87bad3c948f4d605d) (ScriptedImporter) -> (artifact id: '763c9d6bdac105ecb19269c23b25fceb') in 0.0461934 seconds
Number of updated asset objects reloaded before import = 0Number of asset objects unloaded after import = 3

========================================================================
Received Import Request.
  Time since last request: 0.000024 seconds.
  path: Assets/Space Exploration/Picto_Icons/White/sparkles-256.png
  artifactKey: Guid(433cfb32b2dab7d49b067a6bc6fef89e) Importer(2089858483,b0f066a214c2f5e87bad3c948f4d605d)
Start importing Assets/Space Exploration/Picto_Icons/White/sparkles-256.png using Guid(433cfb32b2dab7d49b067a6bc6fef89e) Importer(2089858483,b0f066a214c2f5e87bad3c948f4d605d) (ScriptedImporter) -> (artifact id: '1c689121fe230ea1813b68d89256c684') in 0.05103 seconds
Number of updated asset objects reloaded before import = 0Number of asset objects unloaded after import = 3

========================================================================
Received Import Request.
  Time since last request: 0.000040 seconds.
  path: Assets/Space Exploration/Picto_Icons/White/pickaxe-256.png
  artifactKey: Guid(a8508902b0df2de45883dd0c5938581d) Importer(2089858483,b0f066a214c2f5e87bad3c948f4d605d)
Start importing Assets/Space Exploration/Picto_Icons/White/pickaxe-256.png using Guid(a8508902b0df2de45883dd0c5938581d) Importer(2089858483,b0f066a214c2f5e87bad3c948f4d605d) (ScriptedImporter) -> (artifact id: '6acf529aff07dfc36ca8571794109ec9') in 0.0468187 seconds
Number of updated asset objects reloaded before import = 0Number of asset objects unloaded after import = 3

========================================================================
Received Import Request.
  Time since last request: 0.000025 seconds.
  path: Assets/Space Exploration/Picto_Icons/Dark_Purple/bell-128.png
  artifactKey: Guid(55184b39531f25c419b62ea1b3b16795) Importer(2089858483,b0f066a214c2f5e87bad3c948f4d605d)
Start importing Assets/Space Exploration/Picto_Icons/Dark_Purple/bell-128.png using Guid(55184b39531f25c419b62ea1b3b16795) Importer(2089858483,b0f066a214c2f5e87bad3c948f4d605d) (ScriptedImporter) -> (artifact id: 'a9183f454237ab7e686d12207ad6f35a') in 0.0497633 seconds
Number of updated asset objects reloaded before import = 0Number of asset objects unloaded after import = 3

========================================================================
Received Import Request.
  Time since last request: 0.000033 seconds.
  path: Assets/Space Exploration/Picto_Icons/Light_Purple/mushroom-64.png
  artifactKey: Guid(a18394bfaf33da5459047b68491bc8e0) Importer(2089858483,b0f066a214c2f5e87bad3c948f4d605d)
Start importing Assets/Space Exploration/Picto_Icons/Light_Purple/mushroom-64.png using Guid(a18394bfaf33da5459047b68491bc8e0) Importer(2089858483,b0f066a214c2f5e87bad3c948f4d605d) (ScriptedImporter) -> (artifact id: '17dff33cb808edcf4b7d9c0741fc129d') in 0.0493277 seconds
Number of updated asset objects reloaded before import = 0Number of asset objects unloaded after import = 3

========================================================================
Received Import Request.
  Time since last request: 0.000043 seconds.
  path: Assets/Space Exploration/Picto_Icons/White/mic-off-64.png
  artifactKey: Guid(907f86881fefaab409c0fe6c278f737a) Importer(2089858483,b0f066a214c2f5e87bad3c948f4d605d)
Start importing Assets/Space Exploration/Picto_Icons/White/mic-off-64.png using Guid(907f86881fefaab409c0fe6c278f737a) Importer(2089858483,b0f066a214c2f5e87bad3c948f4d605d) (ScriptedImporter) -> (artifact id: '52afa6586a1dfa58e6c05bfa25424d66') in 0.0376162 seconds
Number of updated asset objects reloaded before import = 0Number of asset objects unloaded after import = 3

========================================================================
Received Import Request.
  Time since last request: 0.000027 seconds.
  path: Assets/Space Exploration/Picto_Icons/Light_Purple/link-32.png
  artifactKey: Guid(d2f85a5112888154b829260184db4078) Importer(2089858483,b0f066a214c2f5e87bad3c948f4d605d)
Start importing Assets/Space Exploration/Picto_Icons/Light_Purple/link-32.png using Guid(d2f85a5112888154b829260184db4078) Importer(2089858483,b0f066a214c2f5e87bad3c948f4d605d) (ScriptedImporter) -> (artifact id: '4f5cba3c2bfb0dd13b41677753d1e318') in 0.0392552 seconds
Number of updated asset objects reloaded before import = 0Number of asset objects unloaded after import = 3

========================================================================
Received Import Request.
  Time since last request: 0.000029 seconds.
  path: Assets/Space Exploration/Picto_Icons/Dark_Purple/calendar-64.png
  artifactKey: Guid(148e4a2fd41702642a6a033e9db8bf13) Importer(2089858483,b0f066a214c2f5e87bad3c948f4d605d)
Start importing Assets/Space Exploration/Picto_Icons/Dark_Purple/calendar-64.png using Guid(148e4a2fd41702642a6a033e9db8bf13) Importer(2089858483,b0f066a214c2f5e87bad3c948f4d605d) (ScriptedImporter) -> (artifact id: 'bd2fd5f5f51ddf316c342d90d01e300d') in 0.0416893 seconds
Number of updated asset objects reloaded before import = 0Number of asset objects unloaded after import = 3

========================================================================
Received Import Request.
  Time since last request: 0.085638 seconds.
  path: Assets/Space Exploration/Icons/chest-2-512.png
  artifactKey: Guid(db6a698b485fa53449453cd4ad8f5d53) Importer(2089858483,b0f066a214c2f5e87bad3c948f4d605d)
Start importing Assets/Space Exploration/Icons/chest-2-512.png using Guid(db6a698b485fa53449453cd4ad8f5d53) Importer(2089858483,b0f066a214c2f5e87bad3c948f4d605d) (ScriptedImporter) -> (artifact id: 'd261621c0e737b3778b1f44dd4339e2e') in 0.0472181 seconds
Number of updated asset objects reloaded before import = 0Number of asset objects unloaded after import = 3

========================================================================
Received Import Request.
  Time since last request: 0.000027 seconds.
  path: Assets/Space Exploration/Settings_&_Menu_Components/Medium/check-box-medium.png
  artifactKey: Guid(035e4c8844dfeec45b6f41e565986e11) Importer(2089858483,b0f066a214c2f5e87bad3c948f4d605d)
Start importing Assets/Space Exploration/Settings_&_Menu_Components/Medium/check-box-medium.png using Guid(035e4c8844dfeec45b6f41e565986e11) Importer(2089858483,b0f066a214c2f5e87bad3c948f4d605d) (ScriptedImporter) -> (artifact id: '9bb3f3289126c1947e6b4e00e473ee63') in 0.0449084 seconds
Number of updated asset objects reloaded before import = 0Number of asset objects unloaded after import = 3

========================================================================
Received Import Request.
  Time since last request: 0.000036 seconds.
  path: Assets/Space Exploration/Picto_Icons/White/bluetooth-128.png
  artifactKey: Guid(cfe8648793c77e64d9a5bdb3ee54a59e) Importer(2089858483,b0f066a214c2f5e87bad3c948f4d605d)
Start importing Assets/Space Exploration/Picto_Icons/White/bluetooth-128.png using Guid(cfe8648793c77e64d9a5bdb3ee54a59e) Importer(2089858483,b0f066a214c2f5e87bad3c948f4d605d) (ScriptedImporter) -> (artifact id: 'e1a99dce4ccef1798680615c5b8d6bd4') in 0.0457368 seconds
Number of updated asset objects reloaded before import = 0Number of asset objects unloaded after import = 3

========================================================================
Received Import Request.
  Time since last request: 0.000026 seconds.
  path: Assets/Space Exploration/Button_Images/Source_Image_Sprites/extra large/medium-yellow-extra-large.png
  artifactKey: Guid(9807b47df634aab4288452ac03ce8cc6) Importer(2089858483,b0f066a214c2f5e87bad3c948f4d605d)
Start importing Assets/Space Exploration/Button_Images/Source_Image_Sprites/extra large/medium-yellow-extra-large.png using Guid(9807b47df634aab4288452ac03ce8cc6) Importer(2089858483,b0f066a214c2f5e87bad3c948f4d605d) (ScriptedImporter) -> (artifact id: '2a0c0c2e93e651c118f24342de5622dc') in 0.0403857 seconds
Number of updated asset objects reloaded before import = 0Number of asset objects unloaded after import = 3

========================================================================
Received Import Request.
  Time since last request: 0.000027 seconds.
  path: Assets/Space Exploration/Button_Images/Highlighted_Sprite/medium/square-blue-highlight-medium.png
  artifactKey: Guid(0b4360621e6c7a84998902d1a12cb5bb) Importer(2089858483,b0f066a214c2f5e87bad3c948f4d605d)
Start importing Assets/Space Exploration/Button_Images/Highlighted_Sprite/medium/square-blue-highlight-medium.png using Guid(0b4360621e6c7a84998902d1a12cb5bb) Importer(2089858483,b0f066a214c2f5e87bad3c948f4d605d) (ScriptedImporter) -> (artifact id: '9ade1e358cd056eb3dbdaf605a1a507b') in 0.0319025 seconds
Number of updated asset objects reloaded before import = 0Number of asset objects unloaded after import = 3

========================================================================
Received Import Request.
  Time since last request: 0.000038 seconds.
  path: Assets/Space Exploration/Icons/rocket-128.png
  artifactKey: Guid(d4cb51f642015c44294a9fc6ceaa2aa7) Importer(2089858483,b0f066a214c2f5e87bad3c948f4d605d)
Start importing Assets/Space Exploration/Icons/rocket-128.png using Guid(d4cb51f642015c44294a9fc6ceaa2aa7) Importer(2089858483,b0f066a214c2f5e87bad3c948f4d605d) (ScriptedImporter) -> (artifact id: '76df8a7721adac5411f405d78963f5dc') in 0.0587597 seconds
Number of updated asset objects reloaded before import = 0Number of asset objects unloaded after import = 3

========================================================================
Received Import Request.
  Time since last request: 0.000028 seconds.
  path: Assets/Space Exploration/Picto_Icons/Light_Purple/snowflake-32.png
  artifactKey: Guid(5be9fc6ac2c265748988848dd544b2a4) Importer(2089858483,b0f066a214c2f5e87bad3c948f4d605d)
Start importing Assets/Space Exploration/Picto_Icons/Light_Purple/snowflake-32.png using Guid(5be9fc6ac2c265748988848dd544b2a4) Importer(2089858483,b0f066a214c2f5e87bad3c948f4d605d) (ScriptedImporter) -> (artifact id: '1a289b90c09f382153dca476e1dc596b') in 0.0601471 seconds
Number of updated asset objects reloaded before import = 0Number of asset objects unloaded after import = 3

========================================================================
Received Import Request.
  Time since last request: 0.000064 seconds.
  path: Assets/PlayFabEditorExtensions/Editor/Scripts/Utils/EditorCoroutine.cs
  artifactKey: Guid(4bfb5aeb6a8516445b2f97249ab88f62) Importer(2089858483,b0f066a214c2f5e87bad3c948f4d605d)
Start importing Assets/PlayFabEditorExtensions/Editor/Scripts/Utils/EditorCoroutine.cs using Guid(4bfb5aeb6a8516445b2f97249ab88f62) Importer(2089858483,b0f066a214c2f5e87bad3c948f4d605d) (ScriptedImporter) -> (artifact id: '983f20b72ff96318037900316c5ae5b2') in 0.0208132 seconds
Number of updated asset objects reloaded before import = 0Number of asset objects unloaded after import = 0

========================================================================
Received Import Request.
  Time since last request: 0.000029 seconds.
  path: Assets/Space Exploration/Picto_Icons/White/unlock-128.png
  artifactKey: Guid(7efc797b9f76353459a0ef7198b048be) Importer(2089858483,b0f066a214c2f5e87bad3c948f4d605d)
Start importing Assets/Space Exploration/Picto_Icons/White/unlock-128.png using Guid(7efc797b9f76353459a0ef7198b048be) Importer(2089858483,b0f066a214c2f5e87bad3c948f4d605d) (ScriptedImporter) -> (artifact id: '2d4e0eecd5bf69481d2b903d2cffa6ec') in 0.0417472 seconds
Number of updated asset objects reloaded before import = 0Number of asset objects unloaded after import = 3

========================================================================
Received Import Request.
  Time since last request: 0.000060 seconds.
  path: Assets/Space Exploration/Fonts/Font Sources/static/Asap-Light.ttf
  artifactKey: Guid(30474c41deb798a498f7a68febd5eb11) Importer(2089858483,b0f066a214c2f5e87bad3c948f4d605d)
Start importing Assets/Space Exploration/Fonts/Font Sources/static/Asap-Light.ttf using Guid(30474c41deb798a498f7a68febd5eb11) Importer(2089858483,b0f066a214c2f5e87bad3c948f4d605d) (ScriptedImporter) -> (artifact id: '36cf72013c4d9870e665d66372e54294') in 0.0334573 seconds
Number of updated asset objects reloaded before import = 0Number of asset objects unloaded after import = 3

========================================================================
Received Import Request.
  Time since last request: 0.000064 seconds.
  path: Assets/Photon/PhotonRealtime/Code/PhotonRealtime.asmdef
  artifactKey: Guid(831409e8f9d13b5479a3baef9822ad34) Importer(2089858483,b0f066a214c2f5e87bad3c948f4d605d)
Start importing Assets/Photon/PhotonRealtime/Code/PhotonRealtime.asmdef using Guid(831409e8f9d13b5479a3baef9822ad34) Importer(2089858483,b0f066a214c2f5e87bad3c948f4d605d) (ScriptedImporter) -> (artifact id: '9357625aa780dc9172a68774e02fc577') in 0.0393304 seconds
Number of updated asset objects reloaded before import = 0Number of asset objects unloaded after import = 1

========================================================================
Received Import Request.
  Time since last request: 0.000046 seconds.
  path: Assets/Space Exploration/Picto_Icons/Dark_Purple/up-arrow-256.png
  artifactKey: Guid(a664d95c404aae2448b1fa145ca5115b) Importer(2089858483,b0f066a214c2f5e87bad3c948f4d605d)
Start importing Assets/Space Exploration/Picto_Icons/Dark_Purple/up-arrow-256.png using Guid(a664d95c404aae2448b1fa145ca5115b) Importer(2089858483,b0f066a214c2f5e87bad3c948f4d605d) (ScriptedImporter) -> (artifact id: '0c9f07dc874701e3ba8b9a3cc93b2182') in 0.0534156 seconds
Number of updated asset objects reloaded before import = 0Number of asset objects unloaded after import = 3

========================================================================
Received Import Request.
  Time since last request: 0.000033 seconds.
  path: Assets/Physics Materials/Physics Material.physicMaterial
  artifactKey: Guid(2c992301f76f51d4baf6d0c3e4535a8a) Importer(2089858483,b0f066a214c2f5e87bad3c948f4d605d)
Start importing Assets/Physics Materials/Physics Material.physicMaterial using Guid(2c992301f76f51d4baf6d0c3e4535a8a) Importer(2089858483,b0f066a214c2f5e87bad3c948f4d605d) (ScriptedImporter) -> (artifact id: 'c41b471ab22ed93426d61cc73a700334') in 0.0420407 seconds
Number of updated asset objects reloaded before import = 0Number of asset objects unloaded after import = 1

========================================================================
Received Import Request.
  Time since last request: 0.000041 seconds.
  path: Assets/Space Exploration/Picto_Icons/Light_Purple/eat-32.png
  artifactKey: Guid(86fa2ee498da24b48bf5a6b44b803132) Importer(2089858483,b0f066a214c2f5e87bad3c948f4d605d)
Start importing Assets/Space Exploration/Picto_Icons/Light_Purple/eat-32.png using Guid(86fa2ee498da24b48bf5a6b44b803132) Importer(2089858483,b0f066a214c2f5e87bad3c948f4d605d) (ScriptedImporter) -> (artifact id: '4e5a3a05624a858e6b0180b885047461') in 0.047168 seconds
Number of updated asset objects reloaded before import = 0Number of asset objects unloaded after import = 3

========================================================================
Received Import Request.
  Time since last request: 0.000031 seconds.
  path: Assets/Space Exploration/Picto_Icons/Light_Purple/alien-128.png
  artifactKey: Guid(a34d8c28aa414cb479a0b212fd14c9d2) Importer(2089858483,b0f066a214c2f5e87bad3c948f4d605d)
Start importing Assets/Space Exploration/Picto_Icons/Light_Purple/alien-128.png using Guid(a34d8c28aa414cb479a0b212fd14c9d2) Importer(2089858483,b0f066a214c2f5e87bad3c948f4d605d) (ScriptedImporter) -> (artifact id: 'c61f774fc5bff2ea6add5601c63269fa') in 0.0524915 seconds
Number of updated asset objects reloaded before import = 0Number of asset objects unloaded after import = 3

========================================================================
Received Import Request.
  Time since last request: 0.000049 seconds.
  path: Assets/Space Exploration/Picto_Icons/Dark_Purple/diamond-64.png
  artifactKey: Guid(e96763d4037c1d948ab51f22dc764876) Importer(2089858483,b0f066a214c2f5e87bad3c948f4d605d)
Start importing Assets/Space Exploration/Picto_Icons/Dark_Purple/diamond-64.png using Guid(e96763d4037c1d948ab51f22dc764876) Importer(2089858483,b0f066a214c2f5e87bad3c948f4d605d) (ScriptedImporter) -> (artifact id: 'd113ea317f0a151f8bc75a7b7921de0e') in 0.0539718 seconds
Number of updated asset objects reloaded before import = 0Number of asset objects unloaded after import = 3

========================================================================
Received Import Request.
  Time since last request: 0.000036 seconds.
  path: Assets/Space Exploration/Picto_Icons/Light_Purple/sun-128.png
  artifactKey: Guid(18cf2fd52c01be94b8b6174e8c67dd61) Importer(2089858483,b0f066a214c2f5e87bad3c948f4d605d)
Start importing Assets/Space Exploration/Picto_Icons/Light_Purple/sun-128.png using Guid(18cf2fd52c01be94b8b6174e8c67dd61) Importer(2089858483,b0f066a214c2f5e87bad3c948f4d605d) (ScriptedImporter) -> (artifact id: '856a17c0238d972cab8281eb19e715a7') in 0.0614054 seconds
Number of updated asset objects reloaded before import = 0Number of asset objects unloaded after import = 3

========================================================================
Received Import Request.
  Time since last request: 0.000051 seconds.
  path: Assets/Space Exploration/Settings_&_Menu_Components/Medium/notification-circle-medium.png
  artifactKey: Guid(8bfe25d11967a4248b992dd57860dc29) Importer(2089858483,b0f066a214c2f5e87bad3c948f4d605d)
Start importing Assets/Space Exploration/Settings_&_Menu_Components/Medium/notification-circle-medium.png using Guid(8bfe25d11967a4248b992dd57860dc29) Importer(2089858483,b0f066a214c2f5e87bad3c948f4d605d) (ScriptedImporter) -> (artifact id: '03e1ea77b25353b44fc7442e0391c395') in 0.0555124 seconds
Number of updated asset objects reloaded before import = 0Number of asset objects unloaded after import = 3

========================================================================
Received Import Request.
  Time since last request: 0.000037 seconds.
  path: Assets/Space Exploration/Picto_Icons/White/ring-32.png
  artifactKey: Guid(08a4955afda77104ba70bd149db54251) Importer(2089858483,b0f066a214c2f5e87bad3c948f4d605d)
Start importing Assets/Space Exploration/Picto_Icons/White/ring-32.png using Guid(08a4955afda77104ba70bd149db54251) Importer(2089858483,b0f066a214c2f5e87bad3c948f4d605d) (ScriptedImporter) -> (artifact id: '4639b867290c6fb52bdde2ac86ff7d29') in 0.0528811 seconds
Number of updated asset objects reloaded before import = 0Number of asset objects unloaded after import = 3

========================================================================
Received Import Request.
  Time since last request: 0.000036 seconds.
  path: Assets/Space Exploration/Containers/Medium/item-info-container-medium.png
  artifactKey: Guid(deead811e5fac24439df8151f614d12e) Importer(2089858483,b0f066a214c2f5e87bad3c948f4d605d)
Start importing Assets/Space Exploration/Containers/Medium/item-info-container-medium.png using Guid(deead811e5fac24439df8151f614d12e) Importer(2089858483,b0f066a214c2f5e87bad3c948f4d605d) (ScriptedImporter) -> (artifact id: '4b28bd95bf17f4e1f7122b57a68785e6') in 0.086409 seconds
Number of updated asset objects reloaded before import = 0Number of asset objects unloaded after import = 3

========================================================================
Received Import Request.
  Time since last request: 0.000030 seconds.
  path: Assets/Space Exploration/Button_Images/Pressed_Sprites/Extra_Large/large-yellow-pressed-extra-large.png
  artifactKey: Guid(aab24515dec99624b96f9db6a26e4f94) Importer(2089858483,b0f066a214c2f5e87bad3c948f4d605d)
Start importing Assets/Space Exploration/Button_Images/Pressed_Sprites/Extra_Large/large-yellow-pressed-extra-large.png using Guid(aab24515dec99624b96f9db6a26e4f94) Importer(2089858483,b0f066a214c2f5e87bad3c948f4d605d) (ScriptedImporter) -> (artifact id: '3695cbbc1435b57f97f476a00f0af114') in 0.0635944 seconds
Number of updated asset objects reloaded before import = 0Number of asset objects unloaded after import = 3

========================================================================
Received Import Request.
  Time since last request: 0.000040 seconds.
  path: Assets/Space Exploration/Picto_Icons/Dark_Purple/exclamation-256.png
  artifactKey: Guid(30788c7a0feb0a94a8b2c3b05aa9f7fb) Importer(2089858483,b0f066a214c2f5e87bad3c948f4d605d)
Start importing Assets/Space Exploration/Picto_Icons/Dark_Purple/exclamation-256.png using Guid(30788c7a0feb0a94a8b2c3b05aa9f7fb) Importer(2089858483,b0f066a214c2f5e87bad3c948f4d605d) (ScriptedImporter) -> (artifact id: '78ef3c1142253c834cf05e7aa9a144d9') in 0.0780776 seconds
Number of updated asset objects reloaded before import = 0Number of asset objects unloaded after import = 3

========================================================================
Received Import Request.
  Time since last request: 0.000029 seconds.
  path: Assets/Space Exploration/Icons/exoplanet-1-64.png
  artifactKey: Guid(2b42b1ce27ea55a459d84622cafdf7f8) Importer(2089858483,b0f066a214c2f5e87bad3c948f4d605d)
Start importing Assets/Space Exploration/Icons/exoplanet-1-64.png using Guid(2b42b1ce27ea55a459d84622cafdf7f8) Importer(2089858483,b0f066a214c2f5e87bad3c948f4d605d) (ScriptedImporter) -> (artifact id: 'c7f9abc87992619f51c9ca2f10c2488b') in 0.075974 seconds
Number of updated asset objects reloaded before import = 0Number of asset objects unloaded after import = 3

========================================================================
Received Import Request.
  Time since last request: 0.000039 seconds.
  path: Assets/Space Exploration/Button_Images/Source_Image_Sprites/extra large/short-purple-extra-large.png
  artifactKey: Guid(107134aad33a26e49b0b9601e6b7ea49) Importer(2089858483,b0f066a214c2f5e87bad3c948f4d605d)
Start importing Assets/Space Exploration/Button_Images/Source_Image_Sprites/extra large/short-purple-extra-large.png using Guid(107134aad33a26e49b0b9601e6b7ea49) Importer(2089858483,b0f066a214c2f5e87bad3c948f4d605d) (ScriptedImporter) -> (artifact id: '85cfd3b797e3f05f2f659c6db04d7e11') in 0.0484367 seconds
Number of updated asset objects reloaded before import = 0Number of asset objects unloaded after import = 3

========================================================================
Received Import Request.
  Time since last request: 0.000032 seconds.
  path: Assets/Space Exploration/Picto_Icons/White/axe-128.png
  artifactKey: Guid(96c38827093d82c47b6407a4231d9e1f) Importer(2089858483,b0f066a214c2f5e87bad3c948f4d605d)
Start importing Assets/Space Exploration/Picto_Icons/White/axe-128.png using Guid(96c38827093d82c47b6407a4231d9e1f) Importer(2089858483,b0f066a214c2f5e87bad3c948f4d605d) (ScriptedImporter) -> (artifact id: '3e6c95c46dbb53d5bbc694bef2355004') in 0.0486119 seconds
Number of updated asset objects reloaded before import = 0Number of asset objects unloaded after import = 3

========================================================================
Received Import Request.
  Time since last request: 0.000039 seconds.
  path: Assets/TextMesh Pro/Shaders/TMP_SDF-Mobile Masking.shader
  artifactKey: Guid(bc1ede39bf3643ee8e493720e4259791) Importer(2089858483,b0f066a214c2f5e87bad3c948f4d605d)
Start importing Assets/TextMesh Pro/Shaders/TMP_SDF-Mobile Masking.shader using Guid(bc1ede39bf3643ee8e493720e4259791) Importer(2089858483,b0f066a214c2f5e87bad3c948f4d605d) (ScriptedImporter) -> (artifact id: '0092ce096ec351560bbea76c330a8bd9') in 0.0447991 seconds
Number of updated asset objects reloaded before import = 0Number of asset objects unloaded after import = 1

========================================================================
Received Import Request.
  Time since last request: 0.000030 seconds.
  path: Assets/Space Exploration/Scenes/Gem_Demo.unity
  artifactKey: Guid(6e9dc186ae8a6524e9e3cb59d07ac6bc) Importer(2089858483,b0f066a214c2f5e87bad3c948f4d605d)
Start importing Assets/Space Exploration/Scenes/Gem_Demo.unity using Guid(6e9dc186ae8a6524e9e3cb59d07ac6bc) Importer(2089858483,b0f066a214c2f5e87bad3c948f4d605d) (ScriptedImporter) -> (artifact id: '822c00e68449414aff24d8e3debed48c') in 0.0524925 seconds
Number of updated asset objects reloaded before import = 0Number of asset objects unloaded after import = 1

========================================================================
Received Import Request.
  Time since last request: 0.000040 seconds.
  path: Assets/Space Exploration/Button_Images/Pressed_Sprites/Large/short-purple-pressed-large.png
  artifactKey: Guid(72adeb6f0ba51e14695b74ee9fb59d32) Importer(2089858483,b0f066a214c2f5e87bad3c948f4d605d)
Start importing Assets/Space Exploration/Button_Images/Pressed_Sprites/Large/short-purple-pressed-large.png using Guid(72adeb6f0ba51e14695b74ee9fb59d32) Importer(2089858483,b0f066a214c2f5e87bad3c948f4d605d) (ScriptedImporter) -> (artifact id: '5828b9c07acb170e9ef4cfefc8ef690a') in 0.0484186 seconds
Number of updated asset objects reloaded before import = 0Number of asset objects unloaded after import = 3

========================================================================
Received Import Request.
  Time since last request: 0.000030 seconds.
  path: Assets/Space Exploration/Button_Images/Pressed_Sprites/Large/square-blue-pressed-large.png
  artifactKey: Guid(c47af69922b8ad14d88f7c53a103eec7) Importer(2089858483,b0f066a214c2f5e87bad3c948f4d605d)
Start importing Assets/Space Exploration/Button_Images/Pressed_Sprites/Large/square-blue-pressed-large.png using Guid(c47af69922b8ad14d88f7c53a103eec7) Importer(2089858483,b0f066a214c2f5e87bad3c948f4d605d) (ScriptedImporter) -> (artifact id: '3bbe7e14fa2918bd9fae017d0ecbcaf3') in 0.053379 seconds
Number of updated asset objects reloaded before import = 0Number of asset objects unloaded after import = 3

========================================================================
Received Import Request.
  Time since last request: 0.000047 seconds.
  path: Assets/Space Exploration/Fonts/Font Sources/static/Asap_Expanded-SemiBold.ttf
  artifactKey: Guid(fb13626d0abeee14c81b261b61e23d27) Importer(2089858483,b0f066a214c2f5e87bad3c948f4d605d)
Start importing Assets/Space Exploration/Fonts/Font Sources/static/Asap_Expanded-SemiBold.ttf using Guid(fb13626d0abeee14c81b261b61e23d27) Importer(2089858483,b0f066a214c2f5e87bad3c948f4d605d) (ScriptedImporter) -> (artifact id: '5d16c8719d4884e1b35d45385be4bd6b') in 0.0344149 seconds
Number of updated asset objects reloaded before import = 0Number of asset objects unloaded after import = 3

========================================================================
Received Import Request.
  Time since last request: 0.000053 seconds.
  path: Assets/Space Exploration/Picto_Icons/Light_Purple/bolt-64.png
  artifactKey: Guid(4f2372e84c3abf14d82eabfd1813f79c) Importer(2089858483,b0f066a214c2f5e87bad3c948f4d605d)
Start importing Assets/Space Exploration/Picto_Icons/Light_Purple/bolt-64.png using Guid(4f2372e84c3abf14d82eabfd1813f79c) Importer(2089858483,b0f066a214c2f5e87bad3c948f4d605d) (ScriptedImporter) -> (artifact id: 'bd3521f976009bac864ab86ea66f9dfa') in 0.0483249 seconds
Number of updated asset objects reloaded before import = 0Number of asset objects unloaded after import = 3

========================================================================
Received Import Request.
  Time since last request: 0.000048 seconds.
  path: Assets/Space Exploration/Fonts/Font Sources/static/Asap_SemiExpanded-SemiBold.ttf
  artifactKey: Guid(caec50c9db582f64b82e758a38546e15) Importer(2089858483,b0f066a214c2f5e87bad3c948f4d605d)
Start importing Assets/Space Exploration/Fonts/Font Sources/static/Asap_SemiExpanded-SemiBold.ttf using Guid(caec50c9db582f64b82e758a38546e15) Importer(2089858483,b0f066a214c2f5e87bad3c948f4d605d) (ScriptedImporter) -> (artifact id: '12097d91e165a37568245cdf98dd0819') in 0.050962 seconds
Number of updated asset objects reloaded before import = 0Number of asset objects unloaded after import = 3

========================================================================
Received Import Request.
  Time since last request: 0.000039 seconds.
  path: Assets/Space Exploration/Button_Images/Source_Image_Sprites/small/short-yellow-small.png
  artifactKey: Guid(8f8cf298d3710fd4fb468d4acf66f682) Importer(2089858483,b0f066a214c2f5e87bad3c948f4d605d)
Start importing Assets/Space Exploration/Button_Images/Source_Image_Sprites/small/short-yellow-small.png using Guid(8f8cf298d3710fd4fb468d4acf66f682) Importer(2089858483,b0f066a214c2f5e87bad3c948f4d605d) (ScriptedImporter) -> (artifact id: '88288a2e70929b82f91594f7e1ea25f6') in 0.0546249 seconds
Number of updated asset objects reloaded before import = 0Number of asset objects unloaded after import = 3

========================================================================
Received Import Request.
  Time since last request: 0.000053 seconds.
  path: Assets/Space Exploration/Picto_Icons/Light_Purple/ranking-32.png
  artifactKey: Guid(f8442f07188666e43b6d88ffc1743cb4) Importer(2089858483,b0f066a214c2f5e87bad3c948f4d605d)
Start importing Assets/Space Exploration/Picto_Icons/Light_Purple/ranking-32.png using Guid(f8442f07188666e43b6d88ffc1743cb4) Importer(2089858483,b0f066a214c2f5e87bad3c948f4d605d) (ScriptedImporter) -> (artifact id: 'c70eb33ceda6a09ef49c9deb48dd4323') in 0.1396901 seconds
Number of updated asset objects reloaded before import = 0Number of asset objects unloaded after import = 3

========================================================================
Received Import Request.
  Time since last request: 0.000030 seconds.
  path: Assets/Space Exploration/Prefabs/UI_Elements/Medium/Currency Bars
  artifactKey: Guid(98ed224d20f83e44ca685d28ae6cb7af) Importer(2089858483,b0f066a214c2f5e87bad3c948f4d605d)
Start importing Assets/Space Exploration/Prefabs/UI_Elements/Medium/Currency Bars using Guid(98ed224d20f83e44ca685d28ae6cb7af) Importer(2089858483,b0f066a214c2f5e87bad3c948f4d605d) (ScriptedImporter) -> (artifact id: '682c4b773dffff9b1b73e8564a266200') in 0.0713193 seconds
Number of updated asset objects reloaded before import = 0Number of asset objects unloaded after import = 1

========================================================================
Received Import Request.
  Time since last request: 0.000051 seconds.
  path: Assets/Free Stylized Sci-Fi Scout Bot/Animation/01_Scout_Bot_Idle.anim
  artifactKey: Guid(77ff0d693be368141966558a5d64a4c6) Importer(2089858483,b0f066a214c2f5e87bad3c948f4d605d)
Start importing Assets/Free Stylized Sci-Fi Scout Bot/Animation/01_Scout_Bot_Idle.anim using Guid(77ff0d693be368141966558a5d64a4c6) Importer(2089858483,b0f066a214c2f5e87bad3c948f4d605d) (ScriptedImporter) -> (artifact id: '58cd45b06adc4c7cd23ed580614e3850') in 0.0792837 seconds
Number of updated asset objects reloaded before import = 0Number of asset objects unloaded after import = 1

========================================================================
Received Import Request.
  Time since last request: 0.000031 seconds.
  path: Assets/PlayFabSDK/Shared/Public/PluginManager.cs
  artifactKey: Guid(408cd48212db9ae46b9100b1d3fef3b1) Importer(2089858483,b0f066a214c2f5e87bad3c948f4d605d)
Start importing Assets/PlayFabSDK/Shared/Public/PluginManager.cs using Guid(408cd48212db9ae46b9100b1d3fef3b1) Importer(2089858483,b0f066a214c2f5e87bad3c948f4d605d) (ScriptedImporter) -> (artifact id: '056a9356945f01afc802f8fa1511f706') in 0.0771778 seconds
Number of updated asset objects reloaded before import = 0Number of asset objects unloaded after import = 0

========================================================================
Received Import Request.
  Time since last request: 0.000103 seconds.
  path: Assets/Settings/SampleSceneProfile.asset
  artifactKey: Guid(10fc4df2da32a41aaa32d77bc913491c) Importer(2089858483,b0f066a214c2f5e87bad3c948f4d605d)
Start importing Assets/Settings/SampleSceneProfile.asset using Guid(10fc4df2da32a41aaa32d77bc913491c) Importer(2089858483,b0f066a214c2f5e87bad3c948f4d605d) (ScriptedImporter) -> (artifact id: 'f0e628d2c8bdc4942f8e08ef28c40e97') in 0.0324174 seconds
Number of updated asset objects reloaded before import = 0Number of asset objects unloaded after import = 1

========================================================================
Received Import Request.
  Time since last request: 0.000028 seconds.
  path: Assets/Space Exploration/Picto_Icons/White/saturn-256.png
  artifactKey: Guid(a044bc5d0e88e204399e28ba46b4980c) Importer(2089858483,b0f066a214c2f5e87bad3c948f4d605d)
Start importing Assets/Space Exploration/Picto_Icons/White/saturn-256.png using Guid(a044bc5d0e88e204399e28ba46b4980c) Importer(2089858483,b0f066a214c2f5e87bad3c948f4d605d) (ScriptedImporter) -> (artifact id: '1f49f5d8a0b95298d1d0a3d9be31f233') in 0.0724219 seconds
Number of updated asset objects reloaded before import = 0Number of asset objects unloaded after import = 3

========================================================================
Received Import Request.
  Time since last request: 0.000050 seconds.
  path: Assets/Photon/PhotonChat/Demos/Demo Chat/Resources/OpenSans/OpenSans-Light.ttf
  artifactKey: Guid(a6aa145e5b99127428ecde3a5acbf68b) Importer(2089858483,b0f066a214c2f5e87bad3c948f4d605d)
Start importing Assets/Photon/PhotonChat/Demos/Demo Chat/Resources/OpenSans/OpenSans-Light.ttf using Guid(a6aa145e5b99127428ecde3a5acbf68b) Importer(2089858483,b0f066a214c2f5e87bad3c948f4d605d) (ScriptedImporter) -> (artifact id: 'a14bffb7afff3116a11c2a96ba4ee32b') in 0.0534886 seconds
Number of updated asset objects reloaded before import = 0Number of asset objects unloaded after import = 3

========================================================================
Received Import Request.
  Time since last request: 0.000028 seconds.
  path: Assets/Space Exploration/Picto_Icons/Light_Purple/shield-32.png
  artifactKey: Guid(e66c118c19a1c0d49966b752d3ca8dfa) Importer(2089858483,b0f066a214c2f5e87bad3c948f4d605d)
Start importing Assets/Space Exploration/Picto_Icons/Light_Purple/shield-32.png using Guid(e66c118c19a1c0d49966b752d3ca8dfa) Importer(2089858483,b0f066a214c2f5e87bad3c948f4d605d) (ScriptedImporter) -> (artifact id: '76e753857b9a698c6ac238bb4eb0331d') in 0.0560828 seconds
Number of updated asset objects reloaded before import = 0Number of asset objects unloaded after import = 3

========================================================================
Received Import Request.
  Time since last request: 0.000041 seconds.
  path: Assets/Space Exploration/Button_Images/Pressed_Sprites/Medium/medium-purple-pressed-medium.png
  artifactKey: Guid(e63071ff70318b4428ed673f2abe2253) Importer(2089858483,b0f066a214c2f5e87bad3c948f4d605d)
Start importing Assets/Space Exploration/Button_Images/Pressed_Sprites/Medium/medium-purple-pressed-medium.png using Guid(e63071ff70318b4428ed673f2abe2253) Importer(2089858483,b0f066a214c2f5e87bad3c948f4d605d) (ScriptedImporter) -> (artifact id: '771904dc8049cdcfcd8d0750cf020c73') in 0.0400372 seconds
Number of updated asset objects reloaded before import = 0Number of asset objects unloaded after import = 3

========================================================================
Received Import Request.
  Time since last request: 0.000033 seconds.
  path: Assets/Space Exploration/Picto_Icons/White/expand-256.png
  artifactKey: Guid(1c11af5c3cf4a424f976623a6ceedc5c) Importer(2089858483,b0f066a214c2f5e87bad3c948f4d605d)
Start importing Assets/Space Exploration/Picto_Icons/White/expand-256.png using Guid(1c11af5c3cf4a424f976623a6ceedc5c) Importer(2089858483,b0f066a214c2f5e87bad3c948f4d605d) (ScriptedImporter) -> (artifact id: '7164db6935f516d7530807ffa52ff70a') in 0.0964063 seconds
Number of updated asset objects reloaded before import = 0Number of asset objects unloaded after import = 3

========================================================================
Received Import Request.
  Time since last request: 0.000044 seconds.
  path: Assets/Space Exploration/Picto_Icons/Light_Purple/fast-forward-256.png
  artifactKey: Guid(363ffebedbbdd6b4ebed43faf030ecb5) Importer(2089858483,b0f066a214c2f5e87bad3c948f4d605d)
Start importing Assets/Space Exploration/Picto_Icons/Light_Purple/fast-forward-256.png using Guid(363ffebedbbdd6b4ebed43faf030ecb5) Importer(2089858483,b0f066a214c2f5e87bad3c948f4d605d) (ScriptedImporter) -> (artifact id: 'c9c4e0c8bdd76e35db5b8509202bce7d') in 0.0549425 seconds
Number of updated asset objects reloaded before import = 0Number of asset objects unloaded after import = 3

========================================================================
Received Import Request.
  Time since last request: 0.000033 seconds.
  path: Assets/Space Exploration/Picto_Icons/Dark_Purple/sound-off-128.png
  artifactKey: Guid(cb7eafe78b668794b938bbbe30d4a5fa) Importer(2089858483,b0f066a214c2f5e87bad3c948f4d605d)
Start importing Assets/Space Exploration/Picto_Icons/Dark_Purple/sound-off-128.png using Guid(cb7eafe78b668794b938bbbe30d4a5fa) Importer(2089858483,b0f066a214c2f5e87bad3c948f4d605d) (ScriptedImporter) -> (artifact id: 'c4c280b47a32af27e2077da99c262353') in 0.0550565 seconds
Number of updated asset objects reloaded before import = 0Number of asset objects unloaded after import = 3

========================================================================
Received Import Request.
  Time since last request: 0.000038 seconds.
  path: Assets/Space Exploration/Grid_Components/Medium/inventory-highlight-medium 1.png
  artifactKey: Guid(c93942ae18c713a40b2488ef9098b382) Importer(2089858483,b0f066a214c2f5e87bad3c948f4d605d)
Start importing Assets/Space Exploration/Grid_Components/Medium/inventory-highlight-medium 1.png using Guid(c93942ae18c713a40b2488ef9098b382) Importer(2089858483,b0f066a214c2f5e87bad3c948f4d605d) (ScriptedImporter) -> (artifact id: '2eca96e074ad11185f58f948232346b3') in 0.0500757 seconds
Number of updated asset objects reloaded before import = 0Number of asset objects unloaded after import = 3

========================================================================
Received Import Request.
  Time since last request: 0.000025 seconds.
  path: Assets/Space Exploration/Prefabs/Buttons_Simple/Small/Pink/Pink_Small_Button.prefab
  artifactKey: Guid(4a24fa3b933e29943b9a500dadc92de8) Importer(2089858483,b0f066a214c2f5e87bad3c948f4d605d)
Start importing Assets/Space Exploration/Prefabs/Buttons_Simple/Small/Pink/Pink_Small_Button.prefab using Guid(4a24fa3b933e29943b9a500dadc92de8) Importer(2089858483,b0f066a214c2f5e87bad3c948f4d605d) (ScriptedImporter) -> (artifact id: 'fce868399cdb2bf99db557d17446393e') in 0.187796 seconds
Number of updated asset objects reloaded before import = 0Number of asset objects unloaded after import = 18

========================================================================
Received Import Request.
  Time since last request: 0.000119 seconds.
  path: Assets/Photon/PhotonUnityNetworking/Demos/DemoAsteroids/Prefabs/Bullet.prefab
  artifactKey: Guid(5624ee9da9d10514ea7b808e83979c85) Importer(2089858483,b0f066a214c2f5e87bad3c948f4d605d)
Start importing Assets/Photon/PhotonUnityNetworking/Demos/DemoAsteroids/Prefabs/Bullet.prefab using Guid(5624ee9da9d10514ea7b808e83979c85) Importer(2089858483,b0f066a214c2f5e87bad3c948f4d605d) (ScriptedImporter) -> (artifact id: '86663963bbab07998ef82919126c8f6f') in 0.0400152 seconds
Number of updated asset objects reloaded before import = 0Number of asset objects unloaded after import = 11

========================================================================
Received Import Request.
  Time since last request: 0.000034 seconds.
  path: Assets/Space Exploration/Prefabs/Buttons_Simple/Large/Blue/Long_Blue_Large_Button.prefab
  artifactKey: Guid(947abb5227e691a429c68ea88f481f51) Importer(2089858483,b0f066a214c2f5e87bad3c948f4d605d)
Start importing Assets/Space Exploration/Prefabs/Buttons_Simple/Large/Blue/Long_Blue_Large_Button.prefab using Guid(947abb5227e691a429c68ea88f481f51) Importer(2089858483,b0f066a214c2f5e87bad3c948f4d605d) (ScriptedImporter) -> (artifact id: 'f36390f57b5e020a2e5256a7f372495b') in 0.0797323 seconds
Number of updated asset objects reloaded before import = 0Number of asset objects unloaded after import = 18

========================================================================
Received Import Request.
  Time since last request: 0.000057 seconds.
  path: Assets/Space Exploration/Prefabs/UI_Elements/Medium/Currency Bars/Coin_Amount_Medium.prefab
  artifactKey: Guid(414882aae646f044b978ccd4baee45a1) Importer(2089858483,b0f066a214c2f5e87bad3c948f4d605d)
Start importing Assets/Space Exploration/Prefabs/UI_Elements/Medium/Currency Bars/Coin_Amount_Medium.prefab using Guid(414882aae646f044b978ccd4baee45a1) Importer(2089858483,b0f066a214c2f5e87bad3c948f4d605d) (ScriptedImporter) -> (artifact id: '2b8e5badf78882b3443698995b56d32f') in 0.0616678 seconds
Number of updated asset objects reloaded before import = 0Number of asset objects unloaded after import = 27

========================================================================
Received Import Request.
  Time since last request: 0.000167 seconds.
  path: Assets/Photon/PhotonUnityNetworking/UtilityScripts/UI/TabViewManager.cs
  artifactKey: Guid(c94485733838d40fda441b2c0fbbec10) Importer(2089858483,b0f066a214c2f5e87bad3c948f4d605d)
Start importing Assets/Photon/PhotonUnityNetworking/UtilityScripts/UI/TabViewManager.cs using Guid(c94485733838d40fda441b2c0fbbec10) Importer(2089858483,b0f066a214c2f5e87bad3c948f4d605d) (ScriptedImporter) -> (artifact id: '1730de0a3b23b7bde686260535679d9b') in 0.0401173 seconds
Number of updated asset objects reloaded before import = 0Number of asset objects unloaded after import = 0

========================================================================
Received Import Request.
  Time since last request: 0.000048 seconds.
  path: Assets/Space Exploration/Picto_Icons/Light_Purple/ufo-32.png
  artifactKey: Guid(cff03e49801911945b7a231977c1bc76) Importer(2089858483,b0f066a214c2f5e87bad3c948f4d605d)
Start importing Assets/Space Exploration/Picto_Icons/Light_Purple/ufo-32.png using Guid(cff03e49801911945b7a231977c1bc76) Importer(2089858483,b0f066a214c2f5e87bad3c948f4d605d) (ScriptedImporter) -> (artifact id: '29d75f45474106a7cecc3497a628ab3b') in 0.0669302 seconds
Number of updated asset objects reloaded before import = 0Number of asset objects unloaded after import = 3

========================================================================
Received Import Request.
  Time since last request: 0.000031 seconds.
  path: Assets/Space Exploration/Picto_Icons/White/map-128.png
  artifactKey: Guid(e3dd1da600eabb947a8adf60316b139f) Importer(2089858483,b0f066a214c2f5e87bad3c948f4d605d)
Start importing Assets/Space Exploration/Picto_Icons/White/map-128.png using Guid(e3dd1da600eabb947a8adf60316b139f) Importer(2089858483,b0f066a214c2f5e87bad3c948f4d605d) (ScriptedImporter) -> (artifact id: '78d7c48ace22400c6b10cc3d0743689f') in 0.0736699 seconds
Number of updated asset objects reloaded before import = 0Number of asset objects unloaded after import = 3

========================================================================
Received Import Request.
  Time since last request: 0.000045 seconds.
  path: Assets/Space Exploration/Icons/chest-1-512.png
  artifactKey: Guid(04b1dc3b1423b4a4b85319e2b51d178b) Importer(2089858483,b0f066a214c2f5e87bad3c948f4d605d)
Start importing Assets/Space Exploration/Icons/chest-1-512.png using Guid(04b1dc3b1423b4a4b85319e2b51d178b) Importer(2089858483,b0f066a214c2f5e87bad3c948f4d605d) (ScriptedImporter) -> (artifact id: '0b09477d4c1d62347f243df5e50fbc12') in 0.0708694 seconds
Number of updated asset objects reloaded before import = 0Number of asset objects unloaded after import = 3

========================================================================
Received Import Request.
  Time since last request: 0.000029 seconds.
  path: Assets/Space Exploration/Picto_Icons/Dark_Purple/trash-64.png
  artifactKey: Guid(82482b5e135d0ba4b9bde2e9da448a33) Importer(2089858483,b0f066a214c2f5e87bad3c948f4d605d)
Start importing Assets/Space Exploration/Picto_Icons/Dark_Purple/trash-64.png using Guid(82482b5e135d0ba4b9bde2e9da448a33) Importer(2089858483,b0f066a214c2f5e87bad3c948f4d605d) (ScriptedImporter) -> (artifact id: 'c984f76faf15f890e053a1f806a7d1bf') in 0.0532299 seconds
Number of updated asset objects reloaded before import = 0Number of asset objects unloaded after import = 3

========================================================================
Received Import Request.
  Time since last request: 0.000048 seconds.
  path: Assets/Photon/PhotonUnityNetworking/Demos/DemoSlotRacer/Scripts/BezierCurve/Bezier.cs
  artifactKey: Guid(2b14b8c3e9cc04a13898e1e50c9f1024) Importer(2089858483,b0f066a214c2f5e87bad3c948f4d605d)
Start importing Assets/Photon/PhotonUnityNetworking/Demos/DemoSlotRacer/Scripts/BezierCurve/Bezier.cs using Guid(2b14b8c3e9cc04a13898e1e50c9f1024) Importer(2089858483,b0f066a214c2f5e87bad3c948f4d605d) (ScriptedImporter) -> (artifact id: '253fa3d31a47f9206cdc2af6cd85a75a') in 0.0341919 seconds
Number of updated asset objects reloaded before import = 0Number of asset objects unloaded after import = 0

========================================================================
Received Import Request.
  Time since last request: 0.000029 seconds.
  path: Assets/Space Exploration/Picto_Icons/White/camera-256.png
  artifactKey: Guid(ae60c12dfa8bb004aae10c3cf7fcfe35) Importer(2089858483,b0f066a214c2f5e87bad3c948f4d605d)
Start importing Assets/Space Exploration/Picto_Icons/White/camera-256.png using Guid(ae60c12dfa8bb004aae10c3cf7fcfe35) Importer(2089858483,b0f066a214c2f5e87bad3c948f4d605d) (ScriptedImporter) -> (artifact id: '973c36fe01590a5c093fd15a9f3e7c23') in 0.0508967 seconds
Number of updated asset objects reloaded before import = 0Number of asset objects unloaded after import = 3

========================================================================
Received Import Request.
  Time since last request: 0.000048 seconds.
  path: Assets/Space Exploration/Picto_Icons/Dark_Purple/skull-32.png
  artifactKey: Guid(13c5895d9d776c44794d59302abb0899) Importer(2089858483,b0f066a214c2f5e87bad3c948f4d605d)
Start importing Assets/Space Exploration/Picto_Icons/Dark_Purple/skull-32.png using Guid(13c5895d9d776c44794d59302abb0899) Importer(2089858483,b0f066a214c2f5e87bad3c948f4d605d) (ScriptedImporter) -> (artifact id: '78ef44d356393a4f28922128b151b691') in 0.196179 seconds
Number of updated asset objects reloaded before import = 0Number of asset objects unloaded after import = 3

========================================================================
Received Import Request.
  Time since last request: 0.000034 seconds.
  path: Assets/Space Exploration/Picto_Icons/White/like-64.png
  artifactKey: Guid(351970b1ba01b084a950a360607025c3) Importer(2089858483,b0f066a214c2f5e87bad3c948f4d605d)
Start importing Assets/Space Exploration/Picto_Icons/White/like-64.png using Guid(351970b1ba01b084a950a360607025c3) Importer(2089858483,b0f066a214c2f5e87bad3c948f4d605d) (ScriptedImporter) -> (artifact id: 'c6eb6421b065aa4eddae4444d83262e9') in 0.0485425 seconds
Number of updated asset objects reloaded before import = 0Number of asset objects unloaded after import = 3

========================================================================
Received Import Request.
  Time since last request: 0.000043 seconds.
  path: Assets/Space Exploration/Picto_Icons/Dark_Purple/snowflake-64.png
  artifactKey: Guid(3f06209f26bc9184b9a9eb663e2fd0c1) Importer(2089858483,b0f066a214c2f5e87bad3c948f4d605d)
Start importing Assets/Space Exploration/Picto_Icons/Dark_Purple/snowflake-64.png using Guid(3f06209f26bc9184b9a9eb663e2fd0c1) Importer(2089858483,b0f066a214c2f5e87bad3c948f4d605d) (ScriptedImporter) -> (artifact id: '0ec55a5148619631e0384b6829d73d32') in 0.0432318 seconds
Number of updated asset objects reloaded before import = 0Number of asset objects unloaded after import = 3

========================================================================
Received Import Request.
  Time since last request: 0.000037 seconds.
  path: Assets/Space Exploration/Prefabs/UI_Elements/Small/Menu Buttons/Forward_Button_Small.prefab
  artifactKey: Guid(81a0ec4cc5da373419a72ab1e0bcfc27) Importer(2089858483,b0f066a214c2f5e87bad3c948f4d605d)
Start importing Assets/Space Exploration/Prefabs/UI_Elements/Small/Menu Buttons/Forward_Button_Small.prefab using Guid(81a0ec4cc5da373419a72ab1e0bcfc27) Importer(2089858483,b0f066a214c2f5e87bad3c948f4d605d) (ScriptedImporter) -> (artifact id: '06a5c8b06ad37729d1cc9a480560347f') in 0.0903574 seconds
Number of updated asset objects reloaded before import = 0Number of asset objects unloaded after import = 13

========================================================================
Received Import Request.
  Time since last request: 0.000040 seconds.
  path: Assets/Space Exploration/Picto_Icons/White/all-white-256.png
  artifactKey: Guid(7c2cedee32859254ebd4c928836e3402) Importer(2089858483,b0f066a214c2f5e87bad3c948f4d605d)
Start importing Assets/Space Exploration/Picto_Icons/White/all-white-256.png using Guid(7c2cedee32859254ebd4c928836e3402) Importer(2089858483,b0f066a214c2f5e87bad3c948f4d605d) (ScriptedImporter) -> (artifact id: 'f4820f37caabdbd8bdeb1a69ca314e24') in 0.0643556 seconds
Number of updated asset objects reloaded before import = 0Number of asset objects unloaded after import = 3

========================================================================
Received Import Request.
  Time since last request: 0.000041 seconds.
  path: Assets/PlayFabSDK/Server/PlayFabServerAPI.cs
  artifactKey: Guid(d1e12172e1632754fa9cf42f58d7bc9e) Importer(2089858483,b0f066a214c2f5e87bad3c948f4d605d)
Start importing Assets/PlayFabSDK/Server/PlayFabServerAPI.cs using Guid(d1e12172e1632754fa9cf42f58d7bc9e) Importer(2089858483,b0f066a214c2f5e87bad3c948f4d605d) (ScriptedImporter) -> (artifact id: '06d7c14500beeee9a6f19af69f6a0628') in 0.0382444 seconds
Number of updated asset objects reloaded before import = 0Number of asset objects unloaded after import = 0

========================================================================
Received Import Request.
  Time since last request: 0.000049 seconds.
  path: Assets/Space Exploration/Picto_Icons/Light_Purple/sparkles-32.png
  artifactKey: Guid(53b3c22f4c88f4a4c8e8e9d81c75acc4) Importer(2089858483,b0f066a214c2f5e87bad3c948f4d605d)
Start importing Assets/Space Exploration/Picto_Icons/Light_Purple/sparkles-32.png using Guid(53b3c22f4c88f4a4c8e8e9d81c75acc4) Importer(2089858483,b0f066a214c2f5e87bad3c948f4d605d) (ScriptedImporter) -> (artifact id: 'b706b641deb56834f0545ec2249422b5') in 0.0536582 seconds
Number of updated asset objects reloaded before import = 0Number of asset objects unloaded after import = 3

========================================================================
Received Import Request.
  Time since last request: 0.000039 seconds.
  path: Assets/Space Exploration/Picto_Icons/White/mic-off-32.png
  artifactKey: Guid(246a6c88aba59e946bf7024c3ad7c7a6) Importer(2089858483,b0f066a214c2f5e87bad3c948f4d605d)
Start importing Assets/Space Exploration/Picto_Icons/White/mic-off-32.png using Guid(246a6c88aba59e946bf7024c3ad7c7a6) Importer(2089858483,b0f066a214c2f5e87bad3c948f4d605d) (ScriptedImporter) -> (artifact id: 'b67c2674381666187e7fe82dcbce9b18') in 0.093738 seconds
Number of updated asset objects reloaded before import = 0Number of asset objects unloaded after import = 3

========================================================================
Received Import Request.
  Time since last request: 0.000053 seconds.
  path: Assets/Space Exploration/Button_Images/Pressed_Sprites
  artifactKey: Guid(458604c5f3b04c34a801db790259cea8) Importer(2089858483,b0f066a214c2f5e87bad3c948f4d605d)
Start importing Assets/Space Exploration/Button_Images/Pressed_Sprites using Guid(458604c5f3b04c34a801db790259cea8) Importer(2089858483,b0f066a214c2f5e87bad3c948f4d605d) (ScriptedImporter) -> (artifact id: '168d1a20473ed8d55c4b255c391c8ec2') in 0.2064437 seconds
Number of updated asset objects reloaded before import = 0Number of asset objects unloaded after import = 1

========================================================================
Received Import Request.
  Time since last request: 0.000028 seconds.
  path: Assets/Space Exploration/Picto_Icons/White/rocket-64.png
  artifactKey: Guid(4dd923648eaa9a349a04263155830652) Importer(2089858483,b0f066a214c2f5e87bad3c948f4d605d)
Start importing Assets/Space Exploration/Picto_Icons/White/rocket-64.png using Guid(4dd923648eaa9a349a04263155830652) Importer(2089858483,b0f066a214c2f5e87bad3c948f4d605d) (ScriptedImporter) -> (artifact id: '782694c4c5a0440c0439076f9ee1bf2c') in 0.1137713 seconds
Number of updated asset objects reloaded before import = 0Number of asset objects unloaded after import = 3

========================================================================
Received Import Request.
  Time since last request: 0.000140 seconds.
  path: Assets/Space Exploration/Picto_Icons/Dark_Purple/upload-256.png
  artifactKey: Guid(1537f7580ca126642b52b5e6baaedefa) Importer(2089858483,b0f066a214c2f5e87bad3c948f4d605d)
Start importing Assets/Space Exploration/Picto_Icons/Dark_Purple/upload-256.png using Guid(1537f7580ca126642b52b5e6baaedefa) Importer(2089858483,b0f066a214c2f5e87bad3c948f4d605d) (ScriptedImporter) -> (artifact id: 'b387e79fbf59674620ad06c1e17b60b5') in 0.1010198 seconds
Number of updated asset objects reloaded before import = 0Number of asset objects unloaded after import = 3

========================================================================
Received Import Request.
  Time since last request: 0.000037 seconds.
  path: Assets/Free LowPoly Pack/Meshes/ColumnB_mesh.fbx
  artifactKey: Guid(5fd94bba744a8c44991c32247651bb99) Importer(2089858483,b0f066a214c2f5e87bad3c948f4d605d)
Start importing Assets/Free LowPoly Pack/Meshes/ColumnB_mesh.fbx using Guid(5fd94bba744a8c44991c32247651bb99) Importer(2089858483,b0f066a214c2f5e87bad3c948f4d605d) (ScriptedImporter) -> (artifact id: 'c2e8129014d2689547c72c16fc6cd800') in 0.1259737 seconds
Number of updated asset objects reloaded before import = 0Number of asset objects unloaded after import = 11

========================================================================
Received Import Request.
  Time since last request: 0.000132 seconds.
  path: Assets/Space Exploration/Settings_&_Menu_Components/Small/level-bar-full-small.png
  artifactKey: Guid(55222f47fc217c14787ae1bf18ad94b3) Importer(2089858483,b0f066a214c2f5e87bad3c948f4d605d)
Start importing Assets/Space Exploration/Settings_&_Menu_Components/Small/level-bar-full-small.png using Guid(55222f47fc217c14787ae1bf18ad94b3) Importer(2089858483,b0f066a214c2f5e87bad3c948f4d605d) (ScriptedImporter) -> (artifact id: '857425c4e9ea97ffdbe16225303fa13d') in 0.2087904 seconds
Number of updated asset objects reloaded before import = 0Number of asset objects unloaded after import = 3

========================================================================
Received Import Request.
  Time since last request: 0.000034 seconds.
  path: Assets/Space Exploration/Icons/star-256.png
  artifactKey: Guid(97d4750f35defe443ba3094f2000e4bf) Importer(2089858483,b0f066a214c2f5e87bad3c948f4d605d)
Start importing Assets/Space Exploration/Icons/star-256.png using Guid(97d4750f35defe443ba3094f2000e4bf) Importer(2089858483,b0f066a214c2f5e87bad3c948f4d605d) (ScriptedImporter) -> (artifact id: 'eb81d3e51f0deb4b2125b6470f3034e8') in 0.0702574 seconds
Number of updated asset objects reloaded before import = 0Number of asset objects unloaded after import = 3

========================================================================
Received Import Request.
  Time since last request: 0.000044 seconds.
  path: Assets/Photon/PhotonUnityNetworking/Demos/Shared Assets/Skin/BoxText.png
  artifactKey: Guid(761ff1491b1f86c4d924261c553ac9cc) Importer(2089858483,b0f066a214c2f5e87bad3c948f4d605d)
Start importing Assets/Photon/PhotonUnityNetworking/Demos/Shared Assets/Skin/BoxText.png using Guid(761ff1491b1f86c4d924261c553ac9cc) Importer(2089858483,b0f066a214c2f5e87bad3c948f4d605d) (ScriptedImporter) -> (artifact id: '8060a0470e78eed6874d508b64d27054') in 0.0727674 seconds
Number of updated asset objects reloaded before import = 0Number of asset objects unloaded after import = 1

========================================================================
Received Import Request.
  Time since last request: 0.000030 seconds.
  path: Assets/Space Exploration/Icons/rocket-256.png
  artifactKey: Guid(ecadb6e7354540e418ab48b6b3b1cb17) Importer(2089858483,b0f066a214c2f5e87bad3c948f4d605d)
Start importing Assets/Space Exploration/Icons/rocket-256.png using Guid(ecadb6e7354540e418ab48b6b3b1cb17) Importer(2089858483,b0f066a214c2f5e87bad3c948f4d605d) (ScriptedImporter) -> (artifact id: '4f00202ca3b0cc97d3fc246a2d764e08') in 0.0976356 seconds
Number of updated asset objects reloaded before import = 0Number of asset objects unloaded after import = 3

========================================================================
Received Import Request.
  Time since last request: 0.000055 seconds.
  path: Assets/Space Exploration/Picto_Icons/Dark_Purple/try-again-32.png
  artifactKey: Guid(2bd76669b501b9a4d9c6199f02b340a6) Importer(2089858483,b0f066a214c2f5e87bad3c948f4d605d)
Start importing Assets/Space Exploration/Picto_Icons/Dark_Purple/try-again-32.png using Guid(2bd76669b501b9a4d9c6199f02b340a6) Importer(2089858483,b0f066a214c2f5e87bad3c948f4d605d) (ScriptedImporter) -> (artifact id: '842505d09f22900c95b28929d74e7ca5') in 0.0707891 seconds
Number of updated asset objects reloaded before import = 0Number of asset objects unloaded after import = 3

========================================================================
Received Import Request.
  Time since last request: 0.000120 seconds.
  path: Assets/Space Exploration/Picto_Icons/White/pause-128.png
  artifactKey: Guid(fc03ad66d32e43244b652520a5ac0cd2) Importer(2089858483,b0f066a214c2f5e87bad3c948f4d605d)
Start importing Assets/Space Exploration/Picto_Icons/White/pause-128.png using Guid(fc03ad66d32e43244b652520a5ac0cd2) Importer(2089858483,b0f066a214c2f5e87bad3c948f4d605d) (ScriptedImporter) -> (artifact id: '69471e21c2bcfe5a0eaec9b24a7cefe9') in 0.0829887 seconds
Number of updated asset objects reloaded before import = 0Number of asset objects unloaded after import = 3

========================================================================
Received Import Request.
  Time since last request: 0.000046 seconds.
  path: Assets/Space Exploration/Picto_Icons/Dark_Purple/cross-256.png
  artifactKey: Guid(f01a5ad099046234093cb1f1af6e3d5a) Importer(2089858483,b0f066a214c2f5e87bad3c948f4d605d)
Start importing Assets/Space Exploration/Picto_Icons/Dark_Purple/cross-256.png using Guid(f01a5ad099046234093cb1f1af6e3d5a) Importer(2089858483,b0f066a214c2f5e87bad3c948f4d605d) (ScriptedImporter) -> (artifact id: '4c003c8775972986928cc98215fb56e4') in 0.0361442 seconds
Number of updated asset objects reloaded before import = 0Number of asset objects unloaded after import = 3

========================================================================
Received Import Request.
  Time since last request: 0.000029 seconds.
  path: Assets/Photon/PhotonUnityNetworking/UtilityScripts/Culling
  artifactKey: Guid(404d7999c3b78454798028d2efcb9336) Importer(2089858483,b0f066a214c2f5e87bad3c948f4d605d)
Start importing Assets/Photon/PhotonUnityNetworking/UtilityScripts/Culling using Guid(404d7999c3b78454798028d2efcb9336) Importer(2089858483,b0f066a214c2f5e87bad3c948f4d605d) (ScriptedImporter) -> (artifact id: 'b8aaef2df30bee430670108f76ce60a8') in 0.0445577 seconds
Number of updated asset objects reloaded before import = 0Number of asset objects unloaded after import = 1

========================================================================
Received Import Request.
  Time since last request: 0.000040 seconds.
  path: Assets/Space Exploration/Button_Images/Pressed_Sprites/Large/medium-pink-pressed-large.png
  artifactKey: Guid(c63a4c771d362b045a9c62d9603ee0e3) Importer(2089858483,b0f066a214c2f5e87bad3c948f4d605d)
Start importing Assets/Space Exploration/Button_Images/Pressed_Sprites/Large/medium-pink-pressed-large.png using Guid(c63a4c771d362b045a9c62d9603ee0e3) Importer(2089858483,b0f066a214c2f5e87bad3c948f4d605d) (ScriptedImporter) -> (artifact id: 'c149d7b9311fa32a7448a9e8eebf4107') in 0.0829538 seconds
Number of updated asset objects reloaded before import = 0Number of asset objects unloaded after import = 3

========================================================================
Received Import Request.
  Time since last request: 0.000037 seconds.
  path: Assets/Space Exploration/Picto_Icons/White/fast-forward-128.png
  artifactKey: Guid(f17a2b763d179a04ca63dc34ffe717d4) Importer(2089858483,b0f066a214c2f5e87bad3c948f4d605d)
Start importing Assets/Space Exploration/Picto_Icons/White/fast-forward-128.png using Guid(f17a2b763d179a04ca63dc34ffe717d4) Importer(2089858483,b0f066a214c2f5e87bad3c948f4d605d) (ScriptedImporter) -> (artifact id: '8703b89930864e41aa82e50dc7ccfc34') in 0.0533843 seconds
Number of updated asset objects reloaded before import = 0Number of asset objects unloaded after import = 3

========================================================================
Received Import Request.
  Time since last request: 0.000051 seconds.
  path: Assets/Free LowPoly Pack/Prefabs/Rooms
  artifactKey: Guid(668a67c142e0065439981911b91cfb11) Importer(2089858483,b0f066a214c2f5e87bad3c948f4d605d)
Start importing Assets/Free LowPoly Pack/Prefabs/Rooms using Guid(668a67c142e0065439981911b91cfb11) Importer(2089858483,b0f066a214c2f5e87bad3c948f4d605d) (ScriptedImporter) -> (artifact id: 'f8812b49fe2c65a491cc7819d7b43eee') in 0.0322351 seconds
Number of updated asset objects reloaded before import = 0Number of asset objects unloaded after import = 1

========================================================================
Received Import Request.
  Time since last request: 0.000034 seconds.
  path: Assets/Space Exploration/Picto_Icons/White/link-32.png
  artifactKey: Guid(552c3791a74fb814db201a09abb76ccc) Importer(2089858483,b0f066a214c2f5e87bad3c948f4d605d)
Start importing Assets/Space Exploration/Picto_Icons/White/link-32.png using Guid(552c3791a74fb814db201a09abb76ccc) Importer(2089858483,b0f066a214c2f5e87bad3c948f4d605d) (ScriptedImporter) -> (artifact id: '7163ae80634dde019d538c9ba10af8c1') in 0.051512 seconds
Number of updated asset objects reloaded before import = 0Number of asset objects unloaded after import = 3

========================================================================
Received Import Request.
  Time since last request: 0.000037 seconds.
  path: Assets/Space Exploration/Picto_Icons/Dark_Purple/shop-32.png
  artifactKey: Guid(0eb5ba93765792a45abe87c85d876628) Importer(2089858483,b0f066a214c2f5e87bad3c948f4d605d)
Start importing Assets/Space Exploration/Picto_Icons/Dark_Purple/shop-32.png using Guid(0eb5ba93765792a45abe87c85d876628) Importer(2089858483,b0f066a214c2f5e87bad3c948f4d605d) (ScriptedImporter) -> (artifact id: 'df72fff6cc1b8e72723b67f3c99d6f89') in 0.1167393 seconds
Number of updated asset objects reloaded before import = 0Number of asset objects unloaded after import = 3

========================================================================
Received Import Request.
  Time since last request: 0.000032 seconds.
  path: Assets/ProjectSettings/AudioManager.asset
  artifactKey: Guid(c222b543be69e8a47ab5ac54fd36b9c1) Importer(2089858483,b0f066a214c2f5e87bad3c948f4d605d)
Start importing Assets/ProjectSettings/AudioManager.asset using Guid(c222b543be69e8a47ab5ac54fd36b9c1) Importer(2089858483,b0f066a214c2f5e87bad3c948f4d605d) (ScriptedImporter) -> (artifact id: 'd7554077bddf0d8c467d449e54ba11c3') in 0.0680699 seconds
Number of updated asset objects reloaded before import = 0Number of asset objects unloaded after import = 1

========================================================================
Received Import Request.
  Time since last request: 0.000041 seconds.
  path: Assets/Space Exploration/Icons/gem-2-512.png
  artifactKey: Guid(e7178138fef256f4986756678b4e7bcb) Importer(2089858483,b0f066a214c2f5e87bad3c948f4d605d)
Start importing Assets/Space Exploration/Icons/gem-2-512.png using Guid(e7178138fef256f4986756678b4e7bcb) Importer(2089858483,b0f066a214c2f5e87bad3c948f4d605d) (ScriptedImporter) -> (artifact id: '47c3db8cf90425e476b755d09153c45f') in 0.1584276 seconds
Number of updated asset objects reloaded before import = 0Number of asset objects unloaded after import = 3

========================================================================
Received Import Request.
  Time since last request: 0.000029 seconds.
  path: Assets/Space Exploration/Fonts/Font Sources/static/Asap_SemiExpanded-SemiBoldItalic.ttf
  artifactKey: Guid(1de6f60990a8a99428895fdf73d092b6) Importer(2089858483,b0f066a214c2f5e87bad3c948f4d605d)
Start importing Assets/Space Exploration/Fonts/Font Sources/static/Asap_SemiExpanded-SemiBoldItalic.ttf using Guid(1de6f60990a8a99428895fdf73d092b6) Importer(2089858483,b0f066a214c2f5e87bad3c948f4d605d) (ScriptedImporter) -> (artifact id: '0d6dde2388d0a1c00c8bd65fc0eef72e') in 0.0334443 seconds
Number of updated asset objects reloaded before import = 0Number of asset objects unloaded after import = 3

========================================================================
Received Import Request.
  Time since last request: 0.000048 seconds.
  path: Assets/Space Exploration/Picto_Icons/Light_Purple/key-32.png
  artifactKey: Guid(63214969fde1b2b4aa27c41b5f905b45) Importer(2089858483,b0f066a214c2f5e87bad3c948f4d605d)
Start importing Assets/Space Exploration/Picto_Icons/Light_Purple/key-32.png using Guid(63214969fde1b2b4aa27c41b5f905b45) Importer(2089858483,b0f066a214c2f5e87bad3c948f4d605d) (ScriptedImporter) -> (artifact id: 'ebcdfbc352f62985fe51f18f6654717b') in 0.2820048 seconds
Number of updated asset objects reloaded before import = 0Number of asset objects unloaded after import = 3

========================================================================
Received Import Request.
  Time since last request: 0.000037 seconds.
  path: Assets/Space Exploration/Settings_&_Menu_Components/Large/check-box-ticked-large.png
  artifactKey: Guid(3a9e16525d2ea104a80a91b40c65d772) Importer(2089858483,b0f066a214c2f5e87bad3c948f4d605d)
Start importing Assets/Space Exploration/Settings_&_Menu_Components/Large/check-box-ticked-large.png using Guid(3a9e16525d2ea104a80a91b40c65d772) Importer(2089858483,b0f066a214c2f5e87bad3c948f4d605d) (ScriptedImporter) -> (artifact id: '915d00676bcf45b9afbeb1962ee12fd0') in 0.0760152 seconds
Number of updated asset objects reloaded before import = 0Number of asset objects unloaded after import = 3

========================================================================
Received Import Request.
  Time since last request: 0.000045 seconds.
  path: Assets/Space Exploration/Picto_Icons/Light_Purple/cross-64.png
  artifactKey: Guid(d1781ef4ab650c945be454c2e53df432) Importer(2089858483,b0f066a214c2f5e87bad3c948f4d605d)
Start importing Assets/Space Exploration/Picto_Icons/Light_Purple/cross-64.png using Guid(d1781ef4ab650c945be454c2e53df432) Importer(2089858483,b0f066a214c2f5e87bad3c948f4d605d) (ScriptedImporter) -> (artifact id: 'df9448c8562779ab162e251350e801ac') in 0.0596546 seconds
Number of updated asset objects reloaded before import = 0Number of asset objects unloaded after import = 3

========================================================================
Received Import Request.
  Time since last request: 0.000078 seconds.
  path: Assets/Space Exploration/Icons/time-128.png
  artifactKey: Guid(c4b4bc492ad6e45469e60ed5fb1b38b1) Importer(2089858483,b0f066a214c2f5e87bad3c948f4d605d)
Start importing Assets/Space Exploration/Icons/time-128.png using Guid(c4b4bc492ad6e45469e60ed5fb1b38b1) Importer(2089858483,b0f066a214c2f5e87bad3c948f4d605d) (ScriptedImporter) -> (artifact id: 'b425f49e59e697765ad322a976ed39a6') in 0.0439617 seconds
Number of updated asset objects reloaded before import = 0Number of asset objects unloaded after import = 3

========================================================================
Received Import Request.
  Time since last request: 0.000041 seconds.
  path: Assets/PlayFabEditorExtensions/Editor/Scripts/Utils/PlayFabGuiFieldHelper.cs
  artifactKey: Guid(286b8f4cdeaad154ea11e3bca31b955f) Importer(2089858483,b0f066a214c2f5e87bad3c948f4d605d)
Start importing Assets/PlayFabEditorExtensions/Editor/Scripts/Utils/PlayFabGuiFieldHelper.cs using Guid(286b8f4cdeaad154ea11e3bca31b955f) Importer(2089858483,b0f066a214c2f5e87bad3c948f4d605d) (ScriptedImporter) -> (artifact id: 'd64f619cd91c25babb6eef2175b60321') in 0.0237592 seconds
Number of updated asset objects reloaded before import = 0Number of asset objects unloaded after import = 0

========================================================================
Received Import Request.
  Time since last request: 0.000068 seconds.
  path: Assets/Space Exploration/Button_Images/Source_Image_Sprites/medium/medium-yellow-medium.png
  artifactKey: Guid(5339b9492cbaf294e9a680abde3f37cf) Importer(2089858483,b0f066a214c2f5e87bad3c948f4d605d)
Start importing Assets/Space Exploration/Button_Images/Source_Image_Sprites/medium/medium-yellow-medium.png using Guid(5339b9492cbaf294e9a680abde3f37cf) Importer(2089858483,b0f066a214c2f5e87bad3c948f4d605d) (ScriptedImporter) -> (artifact id: '561e222b0d99aaa76103bb74241bcd5b') in 0.0429931 seconds
Number of updated asset objects reloaded before import = 0Number of asset objects unloaded after import = 3

========================================================================
Received Import Request.
  Time since last request: 0.000049 seconds.
  path: Assets/Space Exploration/Settings_&_Menu_Components/Extra Large/on-deselected-extra-large.png
  artifactKey: Guid(d7e2aa96930579341a3468b801d2eac4) Importer(2089858483,b0f066a214c2f5e87bad3c948f4d605d)
Start importing Assets/Space Exploration/Settings_&_Menu_Components/Extra Large/on-deselected-extra-large.png using Guid(d7e2aa96930579341a3468b801d2eac4) Importer(2089858483,b0f066a214c2f5e87bad3c948f4d605d) (ScriptedImporter) -> (artifact id: '0f12c0d82ba1c7d215daf04cfda001a6') in 0.0510734 seconds
Number of updated asset objects reloaded before import = 0Number of asset objects unloaded after import = 3

========================================================================
Received Import Request.
  Time since last request: 0.000034 seconds.
  path: Assets/Space Exploration/Containers/Extra Large/login-remove-ads-container-extra-large.png
  artifactKey: Guid(c492473188543a342b3e2725207f471f) Importer(2089858483,b0f066a214c2f5e87bad3c948f4d605d)
Start importing Assets/Space Exploration/Containers/Extra Large/login-remove-ads-container-extra-large.png using Guid(c492473188543a342b3e2725207f471f) Importer(2089858483,b0f066a214c2f5e87bad3c948f4d605d) (ScriptedImporter) -> (artifact id: 'b47fece0ac92e303db68921ad20b4c0f') in 0.0708151 seconds
Number of updated asset objects reloaded before import = 0Number of asset objects unloaded after import = 3

========================================================================
Received Import Request.
  Time since last request: 0.000071 seconds.
  path: Assets/Space Exploration/Shop_Assets/gems-tier-1-medium.png
  artifactKey: Guid(2d7ae24a5ce508948a171c4b59db3bd1) Importer(2089858483,b0f066a214c2f5e87bad3c948f4d605d)
Start importing Assets/Space Exploration/Shop_Assets/gems-tier-1-medium.png using Guid(2d7ae24a5ce508948a171c4b59db3bd1) Importer(2089858483,b0f066a214c2f5e87bad3c948f4d605d) (ScriptedImporter) -> (artifact id: 'bd3c7a645d1a5609d3f162f80d4ce4ef') in 0.0829544 seconds
Number of updated asset objects reloaded before import = 0Number of asset objects unloaded after import = 3

========================================================================
Received Import Request.
  Time since last request: 0.000036 seconds.
  path: Assets/Space Exploration/Picto_Icons/Light_Purple/zoom-out-32.png
  artifactKey: Guid(eed3c98bebfc04a419f372eab95480db) Importer(2089858483,b0f066a214c2f5e87bad3c948f4d605d)
Start importing Assets/Space Exploration/Picto_Icons/Light_Purple/zoom-out-32.png using Guid(eed3c98bebfc04a419f372eab95480db) Importer(2089858483,b0f066a214c2f5e87bad3c948f4d605d) (ScriptedImporter) -> (artifact id: '5752a28ec233c0dc550ad8aa93ee2365') in 0.0562672 seconds
Number of updated asset objects reloaded before import = 0Number of asset objects unloaded after import = 3

========================================================================
Received Import Request.
  Time since last request: 0.000042 seconds.
  path: Assets/Photon/PhotonUnityNetworking/UtilityScripts/PhotonPlayer/Editor/PhotonUnityNetworking.Utilities.PhotonPlayer.Editor.asmdef
  artifactKey: Guid(7024f760fc566cf45a16d2c838e22b2d) Importer(2089858483,b0f066a214c2f5e87bad3c948f4d605d)
Start importing Assets/Photon/PhotonUnityNetworking/UtilityScripts/PhotonPlayer/Editor/PhotonUnityNetworking.Utilities.PhotonPlayer.Editor.asmdef using Guid(7024f760fc566cf45a16d2c838e22b2d) Importer(2089858483,b0f066a214c2f5e87bad3c948f4d605d) (ScriptedImporter) -> (artifact id: '957ba969366160dffc5013b2540c5366') in 0.0491363 seconds
Number of updated asset objects reloaded before import = 0Number of asset objects unloaded after import = 1

========================================================================
Received Import Request.
  Time since last request: 0.000040 seconds.
  path: Assets/Photon/PhotonUnityNetworking/Demos/PunCockpit/Scripts/ReadOnlyProperties/CurrentRoomAutoCleanupProperty.cs
  artifactKey: Guid(b5de4d7e09db242c4aa0d47c4416630b) Importer(2089858483,b0f066a214c2f5e87bad3c948f4d605d)
Start importing Assets/Photon/PhotonUnityNetworking/Demos/PunCockpit/Scripts/ReadOnlyProperties/CurrentRoomAutoCleanupProperty.cs using Guid(b5de4d7e09db242c4aa0d47c4416630b) Importer(2089858483,b0f066a214c2f5e87bad3c948f4d605d) (ScriptedImporter) -> (artifact id: '5afd182b174dd5fe8e5d7babe30d858b') in 0.0241798 seconds
Number of updated asset objects reloaded before import = 0Number of asset objects unloaded after import = 0

========================================================================
Received Import Request.
  Time since last request: 0.000055 seconds.
  path: Assets/Space Exploration/Picto_Icons/Dark_Purple/eat-32.png
  artifactKey: Guid(9f4feb4d437cbff45a5d4b6cc8a43ba2) Importer(2089858483,b0f066a214c2f5e87bad3c948f4d605d)
Start importing Assets/Space Exploration/Picto_Icons/Dark_Purple/eat-32.png using Guid(9f4feb4d437cbff45a5d4b6cc8a43ba2) Importer(2089858483,b0f066a214c2f5e87bad3c948f4d605d) (ScriptedImporter) -> (artifact id: 'ce56339529331eb8757d61b6956f646b') in 0.0583549 seconds
Number of updated asset objects reloaded before import = 0Number of asset objects unloaded after import = 3

========================================================================
Received Import Request.
  Time since last request: 0.000048 seconds.
  path: Assets/Space Exploration/Picto_Icons/White/settings-256.png
  artifactKey: Guid(43116d1bd53b9984580311a882cee56f) Importer(2089858483,b0f066a214c2f5e87bad3c948f4d605d)
Start importing Assets/Space Exploration/Picto_Icons/White/settings-256.png using Guid(43116d1bd53b9984580311a882cee56f) Importer(2089858483,b0f066a214c2f5e87bad3c948f4d605d) (ScriptedImporter) -> (artifact id: '302310e448c2d7056cad495856c56c11') in 0.1501897 seconds
Number of updated asset objects reloaded before import = 0Number of asset objects unloaded after import = 3

========================================================================
Received Import Request.
  Time since last request: 0.000159 seconds.
  path: Assets/Space Exploration/Rank_System_Components/Large/ranking-3rd-large 1.png
  artifactKey: Guid(84282e2547ac9b44e9c85940818d1eef) Importer(2089858483,b0f066a214c2f5e87bad3c948f4d605d)
Start importing Assets/Space Exploration/Rank_System_Components/Large/ranking-3rd-large 1.png using Guid(84282e2547ac9b44e9c85940818d1eef) Importer(2089858483,b0f066a214c2f5e87bad3c948f4d605d) (ScriptedImporter) -> (artifact id: 'c3440c271f8807b14fb25816348ef211') in 0.0917594 seconds
Number of updated asset objects reloaded before import = 0Number of asset objects unloaded after import = 3

========================================================================
Received Import Request.
  Time since last request: 0.000096 seconds.
  path: Assets/Space Exploration/Icons/uranus-64.png
  artifactKey: Guid(95a7aabfbe08d5a4b8a352eec5c83cc9) Importer(2089858483,b0f066a214c2f5e87bad3c948f4d605d)
Start importing Assets/Space Exploration/Icons/uranus-64.png using Guid(95a7aabfbe08d5a4b8a352eec5c83cc9) Importer(2089858483,b0f066a214c2f5e87bad3c948f4d605d) (ScriptedImporter) -> (artifact id: 'f2b9f55559c10da1f98cbf2cc7b60770') in 0.0472942 seconds
Number of updated asset objects reloaded before import = 0Number of asset objects unloaded after import = 3

========================================================================
Received Import Request.
  Time since last request: 0.000042 seconds.
  path: Assets/Space Exploration/Picto_Icons/Dark_Purple/trophy-2-32.png
  artifactKey: Guid(17a150f78c7ee8b4cbecf86cc5e5f650) Importer(2089858483,b0f066a214c2f5e87bad3c948f4d605d)
Start importing Assets/Space Exploration/Picto_Icons/Dark_Purple/trophy-2-32.png using Guid(17a150f78c7ee8b4cbecf86cc5e5f650) Importer(2089858483,b0f066a214c2f5e87bad3c948f4d605d) (ScriptedImporter) -> (artifact id: '1d122e4ef50ab157f6a83c811057e0c3') in 0.0560352 seconds
Number of updated asset objects reloaded before import = 0Number of asset objects unloaded after import = 3

========================================================================
Received Import Request.
  Time since last request: 0.000029 seconds.
  path: Assets/Space Exploration/Settings_&_Menu_Components/Large/on-deselected-large.png
  artifactKey: Guid(4204bae961e6ceb44b064dd90e785e0a) Importer(2089858483,b0f066a214c2f5e87bad3c948f4d605d)
Start importing Assets/Space Exploration/Settings_&_Menu_Components/Large/on-deselected-large.png using Guid(4204bae961e6ceb44b064dd90e785e0a) Importer(2089858483,b0f066a214c2f5e87bad3c948f4d605d) (ScriptedImporter) -> (artifact id: 'e8f08a58b504035dedb2264e132a09d5') in 0.04762 seconds
Number of updated asset objects reloaded before import = 0Number of asset objects unloaded after import = 3

========================================================================
Received Import Request.
  Time since last request: 0.000045 seconds.
  path: Assets/Space Exploration/Picto_Icons/Dark_Purple/sword-64.png
  artifactKey: Guid(f47120310336ca44cb682d33d01b1772) Importer(2089858483,b0f066a214c2f5e87bad3c948f4d605d)
Start importing Assets/Space Exploration/Picto_Icons/Dark_Purple/sword-64.png using Guid(f47120310336ca44cb682d33d01b1772) Importer(2089858483,b0f066a214c2f5e87bad3c948f4d605d) (ScriptedImporter) -> (artifact id: '1f643d5237de2930396657e192094829') in 0.0643575 seconds
Number of updated asset objects reloaded before import = 0Number of asset objects unloaded after import = 3

========================================================================
Received Import Request.
  Time since last request: 0.000031 seconds.
  path: Assets/Photon/PhotonUnityNetworking/Demos/DemoSlotRacer/Prefabs/SlotCar_C.prefab
  artifactKey: Guid(1fd2963e35ed24ba89705127fca0fba1) Importer(2089858483,b0f066a214c2f5e87bad3c948f4d605d)
Start importing Assets/Photon/PhotonUnityNetworking/Demos/DemoSlotRacer/Prefabs/SlotCar_C.prefab using Guid(1fd2963e35ed24ba89705127fca0fba1) Importer(2089858483,b0f066a214c2f5e87bad3c948f4d605d) (ScriptedImporter) -> (artifact id: 'fc502a28a04993ab90706aa9d1214185') in 0.0688378 seconds
Number of updated asset objects reloaded before import = 0Number of asset objects unloaded after import = 76

========================================================================
Received Import Request.
  Time since last request: 0.000047 seconds.
  path: Assets/Space Exploration/Prefabs/Buttons_Simple/Large/Blue/Square_Blue_Large_Button.prefab
  artifactKey: Guid(a8dc9cc87b5a1e4478c211d52531aec0) Importer(2089858483,b0f066a214c2f5e87bad3c948f4d605d)
Start importing Assets/Space Exploration/Prefabs/Buttons_Simple/Large/Blue/Square_Blue_Large_Button.prefab using Guid(a8dc9cc87b5a1e4478c211d52531aec0) Importer(2089858483,b0f066a214c2f5e87bad3c948f4d605d) (ScriptedImporter) -> (artifact id: '5ec7ab11a33aac094950ac99602ee26a') in 0.0947381 seconds
Number of updated asset objects reloaded before import = 0Number of asset objects unloaded after import = 18

========================================================================
Received Import Request.
  Time since last request: 0.000035 seconds.
  path: Assets/Photon/PhotonUnityNetworking/Code/Editor/CopyIconPro.png
  artifactKey: Guid(81b8e0c5ffa3345b7aa3af3a2c0257ce) Importer(2089858483,b0f066a214c2f5e87bad3c948f4d605d)
Start importing Assets/Photon/PhotonUnityNetworking/Code/Editor/CopyIconPro.png using Guid(81b8e0c5ffa3345b7aa3af3a2c0257ce) Importer(2089858483,b0f066a214c2f5e87bad3c948f4d605d) (ScriptedImporter) -> (artifact id: '4bf2dd80b6beaac1f54496e94c7d50ea') in 0.1135753 seconds
Number of updated asset objects reloaded before import = 0Number of asset objects unloaded after import = 1

========================================================================
Received Import Request.
  Time since last request: 0.000044 seconds.
  path: Assets/Space Exploration/Picto_Icons/White/home-32.png
  artifactKey: Guid(89e830171d7278549a8b109305d13059) Importer(2089858483,b0f066a214c2f5e87bad3c948f4d605d)
Start importing Assets/Space Exploration/Picto_Icons/White/home-32.png using Guid(89e830171d7278549a8b109305d13059) Importer(2089858483,b0f066a214c2f5e87bad3c948f4d605d) (ScriptedImporter) -> (artifact id: '846e028c6b03f864c0c1cb6032871c42') in 0.0595056 seconds
Number of updated asset objects reloaded before import = 0Number of asset objects unloaded after import = 3

========================================================================
Received Import Request.
  Time since last request: 0.000030 seconds.
  path: Assets/Space Exploration/Picto_Icons/White/gun-128.png
  artifactKey: Guid(ca0738651ac069b41b288836ddf85aa1) Importer(2089858483,b0f066a214c2f5e87bad3c948f4d605d)
Start importing Assets/Space Exploration/Picto_Icons/White/gun-128.png using Guid(ca0738651ac069b41b288836ddf85aa1) Importer(2089858483,b0f066a214c2f5e87bad3c948f4d605d) (ScriptedImporter) -> (artifact id: '520de0d2691ea82fa0a7a81f015e600e') in 0.0480602 seconds
Number of updated asset objects reloaded before import = 0Number of asset objects unloaded after import = 3

========================================================================
Received Import Request.
  Time since last request: 0.000068 seconds.
  path: Assets/Space Exploration/Picto_Icons/White/zoom-in-128.png
  artifactKey: Guid(9413eae8a91012946b523b77d33f7179) Importer(2089858483,b0f066a214c2f5e87bad3c948f4d605d)
Start importing Assets/Space Exploration/Picto_Icons/White/zoom-in-128.png using Guid(9413eae8a91012946b523b77d33f7179) Importer(2089858483,b0f066a214c2f5e87bad3c948f4d605d) (ScriptedImporter) -> (artifact id: 'a98ebfd6718e7cd6623a80228ffbe06e') in 0.0618725 seconds
Number of updated asset objects reloaded before import = 0Number of asset objects unloaded after import = 3

========================================================================
Received Import Request.
  Time since last request: 0.000043 seconds.
  path: Assets/Space Exploration/Fonts/Font Sources/static/Asap_Condensed-Medium.ttf
  artifactKey: Guid(b8e79ec975e367647873aa9c679d6a6f) Importer(2089858483,b0f066a214c2f5e87bad3c948f4d605d)
Start importing Assets/Space Exploration/Fonts/Font Sources/static/Asap_Condensed-Medium.ttf using Guid(b8e79ec975e367647873aa9c679d6a6f) Importer(2089858483,b0f066a214c2f5e87bad3c948f4d605d) (ScriptedImporter) -> (artifact id: '20799e0c39e3a3c441a3e819a37444aa') in 0.04233 seconds
Number of updated asset objects reloaded before import = 0Number of asset objects unloaded after import = 3

========================================================================
Received Import Request.
  Time since last request: 0.000051 seconds.
  path: Assets/Space Exploration/Button_Images/Highlighted_Sprite/small/square-pink-highlight-small.png
  artifactKey: Guid(ea2b22808e39e524685f272409cb78f0) Importer(2089858483,b0f066a214c2f5e87bad3c948f4d605d)
Start importing Assets/Space Exploration/Button_Images/Highlighted_Sprite/small/square-pink-highlight-small.png using Guid(ea2b22808e39e524685f272409cb78f0) Importer(2089858483,b0f066a214c2f5e87bad3c948f4d605d) (ScriptedImporter) -> (artifact id: 'e97a9adf91220c7b274029bac84337ec') in 0.0484275 seconds
Number of updated asset objects reloaded before import = 0Number of asset objects unloaded after import = 3

========================================================================
Received Import Request.
  Time since last request: 0.000028 seconds.
  path: Assets/Space Exploration/Picto_Icons/Light_Purple/banner-64.png
  artifactKey: Guid(8e1d9bfac5186324d96cc4e5956f2406) Importer(2089858483,b0f066a214c2f5e87bad3c948f4d605d)
Start importing Assets/Space Exploration/Picto_Icons/Light_Purple/banner-64.png using Guid(8e1d9bfac5186324d96cc4e5956f2406) Importer(2089858483,b0f066a214c2f5e87bad3c948f4d605d) (ScriptedImporter) -> (artifact id: '88073cd3a324c3ef7196f3575b0bd099') in 0.0683861 seconds
Number of updated asset objects reloaded before import = 0Number of asset objects unloaded after import = 3

========================================================================
Received Import Request.
  Time since last request: 0.000058 seconds.
  path: Assets/TextMesh Pro/Resources/Sprite Assets/EmojiOne.asset
  artifactKey: Guid(c41005c129ba4d66911b75229fd70b45) Importer(2089858483,b0f066a214c2f5e87bad3c948f4d605d)
Start importing Assets/TextMesh Pro/Resources/Sprite Assets/EmojiOne.asset using Guid(c41005c129ba4d66911b75229fd70b45) Importer(2089858483,b0f066a214c2f5e87bad3c948f4d605d) (ScriptedImporter) -> (artifact id: 'f18d4bea42860a2a359dcc9f42ed6634') in 0.0482491 seconds
Number of updated asset objects reloaded before import = 0Number of asset objects unloaded after import = 3

========================================================================
Received Import Request.
  Time since last request: 0.000032 seconds.
  path: Assets/Space Exploration/Picto_Icons/Light_Purple/sound-off-256.png
  artifactKey: Guid(be1bb67d845c70d4db603c9db2a6c82e) Importer(2089858483,b0f066a214c2f5e87bad3c948f4d605d)
Start importing Assets/Space Exploration/Picto_Icons/Light_Purple/sound-off-256.png using Guid(be1bb67d845c70d4db603c9db2a6c82e) Importer(2089858483,b0f066a214c2f5e87bad3c948f4d605d) (ScriptedImporter) -> (artifact id: 'ed32682f4cbdc7319970cb20478e6e2c') in 0.0472602 seconds
Number of updated asset objects reloaded before import = 0Number of asset objects unloaded after import = 3

========================================================================
Received Import Request.
  Time since last request: 0.000042 seconds.
  path: Assets/Space Exploration/Picto_Icons/Light_Purple/trash-32.png
  artifactKey: Guid(6819fa5713ec3e04083734d6573cf93e) Importer(2089858483,b0f066a214c2f5e87bad3c948f4d605d)
Start importing Assets/Space Exploration/Picto_Icons/Light_Purple/trash-32.png using Guid(6819fa5713ec3e04083734d6573cf93e) Importer(2089858483,b0f066a214c2f5e87bad3c948f4d605d) (ScriptedImporter) -> (artifact id: '650a3aefc30fd95ba32609563554301a') in 0.1067337 seconds
Number of updated asset objects reloaded before import = 0Number of asset objects unloaded after import = 3

========================================================================
Received Import Request.
  Time since last request: 0.000028 seconds.
  path: Assets/Space Exploration/Picto_Icons/Dark_Purple/badge-64.png
  artifactKey: Guid(cdd48b3e83356b54180958e7e9bf17eb) Importer(2089858483,b0f066a214c2f5e87bad3c948f4d605d)
Start importing Assets/Space Exploration/Picto_Icons/Dark_Purple/badge-64.png using Guid(cdd48b3e83356b54180958e7e9bf17eb) Importer(2089858483,b0f066a214c2f5e87bad3c948f4d605d) (ScriptedImporter) -> (artifact id: '19736d79678962094ec92113d277cfab') in 0.0698247 seconds
Number of updated asset objects reloaded before import = 0Number of asset objects unloaded after import = 3

========================================================================
Received Import Request.
  Time since last request: 0.000044 seconds.
  path: Assets/Space Exploration/Picto_Icons/Light_Purple/page-32.png
  artifactKey: Guid(7f11206efe78c8e44901ac89cfee236e) Importer(2089858483,b0f066a214c2f5e87bad3c948f4d605d)
Start importing Assets/Space Exploration/Picto_Icons/Light_Purple/page-32.png using Guid(7f11206efe78c8e44901ac89cfee236e) Importer(2089858483,b0f066a214c2f5e87bad3c948f4d605d) (ScriptedImporter) -> (artifact id: 'd73f1cc2030cb0f6b8d50ec07cab9551') in 0.3091049 seconds
Number of updated asset objects reloaded before import = 0Number of asset objects unloaded after import = 3

========================================================================
Received Import Request.
  Time since last request: 0.000032 seconds.
  path: Assets/Space Exploration/Picto_Icons/White/mic-256.png
  artifactKey: Guid(c61898e7a4d38644d96710ab5511d946) Importer(2089858483,b0f066a214c2f5e87bad3c948f4d605d)
Start importing Assets/Space Exploration/Picto_Icons/White/mic-256.png using Guid(c61898e7a4d38644d96710ab5511d946) Importer(2089858483,b0f066a214c2f5e87bad3c948f4d605d) (ScriptedImporter) -> (artifact id: '7aa3f45c5541a444945d47bc597618fd') in 0.0537465 seconds
Number of updated asset objects reloaded before import = 0Number of asset objects unloaded after import = 3

========================================================================
Received Import Request.
  Time since last request: 0.000092 seconds.
  path: Assets/Space Exploration/Button_Images/Highlighted_Sprite/large/extra-long-purple-highlight-large.png
  artifactKey: Guid(0977c1b78526e7b44b3f275f88c3b2cf) Importer(2089858483,b0f066a214c2f5e87bad3c948f4d605d)
Start importing Assets/Space Exploration/Button_Images/Highlighted_Sprite/large/extra-long-purple-highlight-large.png using Guid(0977c1b78526e7b44b3f275f88c3b2cf) Importer(2089858483,b0f066a214c2f5e87bad3c948f4d605d) (ScriptedImporter) -> (artifact id: '5ddd9bf6194f7dd2edbb5a3d30a9327b') in 0.0520212 seconds
Number of updated asset objects reloaded before import = 0Number of asset objects unloaded after import = 3

========================================================================
Received Import Request.
  Time since last request: 0.000034 seconds.
  path: Assets/Space Exploration/Picto_Icons/White/stop-32.png
  artifactKey: Guid(fd7ad16ff630b7046bb94a65e2f5846f) Importer(2089858483,b0f066a214c2f5e87bad3c948f4d605d)
Start importing Assets/Space Exploration/Picto_Icons/White/stop-32.png using Guid(fd7ad16ff630b7046bb94a65e2f5846f) Importer(2089858483,b0f066a214c2f5e87bad3c948f4d605d) (ScriptedImporter) -> (artifact id: '5789ca8cce836a38ddf6bf3b06f94765') in 0.0697586 seconds
Number of updated asset objects reloaded before import = 0Number of asset objects unloaded after import = 3

========================================================================
Received Import Request.
  Time since last request: 0.000046 seconds.
  path: Assets/Photon/PhotonUnityNetworking/UtilityScripts/Culling/Editor/PhotonUnityNetworking.Utilities.Culling.Editor.asmdef
  artifactKey: Guid(06dafbbe6b7b3a84f84213f47aabe7f0) Importer(2089858483,b0f066a214c2f5e87bad3c948f4d605d)
Start importing Assets/Photon/PhotonUnityNetworking/UtilityScripts/Culling/Editor/PhotonUnityNetworking.Utilities.Culling.Editor.asmdef using Guid(06dafbbe6b7b3a84f84213f47aabe7f0) Importer(2089858483,b0f066a214c2f5e87bad3c948f4d605d) (ScriptedImporter) -> (artifact id: '1848087f91429b0b017f9889a13b39b1') in 0.0423356 seconds
Number of updated asset objects reloaded before import = 0Number of asset objects unloaded after import = 1

========================================================================
Received Import Request.
  Time since last request: 0.000110 seconds.
  path: Assets/PlayFabSDK/Groups/PlayFabGroupsAPI.cs
  artifactKey: Guid(42170e999ab34f549ac03af203959176) Importer(2089858483,b0f066a214c2f5e87bad3c948f4d605d)
Start importing Assets/PlayFabSDK/Groups/PlayFabGroupsAPI.cs using Guid(42170e999ab34f549ac03af203959176) Importer(2089858483,b0f066a214c2f5e87bad3c948f4d605d) (ScriptedImporter) -> (artifact id: 'aa79090f51db67c8d3cdee54c5b15662') in 0.0265877 seconds
Number of updated asset objects reloaded before import = 0Number of asset objects unloaded after import = 0

========================================================================
Received Import Request.
  Time since last request: 0.000044 seconds.
  path: Assets/Space Exploration/Picto_Icons/Light_Purple/music-off-32.png
  artifactKey: Guid(64876f4cf36d31b4f8093d157bc920b4) Importer(2089858483,b0f066a214c2f5e87bad3c948f4d605d)
Start importing Assets/Space Exploration/Picto_Icons/Light_Purple/music-off-32.png using Guid(64876f4cf36d31b4f8093d157bc920b4) Importer(2089858483,b0f066a214c2f5e87bad3c948f4d605d) (ScriptedImporter) -> (artifact id: '236a6b93f899eb4f6fc81ae9d86a5e68') in 0.0550021 seconds
Number of updated asset objects reloaded before import = 0Number of asset objects unloaded after import = 3

========================================================================
Received Import Request.
  Time since last request: 0.000026 seconds.
  path: Assets/Photon/PhotonUnityNetworking/Demos/Shared Assets/Textures/Robot_Color.png
  artifactKey: Guid(1fbb41709a1d9334696860db720026e5) Importer(2089858483,b0f066a214c2f5e87bad3c948f4d605d)
Start importing Assets/Photon/PhotonUnityNetworking/Demos/Shared Assets/Textures/Robot_Color.png using Guid(1fbb41709a1d9334696860db720026e5) Importer(2089858483,b0f066a214c2f5e87bad3c948f4d605d) (ScriptedImporter) -> (artifact id: 'b8a1df0bf3a041142260a34953a8b98d') in 0.0581773 seconds
Number of updated asset objects reloaded before import = 0Number of asset objects unloaded after import = 1

========================================================================
Received Import Request.
  Time since last request: 0.000060 seconds.
  path: Assets/Space Exploration/Rank_System_Components/Small/ranking-container-small.png
  artifactKey: Guid(0f98eeaa9356aa2488bd359a994a790d) Importer(2089858483,b0f066a214c2f5e87bad3c948f4d605d)
Start importing Assets/Space Exploration/Rank_System_Components/Small/ranking-container-small.png using Guid(0f98eeaa9356aa2488bd359a994a790d) Importer(2089858483,b0f066a214c2f5e87bad3c948f4d605d) (ScriptedImporter) -> (artifact id: '59a11aa17a16f8f57883cc0d635dfb38') in 0.0597302 seconds
Number of updated asset objects reloaded before import = 0Number of asset objects unloaded after import = 3

========================================================================
Received Import Request.
  Time since last request: 0.000028 seconds.
  path: Assets/Space Exploration/Prefabs/Buttons_Simple/Small/Blue/Large_Blue_Small_Button.prefab
  artifactKey: Guid(e7fd8c93437002147a5a327a723ed429) Importer(2089858483,b0f066a214c2f5e87bad3c948f4d605d)
Start importing Assets/Space Exploration/Prefabs/Buttons_Simple/Small/Blue/Large_Blue_Small_Button.prefab using Guid(e7fd8c93437002147a5a327a723ed429) Importer(2089858483,b0f066a214c2f5e87bad3c948f4d605d) (ScriptedImporter) -> (artifact id: 'aac49121a00b18894b2d8ff2fa797406') in 0.0787445 seconds
Number of updated asset objects reloaded before import = 0Number of asset objects unloaded after import = 18

========================================================================
Received Import Request.
  Time since last request: 0.000044 seconds.
  path: Assets/Space Exploration/Picto_Icons/White/leaf-128.png
  artifactKey: Guid(48d164aa77cd3c746acffb30f920d91d) Importer(2089858483,b0f066a214c2f5e87bad3c948f4d605d)
Start importing Assets/Space Exploration/Picto_Icons/White/leaf-128.png using Guid(48d164aa77cd3c746acffb30f920d91d) Importer(2089858483,b0f066a214c2f5e87bad3c948f4d605d) (ScriptedImporter) -> (artifact id: 'fdd05c0e3358a51da9404f7cf5fae5bf') in 0.0475513 seconds
Number of updated asset objects reloaded before import = 0Number of asset objects unloaded after import = 3

========================================================================
Received Import Request.
  Time since last request: 0.000032 seconds.
  path: Assets/PlayFabSDK/Events/PlayFabEventsInstanceAPI.cs
  artifactKey: Guid(efc8181560ecd0748a12a6df7137998e) Importer(2089858483,b0f066a214c2f5e87bad3c948f4d605d)
Start importing Assets/PlayFabSDK/Events/PlayFabEventsInstanceAPI.cs using Guid(efc8181560ecd0748a12a6df7137998e) Importer(2089858483,b0f066a214c2f5e87bad3c948f4d605d) (ScriptedImporter) -> (artifact id: 'c66c3d5f68ffee977fce897ebaa63d29') in 0.0325056 seconds
Number of updated asset objects reloaded before import = 0Number of asset objects unloaded after import = 0

========================================================================
Received Import Request.
  Time since last request: 0.000087 seconds.
  path: Assets/Space Exploration/Prefabs/Buttons_Simple/Small/Pink/Sparkle_Large_Pink_Small_Button.prefab
  artifactKey: Guid(87b88b5a0fc83a648b7b9928015d0343) Importer(2089858483,b0f066a214c2f5e87bad3c948f4d605d)
Start importing Assets/Space Exploration/Prefabs/Buttons_Simple/Small/Pink/Sparkle_Large_Pink_Small_Button.prefab using Guid(87b88b5a0fc83a648b7b9928015d0343) Importer(2089858483,b0f066a214c2f5e87bad3c948f4d605d) (ScriptedImporter) -> (artifact id: 'aa2be8fcd8db5891c7678cb808a98f67') in 0.1276112 seconds
Number of updated asset objects reloaded before import = 0Number of asset objects unloaded after import = 18

========================================================================
Received Import Request.
  Time since last request: 0.000044 seconds.
  path: Assets/Space Exploration/Picto_Icons/Light_Purple/shrink-128.png
  artifactKey: Guid(40ff3c13eeba6ad4aa4f1e7b78bc0e2a) Importer(2089858483,b0f066a214c2f5e87bad3c948f4d605d)
Start importing Assets/Space Exploration/Picto_Icons/Light_Purple/shrink-128.png using Guid(40ff3c13eeba6ad4aa4f1e7b78bc0e2a) Importer(2089858483,b0f066a214c2f5e87bad3c948f4d605d) (ScriptedImporter) -> (artifact id: '6a4e46d0e19da12884eaf9831f1f49f8') in 0.0608242 seconds
Number of updated asset objects reloaded before import = 0Number of asset objects unloaded after import = 3

========================================================================
Received Import Request.
  Time since last request: 0.000044 seconds.
  path: Assets/Space Exploration/Picto_Icons/Light_Purple/stop-32.png
  artifactKey: Guid(cd7de87370a304b47ab9a8fb67c37d28) Importer(2089858483,b0f066a214c2f5e87bad3c948f4d605d)
Start importing Assets/Space Exploration/Picto_Icons/Light_Purple/stop-32.png using Guid(cd7de87370a304b47ab9a8fb67c37d28) Importer(2089858483,b0f066a214c2f5e87bad3c948f4d605d) (ScriptedImporter) -> (artifact id: '4c5b9b2c6ef1f2002432bc24f00721aa') in 0.060026 seconds
Number of updated asset objects reloaded before import = 0Number of asset objects unloaded after import = 3

========================================================================
Received Import Request.
  Time since last request: 0.000039 seconds.
  path: Assets/Space Exploration/Prefabs/Buttons_Simple/Extra Large/Yellow/Long_Yellow_Extra_Large_Button.prefab
  artifactKey: Guid(110930e8c50e1f3409c6fe1114942622) Importer(2089858483,b0f066a214c2f5e87bad3c948f4d605d)
Start importing Assets/Space Exploration/Prefabs/Buttons_Simple/Extra Large/Yellow/Long_Yellow_Extra_Large_Button.prefab using Guid(110930e8c50e1f3409c6fe1114942622) Importer(2089858483,b0f066a214c2f5e87bad3c948f4d605d) (ScriptedImporter) -> (artifact id: 'f52347ec1a25b2e1f09cb16cfb63299a') in 0.1301768 seconds
Number of updated asset objects reloaded before import = 0Number of asset objects unloaded after import = 18

========================================================================
Received Import Request.
  Time since last request: 0.000055 seconds.
  path: Assets/Space Exploration/Picto_Icons/Dark_Purple/@-128.png
  artifactKey: Guid(462bbaa5d7e925243a846125cd143e15) Importer(2089858483,b0f066a214c2f5e87bad3c948f4d605d)
Start importing Assets/Space Exploration/Picto_Icons/Dark_Purple/@-128.png using Guid(462bbaa5d7e925243a846125cd143e15) Importer(2089858483,b0f066a214c2f5e87bad3c948f4d605d) (ScriptedImporter) -> (artifact id: 'eec1291fec471729bfeed374245ee717') in 0.0878054 seconds
Number of updated asset objects reloaded before import = 0Number of asset objects unloaded after import = 3

========================================================================
Received Import Request.
  Time since last request: 0.000028 seconds.
  path: Assets/Space Exploration/Icons/earth-64.png
  artifactKey: Guid(c0205487681de5348bc5d7ae5b1ffda1) Importer(2089858483,b0f066a214c2f5e87bad3c948f4d605d)
Start importing Assets/Space Exploration/Icons/earth-64.png using Guid(c0205487681de5348bc5d7ae5b1ffda1) Importer(2089858483,b0f066a214c2f5e87bad3c948f4d605d) (ScriptedImporter) -> (artifact id: '956d65033a82d7c180ec22f21db078b4') in 0.0684265 seconds
Number of updated asset objects reloaded before import = 0Number of asset objects unloaded after import = 3

========================================================================
Received Import Request.
  Time since last request: 0.000045 seconds.
  path: Assets/Photon/PhotonChat/Code/IChatClientListener.cs
  artifactKey: Guid(bab7c8053b486e34aa0d4ca99dcbec80) Importer(2089858483,b0f066a214c2f5e87bad3c948f4d605d)
Start importing Assets/Photon/PhotonChat/Code/IChatClientListener.cs using Guid(bab7c8053b486e34aa0d4ca99dcbec80) Importer(2089858483,b0f066a214c2f5e87bad3c948f4d605d) (ScriptedImporter) -> (artifact id: '3f85579562f6233a33cdbc17c2f84603') in 0.0470933 seconds
Number of updated asset objects reloaded before import = 0Number of asset objects unloaded after import = 0

========================================================================
Received Import Request.
  Time since last request: 0.000039 seconds.
  path: Assets/Space Exploration/Button_Images/Pressed_Sprites/Large/large-purple-pressed-large.png
  artifactKey: Guid(73fa080c3e9ff1941aa68673ff005b55) Importer(2089858483,b0f066a214c2f5e87bad3c948f4d605d)
Start importing Assets/Space Exploration/Button_Images/Pressed_Sprites/Large/large-purple-pressed-large.png using Guid(73fa080c3e9ff1941aa68673ff005b55) Importer(2089858483,b0f066a214c2f5e87bad3c948f4d605d) (ScriptedImporter) -> (artifact id: '2b9fb1b1624cec17d92aaf19b2ba82a6') in 0.0375628 seconds
Number of updated asset objects reloaded before import = 0Number of asset objects unloaded after import = 3

========================================================================
Received Import Request.
  Time since last request: 0.000047 seconds.
  path: Assets/Space Exploration/Rank_System_Components
  artifactKey: Guid(36f35c51201ce2d40b6a3c849adcf03e) Importer(2089858483,b0f066a214c2f5e87bad3c948f4d605d)
Start importing Assets/Space Exploration/Rank_System_Components using Guid(36f35c51201ce2d40b6a3c849adcf03e) Importer(2089858483,b0f066a214c2f5e87bad3c948f4d605d) (ScriptedImporter) -> (artifact id: 'b02d8da1cd8de27aa73ff39553210653') in 0.0838121 seconds
Number of updated asset objects reloaded before import = 0Number of asset objects unloaded after import = 1

========================================================================
Received Import Request.
  Time since last request: 0.000027 seconds.
  path: Assets/Space Exploration/Grid_Components/Medium/level-highlight-medium.png
  artifactKey: Guid(e7b43d91548809d498238ed6a21c349b) Importer(2089858483,b0f066a214c2f5e87bad3c948f4d605d)
Start importing Assets/Space Exploration/Grid_Components/Medium/level-highlight-medium.png using Guid(e7b43d91548809d498238ed6a21c349b) Importer(2089858483,b0f066a214c2f5e87bad3c948f4d605d) (ScriptedImporter) -> (artifact id: '9976fd639e9c98fbb9001f38c88024c0') in 0.055228 seconds
Number of updated asset objects reloaded before import = 0Number of asset objects unloaded after import = 3

========================================================================
Received Import Request.
  Time since last request: 0.000034 seconds.
  path: Assets/Space Exploration/Settings_&_Menu_Components/Medium/drop-down-button-blank-medium.png
  artifactKey: Guid(103dc10cb3f842e4092bc9ab92b6eef9) Importer(2089858483,b0f066a214c2f5e87bad3c948f4d605d)
Start importing Assets/Space Exploration/Settings_&_Menu_Components/Medium/drop-down-button-blank-medium.png using Guid(103dc10cb3f842e4092bc9ab92b6eef9) Importer(2089858483,b0f066a214c2f5e87bad3c948f4d605d) (ScriptedImporter) -> (artifact id: '6f66c5268b50e5cd1c96f4a1de967711') in 0.032903 seconds
Number of updated asset objects reloaded before import = 0Number of asset objects unloaded after import = 3

========================================================================
Received Import Request.
  Time since last request: 0.000027 seconds.
  path: Assets/Space Exploration/Picto_Icons/White/no-wifi-64.png
  artifactKey: Guid(f4fdcde02aa51ab48ba0d78d5fc7d137) Importer(2089858483,b0f066a214c2f5e87bad3c948f4d605d)
Start importing Assets/Space Exploration/Picto_Icons/White/no-wifi-64.png using Guid(f4fdcde02aa51ab48ba0d78d5fc7d137) Importer(2089858483,b0f066a214c2f5e87bad3c948f4d605d) (ScriptedImporter) -> (artifact id: '6077f78c7b9e6ce1dd064a15d76b4b6f') in 0.0443349 seconds
Number of updated asset objects reloaded before import = 0Number of asset objects unloaded after import = 3

========================================================================
Received Import Request.
  Time since last request: 0.000045 seconds.
  path: Assets/Photon/PhotonUnityNetworking/Demos/DemoSlotRacer/Kenney Assets/Stylized city/Materials/20 - Default.mat
  artifactKey: Guid(4e1a4e79a3548164da24123dbb0f3566) Importer(2089858483,b0f066a214c2f5e87bad3c948f4d605d)
Start importing Assets/Photon/PhotonUnityNetworking/Demos/DemoSlotRacer/Kenney Assets/Stylized city/Materials/20 - Default.mat using Guid(4e1a4e79a3548164da24123dbb0f3566) Importer(2089858483,b0f066a214c2f5e87bad3c948f4d605d) (ScriptedImporter) -> (artifact id: '9c9f7d463062b6e5537f1b6075709183') in 0.0528112 seconds
Number of updated asset objects reloaded before import = 0Number of asset objects unloaded after import = 1

========================================================================
Received Import Request.
  Time since last request: 0.000035 seconds.
  path: Assets/Photon/PhotonUnityNetworking/Demos/PunCockpit/Scripts/ReadOnlyProperties/PingProperty.cs
  artifactKey: Guid(2651ec6773ffe4831b1fce07d51c186a) Importer(2089858483,b0f066a214c2f5e87bad3c948f4d605d)
Start importing Assets/Photon/PhotonUnityNetworking/Demos/PunCockpit/Scripts/ReadOnlyProperties/PingProperty.cs using Guid(2651ec6773ffe4831b1fce07d51c186a) Importer(2089858483,b0f066a214c2f5e87bad3c948f4d605d) (ScriptedImporter) -> (artifact id: '2ce1f334892b186f1ace7a23e01d888a') in 0.0223543 seconds
Number of updated asset objects reloaded before import = 0Number of asset objects unloaded after import = 0

========================================================================
Received Import Request.
  Time since last request: 0.000062 seconds.
  path: Assets/Space Exploration/Prefabs/Buttons_Simple/Extra Large/Pink/Sparkle_Large_Pink_Extra_Large_Button.prefab
  artifactKey: Guid(2d52d138ac8e8c344b19a3bc99ff5e81) Importer(2089858483,b0f066a214c2f5e87bad3c948f4d605d)
Start importing Assets/Space Exploration/Prefabs/Buttons_Simple/Extra Large/Pink/Sparkle_Large_Pink_Extra_Large_Button.prefab using Guid(2d52d138ac8e8c344b19a3bc99ff5e81) Importer(2089858483,b0f066a214c2f5e87bad3c948f4d605d) (ScriptedImporter) -> (artifact id: '1e5714df0881b0220719e3c2024fd1a0') in 0.0581457 seconds
Number of updated asset objects reloaded before import = 0Number of asset objects unloaded after import = 18

========================================================================
Received Import Request.
  Time since last request: 0.000039 seconds.
  path: Assets/Space Exploration/Rank_System_Components/Extra Large/ranking-1st-extra-large.png
  artifactKey: Guid(b7aca29f3bd270349bcafe862f459b85) Importer(2089858483,b0f066a214c2f5e87bad3c948f4d605d)
Start importing Assets/Space Exploration/Rank_System_Components/Extra Large/ranking-1st-extra-large.png using Guid(b7aca29f3bd270349bcafe862f459b85) Importer(2089858483,b0f066a214c2f5e87bad3c948f4d605d) (ScriptedImporter) -> (artifact id: '575edecc3ed85d770e4aefded0557937') in 0.0518146 seconds
Number of updated asset objects reloaded before import = 0Number of asset objects unloaded after import = 3

========================================================================
Received Import Request.
  Time since last request: 0.000044 seconds.
  path: Assets/Space Exploration/Icons/commet-512.png
  artifactKey: Guid(954936d9c3ab766469cd40e95fe4eb53) Importer(2089858483,b0f066a214c2f5e87bad3c948f4d605d)
Start importing Assets/Space Exploration/Icons/commet-512.png using Guid(954936d9c3ab766469cd40e95fe4eb53) Importer(2089858483,b0f066a214c2f5e87bad3c948f4d605d) (ScriptedImporter) -> (artifact id: '00587ac19c0956eff269bf2868db981b') in 0.0492317 seconds
Number of updated asset objects reloaded before import = 0Number of asset objects unloaded after import = 3

========================================================================
Received Import Request.
  Time since last request: 0.000048 seconds.
  path: Assets/Photon/PhotonUnityNetworking/Demos/DemoSlotRacer/Kenney Assets/Stylized city/Models/car_1.FBX
  artifactKey: Guid(1ec55baed88ac07429a52bee4c519015) Importer(2089858483,b0f066a214c2f5e87bad3c948f4d605d)
Start importing Assets/Photon/PhotonUnityNetworking/Demos/DemoSlotRacer/Kenney Assets/Stylized city/Models/car_1.FBX using Guid(1ec55baed88ac07429a52bee4c519015) Importer(2089858483,b0f066a214c2f5e87bad3c948f4d605d) (ScriptedImporter) -> (artifact id: '2a03c1ab36eee0915003c05ffc086393') in 0.0910938 seconds
Number of updated asset objects reloaded before import = 0Number of asset objects unloaded after import = 108

========================================================================
Received Import Request.
  Time since last request: 0.000046 seconds.
  path: Assets/Photon/PhotonUnityNetworking/Demos/DemoSlotRacer/Kenney Assets/Stylized city/Materials/ground_green232.mat
  artifactKey: Guid(fd4000dd854ad0e40ba2a59fab94cad1) Importer(2089858483,b0f066a214c2f5e87bad3c948f4d605d)
Start importing Assets/Photon/PhotonUnityNetworking/Demos/DemoSlotRacer/Kenney Assets/Stylized city/Materials/ground_green232.mat using Guid(fd4000dd854ad0e40ba2a59fab94cad1) Importer(2089858483,b0f066a214c2f5e87bad3c948f4d605d) (ScriptedImporter) -> (artifact id: '8a066821f4f0f86fba66a18af8ca3348') in 0.0271292 seconds
Number of updated asset objects reloaded before import = 0Number of asset objects unloaded after import = 1

========================================================================
Received Import Request.
  Time since last request: 0.000027 seconds.
  path: Assets/Space Exploration/Picto_Icons/White/trash-128.png
  artifactKey: Guid(e64845023ebd3084b810e0fd77a792bb) Importer(2089858483,b0f066a214c2f5e87bad3c948f4d605d)
Start importing Assets/Space Exploration/Picto_Icons/White/trash-128.png using Guid(e64845023ebd3084b810e0fd77a792bb) Importer(2089858483,b0f066a214c2f5e87bad3c948f4d605d) (ScriptedImporter) -> (artifact id: '02f2d8a2c485d9d9bb305937db47f204') in 0.0506557 seconds
Number of updated asset objects reloaded before import = 0Number of asset objects unloaded after import = 3

========================================================================
Received Import Request.
  Time since last request: 0.000042 seconds.
  path: Assets/Space Exploration/Picto_Icons/Light_Purple/chest-128.png
  artifactKey: Guid(9fcf0ebcfeb2b6a4ab20ba6da87fde67) Importer(2089858483,b0f066a214c2f5e87bad3c948f4d605d)
Start importing Assets/Space Exploration/Picto_Icons/Light_Purple/chest-128.png using Guid(9fcf0ebcfeb2b6a4ab20ba6da87fde67) Importer(2089858483,b0f066a214c2f5e87bad3c948f4d605d) (ScriptedImporter) -> (artifact id: '4f2cbf15bd43f5ff7aba1bb54d6748f2') in 0.0440503 seconds
Number of updated asset objects reloaded before import = 0Number of asset objects unloaded after import = 3

========================================================================
Received Import Request.
  Time since last request: 0.000027 seconds.
  path: Assets/Space Exploration/Icons/dark-ore-128.png
  artifactKey: Guid(1e3bd3be554adaf43a873e22135c3048) Importer(2089858483,b0f066a214c2f5e87bad3c948f4d605d)
Start importing Assets/Space Exploration/Icons/dark-ore-128.png using Guid(1e3bd3be554adaf43a873e22135c3048) Importer(2089858483,b0f066a214c2f5e87bad3c948f4d605d) (ScriptedImporter) -> (artifact id: 'e6b2bc3fbf65a7a9e93429cd93bd0ac9') in 0.0467934 seconds
Number of updated asset objects reloaded before import = 0Number of asset objects unloaded after import = 3

========================================================================
Received Import Request.
  Time since last request: 0.000037 seconds.
  path: Assets/Space Exploration/Button_Images/Pressed_Sprites/Medium/short-blue-pressed-medium.png
  artifactKey: Guid(efdcd277278574748b71bb3bb8c7c238) Importer(2089858483,b0f066a214c2f5e87bad3c948f4d605d)
Start importing Assets/Space Exploration/Button_Images/Pressed_Sprites/Medium/short-blue-pressed-medium.png using Guid(efdcd277278574748b71bb3bb8c7c238) Importer(2089858483,b0f066a214c2f5e87bad3c948f4d605d) (ScriptedImporter) -> (artifact id: '35f12d3aac3398fd6ae52aa8e275d0e2') in 0.0352904 seconds
Number of updated asset objects reloaded before import = 0Number of asset objects unloaded after import = 3

========================================================================
Received Import Request.
  Time since last request: 0.000029 seconds.
  path: Assets/Space Exploration/Prefabs/Buttons_Simple/Small/Pink/Long_Pink_Small_Button.prefab
  artifactKey: Guid(cc0c115f1929cb14daa9b28e73c3cd9b) Importer(2089858483,b0f066a214c2f5e87bad3c948f4d605d)
Start importing Assets/Space Exploration/Prefabs/Buttons_Simple/Small/Pink/Long_Pink_Small_Button.prefab using Guid(cc0c115f1929cb14daa9b28e73c3cd9b) Importer(2089858483,b0f066a214c2f5e87bad3c948f4d605d) (ScriptedImporter) -> (artifact id: 'b8ea8ef9ddacb5986c102fbe89c6178a') in 0.0627127 seconds
Number of updated asset objects reloaded before import = 0Number of asset objects unloaded after import = 18

========================================================================
Received Import Request.
  Time since last request: 0.000039 seconds.
  path: Assets/Space Exploration/Settings_&_Menu_Components/Small/missions-container-small.png
  artifactKey: Guid(1b11b330eb347f2419682693b7f2a3dd) Importer(2089858483,b0f066a214c2f5e87bad3c948f4d605d)
Start importing Assets/Space Exploration/Settings_&_Menu_Components/Small/missions-container-small.png using Guid(1b11b330eb347f2419682693b7f2a3dd) Importer(2089858483,b0f066a214c2f5e87bad3c948f4d605d) (ScriptedImporter) -> (artifact id: '26a7c8d9d35b1f4510210ad82d4b07c3') in 0.0455658 seconds
Number of updated asset objects reloaded before import = 0Number of asset objects unloaded after import = 3

========================================================================
Received Import Request.
  Time since last request: 0.000033 seconds.
  path: Assets/Free LowPoly Pack/Meshes/Materials/WHITE_LIGHT_mat.mat
  artifactKey: Guid(fe3d7f74bcb386249b9f331665436fd5) Importer(2089858483,b0f066a214c2f5e87bad3c948f4d605d)
Start importing Assets/Free LowPoly Pack/Meshes/Materials/WHITE_LIGHT_mat.mat using Guid(fe3d7f74bcb386249b9f331665436fd5) Importer(2089858483,b0f066a214c2f5e87bad3c948f4d605d) (ScriptedImporter) -> (artifact id: '7ff330f2c76731c926305e92b1e55247') in 0.0234375 seconds
Number of updated asset objects reloaded before import = 0Number of asset objects unloaded after import = 1

========================================================================
Received Import Request.
  Time since last request: 0.000053 seconds.
  path: Assets/Space Exploration/Grid_Components/Extra Large/level-container-extra-large.png
  artifactKey: Guid(d5065db12b41b1f489e2cd301f9ef270) Importer(2089858483,b0f066a214c2f5e87bad3c948f4d605d)
Start importing Assets/Space Exploration/Grid_Components/Extra Large/level-container-extra-large.png using Guid(d5065db12b41b1f489e2cd301f9ef270) Importer(2089858483,b0f066a214c2f5e87bad3c948f4d605d) (ScriptedImporter) -> (artifact id: 'd7d947847df34369d178e8286f1f0710') in 0.0454514 seconds
Number of updated asset objects reloaded before import = 0Number of asset objects unloaded after import = 3

========================================================================
Received Import Request.
  Time since last request: 0.000029 seconds.
  path: Assets/Space Exploration/Picto_Icons/White
  artifactKey: Guid(92542420b140d244f9d8a7cb1bbf40a3) Importer(2089858483,b0f066a214c2f5e87bad3c948f4d605d)
Start importing Assets/Space Exploration/Picto_Icons/White using Guid(92542420b140d244f9d8a7cb1bbf40a3) Importer(2089858483,b0f066a214c2f5e87bad3c948f4d605d) (ScriptedImporter) -> (artifact id: 'd11cabc1ca4471a77374a12d66e9d27f') in 0.0197631 seconds
Number of updated asset objects reloaded before import = 0Number of asset objects unloaded after import = 1

========================================================================
Received Import Request.
  Time since last request: 0.000041 seconds.
  path: Assets/Space Exploration/Icons/alien-512.png
  artifactKey: Guid(cde9988b545ddbe48a9aaa8b5578f82d) Importer(2089858483,b0f066a214c2f5e87bad3c948f4d605d)
Start importing Assets/Space Exploration/Icons/alien-512.png using Guid(cde9988b545ddbe48a9aaa8b5578f82d) Importer(2089858483,b0f066a214c2f5e87bad3c948f4d605d) (ScriptedImporter) -> (artifact id: '7ada39c88a4617e1d5ec26bfb7c0ac36') in 0.0459391 seconds
Number of updated asset objects reloaded before import = 0Number of asset objects unloaded after import = 3

========================================================================
Received Import Request.
  Time since last request: 0.000027 seconds.
  path: Assets/Space Exploration/Picto_Icons/White/home-128.png
  artifactKey: Guid(0f5e6b70ddfef764e8715d81ccb95bb2) Importer(2089858483,b0f066a214c2f5e87bad3c948f4d605d)
Start importing Assets/Space Exploration/Picto_Icons/White/home-128.png using Guid(0f5e6b70ddfef764e8715d81ccb95bb2) Importer(2089858483,b0f066a214c2f5e87bad3c948f4d605d) (ScriptedImporter) -> (artifact id: 'ccf0a8dc77ad1abcadc672f9fcc5c0e9') in 0.040065 seconds
Number of updated asset objects reloaded before import = 0Number of asset objects unloaded after import = 3

========================================================================
Received Import Request.
  Time since last request: 0.000041 seconds.
  path: Assets/Space Exploration/Picto_Icons/Light_Purple/like-256.png
  artifactKey: Guid(92d896b9e38fa6548b322e51e96307f6) Importer(2089858483,b0f066a214c2f5e87bad3c948f4d605d)
Start importing Assets/Space Exploration/Picto_Icons/Light_Purple/like-256.png using Guid(92d896b9e38fa6548b322e51e96307f6) Importer(2089858483,b0f066a214c2f5e87bad3c948f4d605d) (ScriptedImporter) -> (artifact id: 'c7edcbfc527e881345abb198b8f79518') in 0.0448818 seconds
Number of updated asset objects reloaded before import = 0Number of asset objects unloaded after import = 3

========================================================================
Received Import Request.
  Time since last request: 0.000028 seconds.
  path: Assets/Space Exploration/Picto_Icons/Light_Purple/music-128.png
  artifactKey: Guid(98f638436c3efbd44a367d65aac39ef3) Importer(2089858483,b0f066a214c2f5e87bad3c948f4d605d)
Start importing Assets/Space Exploration/Picto_Icons/Light_Purple/music-128.png using Guid(98f638436c3efbd44a367d65aac39ef3) Importer(2089858483,b0f066a214c2f5e87bad3c948f4d605d) (ScriptedImporter) -> (artifact id: '70d0b32a1c04fdeb2e368d7c049a5d3a') in 0.0438544 seconds
Number of updated asset objects reloaded before import = 0Number of asset objects unloaded after import = 3

========================================================================
Received Import Request.
  Time since last request: 0.000041 seconds.
  path: Assets/Photon/PhotonLibs/Photon3Unity3D.dll
  artifactKey: Guid(aadb37a20a33632429047acaef43658a) Importer(2089858483,b0f066a214c2f5e87bad3c948f4d605d)
Start importing Assets/Photon/PhotonLibs/Photon3Unity3D.dll using Guid(aadb37a20a33632429047acaef43658a) Importer(2089858483,b0f066a214c2f5e87bad3c948f4d605d) (ScriptedImporter) -> (artifact id: '50fb58470b178462b5e58b61494be4e2') in 0.0252287 seconds
Number of updated asset objects reloaded before import = 0Number of asset objects unloaded after import = 0

========================================================================
Received Import Request.
  Time since last request: 0.000031 seconds.
  path: Assets/Photon/PhotonChat/Demos/Demo Chat
  artifactKey: Guid(bae955485736a2e4e81d400a75a2f703) Importer(2089858483,b0f066a214c2f5e87bad3c948f4d605d)
Start importing Assets/Photon/PhotonChat/Demos/Demo Chat using Guid(bae955485736a2e4e81d400a75a2f703) Importer(2089858483,b0f066a214c2f5e87bad3c948f4d605d) (ScriptedImporter) -> (artifact id: 'f58fa3c5eb06bdab11f75880ca0d5871') in 0.0216927 seconds
Number of updated asset objects reloaded before import = 0Number of asset objects unloaded after import = 1

========================================================================
Received Import Request.
  Time since last request: 0.000034 seconds.
  path: Assets/Space Exploration/Prefabs/Buttons_Simple/Small/Yellow/Long_Yellow_Small_Button.prefab
  artifactKey: Guid(169a1b8feae6ee54e9ec76766c1b3bd1) Importer(2089858483,b0f066a214c2f5e87bad3c948f4d605d)
Start importing Assets/Space Exploration/Prefabs/Buttons_Simple/Small/Yellow/Long_Yellow_Small_Button.prefab using Guid(169a1b8feae6ee54e9ec76766c1b3bd1) Importer(2089858483,b0f066a214c2f5e87bad3c948f4d605d) (ScriptedImporter) -> (artifact id: '03c47ba0498d88f65ec1c6499f61866a') in 0.0568068 seconds
Number of updated asset objects reloaded before import = 0Number of asset objects unloaded after import = 18

========================================================================
Received Import Request.
  Time since last request: 0.000039 seconds.
  path: Assets/Space Exploration/Prefabs/Buttons_Simple/Large/Blue/Short_Blue_Large_Button.prefab
  artifactKey: Guid(1493116a7a14f2f439e9e828b2060666) Importer(2089858483,b0f066a214c2f5e87bad3c948f4d605d)
Start importing Assets/Space Exploration/Prefabs/Buttons_Simple/Large/Blue/Short_Blue_Large_Button.prefab using Guid(1493116a7a14f2f439e9e828b2060666) Importer(2089858483,b0f066a214c2f5e87bad3c948f4d605d) (ScriptedImporter) -> (artifact id: '40dab79db64fe2e689319af1469836bc') in 0.0564687 seconds
Number of updated asset objects reloaded before import = 0Number of asset objects unloaded after import = 18

========================================================================
Received Import Request.
  Time since last request: 0.000028 seconds.
  path: Assets/Space Exploration/Picto_Icons/Dark_Purple/calendar-128.png
  artifactKey: Guid(009dfe70b2ccadc48bace6ac27f9c203) Importer(2089858483,b0f066a214c2f5e87bad3c948f4d605d)
Start importing Assets/Space Exploration/Picto_Icons/Dark_Purple/calendar-128.png using Guid(009dfe70b2ccadc48bace6ac27f9c203) Importer(2089858483,b0f066a214c2f5e87bad3c948f4d605d) (ScriptedImporter) -> (artifact id: '377e02f8d8d41b03f28fd85010931b06') in 0.0483866 seconds
Number of updated asset objects reloaded before import = 0Number of asset objects unloaded after import = 3

========================================================================
Received Import Request.
  Time since last request: 0.000044 seconds.
  path: Assets/Photon/PhotonRealtime/Code/Unity/PhotonAppSettings.cs
  artifactKey: Guid(a389b614f52fbf347a1533dbbf245033) Importer(2089858483,b0f066a214c2f5e87bad3c948f4d605d)
Start importing Assets/Photon/PhotonRealtime/Code/Unity/PhotonAppSettings.cs using Guid(a389b614f52fbf347a1533dbbf245033) Importer(2089858483,b0f066a214c2f5e87bad3c948f4d605d) (ScriptedImporter) -> (artifact id: '5e29d7ce4297e89ddce9298fc6085962') in 0.0252458 seconds
Number of updated asset objects reloaded before import = 0Number of asset objects unloaded after import = 0

========================================================================
Received Import Request.
  Time since last request: 0.000023 seconds.
  path: Assets/Space Exploration/Icons/gem-2-128.png
  artifactKey: Guid(1d59b7dda7d42a647828152b18df4a23) Importer(2089858483,b0f066a214c2f5e87bad3c948f4d605d)
Start importing Assets/Space Exploration/Icons/gem-2-128.png using Guid(1d59b7dda7d42a647828152b18df4a23) Importer(2089858483,b0f066a214c2f5e87bad3c948f4d605d) (ScriptedImporter) -> (artifact id: '6998957fca40eb19fedd5b0899b46a2e') in 0.0491731 seconds
Number of updated asset objects reloaded before import = 0Number of asset objects unloaded after import = 3

========================================================================
Received Import Request.
  Time since last request: 0.000026 seconds.
  path: Assets/Space Exploration/Picto_Icons/Dark_Purple/all-dark-purple-64.png
  artifactKey: Guid(bde85e331ef368a4dbb753778771ca09) Importer(2089858483,b0f066a214c2f5e87bad3c948f4d605d)
Start importing Assets/Space Exploration/Picto_Icons/Dark_Purple/all-dark-purple-64.png using Guid(bde85e331ef368a4dbb753778771ca09) Importer(2089858483,b0f066a214c2f5e87bad3c948f4d605d) (ScriptedImporter) -> (artifact id: '7a6243c8c5bc0242fc0e042693d8b011') in 0.0485426 seconds
Number of updated asset objects reloaded before import = 0Number of asset objects unloaded after import = 3

========================================================================
Received Import Request.
  Time since last request: 0.000054 seconds.
  path: Assets/Photon/PhotonUnityNetworking/Demos/DemoHub/Sprites/OutlinedSquaredBox.png
  artifactKey: Guid(c222cd02c447941edb09ecb6433229ce) Importer(2089858483,b0f066a214c2f5e87bad3c948f4d605d)
Start importing Assets/Photon/PhotonUnityNetworking/Demos/DemoHub/Sprites/OutlinedSquaredBox.png using Guid(c222cd02c447941edb09ecb6433229ce) Importer(2089858483,b0f066a214c2f5e87bad3c948f4d605d) (ScriptedImporter) -> (artifact id: '50a47c4a5fb3e89c76b119c4f682beef') in 0.0298044 seconds
Number of updated asset objects reloaded before import = 0Number of asset objects unloaded after import = 3

========================================================================
Received Import Request.
  Time since last request: 0.000025 seconds.
  path: Assets/Space Exploration/Picto_Icons/Light_Purple/no-wifi-32.png
  artifactKey: Guid(429de09f6f46efd4e834454931f8ee79) Importer(2089858483,b0f066a214c2f5e87bad3c948f4d605d)
Start importing Assets/Space Exploration/Picto_Icons/Light_Purple/no-wifi-32.png using Guid(429de09f6f46efd4e834454931f8ee79) Importer(2089858483,b0f066a214c2f5e87bad3c948f4d605d) (ScriptedImporter) -> (artifact id: '3d706296962a997f9ae0daace84d7c7e') in 0.0841957 seconds
Number of updated asset objects reloaded before import = 0Number of asset objects unloaded after import = 3

========================================================================
Received Import Request.
  Time since last request: 0.000052 seconds.
  path: Assets/Space Exploration/Picto_Icons/White/ranking-256.png
  artifactKey: Guid(2a3e9ec9aee6fad4e9a5514ad969bd18) Importer(2089858483,b0f066a214c2f5e87bad3c948f4d605d)
Start importing Assets/Space Exploration/Picto_Icons/White/ranking-256.png using Guid(2a3e9ec9aee6fad4e9a5514ad969bd18) Importer(2089858483,b0f066a214c2f5e87bad3c948f4d605d) (ScriptedImporter) -> (artifact id: '3c669b00ea3cef351144baa1dd6c4c73') in 0.2302402 seconds
Number of updated asset objects reloaded before import = 0Number of asset objects unloaded after import = 3

========================================================================
Received Import Request.
  Time since last request: 0.000038 seconds.
  path: Assets/Space Exploration/Containers/Medium/pause-container-medium.png
  artifactKey: Guid(590d490b2b69c6b4a9fd65144443799c) Importer(2089858483,b0f066a214c2f5e87bad3c948f4d605d)
Start importing Assets/Space Exploration/Containers/Medium/pause-container-medium.png using Guid(590d490b2b69c6b4a9fd65144443799c) Importer(2089858483,b0f066a214c2f5e87bad3c948f4d605d) (ScriptedImporter) -> (artifact id: 'e261adcb03c5eb279a7bb2eb3b93c4cc') in 0.0448705 seconds
Number of updated asset objects reloaded before import = 0Number of asset objects unloaded after import = 3

========================================================================
Received Import Request.
  Time since last request: 0.000029 seconds.
  path: Assets/Space Exploration/Prefabs/UI_Elements/Small/Menu Buttons/Claim_Button_Small.prefab
  artifactKey: Guid(e1dd70074dcf0fb46bdbb8a34e4075db) Importer(2089858483,b0f066a214c2f5e87bad3c948f4d605d)
Start importing Assets/Space Exploration/Prefabs/UI_Elements/Small/Menu Buttons/Claim_Button_Small.prefab using Guid(e1dd70074dcf0fb46bdbb8a34e4075db) Importer(2089858483,b0f066a214c2f5e87bad3c948f4d605d) (ScriptedImporter) -> (artifact id: '539d0dc3a5506574b75f025401f266ae') in 0.0540954 seconds
Number of updated asset objects reloaded before import = 0Number of asset objects unloaded after import = 18

========================================================================
Received Import Request.
  Time since last request: 0.000036 seconds.
  path: Assets/Space Exploration/Picto_Icons/Light_Purple/cloud-256.png
  artifactKey: Guid(a8b254d6c64061940ba49975176ede46) Importer(2089858483,b0f066a214c2f5e87bad3c948f4d605d)
Start importing Assets/Space Exploration/Picto_Icons/Light_Purple/cloud-256.png using Guid(a8b254d6c64061940ba49975176ede46) Importer(2089858483,b0f066a214c2f5e87bad3c948f4d605d) (ScriptedImporter) -> (artifact id: '46a59938b47f20fc971f4c162922c12f') in 0.0434174 seconds
Number of updated asset objects reloaded before import = 0Number of asset objects unloaded after import = 3

========================================================================
Received Import Request.
  Time since last request: 0.000026 seconds.
  path: Assets/Space Exploration/Picto_Icons/Light_Purple/eat-64.png
  artifactKey: Guid(e2a427e03f22a5a42a9771948579193e) Importer(2089858483,b0f066a214c2f5e87bad3c948f4d605d)
Start importing Assets/Space Exploration/Picto_Icons/Light_Purple/eat-64.png using Guid(e2a427e03f22a5a42a9771948579193e) Importer(2089858483,b0f066a214c2f5e87bad3c948f4d605d) (ScriptedImporter) -> (artifact id: '87ef0a19bb1c65407ec0ea4f2e3fae86') in 0.0446303 seconds
Number of updated asset objects reloaded before import = 0Number of asset objects unloaded after import = 3

========================================================================
Received Import Request.
  Time since last request: 0.000029 seconds.
  path: Assets/Space Exploration/Prefabs/Buttons_Simple/Medium/Blue/Blue_Medium_Button.prefab
  artifactKey: Guid(f917e1ecfe09da04a854762c28c555e1) Importer(2089858483,b0f066a214c2f5e87bad3c948f4d605d)
Start importing Assets/Space Exploration/Prefabs/Buttons_Simple/Medium/Blue/Blue_Medium_Button.prefab using Guid(f917e1ecfe09da04a854762c28c555e1) Importer(2089858483,b0f066a214c2f5e87bad3c948f4d605d) (ScriptedImporter) -> (artifact id: 'd2874f59849f3b8804e500ee74b37410') in 0.0613139 seconds
Number of updated asset objects reloaded before import = 0Number of asset objects unloaded after import = 18

========================================================================
Received Import Request.
  Time since last request: 0.000039 seconds.
  path: Assets/Space Exploration/Picto_Icons/White/zoom-in-32.png
  artifactKey: Guid(e982d3ea0628ebd4d84f7a3b077f0bc2) Importer(2089858483,b0f066a214c2f5e87bad3c948f4d605d)
Start importing Assets/Space Exploration/Picto_Icons/White/zoom-in-32.png using Guid(e982d3ea0628ebd4d84f7a3b077f0bc2) Importer(2089858483,b0f066a214c2f5e87bad3c948f4d605d) (ScriptedImporter) -> (artifact id: '776cd2167e108d5c3dee972998ada1e6') in 0.0414001 seconds
Number of updated asset objects reloaded before import = 0Number of asset objects unloaded after import = 3

========================================================================
Received Import Request.
  Time since last request: 0.000031 seconds.
  path: Assets/Photon/PhotonUnityNetworking/UtilityScripts/UI/TextButtonTransition.cs
  artifactKey: Guid(9d234639538a34b8d9e3cc6362a7afd0) Importer(2089858483,b0f066a214c2f5e87bad3c948f4d605d)
Start importing Assets/Photon/PhotonUnityNetworking/UtilityScripts/UI/TextButtonTransition.cs using Guid(9d234639538a34b8d9e3cc6362a7afd0) Importer(2089858483,b0f066a214c2f5e87bad3c948f4d605d) (ScriptedImporter) -> (artifact id: '1b4232357a8c473702cd6c3221cc7ca8') in 0.0195861 seconds
Number of updated asset objects reloaded before import = 0Number of asset objects unloaded after import = 0

========================================================================
Received Import Request.
  Time since last request: 0.000043 seconds.
  path: Assets/Space Exploration/Picto_Icons/White/right-256.png
  artifactKey: Guid(5cfb68fd17151904fa87ac137b7c0c61) Importer(2089858483,b0f066a214c2f5e87bad3c948f4d605d)
Start importing Assets/Space Exploration/Picto_Icons/White/right-256.png using Guid(5cfb68fd17151904fa87ac137b7c0c61) Importer(2089858483,b0f066a214c2f5e87bad3c948f4d605d) (ScriptedImporter) -> (artifact id: '0ecd0a1b5d656fff83475519e6fa0b18') in 0.0308975 seconds
Number of updated asset objects reloaded before import = 0Number of asset objects unloaded after import = 3

========================================================================
Received Import Request.
  Time since last request: 0.000023 seconds.
  path: Assets/Space Exploration/Picto_Icons/White/bluetooth-256.png
  artifactKey: Guid(aec0779daef5c3a4b99046e1eaac9eea) Importer(2089858483,b0f066a214c2f5e87bad3c948f4d605d)
Start importing Assets/Space Exploration/Picto_Icons/White/bluetooth-256.png using Guid(aec0779daef5c3a4b99046e1eaac9eea) Importer(2089858483,b0f066a214c2f5e87bad3c948f4d605d) (ScriptedImporter) -> (artifact id: '1cedc047828d8ec8ea62d80a2d95e180') in 0.0420501 seconds
Number of updated asset objects reloaded before import = 0Number of asset objects unloaded after import = 3

========================================================================
Received Import Request.
  Time since last request: 0.000028 seconds.
  path: Assets/TextMesh Pro/Shaders/TMP_Sprite.shader
  artifactKey: Guid(cf81c85f95fe47e1a27f6ae460cf182c) Importer(2089858483,b0f066a214c2f5e87bad3c948f4d605d)
Start importing Assets/TextMesh Pro/Shaders/TMP_Sprite.shader using Guid(cf81c85f95fe47e1a27f6ae460cf182c) Importer(2089858483,b0f066a214c2f5e87bad3c948f4d605d) (ScriptedImporter) -> (artifact id: 'c5705f4dfba62787134f96410f34d597') in 0.0252028 seconds
Number of updated asset objects reloaded before import = 0Number of asset objects unloaded after import = 1

========================================================================
Received Import Request.
  Time since last request: 0.000036 seconds.
  path: Assets/Space Exploration/Prefabs/Buttons_Simple/Large/Pink/Square_Pink_Large_Button.prefab
  artifactKey: Guid(437de1e938741674dad72a7baeb87862) Importer(2089858483,b0f066a214c2f5e87bad3c948f4d605d)
Start importing Assets/Space Exploration/Prefabs/Buttons_Simple/Large/Pink/Square_Pink_Large_Button.prefab using Guid(437de1e938741674dad72a7baeb87862) Importer(2089858483,b0f066a214c2f5e87bad3c948f4d605d) (ScriptedImporter) -> (artifact id: '0d1262175eb41f75b78c72e0cfd676c0') in 0.0598359 seconds
Number of updated asset objects reloaded before import = 0Number of asset objects unloaded after import = 18

========================================================================
Received Import Request.
  Time since last request: 0.000031 seconds.
  path: Assets/Photon/PhotonRealtime/Code/Unity/Editor/Wizard/resources/icons_welcome/documentation.png
  artifactKey: Guid(7d6ce7da11bf9aa4f98abcc9eb237a08) Importer(2089858483,b0f066a214c2f5e87bad3c948f4d605d)
Start importing Assets/Photon/PhotonRealtime/Code/Unity/Editor/Wizard/resources/icons_welcome/documentation.png using Guid(7d6ce7da11bf9aa4f98abcc9eb237a08) Importer(2089858483,b0f066a214c2f5e87bad3c948f4d605d) (ScriptedImporter) -> (artifact id: 'eeaa9513190401915af866d62d9425ca') in 0.0415709 seconds
Number of updated asset objects reloaded before import = 0Number of asset objects unloaded after import = 1

========================================================================
Received Import Request.
  Time since last request: 0.000041 seconds.
  path: Assets/Space Exploration/Button_Images/Highlighted_Sprite/small/short-purple-highlight-small.png
  artifactKey: Guid(77f6d06a6cea5e046b0d628b3f7665cb) Importer(2089858483,b0f066a214c2f5e87bad3c948f4d605d)
Start importing Assets/Space Exploration/Button_Images/Highlighted_Sprite/small/short-purple-highlight-small.png using Guid(77f6d06a6cea5e046b0d628b3f7665cb) Importer(2089858483,b0f066a214c2f5e87bad3c948f4d605d) (ScriptedImporter) -> (artifact id: 'aeafb2816c9bf2082318fd585a21c929') in 0.0401872 seconds
Number of updated asset objects reloaded before import = 0Number of asset objects unloaded after import = 3

========================================================================
Received Import Request.
  Time since last request: 0.000025 seconds.
  path: Assets/Space Exploration/Picto_Icons/Light_Purple/commet-256.png
  artifactKey: Guid(0170b487591bb4d45a06efa0f2ece202) Importer(2089858483,b0f066a214c2f5e87bad3c948f4d605d)
Start importing Assets/Space Exploration/Picto_Icons/Light_Purple/commet-256.png using Guid(0170b487591bb4d45a06efa0f2ece202) Importer(2089858483,b0f066a214c2f5e87bad3c948f4d605d) (ScriptedImporter) -> (artifact id: 'f1cc0e0fe74a897b871640290f4fa52d') in 0.0493795 seconds
Number of updated asset objects reloaded before import = 0Number of asset objects unloaded after import = 3

========================================================================
Received Import Request.
  Time since last request: 0.000025 seconds.
  path: Assets/Space Exploration/Other_Images/Large/cloud-1-large.png
  artifactKey: Guid(fa8dcccb2d07c664a9ab68e488383cfc) Importer(2089858483,b0f066a214c2f5e87bad3c948f4d605d)
Start importing Assets/Space Exploration/Other_Images/Large/cloud-1-large.png using Guid(fa8dcccb2d07c664a9ab68e488383cfc) Importer(2089858483,b0f066a214c2f5e87bad3c948f4d605d) (ScriptedImporter) -> (artifact id: 'c4fc20801c475f81a86fd0692672be88') in 0.0443647 seconds
Number of updated asset objects reloaded before import = 0Number of asset objects unloaded after import = 3

========================================================================
Received Import Request.
  Time since last request: 0.000041 seconds.
  path: Assets/Space Exploration/Picto_Icons/Dark_Purple/rocket-64.png
  artifactKey: Guid(b1cb9881abf792a40956e52fe62f9d81) Importer(2089858483,b0f066a214c2f5e87bad3c948f4d605d)
Start importing Assets/Space Exploration/Picto_Icons/Dark_Purple/rocket-64.png using Guid(b1cb9881abf792a40956e52fe62f9d81) Importer(2089858483,b0f066a214c2f5e87bad3c948f4d605d) (ScriptedImporter) -> (artifact id: '87229db28dfe02a422793c0bb3fc7008') in 0.0439916 seconds
Number of updated asset objects reloaded before import = 0Number of asset objects unloaded after import = 3

========================================================================
Received Import Request.
  Time since last request: 0.000022 seconds.
  path: Assets/Space Exploration/Picto_Icons/White/+-256.png
  artifactKey: Guid(e8437bf6dd780074fbd4fc279e5f096c) Importer(2089858483,b0f066a214c2f5e87bad3c948f4d605d)
Start importing Assets/Space Exploration/Picto_Icons/White/+-256.png using Guid(e8437bf6dd780074fbd4fc279e5f096c) Importer(2089858483,b0f066a214c2f5e87bad3c948f4d605d) (ScriptedImporter) -> (artifact id: '33f0e61b3df46a93b59261c2fede38b3') in 0.0371377 seconds
Number of updated asset objects reloaded before import = 0Number of asset objects unloaded after import = 3

========================================================================
Received Import Request.
  Time since last request: 0.000027 seconds.
  path: Assets/Space Exploration/Picto_Icons/Light_Purple/settings-32.png
  artifactKey: Guid(f16b107937d199148a46ce9aa26d8676) Importer(2089858483,b0f066a214c2f5e87bad3c948f4d605d)
Start importing Assets/Space Exploration/Picto_Icons/Light_Purple/settings-32.png using Guid(f16b107937d199148a46ce9aa26d8676) Importer(2089858483,b0f066a214c2f5e87bad3c948f4d605d) (ScriptedImporter) -> (artifact id: '94350688f7a7a92e11709b95d7964296') in 0.222277 seconds
Number of updated asset objects reloaded before import = 0Number of asset objects unloaded after import = 3

========================================================================
Received Import Request.
  Time since last request: 0.000038 seconds.
  path: Assets/Space Exploration/Picto_Icons/White/stop-64.png
  artifactKey: Guid(6ae487334f150894882fda6f6a99a2e6) Importer(2089858483,b0f066a214c2f5e87bad3c948f4d605d)
Start importing Assets/Space Exploration/Picto_Icons/White/stop-64.png using Guid(6ae487334f150894882fda6f6a99a2e6) Importer(2089858483,b0f066a214c2f5e87bad3c948f4d605d) (ScriptedImporter) -> (artifact id: 'f9be80d4bfe270aafb70a31c00277d0f') in 0.0379614 seconds
Number of updated asset objects reloaded before import = 0Number of asset objects unloaded after import = 3

========================================================================
Received Import Request.
  Time since last request: 0.000024 seconds.
  path: Assets/Space Exploration/Shop_Assets/gems-tier-2-large.png
  artifactKey: Guid(77cc157854eb9874192dd43e014ee48c) Importer(2089858483,b0f066a214c2f5e87bad3c948f4d605d)
Start importing Assets/Space Exploration/Shop_Assets/gems-tier-2-large.png using Guid(77cc157854eb9874192dd43e014ee48c) Importer(2089858483,b0f066a214c2f5e87bad3c948f4d605d) (ScriptedImporter) -> (artifact id: 'c0938e59d8dc44388ab7a819c918f8e0') in 0.0419571 seconds
Number of updated asset objects reloaded before import = 0Number of asset objects unloaded after import = 3

========================================================================
Received Import Request.
  Time since last request: 0.000032 seconds.
  path: Assets/Space Exploration/Picto_Icons/Light_Purple/trophy-64.png
  artifactKey: Guid(71cdaddf171d6ab40b3f2d57e43f5db4) Importer(2089858483,b0f066a214c2f5e87bad3c948f4d605d)
Start importing Assets/Space Exploration/Picto_Icons/Light_Purple/trophy-64.png using Guid(71cdaddf171d6ab40b3f2d57e43f5db4) Importer(2089858483,b0f066a214c2f5e87bad3c948f4d605d) (ScriptedImporter) -> (artifact id: '5f1de067a49e780ce50539fee3c2c95b') in 0.0429488 seconds
Number of updated asset objects reloaded before import = 0Number of asset objects unloaded after import = 3

========================================================================
Received Import Request.
  Time since last request: 0.000040 seconds.
  path: Assets/Space Exploration/Picto_Icons/Light_Purple/add-person-128.png
  artifactKey: Guid(7a3e6d993dcaec940ade772dcd40c66c) Importer(2089858483,b0f066a214c2f5e87bad3c948f4d605d)
Start importing Assets/Space Exploration/Picto_Icons/Light_Purple/add-person-128.png using Guid(7a3e6d993dcaec940ade772dcd40c66c) Importer(2089858483,b0f066a214c2f5e87bad3c948f4d605d) (ScriptedImporter) -> (artifact id: '15efc15a652ed2ecb2cbebb87c991af8') in 0.0460118 seconds
Number of updated asset objects reloaded before import = 0Number of asset objects unloaded after import = 3

========================================================================
Received Import Request.
  Time since last request: 0.000024 seconds.
  path: Assets/Space Exploration/Picto_Icons/Light_Purple/left-arrow-64.png
  artifactKey: Guid(b59b741331f10b04397b2ad42211b2c1) Importer(2089858483,b0f066a214c2f5e87bad3c948f4d605d)
Start importing Assets/Space Exploration/Picto_Icons/Light_Purple/left-arrow-64.png using Guid(b59b741331f10b04397b2ad42211b2c1) Importer(2089858483,b0f066a214c2f5e87bad3c948f4d605d) (ScriptedImporter) -> (artifact id: '8d612c7f1e9a387404d1ed80dda16859') in 0.0436234 seconds
Number of updated asset objects reloaded before import = 0Number of asset objects unloaded after import = 3

========================================================================
Received Import Request.
  Time since last request: 0.000039 seconds.
  path: Assets/Space Exploration/Button_Images/Source_Image_Sprites/medium/short-pink-medium.png
  artifactKey: Guid(b9c19a07df98dc34fb33e186e1919a57) Importer(2089858483,b0f066a214c2f5e87bad3c948f4d605d)
Start importing Assets/Space Exploration/Button_Images/Source_Image_Sprites/medium/short-pink-medium.png using Guid(b9c19a07df98dc34fb33e186e1919a57) Importer(2089858483,b0f066a214c2f5e87bad3c948f4d605d) (ScriptedImporter) -> (artifact id: '1f3d08ca62ecf847d5613e1828bc134e') in 0.0289305 seconds
Number of updated asset objects reloaded before import = 0Number of asset objects unloaded after import = 3

========================================================================
Received Import Request.
  Time since last request: 0.000043 seconds.
  path: Assets/Space Exploration/Settings_&_Menu_Components/Extra Large/level-bar-full-extra-large.png
  artifactKey: Guid(a16d084c9f3b41b409a50c26f9fab46a) Importer(2089858483,b0f066a214c2f5e87bad3c948f4d605d)
Start importing Assets/Space Exploration/Settings_&_Menu_Components/Extra Large/level-bar-full-extra-large.png using Guid(a16d084c9f3b41b409a50c26f9fab46a) Importer(2089858483,b0f066a214c2f5e87bad3c948f4d605d) (ScriptedImporter) -> (artifact id: 'ae50397ad7572b00b2de416db56fe384') in 0.042509 seconds
Number of updated asset objects reloaded before import = 0Number of asset objects unloaded after import = 3

========================================================================
Received Import Request.
  Time since last request: 0.000029 seconds.
  path: Assets/Space Exploration/Picto_Icons/White/door-256.png
  artifactKey: Guid(56e5b3f3ec527ef4286b852abd042826) Importer(2089858483,b0f066a214c2f5e87bad3c948f4d605d)
Start importing Assets/Space Exploration/Picto_Icons/White/door-256.png using Guid(56e5b3f3ec527ef4286b852abd042826) Importer(2089858483,b0f066a214c2f5e87bad3c948f4d605d) (ScriptedImporter) -> (artifact id: '47e4a754d9757f7873ae1fa11d15cf0d') in 0.040643 seconds
Number of updated asset objects reloaded before import = 0Number of asset objects unloaded after import = 4

========================================================================
Received Import Request.
  Time since last request: 0.000032 seconds.
  path: Assets/Space Exploration/Picto_Icons/Light_Purple/down-arrow-32.png
  artifactKey: Guid(9d63907fc103e9c499e5912ce626d286) Importer(2089858483,b0f066a214c2f5e87bad3c948f4d605d)
Start importing Assets/Space Exploration/Picto_Icons/Light_Purple/down-arrow-32.png using Guid(9d63907fc103e9c499e5912ce626d286) Importer(2089858483,b0f066a214c2f5e87bad3c948f4d605d) (ScriptedImporter) -> (artifact id: '1fea785cb84bf54feb7abfd2bfed5832') in 0.0672399 seconds
Number of updated asset objects reloaded before import = 0Number of asset objects unloaded after import = 3

========================================================================
Received Import Request.
  Time since last request: 0.000063 seconds.
  path: Assets/Space Exploration/Button_Images/Highlighted_Sprite/medium/medium-pink-highlight-medium.png
  artifactKey: Guid(bb516cb91b551784f872716d12e76efa) Importer(2089858483,b0f066a214c2f5e87bad3c948f4d605d)
Start importing Assets/Space Exploration/Button_Images/Highlighted_Sprite/medium/medium-pink-highlight-medium.png using Guid(bb516cb91b551784f872716d12e76efa) Importer(2089858483,b0f066a214c2f5e87bad3c948f4d605d) (ScriptedImporter) -> (artifact id: '42af8ee93a26474254c3c231ca8acc0a') in 0.0315392 seconds
Number of updated asset objects reloaded before import = 0Number of asset objects unloaded after import = 3

========================================================================
Received Import Request.
  Time since last request: 0.000026 seconds.
  path: Assets/Space Exploration/Icons
  artifactKey: Guid(4be4f2c1347f81840b7843c4becac3f8) Importer(2089858483,b0f066a214c2f5e87bad3c948f4d605d)
Start importing Assets/Space Exploration/Icons using Guid(4be4f2c1347f81840b7843c4becac3f8) Importer(2089858483,b0f066a214c2f5e87bad3c948f4d605d) (ScriptedImporter) -> (artifact id: '9cdc9935c9148b6271cbed8708f434ed') in 0.021281 seconds
Number of updated asset objects reloaded before import = 0Number of asset objects unloaded after import = 1

========================================================================
Received Import Request.
  Time since last request: 0.000038 seconds.
  path: Assets/Space Exploration/Picto_Icons/Light_Purple/astronaut-256.png
  artifactKey: Guid(c4ae4ca02c55b8b46859611ba7c9688f) Importer(2089858483,b0f066a214c2f5e87bad3c948f4d605d)
Start importing Assets/Space Exploration/Picto_Icons/Light_Purple/astronaut-256.png using Guid(c4ae4ca02c55b8b46859611ba7c9688f) Importer(2089858483,b0f066a214c2f5e87bad3c948f4d605d) (ScriptedImporter) -> (artifact id: 'be46c0b7bfecb2827370143e0b69742e') in 0.0400986 seconds
Number of updated asset objects reloaded before import = 0Number of asset objects unloaded after import = 3

========================================================================
Received Import Request.
  Time since last request: 0.000037 seconds.
  path: Assets/Space Exploration/Settings_&_Menu_Components/Medium/short-button-flat-purple-locked-medium.png
  artifactKey: Guid(ae61db536b3b461458fb80dd2d209e56) Importer(2089858483,b0f066a214c2f5e87bad3c948f4d605d)
Start importing Assets/Space Exploration/Settings_&_Menu_Components/Medium/short-button-flat-purple-locked-medium.png using Guid(ae61db536b3b461458fb80dd2d209e56) Importer(2089858483,b0f066a214c2f5e87bad3c948f4d605d) (ScriptedImporter) -> (artifact id: 'ad9a35d350f154166a7f52ada824cacf') in 0.0317263 seconds
Number of updated asset objects reloaded before import = 0Number of asset objects unloaded after import = 3

========================================================================
Received Import Request.
  Time since last request: 0.000028 seconds.
  path: Assets/Photon/PhotonChat/Demos/Demo Chat/Code/Utilities/EnableOnStart.cs
  artifactKey: Guid(8555b4060b53841439f2c0c6f10db6ff) Importer(2089858483,b0f066a214c2f5e87bad3c948f4d605d)
Start importing Assets/Photon/PhotonChat/Demos/Demo Chat/Code/Utilities/EnableOnStart.cs using Guid(8555b4060b53841439f2c0c6f10db6ff) Importer(2089858483,b0f066a214c2f5e87bad3c948f4d605d) (ScriptedImporter) -> (artifact id: '0efc503fe0f640acd8c89e5b22b28bb6') in 0.0195417 seconds
Number of updated asset objects reloaded before import = 0Number of asset objects unloaded after import = 0

========================================================================
Received Import Request.
  Time since last request: 0.000087 seconds.
  path: Assets/Space Exploration/Settings_&_Menu_Components/Extra Large/username-password-container-selected-deselected-extra-large.png
  artifactKey: Guid(cd5f0955fed516f4785d7a9c3ec096f8) Importer(2089858483,b0f066a214c2f5e87bad3c948f4d605d)
Start importing Assets/Space Exploration/Settings_&_Menu_Components/Extra Large/username-password-container-selected-deselected-extra-large.png using Guid(cd5f0955fed516f4785d7a9c3ec096f8) Importer(2089858483,b0f066a214c2f5e87bad3c948f4d605d) (ScriptedImporter) -> (artifact id: '95eba33698ff7b8156a0aa37310a6261') in 0.0339573 seconds
Number of updated asset objects reloaded before import = 0Number of asset objects unloaded after import = 3

========================================================================
Received Import Request.
  Time since last request: 0.000037 seconds.
  path: Assets/Space Exploration/Settings_&_Menu_Components/Extra Large/on-selected-extra-large.png
  artifactKey: Guid(7db5909dfaab39b45b376f86c6dff774) Importer(2089858483,b0f066a214c2f5e87bad3c948f4d605d)
Start importing Assets/Space Exploration/Settings_&_Menu_Components/Extra Large/on-selected-extra-large.png using Guid(7db5909dfaab39b45b376f86c6dff774) Importer(2089858483,b0f066a214c2f5e87bad3c948f4d605d) (ScriptedImporter) -> (artifact id: '4bf708dde5f3873ada83054d40e12688') in 0.0304856 seconds
Number of updated asset objects reloaded before import = 0Number of asset objects unloaded after import = 3

========================================================================
Received Import Request.
  Time since last request: 0.000024 seconds.
  path: Assets/Space Exploration/Button_Images/Source_Image_Sprites/small/medium-yellow-small.png
  artifactKey: Guid(af22c2079df613540a249ae462bf73e3) Importer(2089858483,b0f066a214c2f5e87bad3c948f4d605d)
Start importing Assets/Space Exploration/Button_Images/Source_Image_Sprites/small/medium-yellow-small.png using Guid(af22c2079df613540a249ae462bf73e3) Importer(2089858483,b0f066a214c2f5e87bad3c948f4d605d) (ScriptedImporter) -> (artifact id: '26d80b3928af7b53baf20c018baabbb8') in 0.0288576 seconds
Number of updated asset objects reloaded before import = 0Number of asset objects unloaded after import = 3

========================================================================
Received Import Request.
  Time since last request: 0.000030 seconds.
  path: Assets/Space Exploration/Picto_Icons/White/person-64.png
  artifactKey: Guid(3192e0061b5b4644ab81667a892c7aee) Importer(2089858483,b0f066a214c2f5e87bad3c948f4d605d)
Start importing Assets/Space Exploration/Picto_Icons/White/person-64.png using Guid(3192e0061b5b4644ab81667a892c7aee) Importer(2089858483,b0f066a214c2f5e87bad3c948f4d605d) (ScriptedImporter) -> (artifact id: '230a42b205d34ee7c1fa6d968f5e2702') in 0.0382724 seconds
Number of updated asset objects reloaded before import = 0Number of asset objects unloaded after import = 3

========================================================================
Received Import Request.
  Time since last request: 0.000039 seconds.
  path: Assets/Space Exploration/Picto_Icons/Light_Purple/--32.png
  artifactKey: Guid(e30bed14e611f6640a4e1709a22949d3) Importer(2089858483,b0f066a214c2f5e87bad3c948f4d605d)
Start importing Assets/Space Exploration/Picto_Icons/Light_Purple/--32.png using Guid(e30bed14e611f6640a4e1709a22949d3) Importer(2089858483,b0f066a214c2f5e87bad3c948f4d605d) (ScriptedImporter) -> (artifact id: 'a5783dcec1e0736aeddc9901f942fd50') in 0.0442649 seconds
Number of updated asset objects reloaded before import = 0Number of asset objects unloaded after import = 3

========================================================================
Received Import Request.
  Time since last request: 0.000028 seconds.
  path: Assets/Space Exploration/Picto_Icons/Light_Purple/ring-128.png
  artifactKey: Guid(a9c1d2cb88a358445a7543972f850c72) Importer(2089858483,b0f066a214c2f5e87bad3c948f4d605d)
Start importing Assets/Space Exploration/Picto_Icons/Light_Purple/ring-128.png using Guid(a9c1d2cb88a358445a7543972f850c72) Importer(2089858483,b0f066a214c2f5e87bad3c948f4d605d) (ScriptedImporter) -> (artifact id: '3ea09f2a357b59f6c8ade08f19746b38') in 0.042201 seconds
Number of updated asset objects reloaded before import = 0Number of asset objects unloaded after import = 3

========================================================================
Received Import Request.
  Time since last request: 0.000037 seconds.
  path: Assets/Space Exploration/Grid_Components/Extra Large/level-highlight-extra-large 1.png
  artifactKey: Guid(c71f8697cb761f8479d76f0a739a6e8e) Importer(2089858483,b0f066a214c2f5e87bad3c948f4d605d)
Start importing Assets/Space Exploration/Grid_Components/Extra Large/level-highlight-extra-large 1.png using Guid(c71f8697cb761f8479d76f0a739a6e8e) Importer(2089858483,b0f066a214c2f5e87bad3c948f4d605d) (ScriptedImporter) -> (artifact id: 'e74220d735c00a5507b6e0bece8fefef') in 0.0433624 seconds
Number of updated asset objects reloaded before import = 0Number of asset objects unloaded after import = 3

========================================================================
Received Import Request.
  Time since last request: 0.000028 seconds.
  path: Assets/Space Exploration/Icons/potion-pink-3-256.png
  artifactKey: Guid(2687508ad23848843b7ed8882b710a95) Importer(2089858483,b0f066a214c2f5e87bad3c948f4d605d)
Start importing Assets/Space Exploration/Icons/potion-pink-3-256.png using Guid(2687508ad23848843b7ed8882b710a95) Importer(2089858483,b0f066a214c2f5e87bad3c948f4d605d) (ScriptedImporter) -> (artifact id: '8eb316fa1c1b0a8eee6811648ec3eff5') in 0.0449334 seconds
Number of updated asset objects reloaded before import = 0Number of asset objects unloaded after import = 3

========================================================================
Received Import Request.
  Time since last request: 0.000031 seconds.
  path: Assets/Photon/PhotonUnityNetworking/Demos/DemoSlotRacer/Kenney Assets/Racing Kit/Models/billboardLower.fbx
  artifactKey: Guid(271d69ba92e5ec94eaa3779f0ea4ce47) Importer(2089858483,b0f066a214c2f5e87bad3c948f4d605d)
Start importing Assets/Photon/PhotonUnityNetworking/Demos/DemoSlotRacer/Kenney Assets/Racing Kit/Models/billboardLower.fbx using Guid(271d69ba92e5ec94eaa3779f0ea4ce47) Importer(2089858483,b0f066a214c2f5e87bad3c948f4d605d) (ScriptedImporter) -> (artifact id: '325792a2308ff16df47332be1046afc1') in 0.0445797 seconds
Number of updated asset objects reloaded before import = 0Number of asset objects unloaded after import = 12

========================================================================
Received Import Request.
  Time since last request: 0.000042 seconds.
  path: Assets/Space Exploration/Picto_Icons/White/--128.png
  artifactKey: Guid(ed0bc8cd41f91174fb5eff00e69d5caf) Importer(2089858483,b0f066a214c2f5e87bad3c948f4d605d)
Start importing Assets/Space Exploration/Picto_Icons/White/--128.png using Guid(ed0bc8cd41f91174fb5eff00e69d5caf) Importer(2089858483,b0f066a214c2f5e87bad3c948f4d605d) (ScriptedImporter) -> (artifact id: '97414f097667841f21ce520537eec130') in 0.0397525 seconds
Number of updated asset objects reloaded before import = 0Number of asset objects unloaded after import = 3

========================================================================
Received Import Request.
  Time since last request: 0.000025 seconds.
  path: Assets/Space Exploration/Picto_Icons/White/trash-32.png
  artifactKey: Guid(2665822bf46e11345b7d9d070800f2f0) Importer(2089858483,b0f066a214c2f5e87bad3c948f4d605d)
Start importing Assets/Space Exploration/Picto_Icons/White/trash-32.png using Guid(2665822bf46e11345b7d9d070800f2f0) Importer(2089858483,b0f066a214c2f5e87bad3c948f4d605d) (ScriptedImporter) -> (artifact id: '865ab19f485a4b4e4565909f99e6af5c') in 0.0678196 seconds
Number of updated asset objects reloaded before import = 0Number of asset objects unloaded after import = 3

========================================================================
Received Import Request.
  Time since last request: 0.000027 seconds.
  path: Assets/Space Exploration/Picto_Icons/White/pause-64.png
  artifactKey: Guid(fe7500d2b981f2946b74020b45e122d4) Importer(2089858483,b0f066a214c2f5e87bad3c948f4d605d)
Start importing Assets/Space Exploration/Picto_Icons/White/pause-64.png using Guid(fe7500d2b981f2946b74020b45e122d4) Importer(2089858483,b0f066a214c2f5e87bad3c948f4d605d) (ScriptedImporter) -> (artifact id: '11c1273985989cc4edba620d030cb4b3') in 0.0431204 seconds
Number of updated asset objects reloaded before import = 0Number of asset objects unloaded after import = 3

========================================================================
Received Import Request.
  Time since last request: 0.000037 seconds.
  path: Assets/PlayFabSDK/Progression/PlayFabProgressionInstanceAPI.cs
  artifactKey: Guid(9b633860fe71fc24dacbbfe3f943e227) Importer(2089858483,b0f066a214c2f5e87bad3c948f4d605d)
Start importing Assets/PlayFabSDK/Progression/PlayFabProgressionInstanceAPI.cs using Guid(9b633860fe71fc24dacbbfe3f943e227) Importer(2089858483,b0f066a214c2f5e87bad3c948f4d605d) (ScriptedImporter) -> (artifact id: '217d6248cf19a6c03f0d260066df0025') in 0.018296 seconds
Number of updated asset objects reloaded before import = 0Number of asset objects unloaded after import = 0

========================================================================
Received Import Request.
  Time since last request: 0.000032 seconds.
  path: Assets/Space Exploration/Settings_&_Menu_Components/Large/drop-down-divider-large.png
  artifactKey: Guid(354625e4f7795914aa424f7cc380845b) Importer(2089858483,b0f066a214c2f5e87bad3c948f4d605d)
Start importing Assets/Space Exploration/Settings_&_Menu_Components/Large/drop-down-divider-large.png using Guid(354625e4f7795914aa424f7cc380845b) Importer(2089858483,b0f066a214c2f5e87bad3c948f4d605d) (ScriptedImporter) -> (artifact id: 'f2f1785a88e7c6876b68eacbe08e5fa7') in 0.0284972 seconds
Number of updated asset objects reloaded before import = 0Number of asset objects unloaded after import = 3

========================================================================
Received Import Request.
  Time since last request: 0.000111 seconds.
  path: Assets/Photon/PhotonUnityNetworking/Demos/DemoAsteroids/Models
  artifactKey: Guid(ffc8b1d9f846b0f4d9e60bafe6e61a83) Importer(2089858483,b0f066a214c2f5e87bad3c948f4d605d)
Start importing Assets/Photon/PhotonUnityNetworking/Demos/DemoAsteroids/Models using Guid(ffc8b1d9f846b0f4d9e60bafe6e61a83) Importer(2089858483,b0f066a214c2f5e87bad3c948f4d605d) (ScriptedImporter) -> (artifact id: 'a317059ec05f20cba7b8f6e7b1c253e4') in 0.0184238 seconds
Number of updated asset objects reloaded before import = 0Number of asset objects unloaded after import = 1

========================================================================
Received Import Request.
  Time since last request: 0.000113 seconds.
  path: Assets/PlayFabEditorExtensions/Editor/Resources/Microsoft.Identity.Client.dll
  artifactKey: Guid(628e779ffb5c3884ea0277201ef91d55) Importer(2089858483,b0f066a214c2f5e87bad3c948f4d605d)
Start importing Assets/PlayFabEditorExtensions/Editor/Resources/Microsoft.Identity.Client.dll using Guid(628e779ffb5c3884ea0277201ef91d55) Importer(2089858483,b0f066a214c2f5e87bad3c948f4d605d) (ScriptedImporter) -> (artifact id: '1c2d791fe72f6298645031cad44a1030') in 0.0195297 seconds
Number of updated asset objects reloaded before import = 0Number of asset objects unloaded after import = 0

========================================================================
Received Import Request.
  Time since last request: 0.000032 seconds.
  path: Assets/Space Exploration/Icons/mercury-256.png
  artifactKey: Guid(8eff535aa648bf34da32bf1bbc5c9317) Importer(2089858483,b0f066a214c2f5e87bad3c948f4d605d)
Start importing Assets/Space Exploration/Icons/mercury-256.png using Guid(8eff535aa648bf34da32bf1bbc5c9317) Importer(2089858483,b0f066a214c2f5e87bad3c948f4d605d) (ScriptedImporter) -> (artifact id: 'bc2b3955b7b1274bcf375e993fdcb9d2') in 0.0420138 seconds
Number of updated asset objects reloaded before import = 0Number of asset objects unloaded after import = 3

========================================================================
Received Import Request.
  Time since last request: 0.000029 seconds.
  path: Assets/Space Exploration/Grid_Components/Medium/level-up-icon-container-medium.png
  artifactKey: Guid(9ee223886707f864aa8bca67df737a5e) Importer(2089858483,b0f066a214c2f5e87bad3c948f4d605d)
Start importing Assets/Space Exploration/Grid_Components/Medium/level-up-icon-container-medium.png using Guid(9ee223886707f864aa8bca67df737a5e) Importer(2089858483,b0f066a214c2f5e87bad3c948f4d605d) (ScriptedImporter) -> (artifact id: 'ac623cf252d89821d8a76701533bb6e7') in 0.038783 seconds
Number of updated asset objects reloaded before import = 0Number of asset objects unloaded after import = 3

========================================================================
Received Import Request.
  Time since last request: 0.000040 seconds.
  path: Assets/Space Exploration/Button_Images/Source_Image_Sprites/large/short-purple-large.png
  artifactKey: Guid(99b5d53c34d0dfa44827c2d700cdbedf) Importer(2089858483,b0f066a214c2f5e87bad3c948f4d605d)
Start importing Assets/Space Exploration/Button_Images/Source_Image_Sprites/large/short-purple-large.png using Guid(99b5d53c34d0dfa44827c2d700cdbedf) Importer(2089858483,b0f066a214c2f5e87bad3c948f4d605d) (ScriptedImporter) -> (artifact id: '09661b7826f21208ee8a641a8f76f5c2') in 0.030239 seconds
Number of updated asset objects reloaded before import = 0Number of asset objects unloaded after import = 3

========================================================================
Received Import Request.
  Time since last request: 0.000033 seconds.
  path: Assets/Space Exploration/Picto_Icons/Light_Purple/calendar-64.png
  artifactKey: Guid(e06d77b1e26a92d4aba76cfd92bb653f) Importer(2089858483,b0f066a214c2f5e87bad3c948f4d605d)
Start importing Assets/Space Exploration/Picto_Icons/Light_Purple/calendar-64.png using Guid(e06d77b1e26a92d4aba76cfd92bb653f) Importer(2089858483,b0f066a214c2f5e87bad3c948f4d605d) (ScriptedImporter) -> (artifact id: 'b142b669935efec252c92fa5bd360777') in 0.0478501 seconds
Number of updated asset objects reloaded before import = 0Number of asset objects unloaded after import = 3

========================================================================
Received Import Request.
  Time since last request: 0.000030 seconds.
  path: Assets/Space Exploration/Picto_Icons/White/unlock-256.png
  artifactKey: Guid(3b6424d2141840145b1ae796c6d9b2e1) Importer(2089858483,b0f066a214c2f5e87bad3c948f4d605d)
Start importing Assets/Space Exploration/Picto_Icons/White/unlock-256.png using Guid(3b6424d2141840145b1ae796c6d9b2e1) Importer(2089858483,b0f066a214c2f5e87bad3c948f4d605d) (ScriptedImporter) -> (artifact id: '52583f70ccacfa347844767fa083de9e') in 0.0505863 seconds
Number of updated asset objects reloaded before import = 0Number of asset objects unloaded after import = 3

========================================================================
Received Import Request.
  Time since last request: 0.000040 seconds.
  path: Assets/Space Exploration/Prefabs/Buttons_Simple/Large/Yellow
  artifactKey: Guid(62bee872d9054004a89ebbf3420935c9) Importer(2089858483,b0f066a214c2f5e87bad3c948f4d605d)
Start importing Assets/Space Exploration/Prefabs/Buttons_Simple/Large/Yellow using Guid(62bee872d9054004a89ebbf3420935c9) Importer(2089858483,b0f066a214c2f5e87bad3c948f4d605d) (ScriptedImporter) -> (artifact id: '4233444beb4896aeae99f3d9051f7788') in 0.0185114 seconds
Number of updated asset objects reloaded before import = 0Number of asset objects unloaded after import = 1

========================================================================
Received Import Request.
  Time since last request: 0.000022 seconds.
  path: Assets/Space Exploration/Icons/new-moon-256.png
  artifactKey: Guid(2cf76e4d41dc5ed4bab286bc4cd0548f) Importer(2089858483,b0f066a214c2f5e87bad3c948f4d605d)
Start importing Assets/Space Exploration/Icons/new-moon-256.png using Guid(2cf76e4d41dc5ed4bab286bc4cd0548f) Importer(2089858483,b0f066a214c2f5e87bad3c948f4d605d) (ScriptedImporter) -> (artifact id: '9f0c5bc2f48b6dd6bcfc7f2e4cc6bffe') in 0.0496661 seconds
Number of updated asset objects reloaded before import = 0Number of asset objects unloaded after import = 3

========================================================================
Received Import Request.
  Time since last request: 0.000030 seconds.
  path: Assets/Space Exploration/Icons/potion-green-2-64.png
  artifactKey: Guid(7a23a1ce21c3f284b92857a5325b6ff5) Importer(2089858483,b0f066a214c2f5e87bad3c948f4d605d)
Start importing Assets/Space Exploration/Icons/potion-green-2-64.png using Guid(7a23a1ce21c3f284b92857a5325b6ff5) Importer(2089858483,b0f066a214c2f5e87bad3c948f4d605d) (ScriptedImporter) -> (artifact id: '2a2a657f7aa2e0fa3521e0816046ba2b') in 0.039114 seconds
Number of updated asset objects reloaded before import = 0Number of asset objects unloaded after import = 3

========================================================================
Received Import Request.
  Time since last request: 0.000035 seconds.
  path: Assets/Photon/PhotonUnityNetworking/UtilityScripts/Prototyping
  artifactKey: Guid(e10fe700b1a744ec78575843923fe6d7) Importer(2089858483,b0f066a214c2f5e87bad3c948f4d605d)
Start importing Assets/Photon/PhotonUnityNetworking/UtilityScripts/Prototyping using Guid(e10fe700b1a744ec78575843923fe6d7) Importer(2089858483,b0f066a214c2f5e87bad3c948f4d605d) (ScriptedImporter) -> (artifact id: '95e26bc05fd0dd3e0c569a6ba50fa696') in 0.0194508 seconds
Number of updated asset objects reloaded before import = 0Number of asset objects unloaded after import = 1

========================================================================
Received Import Request.
  Time since last request: 0.000027 seconds.
  path: Assets/PlayFabSDK/Client/PlayFabClientModels.cs
  artifactKey: Guid(3a0a4ef9b600e6540b14561880293235) Importer(2089858483,b0f066a214c2f5e87bad3c948f4d605d)
Start importing Assets/PlayFabSDK/Client/PlayFabClientModels.cs using Guid(3a0a4ef9b600e6540b14561880293235) Importer(2089858483,b0f066a214c2f5e87bad3c948f4d605d) (ScriptedImporter) -> (artifact id: 'd4fb1d4f6ab7577370740a3d5b47d29a') in 0.0201335 seconds
Number of updated asset objects reloaded before import = 0Number of asset objects unloaded after import = 0

========================================================================
Received Import Request.
  Time since last request: 0.000029 seconds.
  path: Assets/Space Exploration/Button_Images/Highlighted_Sprite/small/medium-blue-highlight-small.png
  artifactKey: Guid(9b7b42fce84c0334c8731dd1f6081f0f) Importer(2089858483,b0f066a214c2f5e87bad3c948f4d605d)
Start importing Assets/Space Exploration/Button_Images/Highlighted_Sprite/small/medium-blue-highlight-small.png using Guid(9b7b42fce84c0334c8731dd1f6081f0f) Importer(2089858483,b0f066a214c2f5e87bad3c948f4d605d) (ScriptedImporter) -> (artifact id: '9abdde27c63ac8be019c3f42b03335a4') in 0.0272051 seconds
Number of updated asset objects reloaded before import = 0Number of asset objects unloaded after import = 3

========================================================================
Received Import Request.
  Time since last request: 0.000039 seconds.
  path: Assets/Space Exploration/Prefabs/Buttons_Simple/Medium/Purple
  artifactKey: Guid(5606a021034e76043aa5657adb523158) Importer(2089858483,b0f066a214c2f5e87bad3c948f4d605d)
Start importing Assets/Space Exploration/Prefabs/Buttons_Simple/Medium/Purple using Guid(5606a021034e76043aa5657adb523158) Importer(2089858483,b0f066a214c2f5e87bad3c948f4d605d) (ScriptedImporter) -> (artifact id: '32a5c1f4eea753b6ddde966937cd1cd3') in 0.0188249 seconds
Number of updated asset objects reloaded before import = 0Number of asset objects unloaded after import = 1

========================================================================
Received Import Request.
  Time since last request: 0.000041 seconds.
  path: Assets/Space Exploration/Icons/plant-256.png
  artifactKey: Guid(d6ad7004907a67948a85bb2e5239608e) Importer(2089858483,b0f066a214c2f5e87bad3c948f4d605d)
Start importing Assets/Space Exploration/Icons/plant-256.png using Guid(d6ad7004907a67948a85bb2e5239608e) Importer(2089858483,b0f066a214c2f5e87bad3c948f4d605d) (ScriptedImporter) -> (artifact id: '824f4f270c8fa88c73ce1f975cdaaf90') in 0.0761691 seconds
Number of updated asset objects reloaded before import = 0Number of asset objects unloaded after import = 3

========================================================================
Received Import Request.
  Time since last request: 0.000033 seconds.
  path: Assets/Space Exploration/Containers/Large/loot-container-large.png
  artifactKey: Guid(6f5c5c219e01dc34a9546d3191a4b953) Importer(2089858483,b0f066a214c2f5e87bad3c948f4d605d)
Start importing Assets/Space Exploration/Containers/Large/loot-container-large.png using Guid(6f5c5c219e01dc34a9546d3191a4b953) Importer(2089858483,b0f066a214c2f5e87bad3c948f4d605d) (ScriptedImporter) -> (artifact id: '0d015d4aaf9e482593071a94e40350a7') in 0.0387962 seconds
Number of updated asset objects reloaded before import = 0Number of asset objects unloaded after import = 3

========================================================================
Received Import Request.
  Time since last request: 0.000036 seconds.
  path: Assets/Space Exploration/Icons/shop-256.png
  artifactKey: Guid(7dfd45e7db0f9d741b7450aba1b63bd8) Importer(2089858483,b0f066a214c2f5e87bad3c948f4d605d)
Start importing Assets/Space Exploration/Icons/shop-256.png using Guid(7dfd45e7db0f9d741b7450aba1b63bd8) Importer(2089858483,b0f066a214c2f5e87bad3c948f4d605d) (ScriptedImporter) -> (artifact id: '30f5d42417e0d38f0930fb1a0989eab3') in 0.0420051 seconds
Number of updated asset objects reloaded before import = 0Number of asset objects unloaded after import = 3

========================================================================
Received Import Request.
  Time since last request: 0.000025 seconds.
  path: Assets/Space Exploration/Picto_Icons/Dark_Purple/door-256.png
  artifactKey: Guid(9fdbe9f872b39bb4f88f83f97dd99fcb) Importer(2089858483,b0f066a214c2f5e87bad3c948f4d605d)
Start importing Assets/Space Exploration/Picto_Icons/Dark_Purple/door-256.png using Guid(9fdbe9f872b39bb4f88f83f97dd99fcb) Importer(2089858483,b0f066a214c2f5e87bad3c948f4d605d) (ScriptedImporter) -> (artifact id: '71d86ae03af50bc3421412db0aa562b8') in 0.0397549 seconds
Number of updated asset objects reloaded before import = 0Number of asset objects unloaded after import = 3

========================================================================
Received Import Request.
  Time since last request: 0.000032 seconds.
  path: Assets/Space Exploration/Picto_Icons/White/zoom-out-32.png
  artifactKey: Guid(a1d6afb530043a0439c9140a9ea3e024) Importer(2089858483,b0f066a214c2f5e87bad3c948f4d605d)
Start importing Assets/Space Exploration/Picto_Icons/White/zoom-out-32.png using Guid(a1d6afb530043a0439c9140a9ea3e024) Importer(2089858483,b0f066a214c2f5e87bad3c948f4d605d) (ScriptedImporter) -> (artifact id: 'a50051e9f5d193602c326cab24d3a2b2') in 0.0456096 seconds
Number of updated asset objects reloaded before import = 0Number of asset objects unloaded after import = 3

========================================================================
Received Import Request.
  Time since last request: 0.000049 seconds.
  path: Assets/Space Exploration/Picto_Icons/White/wrench-32.png
  artifactKey: Guid(2379df2b381c2bf4ebc362b1b7071f52) Importer(2089858483,b0f066a214c2f5e87bad3c948f4d605d)
Start importing Assets/Space Exploration/Picto_Icons/White/wrench-32.png using Guid(2379df2b381c2bf4ebc362b1b7071f52) Importer(2089858483,b0f066a214c2f5e87bad3c948f4d605d) (ScriptedImporter) -> (artifact id: 'c6cd190b69d74daa0727b34989c83bff') in 0.040977 seconds
Number of updated asset objects reloaded before import = 0Number of asset objects unloaded after import = 3

========================================================================
Received Import Request.
  Time since last request: 0.000024 seconds.
  path: Assets/Space Exploration/Rank_System_Components/Medium/ranking-4+-medium.png
  artifactKey: Guid(fcfa6aee3f87d8b4083069c2f9478a8f) Importer(2089858483,b0f066a214c2f5e87bad3c948f4d605d)
Start importing Assets/Space Exploration/Rank_System_Components/Medium/ranking-4+-medium.png using Guid(fcfa6aee3f87d8b4083069c2f9478a8f) Importer(2089858483,b0f066a214c2f5e87bad3c948f4d605d) (ScriptedImporter) -> (artifact id: '19c89fff2ee98e2a3649c0f01fe5673b') in 0.0388877 seconds
Number of updated asset objects reloaded before import = 0Number of asset objects unloaded after import = 3

========================================================================
Received Import Request.
  Time since last request: 0.000025 seconds.
  path: Assets/Space Exploration/Rank_System_Components/Extra Large/ranking-1st-highlight-extra-large.png
  artifactKey: Guid(f61aaef4e407aae4aa176b083a3f44ee) Importer(2089858483,b0f066a214c2f5e87bad3c948f4d605d)
Start importing Assets/Space Exploration/Rank_System_Components/Extra Large/ranking-1st-highlight-extra-large.png using Guid(f61aaef4e407aae4aa176b083a3f44ee) Importer(2089858483,b0f066a214c2f5e87bad3c948f4d605d) (ScriptedImporter) -> (artifact id: 'a0edf2dce5a27de1e92e6387cbf36dff') in 0.0421978 seconds
Number of updated asset objects reloaded before import = 0Number of asset objects unloaded after import = 3

========================================================================
Received Import Request.
  Time since last request: 0.000039 seconds.
  path: Assets/Space Exploration/Scenes/Defeat_Demo.unity
  artifactKey: Guid(40fe64aa1f2de984083d202688f0376a) Importer(2089858483,b0f066a214c2f5e87bad3c948f4d605d)
Start importing Assets/Space Exploration/Scenes/Defeat_Demo.unity using Guid(40fe64aa1f2de984083d202688f0376a) Importer(2089858483,b0f066a214c2f5e87bad3c948f4d605d) (ScriptedImporter) -> (artifact id: 'c197ea61a98c5446b647eeab2434cf7c') in 0.0474095 seconds
Number of updated asset objects reloaded before import = 0Number of asset objects unloaded after import = 1

========================================================================
Received Import Request.
  Time since last request: 0.000025 seconds.
  path: Assets/Space Exploration/Prefabs/UI_Elements/Medium/Slider Bars/Vertical_Slider_Medium.prefab
  artifactKey: Guid(3cb68969a09f81c488912a5e8b14be9e) Importer(2089858483,b0f066a214c2f5e87bad3c948f4d605d)
Start importing Assets/Space Exploration/Prefabs/UI_Elements/Medium/Slider Bars/Vertical_Slider_Medium.prefab using Guid(3cb68969a09f81c488912a5e8b14be9e) Importer(2089858483,b0f066a214c2f5e87bad3c948f4d605d) (ScriptedImporter) -> (artifact id: 'b55f1a6ea925ae25a94317622836df43') in 0.0500304 seconds
Number of updated asset objects reloaded before import = 0Number of asset objects unloaded after import = 15

========================================================================
Received Import Request.
  Time since last request: 0.000030 seconds.
  path: Assets/Photon/PhotonRealtime/Code/LoadBalancingPeer.cs
  artifactKey: Guid(35c989013c977244186e524a4c90dcee) Importer(2089858483,b0f066a214c2f5e87bad3c948f4d605d)
Start importing Assets/Photon/PhotonRealtime/Code/LoadBalancingPeer.cs using Guid(35c989013c977244186e524a4c90dcee) Importer(2089858483,b0f066a214c2f5e87bad3c948f4d605d) (ScriptedImporter) -> (artifact id: '3356253de73e347d2d4253d1167d91d8') in 0.0203748 seconds
Number of updated asset objects reloaded before import = 0Number of asset objects unloaded after import = 0

========================================================================
Received Import Request.
  Time since last request: 0.000037 seconds.
  path: Assets/Photon/PhotonRealtime/Code/Unity/Editor/Wizard/resources/icons_welcome/community.png
  artifactKey: Guid(fd7da1b41e02e2546a5b59597cbbedfd) Importer(2089858483,b0f066a214c2f5e87bad3c948f4d605d)
Start importing Assets/Photon/PhotonRealtime/Code/Unity/Editor/Wizard/resources/icons_welcome/community.png using Guid(fd7da1b41e02e2546a5b59597cbbedfd) Importer(2089858483,b0f066a214c2f5e87bad3c948f4d605d) (ScriptedImporter) -> (artifact id: '9514e6ea620245c430d70a6a8028cb94') in 0.0457306 seconds
Number of updated asset objects reloaded before import = 0Number of asset objects unloaded after import = 1

========================================================================
Received Import Request.
  Time since last request: 0.000025 seconds.
  path: Assets/PlayFabEditorExtensions/Editor/Scripts/PlayFabEditorSDK
  artifactKey: Guid(f0a0017f3f4fe3941b7da308a9830c25) Importer(2089858483,b0f066a214c2f5e87bad3c948f4d605d)
Start importing Assets/PlayFabEditorExtensions/Editor/Scripts/PlayFabEditorSDK using Guid(f0a0017f3f4fe3941b7da308a9830c25) Importer(2089858483,b0f066a214c2f5e87bad3c948f4d605d) (ScriptedImporter) -> (artifact id: '814a08e5dbab2d68509250253ba0f076') in 0.0184356 seconds
Number of updated asset objects reloaded before import = 0Number of asset objects unloaded after import = 1

========================================================================
Received Import Request.
  Time since last request: 0.000030 seconds.
  path: Assets/Space Exploration/Picto_Icons/Light_Purple/saturn-64.png
  artifactKey: Guid(9a441a5333ecdd9459e9509016ede978) Importer(2089858483,b0f066a214c2f5e87bad3c948f4d605d)
Start importing Assets/Space Exploration/Picto_Icons/Light_Purple/saturn-64.png using Guid(9a441a5333ecdd9459e9509016ede978) Importer(2089858483,b0f066a214c2f5e87bad3c948f4d605d) (ScriptedImporter) -> (artifact id: 'd120a1733f026213e90e4ceac902cabe') in 0.0416068 seconds
Number of updated asset objects reloaded before import = 0Number of asset objects unloaded after import = 3

========================================================================
Received Import Request.
  Time since last request: 0.000037 seconds.
  path: Assets/Space Exploration/Picto_Icons/Light_Purple/crown-256.png
  artifactKey: Guid(deeeb18e1e17b6040987422b8f845c19) Importer(2089858483,b0f066a214c2f5e87bad3c948f4d605d)
Start importing Assets/Space Exploration/Picto_Icons/Light_Purple/crown-256.png using Guid(deeeb18e1e17b6040987422b8f845c19) Importer(2089858483,b0f066a214c2f5e87bad3c948f4d605d) (ScriptedImporter) -> (artifact id: 'f66a7f62593118f0bfc4106f726e9223') in 0.0435211 seconds
Number of updated asset objects reloaded before import = 0Number of asset objects unloaded after import = 3

========================================================================
Received Import Request.
  Time since last request: 0.000020 seconds.
  path: Assets/Space Exploration/Icons/scope-512.png
  artifactKey: Guid(037f9b59dccdcc34db5a80d237319757) Importer(2089858483,b0f066a214c2f5e87bad3c948f4d605d)
Start importing Assets/Space Exploration/Icons/scope-512.png using Guid(037f9b59dccdcc34db5a80d237319757) Importer(2089858483,b0f066a214c2f5e87bad3c948f4d605d) (ScriptedImporter) -> (artifact id: '2074e3c9eaeea41610c382c602680669') in 0.0419855 seconds
Number of updated asset objects reloaded before import = 0Number of asset objects unloaded after import = 3

========================================================================
Received Import Request.
  Time since last request: 0.000030 seconds.
  path: Assets/Space Exploration/Picto_Icons/Dark_Purple/question-256.png
  artifactKey: Guid(2bf48122530fee3479fffb1f0bce0772) Importer(2089858483,b0f066a214c2f5e87bad3c948f4d605d)
Start importing Assets/Space Exploration/Picto_Icons/Dark_Purple/question-256.png using Guid(2bf48122530fee3479fffb1f0bce0772) Importer(2089858483,b0f066a214c2f5e87bad3c948f4d605d) (ScriptedImporter) -> (artifact id: '6b4ddccef2c29d612131c36c12dd578f') in 0.0428752 seconds
Number of updated asset objects reloaded before import = 0Number of asset objects unloaded after import = 3

========================================================================
Received Import Request.
  Time since last request: 0.000065 seconds.
  path: Assets/Space Exploration/Picto_Icons/Light_Purple/upload-64.png
  artifactKey: Guid(0873c47f3dd66674ba2d446c8cdc61df) Importer(2089858483,b0f066a214c2f5e87bad3c948f4d605d)
Start importing Assets/Space Exploration/Picto_Icons/Light_Purple/upload-64.png using Guid(0873c47f3dd66674ba2d446c8cdc61df) Importer(2089858483,b0f066a214c2f5e87bad3c948f4d605d) (ScriptedImporter) -> (artifact id: '10901d9d9aadf1ea16e5c5ea8404ce76') in 0.0402669 seconds
Number of updated asset objects reloaded before import = 0Number of asset objects unloaded after import = 3

========================================================================
Received Import Request.
  Time since last request: 0.000024 seconds.
  path: Assets/Space Exploration/Picto_Icons/White/half-moon-32.png
  artifactKey: Guid(8711bdafd6082c04492d2ab637feaa8a) Importer(2089858483,b0f066a214c2f5e87bad3c948f4d605d)
Start importing Assets/Space Exploration/Picto_Icons/White/half-moon-32.png using Guid(8711bdafd6082c04492d2ab637feaa8a) Importer(2089858483,b0f066a214c2f5e87bad3c948f4d605d) (ScriptedImporter) -> (artifact id: 'c73f45035e43ea7a5eacc8677179c191') in 0.0431243 seconds
Number of updated asset objects reloaded before import = 0Number of asset objects unloaded after import = 3

========================================================================
Received Import Request.
  Time since last request: 0.000031 seconds.
  path: Assets/Space Exploration/Icons/jupiter-64.png
  artifactKey: Guid(29f23fc5e3dfd364484cc7a2b22c01be) Importer(2089858483,b0f066a214c2f5e87bad3c948f4d605d)
Start importing Assets/Space Exploration/Icons/jupiter-64.png using Guid(29f23fc5e3dfd364484cc7a2b22c01be) Importer(2089858483,b0f066a214c2f5e87bad3c948f4d605d) (ScriptedImporter) -> (artifact id: '9b6a83857db3bc47ad7be1ed6fad1b2a') in 0.0393462 seconds
Number of updated asset objects reloaded before import = 0Number of asset objects unloaded after import = 3

========================================================================
Received Import Request.
  Time since last request: 0.000030 seconds.
  path: Assets/Space Exploration/Prefabs/Buttons_Simple/Extra Large/Pink/Long_Pink_Extra_Large_Button.prefab
  artifactKey: Guid(e0769335445899844b5eb5bf18a5170a) Importer(2089858483,b0f066a214c2f5e87bad3c948f4d605d)
Start importing Assets/Space Exploration/Prefabs/Buttons_Simple/Extra Large/Pink/Long_Pink_Extra_Large_Button.prefab using Guid(e0769335445899844b5eb5bf18a5170a) Importer(2089858483,b0f066a214c2f5e87bad3c948f4d605d) (ScriptedImporter) -> (artifact id: '54b8570e190963252d50d7e8a40c457e') in 0.0672421 seconds
Number of updated asset objects reloaded before import = 0Number of asset objects unloaded after import = 18

========================================================================
Received Import Request.
  Time since last request: 0.000030 seconds.
  path: Assets/Space Exploration/Fonts/Font Sources/static/Asap-ThinItalic.ttf
  artifactKey: Guid(0025b3c66282d8e488f8ca1bd773c63e) Importer(2089858483,b0f066a214c2f5e87bad3c948f4d605d)
Start importing Assets/Space Exploration/Fonts/Font Sources/static/Asap-ThinItalic.ttf using Guid(0025b3c66282d8e488f8ca1bd773c63e) Importer(2089858483,b0f066a214c2f5e87bad3c948f4d605d) (ScriptedImporter) -> (artifact id: '61bef8e7dfd548ffaf447f15e47abae7') in 0.0254056 seconds
Number of updated asset objects reloaded before import = 0Number of asset objects unloaded after import = 3

========================================================================
Received Import Request.
  Time since last request: 0.000048 seconds.
  path: Assets/PlayFabSDK/Data/PlayFabDataModels.cs
  artifactKey: Guid(3ab3048b1bd63d747b28b2fe0b181743) Importer(2089858483,b0f066a214c2f5e87bad3c948f4d605d)
Start importing Assets/PlayFabSDK/Data/PlayFabDataModels.cs using Guid(3ab3048b1bd63d747b28b2fe0b181743) Importer(2089858483,b0f066a214c2f5e87bad3c948f4d605d) (ScriptedImporter) -> (artifact id: 'ca42584aeb05c1111ac84fe6362433e3') in 0.0244974 seconds
Number of updated asset objects reloaded before import = 0Number of asset objects unloaded after import = 0

========================================================================
Received Import Request.
  Time since last request: 0.000028 seconds.
  path: Assets/PlayFabSDK/Groups/PlayFabGroupsInstanceAPI.cs
  artifactKey: Guid(e14b336d534f60f4e911c8db52e74a86) Importer(2089858483,b0f066a214c2f5e87bad3c948f4d605d)
Start importing Assets/PlayFabSDK/Groups/PlayFabGroupsInstanceAPI.cs using Guid(e14b336d534f60f4e911c8db52e74a86) Importer(2089858483,b0f066a214c2f5e87bad3c948f4d605d) (ScriptedImporter) -> (artifact id: 'abfcd4fcd48b9d1fb5871762e0038f8a') in 0.0225538 seconds
Number of updated asset objects reloaded before import = 0Number of asset objects unloaded after import = 0

========================================================================
Received Import Request.
  Time since last request: 0.000032 seconds.
  path: Assets/Photon/PhotonUnityNetworking/Demos/DemoHub
  artifactKey: Guid(76393d857f3f83e4eac6e8fe98f97c3d) Importer(2089858483,b0f066a214c2f5e87bad3c948f4d605d)
Start importing Assets/Photon/PhotonUnityNetworking/Demos/DemoHub using Guid(76393d857f3f83e4eac6e8fe98f97c3d) Importer(2089858483,b0f066a214c2f5e87bad3c948f4d605d) (ScriptedImporter) -> (artifact id: '1e3d60370f8a21f0d35b650a72ff1a95') in 0.0188277 seconds
Number of updated asset objects reloaded before import = 0Number of asset objects unloaded after import = 1

========================================================================
Received Import Request.
  Time since last request: 0.000034 seconds.
  path: Assets/Space Exploration/Icons/venus-128.png
  artifactKey: Guid(ab3c8102c5e85074c88ef30e656e09b8) Importer(2089858483,b0f066a214c2f5e87bad3c948f4d605d)
Start importing Assets/Space Exploration/Icons/venus-128.png using Guid(ab3c8102c5e85074c88ef30e656e09b8) Importer(2089858483,b0f066a214c2f5e87bad3c948f4d605d) (ScriptedImporter) -> (artifact id: 'b72730a76a7c3a2c75088d4d3ebec630') in 0.0405917 seconds
Number of updated asset objects reloaded before import = 0Number of asset objects unloaded after import = 3

========================================================================
Received Import Request.
  Time since last request: 0.000029 seconds.
  path: Assets/Space Exploration/Picto_Icons/Dark_Purple/black-hole-256.png
  artifactKey: Guid(438ec72328a9dac4986f1a9d58d50768) Importer(2089858483,b0f066a214c2f5e87bad3c948f4d605d)
Start importing Assets/Space Exploration/Picto_Icons/Dark_Purple/black-hole-256.png using Guid(438ec72328a9dac4986f1a9d58d50768) Importer(2089858483,b0f066a214c2f5e87bad3c948f4d605d) (ScriptedImporter) -> (artifact id: '7b527afad043bf883bd514c1c42e0e53') in 0.0515585 seconds
Number of updated asset objects reloaded before import = 0Number of asset objects unloaded after import = 3

========================================================================
Received Import Request.
  Time since last request: 0.000025 seconds.
  path: Assets/Space Exploration/Picto_Icons/Light_Purple/download-128.png
  artifactKey: Guid(d6af8888ce71a324fb47547854642dfb) Importer(2089858483,b0f066a214c2f5e87bad3c948f4d605d)
Start importing Assets/Space Exploration/Picto_Icons/Light_Purple/download-128.png using Guid(d6af8888ce71a324fb47547854642dfb) Importer(2089858483,b0f066a214c2f5e87bad3c948f4d605d) (ScriptedImporter) -> (artifact id: 'bb67a5de5c9ed2e0935f635474686791') in 0.0411626 seconds
Number of updated asset objects reloaded before import = 0Number of asset objects unloaded after import = 3

========================================================================
Received Import Request.
  Time since last request: 0.000044 seconds.
  path: Assets/Space Exploration/Settings_&_Menu_Components/Medium/settings-divider-medium.png
  artifactKey: Guid(b195a02c735969546b8c9d11965eb876) Importer(2089858483,b0f066a214c2f5e87bad3c948f4d605d)
Start importing Assets/Space Exploration/Settings_&_Menu_Components/Medium/settings-divider-medium.png using Guid(b195a02c735969546b8c9d11965eb876) Importer(2089858483,b0f066a214c2f5e87bad3c948f4d605d) (ScriptedImporter) -> (artifact id: 'e90ce8e7c996751c8f4d0bf848325a38') in 0.0467593 seconds
Number of updated asset objects reloaded before import = 0Number of asset objects unloaded after import = 3

========================================================================
Received Import Request.
  Time since last request: 0.000029 seconds.
  path: Assets/Space Exploration/Settings_&_Menu_Components/Extra Large/heart-gem-coin-bar-extra-large.png
  artifactKey: Guid(c088e64512cc9e84b8b91f5cb4e3bfda) Importer(2089858483,b0f066a214c2f5e87bad3c948f4d605d)
Start importing Assets/Space Exploration/Settings_&_Menu_Components/Extra Large/heart-gem-coin-bar-extra-large.png using Guid(c088e64512cc9e84b8b91f5cb4e3bfda) Importer(2089858483,b0f066a214c2f5e87bad3c948f4d605d) (ScriptedImporter) -> (artifact id: '4880c9d256a5de037f6a72d277ac3899') in 0.0295922 seconds
Number of updated asset objects reloaded before import = 0Number of asset objects unloaded after import = 3

========================================================================
Received Import Request.
  Time since last request: 0.000039 seconds.
  path: Assets/Photon/PhotonUnityNetworking/Demos/PunCockpit/Scripts/ReadOnlyProperties/OfflineModeProperty.cs
  artifactKey: Guid(edcf52eea40f24f198dce8342b53bcc4) Importer(2089858483,b0f066a214c2f5e87bad3c948f4d605d)
Start importing Assets/Photon/PhotonUnityNetworking/Demos/PunCockpit/Scripts/ReadOnlyProperties/OfflineModeProperty.cs using Guid(edcf52eea40f24f198dce8342b53bcc4) Importer(2089858483,b0f066a214c2f5e87bad3c948f4d605d) (ScriptedImporter) -> (artifact id: '12e1d384ed2630fe9aa560552d4c8dbb') in 0.0191699 seconds
Number of updated asset objects reloaded before import = 0Number of asset objects unloaded after import = 0

========================================================================
Received Import Request.
  Time since last request: 0.000027 seconds.
  path: Assets/Space Exploration/Prefabs/Buttons_Simple/Extra Large/Purple/Purple_Extra_Large_Button.prefab
  artifactKey: Guid(08708743be82d934197a366871a45dca) Importer(2089858483,b0f066a214c2f5e87bad3c948f4d605d)
Start importing Assets/Space Exploration/Prefabs/Buttons_Simple/Extra Large/Purple/Purple_Extra_Large_Button.prefab using Guid(08708743be82d934197a366871a45dca) Importer(2089858483,b0f066a214c2f5e87bad3c948f4d605d) (ScriptedImporter) -> (artifact id: '7de5a3925a3530b3492ffc195df91c7f') in 0.0574943 seconds
Number of updated asset objects reloaded before import = 0Number of asset objects unloaded after import = 18

========================================================================
Received Import Request.
  Time since last request: 0.000031 seconds.
  path: Assets/Space Exploration/Picto_Icons/White/snowflake-128.png
  artifactKey: Guid(6edb228835360224786ba7a1f35bb6a3) Importer(2089858483,b0f066a214c2f5e87bad3c948f4d605d)
Start importing Assets/Space Exploration/Picto_Icons/White/snowflake-128.png using Guid(6edb228835360224786ba7a1f35bb6a3) Importer(2089858483,b0f066a214c2f5e87bad3c948f4d605d) (ScriptedImporter) -> (artifact id: '12b397e20f564b764fa2e173bd30553a') in 0.0513967 seconds
Number of updated asset objects reloaded before import = 0Number of asset objects unloaded after import = 3

========================================================================
Received Import Request.
  Time since last request: 0.000035 seconds.
  path: Assets/Photon/PhotonChat/Code/ChatDisconnectCause.cs
  artifactKey: Guid(b90b85043f1857f43b94fd00edfc1ef1) Importer(2089858483,b0f066a214c2f5e87bad3c948f4d605d)
Start importing Assets/Photon/PhotonChat/Code/ChatDisconnectCause.cs using Guid(b90b85043f1857f43b94fd00edfc1ef1) Importer(2089858483,b0f066a214c2f5e87bad3c948f4d605d) (ScriptedImporter) -> (artifact id: '8b4bc3aad0fed846a228fdaa743cf3ab') in 0.019654 seconds
Number of updated asset objects reloaded before import = 0Number of asset objects unloaded after import = 0

========================================================================
Received Import Request.
  Time since last request: 0.000041 seconds.
  path: Assets/Space Exploration/Picto_Icons/White/trash-64.png
  artifactKey: Guid(97f3a6b9051fe814588db97822192476) Importer(2089858483,b0f066a214c2f5e87bad3c948f4d605d)
Start importing Assets/Space Exploration/Picto_Icons/White/trash-64.png using Guid(97f3a6b9051fe814588db97822192476) Importer(2089858483,b0f066a214c2f5e87bad3c948f4d605d) (ScriptedImporter) -> (artifact id: 'c41d74818bf58b94e1117854fdb4eddd') in 0.0396677 seconds
Number of updated asset objects reloaded before import = 0Number of asset objects unloaded after import = 3

========================================================================
Received Import Request.
  Time since last request: 0.000027 seconds.
  path: Assets/Space Exploration/Rank_System_Components/Large/ranking-3rd-highlight-large.png
  artifactKey: Guid(07767b0e66a22af4ab11aff7da17003e) Importer(2089858483,b0f066a214c2f5e87bad3c948f4d605d)
Start importing Assets/Space Exploration/Rank_System_Components/Large/ranking-3rd-highlight-large.png using Guid(07767b0e66a22af4ab11aff7da17003e) Importer(2089858483,b0f066a214c2f5e87bad3c948f4d605d) (ScriptedImporter) -> (artifact id: '222946106d89ea46b144bc316a975e87') in 0.0449731 seconds
Number of updated asset objects reloaded before import = 0Number of asset objects unloaded after import = 3

========================================================================
Received Import Request.
  Time since last request: 0.000038 seconds.
  path: Assets/Space Exploration/Button_Images/Source_Image_Sprites/medium/short-purple-medium.png
  artifactKey: Guid(0df120c1f93e60042bb9b5a042bcf153) Importer(2089858483,b0f066a214c2f5e87bad3c948f4d605d)
Start importing Assets/Space Exploration/Button_Images/Source_Image_Sprites/medium/short-purple-medium.png using Guid(0df120c1f93e60042bb9b5a042bcf153) Importer(2089858483,b0f066a214c2f5e87bad3c948f4d605d) (ScriptedImporter) -> (artifact id: '176c35e743b84fb4db5a029132803620') in 0.0301623 seconds
Number of updated asset objects reloaded before import = 0Number of asset objects unloaded after import = 3

========================================================================
Received Import Request.
  Time since last request: 0.000023 seconds.
  path: Assets/Photon/PhotonUnityNetworking/Code/PhotonView.cs
  artifactKey: Guid(aa584fbee541324448dd18d8409c7a41) Importer(2089858483,b0f066a214c2f5e87bad3c948f4d605d)
Start importing Assets/Photon/PhotonUnityNetworking/Code/PhotonView.cs using Guid(aa584fbee541324448dd18d8409c7a41) Importer(2089858483,b0f066a214c2f5e87bad3c948f4d605d) (ScriptedImporter) -> (artifact id: '061515154b6b6a050138bcc839ab77a0') in 0.0180255 seconds
Number of updated asset objects reloaded before import = 0Number of asset objects unloaded after import = 0

========================================================================
Received Import Request.
  Time since last request: 0.000033 seconds.
  path: Assets/Space Exploration/Containers/Large/item-info-container-large.png
  artifactKey: Guid(c6664ca8edfb4bd48981f496e3f7ebd5) Importer(2089858483,b0f066a214c2f5e87bad3c948f4d605d)
Start importing Assets/Space Exploration/Containers/Large/item-info-container-large.png using Guid(c6664ca8edfb4bd48981f496e3f7ebd5) Importer(2089858483,b0f066a214c2f5e87bad3c948f4d605d) (ScriptedImporter) -> (artifact id: '6ed1d5b5a569e7245e44a913d1f53eb1') in 0.0408069 seconds
Number of updated asset objects reloaded before import = 0Number of asset objects unloaded after import = 3

========================================================================
Received Import Request.
  Time since last request: 0.000039 seconds.
  path: Assets/Space Exploration/Picto_Icons/Dark_Purple/mushroom-256.png
  artifactKey: Guid(015a70e4d844faa41b0225a9eb7b7ea8) Importer(2089858483,b0f066a214c2f5e87bad3c948f4d605d)
Start importing Assets/Space Exploration/Picto_Icons/Dark_Purple/mushroom-256.png using Guid(015a70e4d844faa41b0225a9eb7b7ea8) Importer(2089858483,b0f066a214c2f5e87bad3c948f4d605d) (ScriptedImporter) -> (artifact id: '8381be98a1aeb269ff6cebcc81ab733b') in 0.0422784 seconds
Number of updated asset objects reloaded before import = 0Number of asset objects unloaded after import = 3

========================================================================
Received Import Request.
  Time since last request: 0.000023 seconds.
  path: Assets/Space Exploration/Settings_&_Menu_Components/Extra Large/check-box-extra-large.png
  artifactKey: Guid(0967652b2feaf2a4ca66b940f057568f) Importer(2089858483,b0f066a214c2f5e87bad3c948f4d605d)
Start importing Assets/Space Exploration/Settings_&_Menu_Components/Extra Large/check-box-extra-large.png using Guid(0967652b2feaf2a4ca66b940f057568f) Importer(2089858483,b0f066a214c2f5e87bad3c948f4d605d) (ScriptedImporter) -> (artifact id: 'b12339c2371b0e6f3dbe5be845c5ba13') in 0.0379364 seconds
Number of updated asset objects reloaded before import = 0Number of asset objects unloaded after import = 3

========================================================================
Received Import Request.
  Time since last request: 0.000028 seconds.
  path: Assets/Space Exploration/Picto_Icons/Light_Purple/gun-256.png
  artifactKey: Guid(bbff0444b0124fc41aff5dc4dc90a1f8) Importer(2089858483,b0f066a214c2f5e87bad3c948f4d605d)
Start importing Assets/Space Exploration/Picto_Icons/Light_Purple/gun-256.png using Guid(bbff0444b0124fc41aff5dc4dc90a1f8) Importer(2089858483,b0f066a214c2f5e87bad3c948f4d605d) (ScriptedImporter) -> (artifact id: '9a7166dab8f39c911e7a2837355c922f') in 0.0444713 seconds
Number of updated asset objects reloaded before import = 0Number of asset objects unloaded after import = 3

========================================================================
Received Import Request.
  Time since last request: 0.000036 seconds.
  path: Assets/PlayFabSDK/Authentication/PlayFabEvents.cs
  artifactKey: Guid(5c3701fef92515c438633c5d41bf87c8) Importer(2089858483,b0f066a214c2f5e87bad3c948f4d605d)
Start importing Assets/PlayFabSDK/Authentication/PlayFabEvents.cs using Guid(5c3701fef92515c438633c5d41bf87c8) Importer(2089858483,b0f066a214c2f5e87bad3c948f4d605d) (ScriptedImporter) -> (artifact id: 'd46780b2b241bfff982017247bef2620') in 0.0211424 seconds
Number of updated asset objects reloaded before import = 0Number of asset objects unloaded after import = 0

========================================================================
Received Import Request.
  Time since last request: 0.000029 seconds.
  path: Assets/Space Exploration/Picto_Icons/White/sound-off-256.png
  artifactKey: Guid(3453109c6fa812746a48b93f97e2b3f4) Importer(2089858483,b0f066a214c2f5e87bad3c948f4d605d)
Start importing Assets/Space Exploration/Picto_Icons/White/sound-off-256.png using Guid(3453109c6fa812746a48b93f97e2b3f4) Importer(2089858483,b0f066a214c2f5e87bad3c948f4d605d) (ScriptedImporter) -> (artifact id: '7e3afd77330b40ce3b57347861907362') in 0.0474118 seconds
Number of updated asset objects reloaded before import = 0Number of asset objects unloaded after import = 3

========================================================================
Received Import Request.
  Time since last request: 0.000023 seconds.
  path: Assets/Space Exploration/Prefabs/UI_Elements/Large
  artifactKey: Guid(cc9e525b18e7ff846b63a2587400c3be) Importer(2089858483,b0f066a214c2f5e87bad3c948f4d605d)
Start importing Assets/Space Exploration/Prefabs/UI_Elements/Large using Guid(cc9e525b18e7ff846b63a2587400c3be) Importer(2089858483,b0f066a214c2f5e87bad3c948f4d605d) (ScriptedImporter) -> (artifact id: '5492d96438fea7bacd1f60244fe10b53') in 0.0192157 seconds
Number of updated asset objects reloaded before import = 0Number of asset objects unloaded after import = 1

========================================================================
Received Import Request.
  Time since last request: 0.000058 seconds.
  path: Assets/Space Exploration/Picto_Icons/White/pickaxe-64.png
  artifactKey: Guid(19069cf27aace814ba40dd9cc6aead6c) Importer(2089858483,b0f066a214c2f5e87bad3c948f4d605d)
Start importing Assets/Space Exploration/Picto_Icons/White/pickaxe-64.png using Guid(19069cf27aace814ba40dd9cc6aead6c) Importer(2089858483,b0f066a214c2f5e87bad3c948f4d605d) (ScriptedImporter) -> (artifact id: 'b8a25662d5bf74e5e6e4f26cb47792e5') in 0.0376441 seconds
Number of updated asset objects reloaded before import = 0Number of asset objects unloaded after import = 3

========================================================================
Received Import Request.
  Time since last request: 0.000025 seconds.
  path: Assets/Space Exploration/Icons/sword-2-64.png
  artifactKey: Guid(3dab2bf3fd5ba5a46b7981e45e4a2a8a) Importer(2089858483,b0f066a214c2f5e87bad3c948f4d605d)
Start importing Assets/Space Exploration/Icons/sword-2-64.png using Guid(3dab2bf3fd5ba5a46b7981e45e4a2a8a) Importer(2089858483,b0f066a214c2f5e87bad3c948f4d605d) (ScriptedImporter) -> (artifact id: 'e05343bc1fa35b72cf3a1e968075ea18') in 0.0449193 seconds
Number of updated asset objects reloaded before import = 0Number of asset objects unloaded after import = 3

========================================================================
Received Import Request.
  Time since last request: 0.000029 seconds.
  path: Assets/Space Exploration/Picto_Icons/Light_Purple/download-256.png
  artifactKey: Guid(be6d16b38221dc243933fa4b3b68d0e7) Importer(2089858483,b0f066a214c2f5e87bad3c948f4d605d)
Start importing Assets/Space Exploration/Picto_Icons/Light_Purple/download-256.png using Guid(be6d16b38221dc243933fa4b3b68d0e7) Importer(2089858483,b0f066a214c2f5e87bad3c948f4d605d) (ScriptedImporter) -> (artifact id: '09da6567ddd70c17e4d6dc47ee029174') in 0.0417837 seconds
Number of updated asset objects reloaded before import = 0Number of asset objects unloaded after import = 3

========================================================================
Received Import Request.
  Time since last request: 0.000037 seconds.
  path: Assets/Photon/PhotonUnityNetworking/Demos/Shared Assets/Materials/UnitTextureBlue12x.mat
  artifactKey: Guid(c676d877ef241ab4686e2f237b1e2f13) Importer(2089858483,b0f066a214c2f5e87bad3c948f4d605d)
Start importing Assets/Photon/PhotonUnityNetworking/Demos/Shared Assets/Materials/UnitTextureBlue12x.mat using Guid(c676d877ef241ab4686e2f237b1e2f13) Importer(2089858483,b0f066a214c2f5e87bad3c948f4d605d) (ScriptedImporter) -> (artifact id: 'ed637462553199cb25b4c62a93e70cee') in 0.0254694 seconds
Number of updated asset objects reloaded before import = 0Number of asset objects unloaded after import = 3

========================================================================
Received Import Request.
  Time since last request: 0.000023 seconds.
  path: Assets/Space Exploration/Picto_Icons/Light_Purple/right-256.png
  artifactKey: Guid(33a3ea65def0bf6438cb2f77ce074ee1) Importer(2089858483,b0f066a214c2f5e87bad3c948f4d605d)
Start importing Assets/Space Exploration/Picto_Icons/Light_Purple/right-256.png using Guid(33a3ea65def0bf6438cb2f77ce074ee1) Importer(2089858483,b0f066a214c2f5e87bad3c948f4d605d) (ScriptedImporter) -> (artifact id: '34c57eedd5f93ffc8119bceb9344c162') in 0.0404164 seconds
Number of updated asset objects reloaded before import = 0Number of asset objects unloaded after import = 3

========================================================================
Received Import Request.
  Time since last request: 0.000032 seconds.
  path: Assets/Photon/PhotonRealtime/Code/PhotonPingClasses.cs
  artifactKey: Guid(d93148764d7961d4a8b8112bd166cf35) Importer(2089858483,b0f066a214c2f5e87bad3c948f4d605d)
Start importing Assets/Photon/PhotonRealtime/Code/PhotonPingClasses.cs using Guid(d93148764d7961d4a8b8112bd166cf35) Importer(2089858483,b0f066a214c2f5e87bad3c948f4d605d) (ScriptedImporter) -> (artifact id: 'eb440617376971d9e95adb669eae4a4a') in 0.0184342 seconds
Number of updated asset objects reloaded before import = 0Number of asset objects unloaded after import = 0

========================================================================
Received Import Request.
  Time since last request: 0.000040 seconds.
  path: Assets/Space Exploration/Picto_Icons/Dark_Purple/camera-64.png
  artifactKey: Guid(6613730122d882941a6e46511c1a85a1) Importer(2089858483,b0f066a214c2f5e87bad3c948f4d605d)
Start importing Assets/Space Exploration/Picto_Icons/Dark_Purple/camera-64.png using Guid(6613730122d882941a6e46511c1a85a1) Importer(2089858483,b0f066a214c2f5e87bad3c948f4d605d) (ScriptedImporter) -> (artifact id: '2acd4322d501abf41ef2404d5498e8b5') in 0.0391067 seconds
Number of updated asset objects reloaded before import = 0Number of asset objects unloaded after import = 3

========================================================================
Received Import Request.
  Time since last request: 0.000027 seconds.
  path: Assets/Photon/PhotonUnityNetworking/Demos/DemoSlotRacer/SlotCar-Scene
  artifactKey: Guid(6b9a49bdbbe544cdeaf23d958e5296f8) Importer(2089858483,b0f066a214c2f5e87bad3c948f4d605d)
Start importing Assets/Photon/PhotonUnityNetworking/Demos/DemoSlotRacer/SlotCar-Scene using Guid(6b9a49bdbbe544cdeaf23d958e5296f8) Importer(2089858483,b0f066a214c2f5e87bad3c948f4d605d) (ScriptedImporter) -> (artifact id: 'f4947f07ade644b21d8fd2c73c438b20') in 0.0172977 seconds
Number of updated asset objects reloaded before import = 0Number of asset objects unloaded after import = 1

========================================================================
Received Import Request.
  Time since last request: 0.000025 seconds.
  path: Assets/Space Exploration/Picto_Icons/Light_Purple/lock-32.png
  artifactKey: Guid(781856b212ac1644c8776bb4cc2058ee) Importer(2089858483,b0f066a214c2f5e87bad3c948f4d605d)
Start importing Assets/Space Exploration/Picto_Icons/Light_Purple/lock-32.png using Guid(781856b212ac1644c8776bb4cc2058ee) Importer(2089858483,b0f066a214c2f5e87bad3c948f4d605d) (ScriptedImporter) -> (artifact id: 'f5d52ec1ece3704fbcb964a4919cec44') in 0.0340929 seconds
Number of updated asset objects reloaded before import = 0Number of asset objects unloaded after import = 3

========================================================================
Received Import Request.
  Time since last request: 0.000041 seconds.
  path: Assets/Space Exploration/Settings_&_Menu_Components/Large/off-deselected-large.png
  artifactKey: Guid(922150d2cfa87c3459b9b8dc2c058e89) Importer(2089858483,b0f066a214c2f5e87bad3c948f4d605d)
Start importing Assets/Space Exploration/Settings_&_Menu_Components/Large/off-deselected-large.png using Guid(922150d2cfa87c3459b9b8dc2c058e89) Importer(2089858483,b0f066a214c2f5e87bad3c948f4d605d) (ScriptedImporter) -> (artifact id: '05497b7a56481bd6e03d336e77706a46') in 0.0314372 seconds
Number of updated asset objects reloaded before import = 0Number of asset objects unloaded after import = 3

========================================================================
Received Import Request.
  Time since last request: 0.000048 seconds.
  path: Assets/Photon/PhotonUnityNetworking/UtilityScripts/Culling/Editor/CullAreaEditor.cs
  artifactKey: Guid(abadaa451a7bff0489078ed9eec61133) Importer(2089858483,b0f066a214c2f5e87bad3c948f4d605d)
Start importing Assets/Photon/PhotonUnityNetworking/UtilityScripts/Culling/Editor/CullAreaEditor.cs using Guid(abadaa451a7bff0489078ed9eec61133) Importer(2089858483,b0f066a214c2f5e87bad3c948f4d605d) (ScriptedImporter) -> (artifact id: '7f39298c38e61155947efb5ba26b93c4') in 0.0236439 seconds
Number of updated asset objects reloaded before import = 0Number of asset objects unloaded after import = 0

========================================================================
Received Import Request.
  Time since last request: 0.000285 seconds.
  path: Assets/Space Exploration/Settings_&_Menu_Components/Extra Large/drop-down-button-blank-extra-large.png
  artifactKey: Guid(c46f3ead3d1df7346a696140460c9456) Importer(2089858483,b0f066a214c2f5e87bad3c948f4d605d)
Start importing Assets/Space Exploration/Settings_&_Menu_Components/Extra Large/drop-down-button-blank-extra-large.png using Guid(c46f3ead3d1df7346a696140460c9456) Importer(2089858483,b0f066a214c2f5e87bad3c948f4d605d) (ScriptedImporter) -> (artifact id: 'f8e294076963b394932c53bb64928c11') in 0.1320686 seconds
Number of updated asset objects reloaded before import = 0Number of asset objects unloaded after import = 3

========================================================================
Received Import Request.
  Time since last request: 0.000606 seconds.
  path: Assets/Space Exploration/Rank_System_Components/Large/ranking-2nd-highlight-large.png
  artifactKey: Guid(1547829f2ab6f4148854ecc2f3c8be73) Importer(2089858483,b0f066a214c2f5e87bad3c948f4d605d)
Start importing Assets/Space Exploration/Rank_System_Components/Large/ranking-2nd-highlight-large.png using Guid(1547829f2ab6f4148854ecc2f3c8be73) Importer(2089858483,b0f066a214c2f5e87bad3c948f4d605d) (ScriptedImporter) -> (artifact id: '6dc7ccdef2455a93527fbf7374c733e8') in 0.0425867 seconds
Number of updated asset objects reloaded before import = 0Number of asset objects unloaded after import = 3

========================================================================
Received Import Request.
  Time since last request: 0.000044 seconds.
  path: Assets/Space Exploration/Icons/star-64.png
  artifactKey: Guid(747257c37c9d57345a0307b9feef5b8b) Importer(2089858483,b0f066a214c2f5e87bad3c948f4d605d)
Start importing Assets/Space Exploration/Icons/star-64.png using Guid(747257c37c9d57345a0307b9feef5b8b) Importer(2089858483,b0f066a214c2f5e87bad3c948f4d605d) (ScriptedImporter) -> (artifact id: '6402196553cf6bcbe3eeeda5a0f004de') in 0.0646058 seconds
Number of updated asset objects reloaded before import = 0Number of asset objects unloaded after import = 3

========================================================================
Received Import Request.
  Time since last request: 0.000319 seconds.
  path: Assets/Space Exploration/Picto_Icons/White/dislike-64.png
  artifactKey: Guid(97986affe5d71b14cae2be3b3dab6415) Importer(2089858483,b0f066a214c2f5e87bad3c948f4d605d)
Start importing Assets/Space Exploration/Picto_Icons/White/dislike-64.png using Guid(97986affe5d71b14cae2be3b3dab6415) Importer(2089858483,b0f066a214c2f5e87bad3c948f4d605d) (ScriptedImporter) -> (artifact id: '6ca629505c88f44d86a87791c0612ca2') in 0.0453033 seconds
Number of updated asset objects reloaded before import = 0Number of asset objects unloaded after import = 3

========================================================================
Received Import Request.
  Time since last request: 0.000035 seconds.
  path: Assets/Space Exploration/Fonts/Font Sources/static/Asap_Expanded-Bold.ttf
  artifactKey: Guid(bad0cb60133fd9f478a981adda722516) Importer(2089858483,b0f066a214c2f5e87bad3c948f4d605d)
Start importing Assets/Space Exploration/Fonts/Font Sources/static/Asap_Expanded-Bold.ttf using Guid(bad0cb60133fd9f478a981adda722516) Importer(2089858483,b0f066a214c2f5e87bad3c948f4d605d) (ScriptedImporter) -> (artifact id: '472aa636890a3385c2e9d71a189928e8') in 0.045781 seconds
Number of updated asset objects reloaded before import = 0Number of asset objects unloaded after import = 3

========================================================================
Received Import Request.
  Time since last request: 0.000026 seconds.
  path: Assets/Space Exploration/Fonts/Font Sources/static/Asap_Expanded-ExtraBoldItalic.ttf
  artifactKey: Guid(9666cbd8a238f754c939f40bba8b24c5) Importer(2089858483,b0f066a214c2f5e87bad3c948f4d605d)
Start importing Assets/Space Exploration/Fonts/Font Sources/static/Asap_Expanded-ExtraBoldItalic.ttf using Guid(9666cbd8a238f754c939f40bba8b24c5) Importer(2089858483,b0f066a214c2f5e87bad3c948f4d605d) (ScriptedImporter) -> (artifact id: '464ff902d4524017331165936e04bba2') in 0.0294486 seconds
Number of updated asset objects reloaded before import = 0Number of asset objects unloaded after import = 3

========================================================================
Received Import Request.
  Time since last request: 0.000038 seconds.
  path: Assets/Space Exploration/Picto_Icons/Dark_Purple/chest-32.png
  artifactKey: Guid(9fe76f090d228b644a2ab49f43173d92) Importer(2089858483,b0f066a214c2f5e87bad3c948f4d605d)
Start importing Assets/Space Exploration/Picto_Icons/Dark_Purple/chest-32.png using Guid(9fe76f090d228b644a2ab49f43173d92) Importer(2089858483,b0f066a214c2f5e87bad3c948f4d605d) (ScriptedImporter) -> (artifact id: '6474b245fc36db49bf715b3fbeed5ed6') in 0.0514215 seconds
Number of updated asset objects reloaded before import = 0Number of asset objects unloaded after import = 3

========================================================================
Received Import Request.
  Time since last request: 0.000025 seconds.
  path: Assets/Space Exploration/Picto_Icons/Dark_Purple/bluetooth-64.png
  artifactKey: Guid(e418ceb89d50a064da18342a5ddc94d8) Importer(2089858483,b0f066a214c2f5e87bad3c948f4d605d)
Start importing Assets/Space Exploration/Picto_Icons/Dark_Purple/bluetooth-64.png using Guid(e418ceb89d50a064da18342a5ddc94d8) Importer(2089858483,b0f066a214c2f5e87bad3c948f4d605d) (ScriptedImporter) -> (artifact id: '5793da566de002e3aa370102a4454a5d') in 0.0471731 seconds
Number of updated asset objects reloaded before import = 0Number of asset objects unloaded after import = 3

========================================================================
Received Import Request.
  Time since last request: 0.000022 seconds.
  path: Assets/Space Exploration/Settings_&_Menu_Components/Medium
  artifactKey: Guid(528f8eded083acf4ea7116cf8541d729) Importer(2089858483,b0f066a214c2f5e87bad3c948f4d605d)
Start importing Assets/Space Exploration/Settings_&_Menu_Components/Medium using Guid(528f8eded083acf4ea7116cf8541d729) Importer(2089858483,b0f066a214c2f5e87bad3c948f4d605d) (ScriptedImporter) -> (artifact id: '6dcafe9e4328352a2e1cdddf3efcfb3f') in 0.0199885 seconds
Number of updated asset objects reloaded before import = 0Number of asset objects unloaded after import = 1

========================================================================
Received Import Request.
  Time since last request: 0.000037 seconds.
  path: Assets/Photon/PhotonUnityNetworking/Demos/DemoHub/toHub.png
  artifactKey: Guid(56d51860189dbec438e8e3fba90c46cc) Importer(2089858483,b0f066a214c2f5e87bad3c948f4d605d)
Start importing Assets/Photon/PhotonUnityNetworking/Demos/DemoHub/toHub.png using Guid(56d51860189dbec438e8e3fba90c46cc) Importer(2089858483,b0f066a214c2f5e87bad3c948f4d605d) (ScriptedImporter) -> (artifact id: 'f7e15996c000e4a11f981debef8b52b2') in 0.0389754 seconds
Number of updated asset objects reloaded before import = 0Number of asset objects unloaded after import = 1

========================================================================
Received Import Request.
  Time since last request: 0.000024 seconds.
  path: Assets/Space Exploration/Settings_&_Menu_Components/Large/check-box-empty-large.png
  artifactKey: Guid(e4694004c54461f418cfb88e2a096a31) Importer(2089858483,b0f066a214c2f5e87bad3c948f4d605d)
Start importing Assets/Space Exploration/Settings_&_Menu_Components/Large/check-box-empty-large.png using Guid(e4694004c54461f418cfb88e2a096a31) Importer(2089858483,b0f066a214c2f5e87bad3c948f4d605d) (ScriptedImporter) -> (artifact id: 'd9495bbcd41f3971af0cbdb99a6afa82') in 0.0284494 seconds
Number of updated asset objects reloaded before import = 0Number of asset objects unloaded after import = 3

========================================================================
Received Import Request.
  Time since last request: 0.000027 seconds.
  path: Assets/Space Exploration/Picto_Icons/White/commet-256.png
  artifactKey: Guid(39b0afd6cc2c63946b1d54f8532623fb) Importer(2089858483,b0f066a214c2f5e87bad3c948f4d605d)
Start importing Assets/Space Exploration/Picto_Icons/White/commet-256.png using Guid(39b0afd6cc2c63946b1d54f8532623fb) Importer(2089858483,b0f066a214c2f5e87bad3c948f4d605d) (ScriptedImporter) -> (artifact id: 'ceec7c8e8e1539fe01be17bc95774371') in 0.0473639 seconds
Number of updated asset objects reloaded before import = 0Number of asset objects unloaded after import = 3

========================================================================
Received Import Request.
  Time since last request: 0.000049 seconds.
  path: Assets/Space Exploration/Button_Images/Source_Image_Sprites/large/square-purple-large.png
  artifactKey: Guid(7126bf017ee0fca4e8222af08af8adf2) Importer(2089858483,b0f066a214c2f5e87bad3c948f4d605d)
Start importing Assets/Space Exploration/Button_Images/Source_Image_Sprites/large/square-purple-large.png using Guid(7126bf017ee0fca4e8222af08af8adf2) Importer(2089858483,b0f066a214c2f5e87bad3c948f4d605d) (ScriptedImporter) -> (artifact id: '9a56d55c4e195503b6c4848a2d406ff5') in 0.0349132 seconds
Number of updated asset objects reloaded before import = 0Number of asset objects unloaded after import = 3

========================================================================
Received Import Request.
  Time since last request: 0.000026 seconds.
  path: Assets/Space Exploration/Picto_Icons/Light_Purple/door-32.png
  artifactKey: Guid(6ded6e6750c22bf4f8ff30908b1248d5) Importer(2089858483,b0f066a214c2f5e87bad3c948f4d605d)
Start importing Assets/Space Exploration/Picto_Icons/Light_Purple/door-32.png using Guid(6ded6e6750c22bf4f8ff30908b1248d5) Importer(2089858483,b0f066a214c2f5e87bad3c948f4d605d) (ScriptedImporter) -> (artifact id: '711b5f7250f9a4c582e1b1624e68412b') in 0.0422341 seconds
Number of updated asset objects reloaded before import = 0Number of asset objects unloaded after import = 3

========================================================================
Received Import Request.
  Time since last request: 0.000027 seconds.
  path: Assets/Space Exploration/Prefabs/UI_Elements/Small/Input Fields
  artifactKey: Guid(f9f15d0fcc460504a844e4f75340aa66) Importer(2089858483,b0f066a214c2f5e87bad3c948f4d605d)
Start importing Assets/Space Exploration/Prefabs/UI_Elements/Small/Input Fields using Guid(f9f15d0fcc460504a844e4f75340aa66) Importer(2089858483,b0f066a214c2f5e87bad3c948f4d605d) (ScriptedImporter) -> (artifact id: '12aec5e9a6fb9fbe7d8df44dcc1c1925') in 0.0203017 seconds
Number of updated asset objects reloaded before import = 0Number of asset objects unloaded after import = 1

========================================================================
Received Import Request.
  Time since last request: 0.000030 seconds.
  path: Assets/Photon/PhotonUnityNetworking/Demos/Shared Assets/Skin
  artifactKey: Guid(4b88345814cbcf34c97ce101e4f5d8a6) Importer(2089858483,b0f066a214c2f5e87bad3c948f4d605d)
Start importing Assets/Photon/PhotonUnityNetworking/Demos/Shared Assets/Skin using Guid(4b88345814cbcf34c97ce101e4f5d8a6) Importer(2089858483,b0f066a214c2f5e87bad3c948f4d605d) (ScriptedImporter) -> (artifact id: 'b2d48cf9a3a455798f30649ab2e9755c') in 0.0167915 seconds
Number of updated asset objects reloaded before import = 0Number of asset objects unloaded after import = 1

========================================================================
Received Import Request.
  Time since last request: 0.000023 seconds.
  path: Assets/Free LowPoly Pack/Prefabs/CeilingA1.prefab
  artifactKey: Guid(40977f1f421b682459aa11ac70bbfc2c) Importer(2089858483,b0f066a214c2f5e87bad3c948f4d605d)
Start importing Assets/Free LowPoly Pack/Prefabs/CeilingA1.prefab using Guid(40977f1f421b682459aa11ac70bbfc2c) Importer(2089858483,b0f066a214c2f5e87bad3c948f4d605d) (ScriptedImporter) -> (artifact id: '39d05edc2727f617c2a052bf4c1ee62a') in 0.0401985 seconds
Number of updated asset objects reloaded before import = 0Number of asset objects unloaded after import = 10

========================================================================
Received Import Request.
  Time since last request: 0.000049 seconds.
  path: Assets/Space Exploration/Picto_Icons/White/shield-32.png
  artifactKey: Guid(f6e6d9747f07546449b9e4dc0ffe05de) Importer(2089858483,b0f066a214c2f5e87bad3c948f4d605d)
Start importing Assets/Space Exploration/Picto_Icons/White/shield-32.png using Guid(f6e6d9747f07546449b9e4dc0ffe05de) Importer(2089858483,b0f066a214c2f5e87bad3c948f4d605d) (ScriptedImporter) -> (artifact id: 'ccda51d4aec09facc3e3a06d32ca65bb') in 0.0632784 seconds
Number of updated asset objects reloaded before import = 0Number of asset objects unloaded after import = 3

========================================================================
Received Import Request.
  Time since last request: 0.000041 seconds.
  path: Assets/Space Exploration/Icons/skull-128.png
  artifactKey: Guid(41c44169e9d985642945e732b27aecc1) Importer(2089858483,b0f066a214c2f5e87bad3c948f4d605d)
Start importing Assets/Space Exploration/Icons/skull-128.png using Guid(41c44169e9d985642945e732b27aecc1) Importer(2089858483,b0f066a214c2f5e87bad3c948f4d605d) (ScriptedImporter) -> (artifact id: 'fedefe0d830f9a28ec203b1b3f36cc24') in 0.0554056 seconds
Number of updated asset objects reloaded before import = 0Number of asset objects unloaded after import = 3

========================================================================
Received Import Request.
  Time since last request: 0.000028 seconds.
  path: Assets/Space Exploration/Picto_Icons/Dark_Purple/send-128.png
  artifactKey: Guid(a879c085a9d790848919260ab166097a) Importer(2089858483,b0f066a214c2f5e87bad3c948f4d605d)
Start importing Assets/Space Exploration/Picto_Icons/Dark_Purple/send-128.png using Guid(a879c085a9d790848919260ab166097a) Importer(2089858483,b0f066a214c2f5e87bad3c948f4d605d) (ScriptedImporter) -> (artifact id: 'c9da3ecb335c85794566f22b0fe8615d') in 0.1745378 seconds
Number of updated asset objects reloaded before import = 0Number of asset objects unloaded after import = 3

========================================================================
Received Import Request.
  Time since last request: 0.000030 seconds.
  path: Assets/Space Exploration/Picto_Icons/Dark_Purple/book-32.png
  artifactKey: Guid(f4d1a8fce309ff440b82557ba64eae06) Importer(2089858483,b0f066a214c2f5e87bad3c948f4d605d)
Start importing Assets/Space Exploration/Picto_Icons/Dark_Purple/book-32.png using Guid(f4d1a8fce309ff440b82557ba64eae06) Importer(2089858483,b0f066a214c2f5e87bad3c948f4d605d) (ScriptedImporter) -> (artifact id: '7bf76de38a67c34a6daef9249fb6933f') in 0.0487102 seconds
Number of updated asset objects reloaded before import = 0Number of asset objects unloaded after import = 3

========================================================================
Received Import Request.
  Time since last request: 0.000049 seconds.
  path: Assets/Space Exploration/Picto_Icons/Dark_Purple/crown-128.png
  artifactKey: Guid(6d2f44a4ae3c889489bcc99d5a2333be) Importer(2089858483,b0f066a214c2f5e87bad3c948f4d605d)
Start importing Assets/Space Exploration/Picto_Icons/Dark_Purple/crown-128.png using Guid(6d2f44a4ae3c889489bcc99d5a2333be) Importer(2089858483,b0f066a214c2f5e87bad3c948f4d605d) (ScriptedImporter) -> (artifact id: 'ab8b5c6ea748ba5eb93147254de14180') in 0.0657921 seconds
Number of updated asset objects reloaded before import = 0Number of asset objects unloaded after import = 3

========================================================================
Received Import Request.
  Time since last request: 0.000033 seconds.
  path: Assets/Photon/PhotonUnityNetworking/Demos/DemoHub/Sprites/Gradient.png
  artifactKey: Guid(66efb24ed46044ab8a039599cbc47d7b) Importer(2089858483,b0f066a214c2f5e87bad3c948f4d605d)
Start importing Assets/Photon/PhotonUnityNetworking/Demos/DemoHub/Sprites/Gradient.png using Guid(66efb24ed46044ab8a039599cbc47d7b) Importer(2089858483,b0f066a214c2f5e87bad3c948f4d605d) (ScriptedImporter) -> (artifact id: '739c2215eeea2d18027a9932fa8245d4') in 0.1279936 seconds
Number of updated asset objects reloaded before import = 0Number of asset objects unloaded after import = 3

========================================================================
Received Import Request.
  Time since last request: 0.000047 seconds.
  path: Assets/Space Exploration/Button_Images/Highlighted_Sprite/medium/large-pink-sparkle-highlight-medium.png
  artifactKey: Guid(531dcd4f99655dc4a9fb315aafe2e446) Importer(2089858483,b0f066a214c2f5e87bad3c948f4d605d)
Start importing Assets/Space Exploration/Button_Images/Highlighted_Sprite/medium/large-pink-sparkle-highlight-medium.png using Guid(531dcd4f99655dc4a9fb315aafe2e446) Importer(2089858483,b0f066a214c2f5e87bad3c948f4d605d) (ScriptedImporter) -> (artifact id: '6c6ac05a5e3b695dc1277e22d8271fe7') in 0.0355606 seconds
Number of updated asset objects reloaded before import = 0Number of asset objects unloaded after import = 3

========================================================================
Received Import Request.
  Time since last request: 0.000031 seconds.
  path: Assets/Space Exploration/Picto_Icons/White/sound-off-128.png
  artifactKey: Guid(b272c78f6f5cd3d428c2f79bc3622616) Importer(2089858483,b0f066a214c2f5e87bad3c948f4d605d)
Start importing Assets/Space Exploration/Picto_Icons/White/sound-off-128.png using Guid(b272c78f6f5cd3d428c2f79bc3622616) Importer(2089858483,b0f066a214c2f5e87bad3c948f4d605d) (ScriptedImporter) -> (artifact id: 'e24d08e1d7f863491b146699624a8821') in 0.071479 seconds
Number of updated asset objects reloaded before import = 0Number of asset objects unloaded after import = 3

========================================================================
Received Import Request.
  Time since last request: 0.000043 seconds.
  path: Assets/Space Exploration/Prefabs/Buttons_Simple/Small/Pink/Square_Pink_Small_Button.prefab
  artifactKey: Guid(aca9e155912167b4dabb724b66034b1d) Importer(2089858483,b0f066a214c2f5e87bad3c948f4d605d)
Start importing Assets/Space Exploration/Prefabs/Buttons_Simple/Small/Pink/Square_Pink_Small_Button.prefab using Guid(aca9e155912167b4dabb724b66034b1d) Importer(2089858483,b0f066a214c2f5e87bad3c948f4d605d) (ScriptedImporter) -> (artifact id: '5b5468ca1f3199ea7cba1173eaf666af') in 0.1237197 seconds
Number of updated asset objects reloaded before import = 0Number of asset objects unloaded after import = 18

========================================================================
Received Import Request.
  Time since last request: 0.000064 seconds.
  path: Assets/Space Exploration/Other_Images/Medium/shooting-star-blue-medium.png
  artifactKey: Guid(6537feccefe0932459ac93029d9cd568) Importer(2089858483,b0f066a214c2f5e87bad3c948f4d605d)
Start importing Assets/Space Exploration/Other_Images/Medium/shooting-star-blue-medium.png using Guid(6537feccefe0932459ac93029d9cd568) Importer(2089858483,b0f066a214c2f5e87bad3c948f4d605d) (ScriptedImporter) -> (artifact id: 'bbe4e1893db23964c15fb3eee3a01b20') in 0.1155877 seconds
Number of updated asset objects reloaded before import = 0Number of asset objects unloaded after import = 3

========================================================================
Received Import Request.
  Time since last request: 0.000050 seconds.
  path: Assets/Space Exploration/Settings_&_Menu_Components/Large/check-large.png
  artifactKey: Guid(b7c32211a613aaa41b6e574dad805771) Importer(2089858483,b0f066a214c2f5e87bad3c948f4d605d)
Start importing Assets/Space Exploration/Settings_&_Menu_Components/Large/check-large.png using Guid(b7c32211a613aaa41b6e574dad805771) Importer(2089858483,b0f066a214c2f5e87bad3c948f4d605d) (ScriptedImporter) -> (artifact id: '337fd57ff8266dad7fa837cb471970dc') in 0.0575928 seconds
Number of updated asset objects reloaded before import = 0Number of asset objects unloaded after import = 3

========================================================================
Received Import Request.
  Time since last request: 0.000032 seconds.
  path: Assets/ProjectSettings/ProjectVersion.txt
  artifactKey: Guid(cfbc88335e3a8b343a0460fdd6e0eeb8) Importer(2089858483,b0f066a214c2f5e87bad3c948f4d605d)
Start importing Assets/ProjectSettings/ProjectVersion.txt using Guid(cfbc88335e3a8b343a0460fdd6e0eeb8) Importer(2089858483,b0f066a214c2f5e87bad3c948f4d605d) (ScriptedImporter) -> (artifact id: 'c9255a13f01bb2f17885c7bf9d5124c5') in 0.0291412 seconds
Number of updated asset objects reloaded before import = 0Number of asset objects unloaded after import = 1

========================================================================
Received Import Request.
  Time since last request: 0.000040 seconds.
  path: Assets/Free Stylized Sci-Fi Scout Bot/Texture/Texture_BaseColor_v02.png
  artifactKey: Guid(0046ea2c26099c9428a5133e80c37f53) Importer(2089858483,b0f066a214c2f5e87bad3c948f4d605d)
Start importing Assets/Free Stylized Sci-Fi Scout Bot/Texture/Texture_BaseColor_v02.png using Guid(0046ea2c26099c9428a5133e80c37f53) Importer(2089858483,b0f066a214c2f5e87bad3c948f4d605d) (ScriptedImporter) -> (artifact id: 'ba733a66349630c9e44f939a6f03f4bf') in 0.0494821 seconds
Number of updated asset objects reloaded before import = 0Number of asset objects unloaded after import = 1

========================================================================
Received Import Request.
  Time since last request: 0.000031 seconds.
  path: Assets/Space Exploration/Picto_Icons/Light_Purple/sparkles-128.png
  artifactKey: Guid(860757031ab103541a865310241d4f8e) Importer(2089858483,b0f066a214c2f5e87bad3c948f4d605d)
Start importing Assets/Space Exploration/Picto_Icons/Light_Purple/sparkles-128.png using Guid(860757031ab103541a865310241d4f8e) Importer(2089858483,b0f066a214c2f5e87bad3c948f4d605d) (ScriptedImporter) -> (artifact id: '0c786d654329bf988705c88638956eca') in 0.146641 seconds
Number of updated asset objects reloaded before import = 0Number of asset objects unloaded after import = 3

========================================================================
Received Import Request.
  Time since last request: 0.000039 seconds.
  path: Assets/Photon/PhotonUnityNetworking/Code/Editor/Views
  artifactKey: Guid(c6024eaa234f94341af9e45cc99285c7) Importer(2089858483,b0f066a214c2f5e87bad3c948f4d605d)
Start importing Assets/Photon/PhotonUnityNetworking/Code/Editor/Views using Guid(c6024eaa234f94341af9e45cc99285c7) Importer(2089858483,b0f066a214c2f5e87bad3c948f4d605d) (ScriptedImporter) -> (artifact id: 'ab2d00a5affa5427f167e525b6fdfeb0') in 0.033525 seconds
Number of updated asset objects reloaded before import = 0Number of asset objects unloaded after import = 1

========================================================================
Received Import Request.
  Time since last request: 0.000042 seconds.
  path: Assets/Space Exploration/Fonts/Font Sources/static/Asap_Condensed-ExtraLightItalic.ttf
  artifactKey: Guid(8a053c7fa55520f47876237db38c39b6) Importer(2089858483,b0f066a214c2f5e87bad3c948f4d605d)
Start importing Assets/Space Exploration/Fonts/Font Sources/static/Asap_Condensed-ExtraLightItalic.ttf using Guid(8a053c7fa55520f47876237db38c39b6) Importer(2089858483,b0f066a214c2f5e87bad3c948f4d605d) (ScriptedImporter) -> (artifact id: 'ac20aafb382a4eca470864c16cb6fea9') in 0.0314086 seconds
Number of updated asset objects reloaded before import = 0Number of asset objects unloaded after import = 3

========================================================================
Received Import Request.
  Time since last request: 0.000041 seconds.
  path: Assets/Space Exploration/Picto_Icons/Dark_Purple/snowflake-128.png
  artifactKey: Guid(bfe93be3c0c4dfd44bcd257204457c11) Importer(2089858483,b0f066a214c2f5e87bad3c948f4d605d)
Start importing Assets/Space Exploration/Picto_Icons/Dark_Purple/snowflake-128.png using Guid(bfe93be3c0c4dfd44bcd257204457c11) Importer(2089858483,b0f066a214c2f5e87bad3c948f4d605d) (ScriptedImporter) -> (artifact id: '849e554880ad474d71df1db4be2ea0f7') in 0.0599281 seconds
Number of updated asset objects reloaded before import = 0Number of asset objects unloaded after import = 3

========================================================================
Received Import Request.
  Time since last request: 0.000028 seconds.
  path: Assets/Photon/PhotonUnityNetworking/Demos/DemoSlotRacer/Kenney Assets/Stylized city/Materials/13 - Default54.mat
  artifactKey: Guid(831e4ea6beda02947bdca5aeb8543156) Importer(2089858483,b0f066a214c2f5e87bad3c948f4d605d)
Start importing Assets/Photon/PhotonUnityNetworking/Demos/DemoSlotRacer/Kenney Assets/Stylized city/Materials/13 - Default54.mat using Guid(831e4ea6beda02947bdca5aeb8543156) Importer(2089858483,b0f066a214c2f5e87bad3c948f4d605d) (ScriptedImporter) -> (artifact id: '139a967be34484911bd2fe0eabda0ae8') in 0.0215909 seconds
Number of updated asset objects reloaded before import = 0Number of asset objects unloaded after import = 1

========================================================================
Received Import Request.
  Time since last request: 0.000047 seconds.
  path: Assets/Space Exploration/Prefabs/UI_Elements/Extra_Large/Menu Buttons/Back_Button_Extra_Large.prefab
  artifactKey: Guid(3b25c8aa220d40a4baa4ca3bfbf1d7a5) Importer(2089858483,b0f066a214c2f5e87bad3c948f4d605d)
Start importing Assets/Space Exploration/Prefabs/UI_Elements/Extra_Large/Menu Buttons/Back_Button_Extra_Large.prefab using Guid(3b25c8aa220d40a4baa4ca3bfbf1d7a5) Importer(2089858483,b0f066a214c2f5e87bad3c948f4d605d) (ScriptedImporter) -> (artifact id: '7da6233f2e33381a63dbad56e1896274') in 0.0519759 seconds
Number of updated asset objects reloaded before import = 0Number of asset objects unloaded after import = 13

========================================================================
Received Import Request.
  Time since last request: 0.000028 seconds.
  path: Assets/Space Exploration/Picto_Icons/White/add-32.png
  artifactKey: Guid(aa470b68fc3eea249982f7f3897c2681) Importer(2089858483,b0f066a214c2f5e87bad3c948f4d605d)
Start importing Assets/Space Exploration/Picto_Icons/White/add-32.png using Guid(aa470b68fc3eea249982f7f3897c2681) Importer(2089858483,b0f066a214c2f5e87bad3c948f4d605d) (ScriptedImporter) -> (artifact id: 'e303edcb1c8cd556f98653c658c253ec') in 0.1162448 seconds
Number of updated asset objects reloaded before import = 0Number of asset objects unloaded after import = 3

========================================================================
Received Import Request.
  Time since last request: 0.000046 seconds.
  path: Assets/Space Exploration/Picto_Icons/Dark_Purple/redo-64.png
  artifactKey: Guid(d776adb387716324f9ee9d5fb104fb25) Importer(2089858483,b0f066a214c2f5e87bad3c948f4d605d)
Start importing Assets/Space Exploration/Picto_Icons/Dark_Purple/redo-64.png using Guid(d776adb387716324f9ee9d5fb104fb25) Importer(2089858483,b0f066a214c2f5e87bad3c948f4d605d) (ScriptedImporter) -> (artifact id: 'cf3895763eefe228c6cc3a3cbb7cc12a') in 0.0665875 seconds
Number of updated asset objects reloaded before import = 0Number of asset objects unloaded after import = 3

========================================================================
Received Import Request.
  Time since last request: 0.000030 seconds.
  path: Assets/Free LowPoly Pack/Prefabs/HandRailSmall.prefab
  artifactKey: Guid(230464eeaeb27b54c8c52bd67155038c) Importer(2089858483,b0f066a214c2f5e87bad3c948f4d605d)
Start importing Assets/Free LowPoly Pack/Prefabs/HandRailSmall.prefab using Guid(230464eeaeb27b54c8c52bd67155038c) Importer(2089858483,b0f066a214c2f5e87bad3c948f4d605d) (ScriptedImporter) -> (artifact id: 'bc4747b52c3c15fb8976a49276d482a9') in 0.0472551 seconds
Number of updated asset objects reloaded before import = 0Number of asset objects unloaded after import = 10

========================================================================
Received Import Request.
  Time since last request: 0.000041 seconds.
  path: Assets/Space Exploration/Picto_Icons/Dark_Purple/down-arrow-256.png
  artifactKey: Guid(ca4548e6d978ad44e83e7b75b0a0de15) Importer(2089858483,b0f066a214c2f5e87bad3c948f4d605d)
Start importing Assets/Space Exploration/Picto_Icons/Dark_Purple/down-arrow-256.png using Guid(ca4548e6d978ad44e83e7b75b0a0de15) Importer(2089858483,b0f066a214c2f5e87bad3c948f4d605d) (ScriptedImporter) -> (artifact id: 'fb8bbde4dd1e76b8a471cf5e79d91797') in 0.0766499 seconds
Number of updated asset objects reloaded before import = 0Number of asset objects unloaded after import = 3

========================================================================
Received Import Request.
  Time since last request: 0.000039 seconds.
  path: Assets/PlayFabSDK/Economy/PlayFabEconomyInstanceAPI.cs
  artifactKey: Guid(57229903c0965c74b90bc2ef8ccbc31c) Importer(2089858483,b0f066a214c2f5e87bad3c948f4d605d)
Start importing Assets/PlayFabSDK/Economy/PlayFabEconomyInstanceAPI.cs using Guid(57229903c0965c74b90bc2ef8ccbc31c) Importer(2089858483,b0f066a214c2f5e87bad3c948f4d605d) (ScriptedImporter) -> (artifact id: 'eb31ef63a3c5515f4fff87f1bc122b60') in 0.0278325 seconds
Number of updated asset objects reloaded before import = 0Number of asset objects unloaded after import = 0

========================================================================
Received Import Request.
  Time since last request: 0.000023 seconds.
  path: Assets/Space Exploration/Picto_Icons/White/snowflake-256.png
  artifactKey: Guid(8d2b2ddbc1cd4bd40b16877cb3a50ac4) Importer(2089858483,b0f066a214c2f5e87bad3c948f4d605d)
Start importing Assets/Space Exploration/Picto_Icons/White/snowflake-256.png using Guid(8d2b2ddbc1cd4bd40b16877cb3a50ac4) Importer(2089858483,b0f066a214c2f5e87bad3c948f4d605d) (ScriptedImporter) -> (artifact id: 'dd71a7c4ee10a4f16ed7b09f737f9608') in 0.0587841 seconds
Number of updated asset objects reloaded before import = 0Number of asset objects unloaded after import = 3

========================================================================
Received Import Request.
  Time since last request: 0.000037 seconds.
  path: Assets/Space Exploration/Button_Images/Pressed_Sprites/Small/large-pink-sparkle-pressed-small.png
  artifactKey: Guid(e9a3c65563470b94a88b594672240ece) Importer(2089858483,b0f066a214c2f5e87bad3c948f4d605d)
Start importing Assets/Space Exploration/Button_Images/Pressed_Sprites/Small/large-pink-sparkle-pressed-small.png using Guid(e9a3c65563470b94a88b594672240ece) Importer(2089858483,b0f066a214c2f5e87bad3c948f4d605d) (ScriptedImporter) -> (artifact id: '904d72e113635f3baa210b36fb59f8a9') in 0.0658241 seconds
Number of updated asset objects reloaded before import = 0Number of asset objects unloaded after import = 3

========================================================================
Received Import Request.
  Time since last request: 0.000033 seconds.
  path: Assets/Space Exploration/Picto_Icons/Dark_Purple/--256.png
  artifactKey: Guid(666a5ff782782ec41a77e65ad447b6d6) Importer(2089858483,b0f066a214c2f5e87bad3c948f4d605d)
Start importing Assets/Space Exploration/Picto_Icons/Dark_Purple/--256.png using Guid(666a5ff782782ec41a77e65ad447b6d6) Importer(2089858483,b0f066a214c2f5e87bad3c948f4d605d) (ScriptedImporter) -> (artifact id: 'a8e312d3de00db0cfe14a93e85bc27e8') in 0.0471512 seconds
Number of updated asset objects reloaded before import = 0Number of asset objects unloaded after import = 3

========================================================================
Received Import Request.
  Time since last request: 0.000038 seconds.
  path: Assets/Photon/PhotonUnityNetworking/Code/PhotonUnityNetworking.asmdef
  artifactKey: Guid(57c32fc907df0f54e8e6e8f0d2488336) Importer(2089858483,b0f066a214c2f5e87bad3c948f4d605d)
Start importing Assets/Photon/PhotonUnityNetworking/Code/PhotonUnityNetworking.asmdef using Guid(57c32fc907df0f54e8e6e8f0d2488336) Importer(2089858483,b0f066a214c2f5e87bad3c948f4d605d) (ScriptedImporter) -> (artifact id: '0f7f11dcd92e59a8fe5bc15cf6128f20') in 0.042099 seconds
Number of updated asset objects reloaded before import = 0Number of asset objects unloaded after import = 1

========================================================================
Received Import Request.
  Time since last request: 0.000027 seconds.
  path: Assets/Free LowPoly Pack/Meshes
  artifactKey: Guid(f8d6b15ddd3a52f4bb19259aeb7fa40f) Importer(2089858483,b0f066a214c2f5e87bad3c948f4d605d)
Start importing Assets/Free LowPoly Pack/Meshes using Guid(f8d6b15ddd3a52f4bb19259aeb7fa40f) Importer(2089858483,b0f066a214c2f5e87bad3c948f4d605d) (ScriptedImporter) -> (artifact id: '875917e94ac286635a4c7e8024c325a1') in 0.0340025 seconds
Number of updated asset objects reloaded before import = 0Number of asset objects unloaded after import = 1

========================================================================
Received Import Request.
  Time since last request: 0.000042 seconds.
  path: Assets/Space Exploration/Containers/Large/shop-item-container-large.png
  artifactKey: Guid(1231e817c10a9d14c9a08fb5ab21db12) Importer(2089858483,b0f066a214c2f5e87bad3c948f4d605d)
Start importing Assets/Space Exploration/Containers/Large/shop-item-container-large.png using Guid(1231e817c10a9d14c9a08fb5ab21db12) Importer(2089858483,b0f066a214c2f5e87bad3c948f4d605d) (ScriptedImporter) -> (artifact id: 'fe15b3e6005013df70465a9b9b8b5020') in 0.0633174 seconds
Number of updated asset objects reloaded before import = 0Number of asset objects unloaded after import = 3

========================================================================
Received Import Request.
  Time since last request: 0.000033 seconds.
  path: Assets/Space Exploration/Scenes/Mission_Demo.unity
  artifactKey: Guid(4d985bc858639144a91f3ca7186bc1dc) Importer(2089858483,b0f066a214c2f5e87bad3c948f4d605d)
Start importing Assets/Space Exploration/Scenes/Mission_Demo.unity using Guid(4d985bc858639144a91f3ca7186bc1dc) Importer(2089858483,b0f066a214c2f5e87bad3c948f4d605d) (ScriptedImporter) -> (artifact id: '8d4bf9a940a4cdf7cfa8e86bb8d9def1') in 0.0734841 seconds
Number of updated asset objects reloaded before import = 0Number of asset objects unloaded after import = 1

========================================================================
Received Import Request.
  Time since last request: 0.000039 seconds.
  path: Assets/Space Exploration/Picto_Icons/Light_Purple/leaf-64.png
  artifactKey: Guid(a02d53cb2efbf2b46b0afdd5ee720f8c) Importer(2089858483,b0f066a214c2f5e87bad3c948f4d605d)
Start importing Assets/Space Exploration/Picto_Icons/Light_Purple/leaf-64.png using Guid(a02d53cb2efbf2b46b0afdd5ee720f8c) Importer(2089858483,b0f066a214c2f5e87bad3c948f4d605d) (ScriptedImporter) -> (artifact id: 'c3e8ffe50a993834b4a8aad230eb289c') in 0.0749573 seconds
Number of updated asset objects reloaded before import = 0Number of asset objects unloaded after import = 3

========================================================================
Received Import Request.
  Time since last request: 0.000034 seconds.
  path: Assets/Photon/PhotonUnityNetworking/UtilityScripts/UI/ButtonInsideScrollList.cs
  artifactKey: Guid(e0e8b381f2c05442ca5c01638958156a) Importer(2089858483,b0f066a214c2f5e87bad3c948f4d605d)
Start importing Assets/Photon/PhotonUnityNetworking/UtilityScripts/UI/ButtonInsideScrollList.cs using Guid(e0e8b381f2c05442ca5c01638958156a) Importer(2089858483,b0f066a214c2f5e87bad3c948f4d605d) (ScriptedImporter) -> (artifact id: 'fc511989149b7ce792354e25bd26bb69') in 0.0257825 seconds
Number of updated asset objects reloaded before import = 0Number of asset objects unloaded after import = 0

========================================================================
Received Import Request.
  Time since last request: 0.000038 seconds.
  path: Assets/Space Exploration/Picto_Icons/Light_Purple/wifi-64.png
  artifactKey: Guid(fd5927856ae2f58418565b948ef03911) Importer(2089858483,b0f066a214c2f5e87bad3c948f4d605d)
Start importing Assets/Space Exploration/Picto_Icons/Light_Purple/wifi-64.png using Guid(fd5927856ae2f58418565b948ef03911) Importer(2089858483,b0f066a214c2f5e87bad3c948f4d605d) (ScriptedImporter) -> (artifact id: '8f7b5163c094bff600d8512ee75d7b8f') in 0.0630997 seconds
Number of updated asset objects reloaded before import = 0Number of asset objects unloaded after import = 3

========================================================================
Received Import Request.
  Time since last request: 0.000029 seconds.
  path: Assets/Space Exploration/Picto_Icons/Dark_Purple/back-128.png
  artifactKey: Guid(ca8a6e0309557074fb90e3ffea4c4865) Importer(2089858483,b0f066a214c2f5e87bad3c948f4d605d)
Start importing Assets/Space Exploration/Picto_Icons/Dark_Purple/back-128.png using Guid(ca8a6e0309557074fb90e3ffea4c4865) Importer(2089858483,b0f066a214c2f5e87bad3c948f4d605d) (ScriptedImporter) -> (artifact id: 'b55783afe0dc0ff1905ca40abe0ab3d3') in 0.0502854 seconds
Number of updated asset objects reloaded before import = 0Number of asset objects unloaded after import = 3

========================================================================
Received Import Request.
  Time since last request: 0.000045 seconds.
  path: Assets/Space Exploration/Containers/Medium/shop-item-container-medium.png
  artifactKey: Guid(0dc88c214cbc9a3478d1d7e04b85ffff) Importer(2089858483,b0f066a214c2f5e87bad3c948f4d605d)
Start importing Assets/Space Exploration/Containers/Medium/shop-item-container-medium.png using Guid(0dc88c214cbc9a3478d1d7e04b85ffff) Importer(2089858483,b0f066a214c2f5e87bad3c948f4d605d) (ScriptedImporter) -> (artifact id: 'd065ef93eef4be7113a8260ab0aa6a01') in 0.2091765 seconds
Number of updated asset objects reloaded before import = 0Number of asset objects unloaded after import = 3

========================================================================
Received Import Request.
  Time since last request: 0.000037 seconds.
  path: Assets/Space Exploration/Picto_Icons/Dark_Purple/web-256.png
  artifactKey: Guid(2d7a047c3099cb64db529c580a3b823e) Importer(2089858483,b0f066a214c2f5e87bad3c948f4d605d)
Start importing Assets/Space Exploration/Picto_Icons/Dark_Purple/web-256.png using Guid(2d7a047c3099cb64db529c580a3b823e) Importer(2089858483,b0f066a214c2f5e87bad3c948f4d605d) (ScriptedImporter) -> (artifact id: 'ca97a01542f65a136c54de33b6e0b268') in 0.0858127 seconds
Number of updated asset objects reloaded before import = 0Number of asset objects unloaded after import = 3

========================================================================
Received Import Request.
  Time since last request: 0.000045 seconds.
  path: Assets/Space Exploration/Button_Images/Pressed_Sprites/Medium/large-blue-pressed-medium.png
  artifactKey: Guid(6276fa9b12c0604498fc82c401b087b7) Importer(2089858483,b0f066a214c2f5e87bad3c948f4d605d)
Start importing Assets/Space Exploration/Button_Images/Pressed_Sprites/Medium/large-blue-pressed-medium.png using Guid(6276fa9b12c0604498fc82c401b087b7) Importer(2089858483,b0f066a214c2f5e87bad3c948f4d605d) (ScriptedImporter) -> (artifact id: 'e70fd56dc7d02432cbbeb2003a7c00dc') in 0.0641222 seconds
Number of updated asset objects reloaded before import = 0Number of asset objects unloaded after import = 3

========================================================================
Received Import Request.
  Time since last request: 0.000030 seconds.
  path: Assets/Photon/PhotonUnityNetworking/Demos/DemoSlotRacer/Kenney Assets/Racing Kit/Models/roadCornerSmallBorder.fbx
  artifactKey: Guid(f34457aefb5bca94fa9fb35aa61fb3e7) Importer(2089858483,b0f066a214c2f5e87bad3c948f4d605d)
Start importing Assets/Photon/PhotonUnityNetworking/Demos/DemoSlotRacer/Kenney Assets/Racing Kit/Models/roadCornerSmallBorder.fbx using Guid(f34457aefb5bca94fa9fb35aa61fb3e7) Importer(2089858483,b0f066a214c2f5e87bad3c948f4d605d) (ScriptedImporter) -> (artifact id: '2e16575298bdf387cf9eb9c60a5be8fb') in 0.0420341 seconds
Number of updated asset objects reloaded before import = 0Number of asset objects unloaded after import = 9

========================================================================
Received Import Request.
  Time since last request: 0.000047 seconds.
  path: Assets/Space Exploration/Picto_Icons/Dark_Purple/up-arrow-128.png
  artifactKey: Guid(0bc51c0eaa8ebbb4cb11c805b445a80b) Importer(2089858483,b0f066a214c2f5e87bad3c948f4d605d)
Start importing Assets/Space Exploration/Picto_Icons/Dark_Purple/up-arrow-128.png using Guid(0bc51c0eaa8ebbb4cb11c805b445a80b) Importer(2089858483,b0f066a214c2f5e87bad3c948f4d605d) (ScriptedImporter) -> (artifact id: '65bd066736cdee07d38810368780325e') in 0.0623869 seconds
Number of updated asset objects reloaded before import = 0Number of asset objects unloaded after import = 3

========================================================================
Received Import Request.
  Time since last request: 0.000037 seconds.
  path: Assets/Photon/PhotonUnityNetworking/Code/PhotonStreamQueue.cs
  artifactKey: Guid(006991e32d9020c4d896f161318a2bc0) Importer(2089858483,b0f066a214c2f5e87bad3c948f4d605d)
Start importing Assets/Photon/PhotonUnityNetworking/Code/PhotonStreamQueue.cs using Guid(006991e32d9020c4d896f161318a2bc0) Importer(2089858483,b0f066a214c2f5e87bad3c948f4d605d) (ScriptedImporter) -> (artifact id: 'c2721ce1173ca88b10b75e9b6b49ba7e') in 0.0376433 seconds
Number of updated asset objects reloaded before import = 0Number of asset objects unloaded after import = 0

========================================================================
Received Import Request.
  Time since last request: 0.000041 seconds.
  path: Assets/Space Exploration/Button_Images/Source_Image_Sprites/small/medium-purple-small.png
  artifactKey: Guid(8828b5ee476d0b043be2d68cf245e9e0) Importer(2089858483,b0f066a214c2f5e87bad3c948f4d605d)
Start importing Assets/Space Exploration/Button_Images/Source_Image_Sprites/small/medium-purple-small.png using Guid(8828b5ee476d0b043be2d68cf245e9e0) Importer(2089858483,b0f066a214c2f5e87bad3c948f4d605d) (ScriptedImporter) -> (artifact id: 'dbc76bca8afc07d34bbf7fdaa684248d') in 0.0559851 seconds
Number of updated asset objects reloaded before import = 0Number of asset objects unloaded after import = 3

========================================================================
Received Import Request.
  Time since last request: 0.000035 seconds.
  path: Assets/Space Exploration/Picto_Icons/White/saturn-32.png
  artifactKey: Guid(eafc5c8e2de73b442b7440f4120d1768) Importer(2089858483,b0f066a214c2f5e87bad3c948f4d605d)
Start importing Assets/Space Exploration/Picto_Icons/White/saturn-32.png using Guid(eafc5c8e2de73b442b7440f4120d1768) Importer(2089858483,b0f066a214c2f5e87bad3c948f4d605d) (ScriptedImporter) -> (artifact id: '501fbf133b78a289792d1aaed18086e9') in 0.0562728 seconds
Number of updated asset objects reloaded before import = 0Number of asset objects unloaded after import = 3

========================================================================
Received Import Request.
  Time since last request: 0.000045 seconds.
  path: Assets/Photon/PhotonUnityNetworking/Demos/PunBasics-Tutorial/Animator/Kyle Robot.controller
  artifactKey: Guid(1b222757b9e3844209748206173481c3) Importer(2089858483,b0f066a214c2f5e87bad3c948f4d605d)
Start importing Assets/Photon/PhotonUnityNetworking/Demos/PunBasics-Tutorial/Animator/Kyle Robot.controller using Guid(1b222757b9e3844209748206173481c3) Importer(2089858483,b0f066a214c2f5e87bad3c948f4d605d) (ScriptedImporter) -> (artifact id: '5164828aa368bcfccf03bc19c8714207') in 0.0759635 seconds
Number of updated asset objects reloaded before import = 0Number of asset objects unloaded after import = 15

========================================================================
Received Import Request.
  Time since last request: 0.000034 seconds.
  path: Assets/Space Exploration/Settings_&_Menu_Components/Medium/vertical-scroll-bar-container-medium.png
  artifactKey: Guid(43fc6327486320847a35db395ec8e606) Importer(2089858483,b0f066a214c2f5e87bad3c948f4d605d)
Start importing Assets/Space Exploration/Settings_&_Menu_Components/Medium/vertical-scroll-bar-container-medium.png using Guid(43fc6327486320847a35db395ec8e606) Importer(2089858483,b0f066a214c2f5e87bad3c948f4d605d) (ScriptedImporter) -> (artifact id: '666ed577d3b6570488eb0cf6e6a4f703') in 0.0614481 seconds
Number of updated asset objects reloaded before import = 0Number of asset objects unloaded after import = 3

========================================================================
Received Import Request.
  Time since last request: 0.000049 seconds.
  path: Assets/Space Exploration/Picto_Icons/Dark_Purple/hourglass-32.png
  artifactKey: Guid(11cfd44f0f7b4b64fa09cc54f94e57eb) Importer(2089858483,b0f066a214c2f5e87bad3c948f4d605d)
Start importing Assets/Space Exploration/Picto_Icons/Dark_Purple/hourglass-32.png using Guid(11cfd44f0f7b4b64fa09cc54f94e57eb) Importer(2089858483,b0f066a214c2f5e87bad3c948f4d605d) (ScriptedImporter) -> (artifact id: 'ed6f1a89788599ac2cd9e95dc4faa391') in 0.0597521 seconds
Number of updated asset objects reloaded before import = 0Number of asset objects unloaded after import = 3

========================================================================
Received Import Request.
  Time since last request: 0.000037 seconds.
  path: Assets/Photon/PhotonUnityNetworking/Demos/PunCockpit/Scripts/Autonomous UI/Generic/IntInputField.cs
  artifactKey: Guid(bd06272cdb8d849f0ab251f0678c9eca) Importer(2089858483,b0f066a214c2f5e87bad3c948f4d605d)
Start importing Assets/Photon/PhotonUnityNetworking/Demos/PunCockpit/Scripts/Autonomous UI/Generic/IntInputField.cs using Guid(bd06272cdb8d849f0ab251f0678c9eca) Importer(2089858483,b0f066a214c2f5e87bad3c948f4d605d) (ScriptedImporter) -> (artifact id: '256483f058b9a044b0340a7bd5aa99f5') in 0.0216526 seconds
Number of updated asset objects reloaded before import = 0Number of asset objects unloaded after import = 0

========================================================================
Received Import Request.
  Time since last request: 0.000040 seconds.
  path: Assets/Space Exploration/Prefabs/Buttons_Simple/Small/Purple/Sparkle_Large_Purple_Small_Button.prefab
  artifactKey: Guid(a6383d38be67df4499a65d9a50456dc9) Importer(2089858483,b0f066a214c2f5e87bad3c948f4d605d)
Start importing Assets/Space Exploration/Prefabs/Buttons_Simple/Small/Purple/Sparkle_Large_Purple_Small_Button.prefab using Guid(a6383d38be67df4499a65d9a50456dc9) Importer(2089858483,b0f066a214c2f5e87bad3c948f4d605d) (ScriptedImporter) -> (artifact id: '83ae5dca2a3d495305d05de2e8ab30af') in 0.0956861 seconds
Number of updated asset objects reloaded before import = 0Number of asset objects unloaded after import = 18

========================================================================
Received Import Request.
  Time since last request: 0.000031 seconds.
  path: Assets/PlayFabSDK/Shared
  artifactKey: Guid(7f23e4a650becd44fa8fccf00ba8529b) Importer(2089858483,b0f066a214c2f5e87bad3c948f4d605d)
Start importing Assets/PlayFabSDK/Shared using Guid(7f23e4a650becd44fa8fccf00ba8529b) Importer(2089858483,b0f066a214c2f5e87bad3c948f4d605d) (ScriptedImporter) -> (artifact id: '0aaf0076e272bb3a5a4de888ccb18251') in 0.0232775 seconds
Number of updated asset objects reloaded before import = 0Number of asset objects unloaded after import = 1

========================================================================
Received Import Request.
  Time since last request: 0.000041 seconds.
  path: Assets/Space Exploration/Grid_Components/Large/inventory-locked-highlight-large.png
  artifactKey: Guid(b75b29d652b4a114898fe14384a622f0) Importer(2089858483,b0f066a214c2f5e87bad3c948f4d605d)
Start importing Assets/Space Exploration/Grid_Components/Large/inventory-locked-highlight-large.png using Guid(b75b29d652b4a114898fe14384a622f0) Importer(2089858483,b0f066a214c2f5e87bad3c948f4d605d) (ScriptedImporter) -> (artifact id: '5bde7de72cf8d2f1bbff780405a4efab') in 0.0988016 seconds
Number of updated asset objects reloaded before import = 0Number of asset objects unloaded after import = 3

========================================================================
Received Import Request.
  Time since last request: 0.000028 seconds.
  path: Assets/Free LowPoly Pack/Meshes/Materials/HUD_mat.mat
  artifactKey: Guid(1e3d0a4b7e116334382e8ec31cfbbc6b) Importer(2089858483,b0f066a214c2f5e87bad3c948f4d605d)
Start importing Assets/Free LowPoly Pack/Meshes/Materials/HUD_mat.mat using Guid(1e3d0a4b7e116334382e8ec31cfbbc6b) Importer(2089858483,b0f066a214c2f5e87bad3c948f4d605d) (ScriptedImporter) -> (artifact id: '33dc16915749ba03706e0149b94befc6') in 0.0254531 seconds
Number of updated asset objects reloaded before import = 0Number of asset objects unloaded after import = 1

========================================================================
Received Import Request.
  Time since last request: 0.000039 seconds.
  path: Assets/PlayFabSDK/link.xml
  artifactKey: Guid(dc2c3070dc174cc45a4aaf1a5e38263d) Importer(2089858483,b0f066a214c2f5e87bad3c948f4d605d)
Start importing Assets/PlayFabSDK/link.xml using Guid(dc2c3070dc174cc45a4aaf1a5e38263d) Importer(2089858483,b0f066a214c2f5e87bad3c948f4d605d) (ScriptedImporter) -> (artifact id: '7da59a1029eba0ef063f983e2599a30b') in 0.0210742 seconds
Number of updated asset objects reloaded before import = 0Number of asset objects unloaded after import = 1

========================================================================
Received Import Request.
  Time since last request: 0.000027 seconds.
  path: Assets/Photon/PhotonUnityNetworking/Demos/Shared Assets/Animator/ThirdPersonAnimatorController.controller
  artifactKey: Guid(e2cf68ff4b1ffda45a77f7307dd789b9) Importer(2089858483,b0f066a214c2f5e87bad3c948f4d605d)
Start importing Assets/Photon/PhotonUnityNetworking/Demos/Shared Assets/Animator/ThirdPersonAnimatorController.controller using Guid(e2cf68ff4b1ffda45a77f7307dd789b9) Importer(2089858483,b0f066a214c2f5e87bad3c948f4d605d) (ScriptedImporter) -> (artifact id: 'f17fe74f9d56e57e8f6ef2482eaa6705') in 0.126263 seconds
Number of updated asset objects reloaded before import = 0Number of asset objects unloaded after import = 40

========================================================================
Received Import Request.
  Time since last request: 0.000046 seconds.
  path: Assets/Space Exploration/Prefabs/Buttons_Simple/Medium/Yellow/Yellow_Medium_Button.prefab
  artifactKey: Guid(e78e10a3b0f0f3841b55347abde243c2) Importer(2089858483,b0f066a214c2f5e87bad3c948f4d605d)
Start importing Assets/Space Exploration/Prefabs/Buttons_Simple/Medium/Yellow/Yellow_Medium_Button.prefab using Guid(e78e10a3b0f0f3841b55347abde243c2) Importer(2089858483,b0f066a214c2f5e87bad3c948f4d605d) (ScriptedImporter) -> (artifact id: 'e3ec3caa0a688640a6a7a649b9f8ab4c') in 0.0983286 seconds
Number of updated asset objects reloaded before import = 0Number of asset objects unloaded after import = 18

========================================================================
Received Import Request.
  Time since last request: 0.000100 seconds.
  path: Assets/Space Exploration/Picto_Icons/Dark_Purple/mail-128.png
  artifactKey: Guid(33b928fcb5bc9ee4fba8e4688210e381) Importer(2089858483,b0f066a214c2f5e87bad3c948f4d605d)
Start importing Assets/Space Exploration/Picto_Icons/Dark_Purple/mail-128.png using Guid(33b928fcb5bc9ee4fba8e4688210e381) Importer(2089858483,b0f066a214c2f5e87bad3c948f4d605d) (ScriptedImporter) -> (artifact id: '8c7d1e939d56241177285aa48292e8c5') in 0.0527881 seconds
Number of updated asset objects reloaded before import = 0Number of asset objects unloaded after import = 3

========================================================================
Received Import Request.
  Time since last request: 0.000038 seconds.
  path: Assets/Space Exploration/Picto_Icons/White/add-person-64.png
  artifactKey: Guid(edd2d8d9c80339041928cbb59b0637be) Importer(2089858483,b0f066a214c2f5e87bad3c948f4d605d)
Start importing Assets/Space Exploration/Picto_Icons/White/add-person-64.png using Guid(edd2d8d9c80339041928cbb59b0637be) Importer(2089858483,b0f066a214c2f5e87bad3c948f4d605d) (ScriptedImporter) -> (artifact id: '86db7ab71f6c43a2c2cd2ae5915939e0') in 0.0482449 seconds
Number of updated asset objects reloaded before import = 0Number of asset objects unloaded after import = 3

========================================================================
Received Import Request.
  Time since last request: 0.000038 seconds.
  path: Assets/Space Exploration/Icons/scope-256.png
  artifactKey: Guid(6270276427b0285468cc85947ba42fa8) Importer(2089858483,b0f066a214c2f5e87bad3c948f4d605d)
Start importing Assets/Space Exploration/Icons/scope-256.png using Guid(6270276427b0285468cc85947ba42fa8) Importer(2089858483,b0f066a214c2f5e87bad3c948f4d605d) (ScriptedImporter) -> (artifact id: '5f7c5d05833615e7439fec1d6fb061f2') in 0.0469148 seconds
Number of updated asset objects reloaded before import = 0Number of asset objects unloaded after import = 3

========================================================================
Received Import Request.
  Time since last request: 0.000051 seconds.
  path: Assets/Space Exploration/Picto_Icons/White/music-32.png
  artifactKey: Guid(d1c8a8b8e7c9c404d8bba101af1a0e53) Importer(2089858483,b0f066a214c2f5e87bad3c948f4d605d)
Start importing Assets/Space Exploration/Picto_Icons/White/music-32.png using Guid(d1c8a8b8e7c9c404d8bba101af1a0e53) Importer(2089858483,b0f066a214c2f5e87bad3c948f4d605d) (ScriptedImporter) -> (artifact id: 'e5db2e3e1a135489037e593a6a1e5238') in 0.0458466 seconds
Number of updated asset objects reloaded before import = 0Number of asset objects unloaded after import = 3

========================================================================
Received Import Request.
  Time since last request: 0.000028 seconds.
  path: Assets/Space Exploration/Prefabs/Buttons_Simple/Small/Purple/Long_Purple_Small_Button.prefab
  artifactKey: Guid(bb96235e9ab94834e8183241667bc246) Importer(2089858483,b0f066a214c2f5e87bad3c948f4d605d)
Start importing Assets/Space Exploration/Prefabs/Buttons_Simple/Small/Purple/Long_Purple_Small_Button.prefab using Guid(bb96235e9ab94834e8183241667bc246) Importer(2089858483,b0f066a214c2f5e87bad3c948f4d605d) (ScriptedImporter) -> (artifact id: 'eb08dd0d5ea6e60bf09a28d37d8397c7') in 0.1165129 seconds
Number of updated asset objects reloaded before import = 0Number of asset objects unloaded after import = 18

========================================================================
Received Import Request.
  Time since last request: 0.000070 seconds.
  path: Assets/Space Exploration/Picto_Icons/White/saturn-64.png
  artifactKey: Guid(16749591866d8f047baf7dd5a86ca698) Importer(2089858483,b0f066a214c2f5e87bad3c948f4d605d)
Start importing Assets/Space Exploration/Picto_Icons/White/saturn-64.png using Guid(16749591866d8f047baf7dd5a86ca698) Importer(2089858483,b0f066a214c2f5e87bad3c948f4d605d) (ScriptedImporter) -> (artifact id: '9475e4acf7981dbba21c640eb3dd1329') in 0.0638134 seconds
Number of updated asset objects reloaded before import = 0Number of asset objects unloaded after import = 3

========================================================================
Received Import Request.
  Time since last request: 0.000072 seconds.
  path: Assets/Space Exploration/Button_Images/Disabled_Sprites/Extra_Large/extra-long-disabled-extra-large.png
  artifactKey: Guid(452b807dce049d34db776c93e1907c73) Importer(2089858483,b0f066a214c2f5e87bad3c948f4d605d)
Start importing Assets/Space Exploration/Button_Images/Disabled_Sprites/Extra_Large/extra-long-disabled-extra-large.png using Guid(452b807dce049d34db776c93e1907c73) Importer(2089858483,b0f066a214c2f5e87bad3c948f4d605d) (ScriptedImporter) -> (artifact id: '6971057812c37c5215df9b6e2cb710e7') in 0.0536378 seconds
Number of updated asset objects reloaded before import = 0Number of asset objects unloaded after import = 3

========================================================================
Received Import Request.
  Time since last request: 0.000041 seconds.
  path: Assets/Space Exploration/Picto_Icons/White/chest-64.png
  artifactKey: Guid(da0e9506b9e2a6d4d88e24ffd8114268) Importer(2089858483,b0f066a214c2f5e87bad3c948f4d605d)
Start importing Assets/Space Exploration/Picto_Icons/White/chest-64.png using Guid(da0e9506b9e2a6d4d88e24ffd8114268) Importer(2089858483,b0f066a214c2f5e87bad3c948f4d605d) (ScriptedImporter) -> (artifact id: '4cbaf880fff149cfefc421d35adca8ee') in 0.0614345 seconds
Number of updated asset objects reloaded before import = 0Number of asset objects unloaded after import = 3

========================================================================
Received Import Request.
  Time since last request: 0.000069 seconds.
  path: Assets/Photon/PhotonUnityNetworking/Demos/Shared Assets/Animations/HumanoidCrouch.fbx
  artifactKey: Guid(d89ea37480b6d75458aa38843e9688dc) Importer(2089858483,b0f066a214c2f5e87bad3c948f4d605d)
Start importing Assets/Photon/PhotonUnityNetworking/Demos/Shared Assets/Animations/HumanoidCrouch.fbx using Guid(d89ea37480b6d75458aa38843e9688dc) Importer(2089858483,b0f066a214c2f5e87bad3c948f4d605d) (ScriptedImporter) -> (artifact id: 'e09b808cf3b55c7719f03ea47fe982fb') in 0.0829303 seconds
Number of updated asset objects reloaded before import = 0Number of asset objects unloaded after import = 163

========================================================================
Received Import Request.
  Time since last request: 0.000152 seconds.
  path: Assets/Space Exploration/Picto_Icons/Light_Purple/location-128.png
  artifactKey: Guid(e9cb2e7115196d44f81d6d993107ad2b) Importer(2089858483,b0f066a214c2f5e87bad3c948f4d605d)
Start importing Assets/Space Exploration/Picto_Icons/Light_Purple/location-128.png using Guid(e9cb2e7115196d44f81d6d993107ad2b) Importer(2089858483,b0f066a214c2f5e87bad3c948f4d605d) (ScriptedImporter) -> (artifact id: '6858242664ce8973cca661da313d2ffe') in 0.0587689 seconds
Number of updated asset objects reloaded before import = 0Number of asset objects unloaded after import = 3

========================================================================
Received Import Request.
  Time since last request: 0.000034 seconds.
  path: Assets/Space Exploration/Icons/exoplanet-5-256.png
  artifactKey: Guid(0e524c78414b36143af956bc725605c1) Importer(2089858483,b0f066a214c2f5e87bad3c948f4d605d)
Start importing Assets/Space Exploration/Icons/exoplanet-5-256.png using Guid(0e524c78414b36143af956bc725605c1) Importer(2089858483,b0f066a214c2f5e87bad3c948f4d605d) (ScriptedImporter) -> (artifact id: '3ca83e41ec3858075498da8ff9de427c') in 0.0955358 seconds
Number of updated asset objects reloaded before import = 0Number of asset objects unloaded after import = 3

========================================================================
Received Import Request.
  Time since last request: 0.000043 seconds.
  path: Assets/Space Exploration/Button_Images/Pressed_Sprites/Small
  artifactKey: Guid(b7f72668240ca1344b76c5d91b98995a) Importer(2089858483,b0f066a214c2f5e87bad3c948f4d605d)
Start importing Assets/Space Exploration/Button_Images/Pressed_Sprites/Small using Guid(b7f72668240ca1344b76c5d91b98995a) Importer(2089858483,b0f066a214c2f5e87bad3c948f4d605d) (ScriptedImporter) -> (artifact id: '0d1b12014b25404167609e5305fd1a03') in 0.0321983 seconds
Number of updated asset objects reloaded before import = 0Number of asset objects unloaded after import = 1

========================================================================
Received Import Request.
  Time since last request: 0.000161 seconds.
  path: Assets/Photon/PhotonUnityNetworking/Demos/DemoProcedural/Materials
  artifactKey: Guid(26fec7636ebd7ae43a99e2c187ed6500) Importer(2089858483,b0f066a214c2f5e87bad3c948f4d605d)
Start importing Assets/Photon/PhotonUnityNetworking/Demos/DemoProcedural/Materials using Guid(26fec7636ebd7ae43a99e2c187ed6500) Importer(2089858483,b0f066a214c2f5e87bad3c948f4d605d) (ScriptedImporter) -> (artifact id: '4747eada46edc4c0fc2db1e4763e5c71') in 0.0204221 seconds
Number of updated asset objects reloaded before import = 0Number of asset objects unloaded after import = 1

========================================================================
Received Import Request.
  Time since last request: 0.000072 seconds.
  path: Assets/Space Exploration/Picto_Icons/White/up-arrow-64.png
  artifactKey: Guid(11bbb1a543c9b7241a7d0d1840a67b02) Importer(2089858483,b0f066a214c2f5e87bad3c948f4d605d)
Start importing Assets/Space Exploration/Picto_Icons/White/up-arrow-64.png using Guid(11bbb1a543c9b7241a7d0d1840a67b02) Importer(2089858483,b0f066a214c2f5e87bad3c948f4d605d) (ScriptedImporter) -> (artifact id: 'a92f9403cc2e3f7bc46aedf117855cc6') in 0.0644587 seconds
Number of updated asset objects reloaded before import = 0Number of asset objects unloaded after import = 3

========================================================================
Received Import Request.
  Time since last request: 0.000095 seconds.
  path: Assets/Space Exploration/Button_Images/Highlighted_Sprite/medium/extra-long-pink-highlight-medium.png
  artifactKey: Guid(9ea16399d19fdca4389628c9f0e99fd5) Importer(2089858483,b0f066a214c2f5e87bad3c948f4d605d)
Start importing Assets/Space Exploration/Button_Images/Highlighted_Sprite/medium/extra-long-pink-highlight-medium.png using Guid(9ea16399d19fdca4389628c9f0e99fd5) Importer(2089858483,b0f066a214c2f5e87bad3c948f4d605d) (ScriptedImporter) -> (artifact id: '005e4dfb3f8389eb9556435aca2c46a7') in 0.0502176 seconds
Number of updated asset objects reloaded before import = 0Number of asset objects unloaded after import = 3

========================================================================
Received Import Request.
  Time since last request: 0.000077 seconds.
  path: Assets/Space Exploration/Picto_Icons/Light_Purple/wrench-64.png
  artifactKey: Guid(35692cc3d67195947b6e9de1ee8e7b4d) Importer(2089858483,b0f066a214c2f5e87bad3c948f4d605d)
Start importing Assets/Space Exploration/Picto_Icons/Light_Purple/wrench-64.png using Guid(35692cc3d67195947b6e9de1ee8e7b4d) Importer(2089858483,b0f066a214c2f5e87bad3c948f4d605d) (ScriptedImporter) -> (artifact id: '81944830e4d10de83ae82b9b553aca66') in 0.0556782 seconds
Number of updated asset objects reloaded before import = 0Number of asset objects unloaded after import = 3

========================================================================
Received Import Request.
  Time since last request: 0.000033 seconds.
  path: Assets/Space Exploration/Picto_Icons/Dark_Purple/location-128.png
  artifactKey: Guid(2334057e23ef18f49b2c8a62adb909d8) Importer(2089858483,b0f066a214c2f5e87bad3c948f4d605d)
Start importing Assets/Space Exploration/Picto_Icons/Dark_Purple/location-128.png using Guid(2334057e23ef18f49b2c8a62adb909d8) Importer(2089858483,b0f066a214c2f5e87bad3c948f4d605d) (ScriptedImporter) -> (artifact id: '5c6aeaf15d619db4cb0f0a5b3a5e0019') in 0.0545031 seconds
Number of updated asset objects reloaded before import = 0Number of asset objects unloaded after import = 3

========================================================================
Received Import Request.
  Time since last request: 0.000080 seconds.
  path: Assets/PlayFabSDK/Addon
  artifactKey: Guid(4592bb1110a6b1e4dacb06b424cd2759) Importer(2089858483,b0f066a214c2f5e87bad3c948f4d605d)
Start importing Assets/PlayFabSDK/Addon using Guid(4592bb1110a6b1e4dacb06b424cd2759) Importer(2089858483,b0f066a214c2f5e87bad3c948f4d605d) (ScriptedImporter) -> (artifact id: 'e94351d286ae5c3a9a3889ac612f79e4') in 0.0302221 seconds
Number of updated asset objects reloaded before import = 0Number of asset objects unloaded after import = 1

========================================================================
Received Import Request.
  Time since last request: 0.000028 seconds.
  path: Assets/Photon/PhotonChat/Demos/Demo Chat/Resources/chat-background.png
  artifactKey: Guid(3f07e121dff858b46be11c81416b617b) Importer(2089858483,b0f066a214c2f5e87bad3c948f4d605d)
Start importing Assets/Photon/PhotonChat/Demos/Demo Chat/Resources/chat-background.png using Guid(3f07e121dff858b46be11c81416b617b) Importer(2089858483,b0f066a214c2f5e87bad3c948f4d605d) (ScriptedImporter) -> (artifact id: '12dc9658a918d964c7eb9031fe3da717') in 0.0557478 seconds
Number of updated asset objects reloaded before import = 0Number of asset objects unloaded after import = 3

========================================================================
Received Import Request.
  Time since last request: 0.000047 seconds.
  path: Assets/Space Exploration/Picto_Icons/White/redo-64.png
  artifactKey: Guid(d50af4ea09c6a634cb64a5d4acf40894) Importer(2089858483,b0f066a214c2f5e87bad3c948f4d605d)
Start importing Assets/Space Exploration/Picto_Icons/White/redo-64.png using Guid(d50af4ea09c6a634cb64a5d4acf40894) Importer(2089858483,b0f066a214c2f5e87bad3c948f4d605d) (ScriptedImporter) -> (artifact id: '575dbe97ca6e8de7c7ea05f11de52b37') in 0.0630842 seconds
Number of updated asset objects reloaded before import = 0Number of asset objects unloaded after import = 3

========================================================================
Received Import Request.
  Time since last request: 0.000037 seconds.
  path: Assets/Space Exploration/Picto_Icons/Dark_Purple/banner-256.png
  artifactKey: Guid(9513c407bde7a6c439b38d9a7a574d37) Importer(2089858483,b0f066a214c2f5e87bad3c948f4d605d)
Start importing Assets/Space Exploration/Picto_Icons/Dark_Purple/banner-256.png using Guid(9513c407bde7a6c439b38d9a7a574d37) Importer(2089858483,b0f066a214c2f5e87bad3c948f4d605d) (ScriptedImporter) -> (artifact id: 'f81614149c8b6464c3f1724090f0df82') in 0.0567645 seconds
Number of updated asset objects reloaded before import = 0Number of asset objects unloaded after import = 3

========================================================================
Received Import Request.
  Time since last request: 0.000039 seconds.
  path: Assets/Space Exploration/Scenes/Inventory_Demo.unity
  artifactKey: Guid(318cfecb228fc2f43ae7f7fd9c1c7260) Importer(2089858483,b0f066a214c2f5e87bad3c948f4d605d)
Start importing Assets/Space Exploration/Scenes/Inventory_Demo.unity using Guid(318cfecb228fc2f43ae7f7fd9c1c7260) Importer(2089858483,b0f066a214c2f5e87bad3c948f4d605d) (ScriptedImporter) -> (artifact id: '88e332b9ebe6a837f5e3c72a1ba55544') in 0.0505002 seconds
Number of updated asset objects reloaded before import = 0Number of asset objects unloaded after import = 1

========================================================================
Received Import Request.
  Time since last request: 0.000020 seconds.
  path: Assets/Space Exploration/Picto_Icons/White/right-arrow-256.png
  artifactKey: Guid(d280171cd37ec4f4d841e366c0c76d2f) Importer(2089858483,b0f066a214c2f5e87bad3c948f4d605d)
Start importing Assets/Space Exploration/Picto_Icons/White/right-arrow-256.png using Guid(d280171cd37ec4f4d841e366c0c76d2f) Importer(2089858483,b0f066a214c2f5e87bad3c948f4d605d) (ScriptedImporter) -> (artifact id: '2b35cd8de8a2d18fd9c8c0bb63f860e3') in 0.0468578 seconds
Number of updated asset objects reloaded before import = 0Number of asset objects unloaded after import = 3

========================================================================
Received Import Request.
  Time since last request: 0.000087 seconds.
  path: Assets/Space Exploration/Button_Images/Source_Image_Sprites/large/large-pink-sparkle-large.png
  artifactKey: Guid(f88811605c21e334eb23e76888984866) Importer(2089858483,b0f066a214c2f5e87bad3c948f4d605d)
Start importing Assets/Space Exploration/Button_Images/Source_Image_Sprites/large/large-pink-sparkle-large.png using Guid(f88811605c21e334eb23e76888984866) Importer(2089858483,b0f066a214c2f5e87bad3c948f4d605d) (ScriptedImporter) -> (artifact id: '49ca8a747035714809ab19c693c1e389') in 0.0409005 seconds
Number of updated asset objects reloaded before import = 0Number of asset objects unloaded after import = 3

========================================================================
Received Import Request.
  Time since last request: 0.000055 seconds.
  path: Assets/Space Exploration/Grid_Components/Large/selected-icon-container-large.png
  artifactKey: Guid(84bee65edbfe8fe41b8b35fbbe9138b4) Importer(2089858483,b0f066a214c2f5e87bad3c948f4d605d)
Start importing Assets/Space Exploration/Grid_Components/Large/selected-icon-container-large.png using Guid(84bee65edbfe8fe41b8b35fbbe9138b4) Importer(2089858483,b0f066a214c2f5e87bad3c948f4d605d) (ScriptedImporter) -> (artifact id: 'e4dc0a76bc713c244f7810be993d7f54') in 0.0717867 seconds
Number of updated asset objects reloaded before import = 0Number of asset objects unloaded after import = 3

========================================================================
Received Import Request.
  Time since last request: 0.000039 seconds.
  path: Assets/Space Exploration/Icons/solar-system-2-256.png
  artifactKey: Guid(6d2baae4ee7810e4f845daf002ee9e73) Importer(2089858483,b0f066a214c2f5e87bad3c948f4d605d)
Start importing Assets/Space Exploration/Icons/solar-system-2-256.png using Guid(6d2baae4ee7810e4f845daf002ee9e73) Importer(2089858483,b0f066a214c2f5e87bad3c948f4d605d) (ScriptedImporter) -> (artifact id: '74dd878521ebaee696e26191dcb301a5') in 0.0763741 seconds
Number of updated asset objects reloaded before import = 0Number of asset objects unloaded after import = 3

========================================================================
Received Import Request.
  Time since last request: 0.000034 seconds.
  path: Assets/Space Exploration/Picto_Icons/Dark_Purple/pause-256.png
  artifactKey: Guid(06c73244bbb0a664ba8b5ac4d6e6efc0) Importer(2089858483,b0f066a214c2f5e87bad3c948f4d605d)
Start importing Assets/Space Exploration/Picto_Icons/Dark_Purple/pause-256.png using Guid(06c73244bbb0a664ba8b5ac4d6e6efc0) Importer(2089858483,b0f066a214c2f5e87bad3c948f4d605d) (ScriptedImporter) -> (artifact id: '168226c6b651a67f41d2ac786cdb58dd') in 0.0422745 seconds
Number of updated asset objects reloaded before import = 0Number of asset objects unloaded after import = 3

========================================================================
Received Import Request.
  Time since last request: 0.000062 seconds.
  path: Assets/Space Exploration/Picto_Icons/Dark_Purple/all-dark-purple-32.png
  artifactKey: Guid(f88bbac4066162e479f36f56fbf36626) Importer(2089858483,b0f066a214c2f5e87bad3c948f4d605d)
Start importing Assets/Space Exploration/Picto_Icons/Dark_Purple/all-dark-purple-32.png using Guid(f88bbac4066162e479f36f56fbf36626) Importer(2089858483,b0f066a214c2f5e87bad3c948f4d605d) (ScriptedImporter) -> (artifact id: 'c45f94e453d9b581e598256fd411bd79') in 0.0510441 seconds
Number of updated asset objects reloaded before import = 0Number of asset objects unloaded after import = 3

========================================================================
Received Import Request.
  Time since last request: 0.000111 seconds.
  path: Assets/Photon/PhotonUnityNetworking/Demos/Shared Assets/Animations/Materials/SkinMaterial.mat
  artifactKey: Guid(37d0d4d178b5dbf449ff0814718dc354) Importer(2089858483,b0f066a214c2f5e87bad3c948f4d605d)
Start importing Assets/Photon/PhotonUnityNetworking/Demos/Shared Assets/Animations/Materials/SkinMaterial.mat using Guid(37d0d4d178b5dbf449ff0814718dc354) Importer(2089858483,b0f066a214c2f5e87bad3c948f4d605d) (ScriptedImporter) -> (artifact id: '81009d85fb5399b046e37fb6ad81d15a') in 0.0421225 seconds
Number of updated asset objects reloaded before import = 0Number of asset objects unloaded after import = 2

========================================================================
Received Import Request.
  Time since last request: 0.000048 seconds.
  path: Assets/Free LowPoly Pack/Prefabs/WallLargeB.prefab
  artifactKey: Guid(0150c0006494bd84198ac13cd4d0d7f5) Importer(2089858483,b0f066a214c2f5e87bad3c948f4d605d)
Start importing Assets/Free LowPoly Pack/Prefabs/WallLargeB.prefab using Guid(0150c0006494bd84198ac13cd4d0d7f5) Importer(2089858483,b0f066a214c2f5e87bad3c948f4d605d) (ScriptedImporter) -> (artifact id: '5d8f92c41af92c24d95d9e198c6931d6') in 0.1170357 seconds
Number of updated asset objects reloaded before import = 0Number of asset objects unloaded after import = 11

========================================================================
Received Import Request.
  Time since last request: 0.000069 seconds.
  path: Assets/Space Exploration/Picto_Icons/White/sparkles-64.png
  artifactKey: Guid(592131f484fcbb741bcfa66076c17860) Importer(2089858483,b0f066a214c2f5e87bad3c948f4d605d)
Start importing Assets/Space Exploration/Picto_Icons/White/sparkles-64.png using Guid(592131f484fcbb741bcfa66076c17860) Importer(2089858483,b0f066a214c2f5e87bad3c948f4d605d) (ScriptedImporter) -> (artifact id: 'a22e5b7a936ed63b9ab661ea5c3f0741') in 0.0654018 seconds
Number of updated asset objects reloaded before import = 0Number of asset objects unloaded after import = 3

========================================================================
Received Import Request.
  Time since last request: 0.000138 seconds.
  path: Assets/Photon/PhotonUnityNetworking/Demos/PunCockpit/Scripts
  artifactKey: Guid(a2a025fd6ea894647ad6404f32fa2b5e) Importer(2089858483,b0f066a214c2f5e87bad3c948f4d605d)
Start importing Assets/Photon/PhotonUnityNetworking/Demos/PunCockpit/Scripts using Guid(a2a025fd6ea894647ad6404f32fa2b5e) Importer(2089858483,b0f066a214c2f5e87bad3c948f4d605d) (ScriptedImporter) -> (artifact id: '1a80ff2b0997a1139ce51c2c5763c4c0') in 0.0365805 seconds
Number of updated asset objects reloaded before import = 0Number of asset objects unloaded after import = 1

========================================================================
Received Import Request.
  Time since last request: 0.000032 seconds.
  path: Assets/Space Exploration/Button_Images/Highlighted_Sprite/large/square-purple-highlight-large.png
  artifactKey: Guid(d6c21ee3e8477ce4c84008b07682f2ee) Importer(2089858483,b0f066a214c2f5e87bad3c948f4d605d)
Start importing Assets/Space Exploration/Button_Images/Highlighted_Sprite/large/square-purple-highlight-large.png using Guid(d6c21ee3e8477ce4c84008b07682f2ee) Importer(2089858483,b0f066a214c2f5e87bad3c948f4d605d) (ScriptedImporter) -> (artifact id: '6d188f925521e308a6a2ce154ba9e72d') in 0.0556271 seconds
Number of updated asset objects reloaded before import = 0Number of asset objects unloaded after import = 3

========================================================================
Received Import Request.
  Time since last request: 0.000038 seconds.
  path: Assets/Space Exploration/Settings_&_Menu_Components/Extra Large/level-icon-extra-large.png
  artifactKey: Guid(a1096b37b1d25584d83efb9895eee871) Importer(2089858483,b0f066a214c2f5e87bad3c948f4d605d)
Start importing Assets/Space Exploration/Settings_&_Menu_Components/Extra Large/level-icon-extra-large.png using Guid(a1096b37b1d25584d83efb9895eee871) Importer(2089858483,b0f066a214c2f5e87bad3c948f4d605d) (ScriptedImporter) -> (artifact id: '7ca329e07b3f711cf149ebf9088da7e9') in 0.0363092 seconds
Number of updated asset objects reloaded before import = 0Number of asset objects unloaded after import = 3

========================================================================
Received Import Request.
  Time since last request: 0.000031 seconds.
  path: Assets/Space Exploration/Icons/full-moon-256.png
  artifactKey: Guid(379a0a57f8825104eac5d10b65f57b5d) Importer(2089858483,b0f066a214c2f5e87bad3c948f4d605d)
Start importing Assets/Space Exploration/Icons/full-moon-256.png using Guid(379a0a57f8825104eac5d10b65f57b5d) Importer(2089858483,b0f066a214c2f5e87bad3c948f4d605d) (ScriptedImporter) -> (artifact id: 'e085402686c2819e3c424f1879557511') in 0.0509519 seconds
Number of updated asset objects reloaded before import = 0Number of asset objects unloaded after import = 3

========================================================================
Received Import Request.
  Time since last request: 0.000053 seconds.
  path: Assets/Space Exploration/Picto_Icons/White/battle-128.png
  artifactKey: Guid(4c6f108bd3e1bcf48b70686117dc23eb) Importer(2089858483,b0f066a214c2f5e87bad3c948f4d605d)
Start importing Assets/Space Exploration/Picto_Icons/White/battle-128.png using Guid(4c6f108bd3e1bcf48b70686117dc23eb) Importer(2089858483,b0f066a214c2f5e87bad3c948f4d605d) (ScriptedImporter) -> (artifact id: '29b409d5a0c53a19a55bb8c77cd49856') in 0.0535037 seconds
Number of updated asset objects reloaded before import = 0Number of asset objects unloaded after import = 3

========================================================================
Received Import Request.
  Time since last request: 0.000033 seconds.
  path: Assets/Space Exploration/Button_Images/Highlighted_Sprite/medium/extra-long-yellow-highlight-medium.png
  artifactKey: Guid(7f1e5d7ab18efe84fa35e11cdce29fc4) Importer(2089858483,b0f066a214c2f5e87bad3c948f4d605d)
Start importing Assets/Space Exploration/Button_Images/Highlighted_Sprite/medium/extra-long-yellow-highlight-medium.png using Guid(7f1e5d7ab18efe84fa35e11cdce29fc4) Importer(2089858483,b0f066a214c2f5e87bad3c948f4d605d) (ScriptedImporter) -> (artifact id: '100575239fc2836919f38dd9e454644a') in 0.0277615 seconds
Number of updated asset objects reloaded before import = 0Number of asset objects unloaded after import = 3

========================================================================
Received Import Request.
  Time since last request: 0.000055 seconds.
  path: Assets/Space Exploration/Picto_Icons/Dark_Purple/zoom-in-128.png
  artifactKey: Guid(b2c9650424336d64ca196df5c5500a32) Importer(2089858483,b0f066a214c2f5e87bad3c948f4d605d)
Start importing Assets/Space Exploration/Picto_Icons/Dark_Purple/zoom-in-128.png using Guid(b2c9650424336d64ca196df5c5500a32) Importer(2089858483,b0f066a214c2f5e87bad3c948f4d605d) (ScriptedImporter) -> (artifact id: '79fef373024232f24d5a0c009e8750ed') in 0.1772042 seconds
Number of updated asset objects reloaded before import = 0Number of asset objects unloaded after import = 3

========================================================================
Received Import Request.
  Time since last request: 0.000029 seconds.
  path: Assets/Space Exploration/Picto_Icons/White/menu-64.png
  artifactKey: Guid(3c6c45195b23cc34eb22f1215bcc8fc4) Importer(2089858483,b0f066a214c2f5e87bad3c948f4d605d)
Start importing Assets/Space Exploration/Picto_Icons/White/menu-64.png using Guid(3c6c45195b23cc34eb22f1215bcc8fc4) Importer(2089858483,b0f066a214c2f5e87bad3c948f4d605d) (ScriptedImporter) -> (artifact id: '0b40b473e4dcab45cfaacabefb578668') in 0.0506029 seconds
Number of updated asset objects reloaded before import = 0Number of asset objects unloaded after import = 3

========================================================================
Received Import Request.
  Time since last request: 0.000036 seconds.
  path: Assets/Space Exploration/Picto_Icons/White/hourglass-32.png
  artifactKey: Guid(ef28bc6cfc605e94699257bd47eefdde) Importer(2089858483,b0f066a214c2f5e87bad3c948f4d605d)
Start importing Assets/Space Exploration/Picto_Icons/White/hourglass-32.png using Guid(ef28bc6cfc605e94699257bd47eefdde) Importer(2089858483,b0f066a214c2f5e87bad3c948f4d605d) (ScriptedImporter) -> (artifact id: '5ac5c6d7aed57023b4476151cdf202d6') in 0.0457663 seconds
Number of updated asset objects reloaded before import = 0Number of asset objects unloaded after import = 3

========================================================================
Received Import Request.
  Time since last request: 0.000029 seconds.
  path: Assets/Photon/PhotonUnityNetworking/Demos/DemoAsteroids/Scenes/DemoAsteroids-LobbyScene.unity
  artifactKey: Guid(c8a9d1312a49dc8488a9b32d83d659c7) Importer(2089858483,b0f066a214c2f5e87bad3c948f4d605d)
Start importing Assets/Photon/PhotonUnityNetworking/Demos/DemoAsteroids/Scenes/DemoAsteroids-LobbyScene.unity using Guid(c8a9d1312a49dc8488a9b32d83d659c7) Importer(2089858483,b0f066a214c2f5e87bad3c948f4d605d) (ScriptedImporter) -> (artifact id: 'd98e2180f79a5f3725eeebab78f9de77') in 0.0466242 seconds
Number of updated asset objects reloaded before import = 0Number of asset objects unloaded after import = 1

========================================================================
Received Import Request.
  Time since last request: 0.000032 seconds.
  path: Assets/Space Exploration/Button_Images/Source_Image_Sprites/extra large/medium-purple-extra-large.png
  artifactKey: Guid(7aa382c4bbfddd14e9cfd7341b54394f) Importer(2089858483,b0f066a214c2f5e87bad3c948f4d605d)
Start importing Assets/Space Exploration/Button_Images/Source_Image_Sprites/extra large/medium-purple-extra-large.png using Guid(7aa382c4bbfddd14e9cfd7341b54394f) Importer(2089858483,b0f066a214c2f5e87bad3c948f4d605d) (ScriptedImporter) -> (artifact id: 'a035200dc66ad829dc4cff8a12ea5bb9') in 0.0375011 seconds
Number of updated asset objects reloaded before import = 0Number of asset objects unloaded after import = 3

========================================================================
Received Import Request.
  Time since last request: 0.000059 seconds.
  path: Assets/Photon/PhotonUnityNetworking/Demos/DemoAsteroids/Resources
  artifactKey: Guid(0a944631b9e05c542937258f0681e963) Importer(2089858483,b0f066a214c2f5e87bad3c948f4d605d)
Start importing Assets/Photon/PhotonUnityNetworking/Demos/DemoAsteroids/Resources using Guid(0a944631b9e05c542937258f0681e963) Importer(2089858483,b0f066a214c2f5e87bad3c948f4d605d) (ScriptedImporter) -> (artifact id: 'dd57c1a7845bcc3f5ddfb9ecd263d7ec') in 0.0390374 seconds
Number of updated asset objects reloaded before import = 0Number of asset objects unloaded after import = 1

========================================================================
Received Import Request.
  Time since last request: 0.000132 seconds.
  path: Assets/Space Exploration/Picto_Icons/Light_Purple/all-light-purple-32.png
  artifactKey: Guid(8332c917fe7e06b419b28f2ceec38aa1) Importer(2089858483,b0f066a214c2f5e87bad3c948f4d605d)
Start importing Assets/Space Exploration/Picto_Icons/Light_Purple/all-light-purple-32.png using Guid(8332c917fe7e06b419b28f2ceec38aa1) Importer(2089858483,b0f066a214c2f5e87bad3c948f4d605d) (ScriptedImporter) -> (artifact id: '3f0cb778ab400fce8c5c166060b71be6') in 0.0737729 seconds
Number of updated asset objects reloaded before import = 0Number of asset objects unloaded after import = 3

========================================================================
Received Import Request.
  Time since last request: 0.000034 seconds.
  path: Assets/Photon/PhotonUnityNetworking/Demos/DemoProcedural/Materials/LightGreen.mat
  artifactKey: Guid(cd644746d7159df42b0c206b559af881) Importer(2089858483,b0f066a214c2f5e87bad3c948f4d605d)
Start importing Assets/Photon/PhotonUnityNetworking/Demos/DemoProcedural/Materials/LightGreen.mat using Guid(cd644746d7159df42b0c206b559af881) Importer(2089858483,b0f066a214c2f5e87bad3c948f4d605d) (ScriptedImporter) -> (artifact id: 'ba640c566be9fa6286c535fa89407447') in 0.0409185 seconds
Number of updated asset objects reloaded before import = 0Number of asset objects unloaded after import = 1

========================================================================
Received Import Request.
  Time since last request: 0.000036 seconds.
  path: Assets/Space Exploration/Settings_&_Menu_Components/Small/mission-bar-empty-small.png
  artifactKey: Guid(c7b38cd75e5e66a439f94209b8021d58) Importer(2089858483,b0f066a214c2f5e87bad3c948f4d605d)
Start importing Assets/Space Exploration/Settings_&_Menu_Components/Small/mission-bar-empty-small.png using Guid(c7b38cd75e5e66a439f94209b8021d58) Importer(2089858483,b0f066a214c2f5e87bad3c948f4d605d) (ScriptedImporter) -> (artifact id: '5464005f374edee73551d35f4361881f') in 0.0770473 seconds
Number of updated asset objects reloaded before import = 0Number of asset objects unloaded after import = 3

========================================================================
Received Import Request.
  Time since last request: 0.000040 seconds.
  path: Assets/Space Exploration/Picto_Icons/White/fast-forward-256.png
  artifactKey: Guid(f0011ceb203fd854a9c8d5e0c92b9984) Importer(2089858483,b0f066a214c2f5e87bad3c948f4d605d)
Start importing Assets/Space Exploration/Picto_Icons/White/fast-forward-256.png using Guid(f0011ceb203fd854a9c8d5e0c92b9984) Importer(2089858483,b0f066a214c2f5e87bad3c948f4d605d) (ScriptedImporter) -> (artifact id: '79bc6301895297f3e5ed1e7014d2e260') in 0.104959 seconds
Number of updated asset objects reloaded before import = 0Number of asset objects unloaded after import = 3

========================================================================
Received Import Request.
  Time since last request: 0.000039 seconds.
  path: Assets/Photon/PhotonRealtime/Demos/DemoLoadBalancing/DemoLoadBalancing-Scene.unity
  artifactKey: Guid(a73b0cac1a73cc346aaeb5f8dd0b53f1) Importer(2089858483,b0f066a214c2f5e87bad3c948f4d605d)
Start importing Assets/Photon/PhotonRealtime/Demos/DemoLoadBalancing/DemoLoadBalancing-Scene.unity using Guid(a73b0cac1a73cc346aaeb5f8dd0b53f1) Importer(2089858483,b0f066a214c2f5e87bad3c948f4d605d) (ScriptedImporter) -> (artifact id: '952cc0bea76806a432b7eea4868fae82') in 0.0383198 seconds
Number of updated asset objects reloaded before import = 0Number of asset objects unloaded after import = 1

========================================================================
Received Import Request.
  Time since last request: 0.000026 seconds.
  path: Assets/Space Exploration/Button_Images/Disabled_Sprites/Medium
  artifactKey: Guid(d9007570c60d64a4698a58a6ca399732) Importer(2089858483,b0f066a214c2f5e87bad3c948f4d605d)
Start importing Assets/Space Exploration/Button_Images/Disabled_Sprites/Medium using Guid(d9007570c60d64a4698a58a6ca399732) Importer(2089858483,b0f066a214c2f5e87bad3c948f4d605d) (ScriptedImporter) -> (artifact id: '7bcf075021502e9628ddd897c66765b4') in 0.0448998 seconds
Number of updated asset objects reloaded before import = 0Number of asset objects unloaded after import = 1

========================================================================
Received Import Request.
  Time since last request: 0.000025 seconds.
  path: Assets/Space Exploration/Picto_Icons/White/sun-64.png
  artifactKey: Guid(86bfcbef3736d2140840014577408a99) Importer(2089858483,b0f066a214c2f5e87bad3c948f4d605d)
Start importing Assets/Space Exploration/Picto_Icons/White/sun-64.png using Guid(86bfcbef3736d2140840014577408a99) Importer(2089858483,b0f066a214c2f5e87bad3c948f4d605d) (ScriptedImporter) -> (artifact id: '0ef41a25725ad8a0e0423bef93b9d702') in 0.0738736 seconds
Number of updated asset objects reloaded before import = 0Number of asset objects unloaded after import = 3

========================================================================
Received Import Request.
  Time since last request: 0.000039 seconds.
  path: Assets/Space Exploration/Picto_Icons/Light_Purple/meat-256.png
  artifactKey: Guid(668c763b3b2c0a340a312a229ff8062d) Importer(2089858483,b0f066a214c2f5e87bad3c948f4d605d)
Start importing Assets/Space Exploration/Picto_Icons/Light_Purple/meat-256.png using Guid(668c763b3b2c0a340a312a229ff8062d) Importer(2089858483,b0f066a214c2f5e87bad3c948f4d605d) (ScriptedImporter) -> (artifact id: '806cd0b0e51f43b759d3e1659aadef51') in 0.053179 seconds
Number of updated asset objects reloaded before import = 0Number of asset objects unloaded after import = 3

========================================================================
Received Import Request.
  Time since last request: 0.000030 seconds.
  path: Assets/PlayFabSDK/Multiplayer/PlayFabMultiplayerModels.cs
  artifactKey: Guid(c9c53dd06e97f414cafc09e35d9f24aa) Importer(2089858483,b0f066a214c2f5e87bad3c948f4d605d)
Start importing Assets/PlayFabSDK/Multiplayer/PlayFabMultiplayerModels.cs using Guid(c9c53dd06e97f414cafc09e35d9f24aa) Importer(2089858483,b0f066a214c2f5e87bad3c948f4d605d) (ScriptedImporter) -> (artifact id: '8314f1947391af630bd622b33af7ce31') in 0.0292964 seconds
Number of updated asset objects reloaded before import = 0Number of asset objects unloaded after import = 0

========================================================================
Received Import Request.
  Time since last request: 0.000041 seconds.
  path: Assets/Photon/PhotonChat/Demos/Demo Chat/Resources/OpenSans/OpenSans-Bold.ttf
  artifactKey: Guid(c2d622bc4892ff441aee9289a6006707) Importer(2089858483,b0f066a214c2f5e87bad3c948f4d605d)
Start importing Assets/Photon/PhotonChat/Demos/Demo Chat/Resources/OpenSans/OpenSans-Bold.ttf using Guid(c2d622bc4892ff441aee9289a6006707) Importer(2089858483,b0f066a214c2f5e87bad3c948f4d605d) (ScriptedImporter) -> (artifact id: 'c72b8ff03b7ee9058d3fbd78f12cb628') in 0.0568962 seconds
Number of updated asset objects reloaded before import = 0Number of asset objects unloaded after import = 3

========================================================================
Received Import Request.
  Time since last request: 0.000031 seconds.
  path: Assets/Photon/PhotonUnityNetworking/Demos/DemoSlotRacer/Scripts/BezierCurve/Editor/BezierCurveInspector.cs
  artifactKey: Guid(28cd1cdefdaf24d6cb98f0cb87845b3a) Importer(2089858483,b0f066a214c2f5e87bad3c948f4d605d)
Start importing Assets/Photon/PhotonUnityNetworking/Demos/DemoSlotRacer/Scripts/BezierCurve/Editor/BezierCurveInspector.cs using Guid(28cd1cdefdaf24d6cb98f0cb87845b3a) Importer(2089858483,b0f066a214c2f5e87bad3c948f4d605d) (ScriptedImporter) -> (artifact id: 'e1434ea44851d633e81b4b31bb4631bd') in 0.028192 seconds
Number of updated asset objects reloaded before import = 0Number of asset objects unloaded after import = 0

========================================================================
Received Import Request.
  Time since last request: 0.000036 seconds.
  path: Assets/Space Exploration/Button_Images/Highlighted_Sprite/extra large/extra-long-blue-highlight-extra-large.png
  artifactKey: Guid(b0b673245d61539449b2f00152803ef4) Importer(2089858483,b0f066a214c2f5e87bad3c948f4d605d)
Start importing Assets/Space Exploration/Button_Images/Highlighted_Sprite/extra large/extra-long-blue-highlight-extra-large.png using Guid(b0b673245d61539449b2f00152803ef4) Importer(2089858483,b0f066a214c2f5e87bad3c948f4d605d) (ScriptedImporter) -> (artifact id: '7cc199df74cbbd7b822924629f619ee4') in 0.0448909 seconds
Number of updated asset objects reloaded before import = 0Number of asset objects unloaded after import = 3

========================================================================
Received Import Request.
  Time since last request: 0.000031 seconds.
  path: Assets/Free LowPoly Pack/Prefabs/CornerWindowA.prefab
  artifactKey: Guid(3aa541d38da2cd643aec89b050153446) Importer(2089858483,b0f066a214c2f5e87bad3c948f4d605d)
Start importing Assets/Free LowPoly Pack/Prefabs/CornerWindowA.prefab using Guid(3aa541d38da2cd643aec89b050153446) Importer(2089858483,b0f066a214c2f5e87bad3c948f4d605d) (ScriptedImporter) -> (artifact id: 'a151f50da876d20f6af95311fb6fc0a2') in 0.063026 seconds
Number of updated asset objects reloaded before import = 0Number of asset objects unloaded after import = 12

========================================================================
Received Import Request.
  Time since last request: 0.000024 seconds.
  path: Assets/Space Exploration/Prefabs/Buttons_Simple/Medium/Pink/Large_Pink_Medium_Button.prefab
  artifactKey: Guid(e77c5c71f3608754c9a741ce1cf52895) Importer(2089858483,b0f066a214c2f5e87bad3c948f4d605d)
Start importing Assets/Space Exploration/Prefabs/Buttons_Simple/Medium/Pink/Large_Pink_Medium_Button.prefab using Guid(e77c5c71f3608754c9a741ce1cf52895) Importer(2089858483,b0f066a214c2f5e87bad3c948f4d605d) (ScriptedImporter) -> (artifact id: '4de6fbd25ffc1a430aad5564030379b0') in 0.1368 seconds
Number of updated asset objects reloaded before import = 0Number of asset objects unloaded after import = 18

========================================================================
Received Import Request.
  Time since last request: 0.000032 seconds.
  path: Assets/Space Exploration/Prefabs/Buttons_Simple/Small/Pink/Short_Pink_Small_Button.prefab
  artifactKey: Guid(aaea47620bab69a4f9b9388da4b27aec) Importer(2089858483,b0f066a214c2f5e87bad3c948f4d605d)
Start importing Assets/Space Exploration/Prefabs/Buttons_Simple/Small/Pink/Short_Pink_Small_Button.prefab using Guid(aaea47620bab69a4f9b9388da4b27aec) Importer(2089858483,b0f066a214c2f5e87bad3c948f4d605d) (ScriptedImporter) -> (artifact id: 'cdde13c9460ff85b53ce2afc27761ae4') in 0.1598913 seconds
Number of updated asset objects reloaded before import = 0Number of asset objects unloaded after import = 18

========================================================================
Received Import Request.
  Time since last request: 0.000029 seconds.
  path: Assets/Space Exploration/Button_Images/Highlighted_Sprite/medium/large-purple-sparkle-highlight-medium.png
  artifactKey: Guid(f3d10eec32a10cc4c9ff003387762cc9) Importer(2089858483,b0f066a214c2f5e87bad3c948f4d605d)
Start importing Assets/Space Exploration/Button_Images/Highlighted_Sprite/medium/large-purple-sparkle-highlight-medium.png using Guid(f3d10eec32a10cc4c9ff003387762cc9) Importer(2089858483,b0f066a214c2f5e87bad3c948f4d605d) (ScriptedImporter) -> (artifact id: 'b145b0f23289af60dc6f3a2d4167d1aa') in 0.0243515 seconds
Number of updated asset objects reloaded before import = 0Number of asset objects unloaded after import = 3

========================================================================
Received Import Request.
  Time since last request: 0.000039 seconds.
  path: Assets/PlayFabEditorExtensions/Editor/PlayFabEditorExtensions.asmdef
  artifactKey: Guid(8f342294dfb958a4694b67859092b749) Importer(2089858483,b0f066a214c2f5e87bad3c948f4d605d)
Start importing Assets/PlayFabEditorExtensions/Editor/PlayFabEditorExtensions.asmdef using Guid(8f342294dfb958a4694b67859092b749) Importer(2089858483,b0f066a214c2f5e87bad3c948f4d605d) (ScriptedImporter) -> (artifact id: '1f0f1e88534adf8fa3c7974051c0fc7d') in 0.043389 seconds
Number of updated asset objects reloaded before import = 0Number of asset objects unloaded after import = 1

========================================================================
Received Import Request.
  Time since last request: 0.000027 seconds.
  path: Assets/Space Exploration/Background_Images
  artifactKey: Guid(68d1510040e9af04aaffd66210a321f2) Importer(2089858483,b0f066a214c2f5e87bad3c948f4d605d)
Start importing Assets/Space Exploration/Background_Images using Guid(68d1510040e9af04aaffd66210a321f2) Importer(2089858483,b0f066a214c2f5e87bad3c948f4d605d) (ScriptedImporter) -> (artifact id: '0049b57103003ee11b971892e2bb4195') in 0.017009 seconds
Number of updated asset objects reloaded before import = 0Number of asset objects unloaded after import = 1

========================================================================
Received Import Request.
  Time since last request: 0.000046 seconds.
  path: Assets/Space Exploration/Picto_Icons/Dark_Purple/lock-64.png
  artifactKey: Guid(a82b84e4da358214b944f62d1fe4d1e1) Importer(2089858483,b0f066a214c2f5e87bad3c948f4d605d)
Start importing Assets/Space Exploration/Picto_Icons/Dark_Purple/lock-64.png using Guid(a82b84e4da358214b944f62d1fe4d1e1) Importer(2089858483,b0f066a214c2f5e87bad3c948f4d605d) (ScriptedImporter) -> (artifact id: '5cabed00f39a09f5706d6775aa17ce6c') in 0.0397925 seconds
Number of updated asset objects reloaded before import = 0Number of asset objects unloaded after import = 3

========================================================================
Received Import Request.
  Time since last request: 0.000030 seconds.
  path: Assets/Space Exploration/Icons/solar-system-1-512.png
  artifactKey: Guid(3accb82917a0cde43a71d944f239cf88) Importer(2089858483,b0f066a214c2f5e87bad3c948f4d605d)
Start importing Assets/Space Exploration/Icons/solar-system-1-512.png using Guid(3accb82917a0cde43a71d944f239cf88) Importer(2089858483,b0f066a214c2f5e87bad3c948f4d605d) (ScriptedImporter) -> (artifact id: '5ceb7c747e1a224a55f8166a4fb8ab44') in 0.0445606 seconds
Number of updated asset objects reloaded before import = 0Number of asset objects unloaded after import = 3

========================================================================
Received Import Request.
  Time since last request: 0.000045 seconds.
  path: Assets/Space Exploration/Icons/satellite-64.png
  artifactKey: Guid(83918e681a1bcb747b4b653fd7046f8d) Importer(2089858483,b0f066a214c2f5e87bad3c948f4d605d)
Start importing Assets/Space Exploration/Icons/satellite-64.png using Guid(83918e681a1bcb747b4b653fd7046f8d) Importer(2089858483,b0f066a214c2f5e87bad3c948f4d605d) (ScriptedImporter) -> (artifact id: 'b706813ff9ec5355fbcfac511c60be8b') in 0.0871997 seconds
Number of updated asset objects reloaded before import = 0Number of asset objects unloaded after import = 3

========================================================================
Received Import Request.
  Time since last request: 0.000036 seconds.
  path: Assets/Space Exploration/Button_Images/Source_Image_Sprites/small/short-pink-small.png
  artifactKey: Guid(659ca253e1a993e41a4066b199b1c2cb) Importer(2089858483,b0f066a214c2f5e87bad3c948f4d605d)
Start importing Assets/Space Exploration/Button_Images/Source_Image_Sprites/small/short-pink-small.png using Guid(659ca253e1a993e41a4066b199b1c2cb) Importer(2089858483,b0f066a214c2f5e87bad3c948f4d605d) (ScriptedImporter) -> (artifact id: 'c18cb37d0844617334c0a56511e4e4f5') in 0.0576154 seconds
Number of updated asset objects reloaded before import = 0Number of asset objects unloaded after import = 3

========================================================================
Received Import Request.
  Time since last request: 0.000039 seconds.
  path: Assets/Photon/PhotonUnityNetworking/Demos/DemoHub/Scripts/ToDemoHubButton.cs
  artifactKey: Guid(f877c2f2d403a4d4f975fb1fd64fe7e8) Importer(2089858483,b0f066a214c2f5e87bad3c948f4d605d)
Start importing Assets/Photon/PhotonUnityNetworking/Demos/DemoHub/Scripts/ToDemoHubButton.cs using Guid(f877c2f2d403a4d4f975fb1fd64fe7e8) Importer(2089858483,b0f066a214c2f5e87bad3c948f4d605d) (ScriptedImporter) -> (artifact id: 'b94902071dbb135d909963829e93f7b6') in 0.068214 seconds
Number of updated asset objects reloaded before import = 0Number of asset objects unloaded after import = 0

========================================================================
Received Import Request.
  Time since last request: 0.000030 seconds.
  path: Assets/Space Exploration/Button_Images/Pressed_Sprites/Medium/square-purple-pressed-medium.png
  artifactKey: Guid(db38a756a301df0438b5e23d6a529d3f) Importer(2089858483,b0f066a214c2f5e87bad3c948f4d605d)
Start importing Assets/Space Exploration/Button_Images/Pressed_Sprites/Medium/square-purple-pressed-medium.png using Guid(db38a756a301df0438b5e23d6a529d3f) Importer(2089858483,b0f066a214c2f5e87bad3c948f4d605d) (ScriptedImporter) -> (artifact id: '5abeb43d0a56a694b768c1eb4b0decdd') in 0.0433605 seconds
Number of updated asset objects reloaded before import = 0Number of asset objects unloaded after import = 3

========================================================================
Received Import Request.
  Time since last request: 0.000057 seconds.
  path: Assets/Scripts/User Interfaces/RoomPanel.cs
  artifactKey: Guid(272e16b8b06d97b44974d8ae74ae4abb) Importer(2089858483,b0f066a214c2f5e87bad3c948f4d605d)
Start importing Assets/Scripts/User Interfaces/RoomPanel.cs using Guid(272e16b8b06d97b44974d8ae74ae4abb) Importer(2089858483,b0f066a214c2f5e87bad3c948f4d605d) (ScriptedImporter) -> (artifact id: '73b756cc116ad0787f0daecc87aca6d9') in 0.0257861 seconds
Number of updated asset objects reloaded before import = 0Number of asset objects unloaded after import = 0

========================================================================
Received Import Request.
  Time since last request: 0.000030 seconds.
  path: Assets/Space Exploration/Button_Images/Highlighted_Sprite/extra large/short-pink-highlight-extra-large.png
  artifactKey: Guid(69bd5470178b35b43afdc03a887c1b61) Importer(2089858483,b0f066a214c2f5e87bad3c948f4d605d)
Start importing Assets/Space Exploration/Button_Images/Highlighted_Sprite/extra large/short-pink-highlight-extra-large.png using Guid(69bd5470178b35b43afdc03a887c1b61) Importer(2089858483,b0f066a214c2f5e87bad3c948f4d605d) (ScriptedImporter) -> (artifact id: 'ae9b42cc129cd28dc43f6dc7631925eb') in 0.1085686 seconds
Number of updated asset objects reloaded before import = 0Number of asset objects unloaded after import = 3

========================================================================
Received Import Request.
  Time since last request: 0.000040 seconds.
  path: Assets/Photon/PhotonUnityNetworking/Demos/PunCockpit/Scripts/ReadOnlyProperties/CurrentRoomMaxPlayersProperty.cs
  artifactKey: Guid(917233b0ebdbc43ff89ee3e8d30b5d88) Importer(2089858483,b0f066a214c2f5e87bad3c948f4d605d)
Start importing Assets/Photon/PhotonUnityNetworking/Demos/PunCockpit/Scripts/ReadOnlyProperties/CurrentRoomMaxPlayersProperty.cs using Guid(917233b0ebdbc43ff89ee3e8d30b5d88) Importer(2089858483,b0f066a214c2f5e87bad3c948f4d605d) (ScriptedImporter) -> (artifact id: 'beaf5d86c5d387caaa22d2e605618350') in 0.0217761 seconds
Number of updated asset objects reloaded before import = 0Number of asset objects unloaded after import = 0

========================================================================
Received Import Request.
  Time since last request: 0.000050 seconds.
  path: Assets/Free LowPoly Pack/Prefabs/FloorInteriorA4.prefab
  artifactKey: Guid(e274c7bd48f126345961fb198e1c16db) Importer(2089858483,b0f066a214c2f5e87bad3c948f4d605d)
Start importing Assets/Free LowPoly Pack/Prefabs/FloorInteriorA4.prefab using Guid(e274c7bd48f126345961fb198e1c16db) Importer(2089858483,b0f066a214c2f5e87bad3c948f4d605d) (ScriptedImporter) -> (artifact id: '69bf2688816a46bc8b28276a1a457643') in 0.1214951 seconds
Number of updated asset objects reloaded before import = 0Number of asset objects unloaded after import = 12

========================================================================
Received Import Request.
  Time since last request: 0.000050 seconds.
  path: Assets/Space Exploration/Picto_Icons/Light_Purple/caution-256.png
  artifactKey: Guid(818fe9d18fc238146831b7d776692ca5) Importer(2089858483,b0f066a214c2f5e87bad3c948f4d605d)
Start importing Assets/Space Exploration/Picto_Icons/Light_Purple/caution-256.png using Guid(818fe9d18fc238146831b7d776692ca5) Importer(2089858483,b0f066a214c2f5e87bad3c948f4d605d) (ScriptedImporter) -> (artifact id: '2f500dcee8fb59f70b6ba98816c03742') in 0.0416261 seconds
Number of updated asset objects reloaded before import = 0Number of asset objects unloaded after import = 3

========================================================================
Received Import Request.
  Time since last request: 0.000032 seconds.
  path: Assets/Stylized Astronaut
  artifactKey: Guid(f56caa773a7ff4b4a93698710fb020bd) Importer(2089858483,b0f066a214c2f5e87bad3c948f4d605d)
Start importing Assets/Stylized Astronaut using Guid(f56caa773a7ff4b4a93698710fb020bd) Importer(2089858483,b0f066a214c2f5e87bad3c948f4d605d) (ScriptedImporter) -> (artifact id: '681823052fc811d82c17a13f64fe855e') in 0.0311453 seconds
Number of updated asset objects reloaded before import = 0Number of asset objects unloaded after import = 1

========================================================================
Received Import Request.
  Time since last request: 0.000038 seconds.
  path: Assets/Space Exploration/Picto_Icons/White/crown-32.png
  artifactKey: Guid(19af24eb28477694b98e057b286bb579) Importer(2089858483,b0f066a214c2f5e87bad3c948f4d605d)
Start importing Assets/Space Exploration/Picto_Icons/White/crown-32.png using Guid(19af24eb28477694b98e057b286bb579) Importer(2089858483,b0f066a214c2f5e87bad3c948f4d605d) (ScriptedImporter) -> (artifact id: 'ff9e33d9e619414edfacb053ec59105a') in 0.0600031 seconds
Number of updated asset objects reloaded before import = 0Number of asset objects unloaded after import = 3

========================================================================
Received Import Request.
  Time since last request: 0.000037 seconds.
  path: Assets/Space Exploration/Prefabs/Buttons_Simple/Small/Pink
  artifactKey: Guid(14ac1619199ff9a48a00b86728fb1d51) Importer(2089858483,b0f066a214c2f5e87bad3c948f4d605d)
Start importing Assets/Space Exploration/Prefabs/Buttons_Simple/Small/Pink using Guid(14ac1619199ff9a48a00b86728fb1d51) Importer(2089858483,b0f066a214c2f5e87bad3c948f4d605d) (ScriptedImporter) -> (artifact id: '7d765a59ef8dfee8c64409f90abb0be8') in 0.0193499 seconds
Number of updated asset objects reloaded before import = 0Number of asset objects unloaded after import = 1

========================================================================
Received Import Request.
  Time since last request: 0.000041 seconds.
  path: Assets/Space Exploration/Picto_Icons/Light_Purple/badge-256.png
  artifactKey: Guid(0ea4526c90cce3c46ad49acce7c53a19) Importer(2089858483,b0f066a214c2f5e87bad3c948f4d605d)
Start importing Assets/Space Exploration/Picto_Icons/Light_Purple/badge-256.png using Guid(0ea4526c90cce3c46ad49acce7c53a19) Importer(2089858483,b0f066a214c2f5e87bad3c948f4d605d) (ScriptedImporter) -> (artifact id: '1dfb7748fcdb1f38d95b7bd5beffaa48') in 0.0642168 seconds
Number of updated asset objects reloaded before import = 0Number of asset objects unloaded after import = 3

========================================================================
Received Import Request.
  Time since last request: 0.000035 seconds.
  path: Assets/Space Exploration/Prefabs/Buttons_Simple/Small/Yellow/Sparkle_Large_Yellow_Small_Button.prefab
  artifactKey: Guid(3d90593d25db0744f845425768632799) Importer(2089858483,b0f066a214c2f5e87bad3c948f4d605d)
Start importing Assets/Space Exploration/Prefabs/Buttons_Simple/Small/Yellow/Sparkle_Large_Yellow_Small_Button.prefab using Guid(3d90593d25db0744f845425768632799) Importer(2089858483,b0f066a214c2f5e87bad3c948f4d605d) (ScriptedImporter) -> (artifact id: '19803d0c67173b37dde8a7db12fe9ccc') in 0.117948 seconds
Number of updated asset objects reloaded before import = 0Number of asset objects unloaded after import = 18

========================================================================
Received Import Request.
  Time since last request: 0.000043 seconds.
  path: Assets/Space Exploration/Picto_Icons/Dark_Purple/power-128.png
  artifactKey: Guid(d3ceb30c5edc83940a5893f936c61480) Importer(2089858483,b0f066a214c2f5e87bad3c948f4d605d)
Start importing Assets/Space Exploration/Picto_Icons/Dark_Purple/power-128.png using Guid(d3ceb30c5edc83940a5893f936c61480) Importer(2089858483,b0f066a214c2f5e87bad3c948f4d605d) (ScriptedImporter) -> (artifact id: 'a97fdee563570854acb4de5e2566cd91') in 0.051347 seconds
Number of updated asset objects reloaded before import = 0Number of asset objects unloaded after import = 3

========================================================================
Received Import Request.
  Time since last request: 0.000026 seconds.
  path: Assets/Space Exploration/Icons/earth-256.png
  artifactKey: Guid(60739ab95fcac3c4b9c73c5120101115) Importer(2089858483,b0f066a214c2f5e87bad3c948f4d605d)
Start importing Assets/Space Exploration/Icons/earth-256.png using Guid(60739ab95fcac3c4b9c73c5120101115) Importer(2089858483,b0f066a214c2f5e87bad3c948f4d605d) (ScriptedImporter) -> (artifact id: 'a4c8bcc32f45d3930be99a1aa3ceab63') in 0.0410774 seconds
Number of updated asset objects reloaded before import = 0Number of asset objects unloaded after import = 3

========================================================================
Received Import Request.
  Time since last request: 0.000046 seconds.
  path: Assets/Space Exploration/Icons/potion-pink-2-128.png
  artifactKey: Guid(68d889edb99527342954b4bcf3f81adf) Importer(2089858483,b0f066a214c2f5e87bad3c948f4d605d)
Start importing Assets/Space Exploration/Icons/potion-pink-2-128.png using Guid(68d889edb99527342954b4bcf3f81adf) Importer(2089858483,b0f066a214c2f5e87bad3c948f4d605d) (ScriptedImporter) -> (artifact id: '5ee86447da4d8eff457c6051ca5dff9a') in 0.0726529 seconds
Number of updated asset objects reloaded before import = 0Number of asset objects unloaded after import = 3

========================================================================
Received Import Request.
  Time since last request: 0.000035 seconds.
  path: Assets/Space Exploration/Picto_Icons/Light_Purple/add-person-32.png
  artifactKey: Guid(eacbdbd382974ac499f8704abec765d8) Importer(2089858483,b0f066a214c2f5e87bad3c948f4d605d)
Start importing Assets/Space Exploration/Picto_Icons/Light_Purple/add-person-32.png using Guid(eacbdbd382974ac499f8704abec765d8) Importer(2089858483,b0f066a214c2f5e87bad3c948f4d605d) (ScriptedImporter) -> (artifact id: 'fcae927b85a3609b21996f6ad495b9ba') in 0.0851915 seconds
Number of updated asset objects reloaded before import = 0Number of asset objects unloaded after import = 3

========================================================================
Received Import Request.
  Time since last request: 0.000036 seconds.
  path: Assets/Space Exploration/Picto_Icons/Dark_Purple/key-128.png
  artifactKey: Guid(610ff36728032c04e80a83c1ec96ac58) Importer(2089858483,b0f066a214c2f5e87bad3c948f4d605d)
Start importing Assets/Space Exploration/Picto_Icons/Dark_Purple/key-128.png using Guid(610ff36728032c04e80a83c1ec96ac58) Importer(2089858483,b0f066a214c2f5e87bad3c948f4d605d) (ScriptedImporter) -> (artifact id: '96642cac90371c8199cdfb9a13cf7d9b') in 0.0425993 seconds
Number of updated asset objects reloaded before import = 0Number of asset objects unloaded after import = 3

========================================================================
Received Import Request.
  Time since last request: 0.000031 seconds.
  path: Assets/Space Exploration/Picto_Icons/White/back-128.png
  artifactKey: Guid(0b3952a158877b748af938ea9f2485c5) Importer(2089858483,b0f066a214c2f5e87bad3c948f4d605d)
Start importing Assets/Space Exploration/Picto_Icons/White/back-128.png using Guid(0b3952a158877b748af938ea9f2485c5) Importer(2089858483,b0f066a214c2f5e87bad3c948f4d605d) (ScriptedImporter) -> (artifact id: '650ea27f3780823b4cf2d74e9a49ffeb') in 0.0542186 seconds
Number of updated asset objects reloaded before import = 0Number of asset objects unloaded after import = 3

========================================================================
Received Import Request.
  Time since last request: 0.000035 seconds.
  path: Assets/Space Exploration/Button_Images/Highlighted_Sprite/medium/large-pink-highlight-medium.png
  artifactKey: Guid(d7476879ca654ff4eb18b0c14418ae3b) Importer(2089858483,b0f066a214c2f5e87bad3c948f4d605d)
Start importing Assets/Space Exploration/Button_Images/Highlighted_Sprite/medium/large-pink-highlight-medium.png using Guid(d7476879ca654ff4eb18b0c14418ae3b) Importer(2089858483,b0f066a214c2f5e87bad3c948f4d605d) (ScriptedImporter) -> (artifact id: 'b9ee3fb305d1be67b7b9edace30b9aae') in 0.0366239 seconds
Number of updated asset objects reloaded before import = 0Number of asset objects unloaded after import = 3

========================================================================
Received Import Request.
  Time since last request: 0.000031 seconds.
  path: Assets/Space Exploration/Button_Images/Source_Image_Sprites/small/extra-long-pink-small.png
  artifactKey: Guid(efb81cccde495ec4285fffa52dc7ed5f) Importer(2089858483,b0f066a214c2f5e87bad3c948f4d605d)
Start importing Assets/Space Exploration/Button_Images/Source_Image_Sprites/small/extra-long-pink-small.png using Guid(efb81cccde495ec4285fffa52dc7ed5f) Importer(2089858483,b0f066a214c2f5e87bad3c948f4d605d) (ScriptedImporter) -> (artifact id: '937b81a21b96b55f707c661cf3e15870') in 0.0698144 seconds
Number of updated asset objects reloaded before import = 0Number of asset objects unloaded after import = 3

========================================================================
Received Import Request.
  Time since last request: 0.000049 seconds.
  path: Assets/Photon/PhotonUnityNetworking/Demos/PunCockpit/Scripts/Lists/RegionListView.cs
  artifactKey: Guid(6a77cb50929af40fb99c6452cf870935) Importer(2089858483,b0f066a214c2f5e87bad3c948f4d605d)
Start importing Assets/Photon/PhotonUnityNetworking/Demos/PunCockpit/Scripts/Lists/RegionListView.cs using Guid(6a77cb50929af40fb99c6452cf870935) Importer(2089858483,b0f066a214c2f5e87bad3c948f4d605d) (ScriptedImporter) -> (artifact id: '68590ecad4a190535670dcc23e10c918') in 0.0439623 seconds
Number of updated asset objects reloaded before import = 0Number of asset objects unloaded after import = 0

========================================================================
Received Import Request.
  Time since last request: 0.000033 seconds.
  path: Assets/Space Exploration/Picto_Icons/White/shrink-32.png
  artifactKey: Guid(758086b981727c441a7483cea76115a4) Importer(2089858483,b0f066a214c2f5e87bad3c948f4d605d)
Start importing Assets/Space Exploration/Picto_Icons/White/shrink-32.png using Guid(758086b981727c441a7483cea76115a4) Importer(2089858483,b0f066a214c2f5e87bad3c948f4d605d) (ScriptedImporter) -> (artifact id: '260ac43d7d2bcf1d861ebe35cd5a770d') in 0.0974687 seconds
Number of updated asset objects reloaded before import = 0Number of asset objects unloaded after import = 3

========================================================================
Received Import Request.
  Time since last request: 0.000046 seconds.
  path: Assets/Space Exploration/Picto_Icons/Light_Purple/redo-64.png
  artifactKey: Guid(63dbd8341f43e2b4985522409d554fe2) Importer(2089858483,b0f066a214c2f5e87bad3c948f4d605d)
Start importing Assets/Space Exploration/Picto_Icons/Light_Purple/redo-64.png using Guid(63dbd8341f43e2b4985522409d554fe2) Importer(2089858483,b0f066a214c2f5e87bad3c948f4d605d) (ScriptedImporter) -> (artifact id: '3d9fbda880e23449da2f161e9e3b73dc') in 0.060365 seconds
Number of updated asset objects reloaded before import = 0Number of asset objects unloaded after import = 3

========================================================================
Received Import Request.
  Time since last request: 0.000036 seconds.
  path: Assets/Space Exploration/Picto_Icons/Light_Purple/try-again-128.png
  artifactKey: Guid(99f83d160371e7044a6658885383e1a9) Importer(2089858483,b0f066a214c2f5e87bad3c948f4d605d)
Start importing Assets/Space Exploration/Picto_Icons/Light_Purple/try-again-128.png using Guid(99f83d160371e7044a6658885383e1a9) Importer(2089858483,b0f066a214c2f5e87bad3c948f4d605d) (ScriptedImporter) -> (artifact id: '8c42e87eebd829a6c57c8390e07fc4f6') in 0.0718846 seconds
Number of updated asset objects reloaded before import = 0Number of asset objects unloaded after import = 3

========================================================================
Received Import Request.
  Time since last request: 0.000041 seconds.
  path: Assets/Space Exploration/Picto_Icons/Dark_Purple/diamond-32.png
  artifactKey: Guid(b62378f0392fce9418e87f258e6d65ef) Importer(2089858483,b0f066a214c2f5e87bad3c948f4d605d)
Start importing Assets/Space Exploration/Picto_Icons/Dark_Purple/diamond-32.png using Guid(b62378f0392fce9418e87f258e6d65ef) Importer(2089858483,b0f066a214c2f5e87bad3c948f4d605d) (ScriptedImporter) -> (artifact id: '4b30925de8db9222bccdd68aa8feb2e7') in 0.071438 seconds
Number of updated asset objects reloaded before import = 0Number of asset objects unloaded after import = 3

========================================================================
Received Import Request.
  Time since last request: 0.000039 seconds.
  path: Assets/Space Exploration/Picto_Icons/Dark_Purple/chat-32.png
  artifactKey: Guid(88e068b03781a9f49810cfce70dcc329) Importer(2089858483,b0f066a214c2f5e87bad3c948f4d605d)
Start importing Assets/Space Exploration/Picto_Icons/Dark_Purple/chat-32.png using Guid(88e068b03781a9f49810cfce70dcc329) Importer(2089858483,b0f066a214c2f5e87bad3c948f4d605d) (ScriptedImporter) -> (artifact id: '264f9ea39a91d4e19f8ac835b3240fbf') in 0.1233669 seconds
Number of updated asset objects reloaded before import = 0Number of asset objects unloaded after import = 3

========================================================================
Received Import Request.
  Time since last request: 0.000043 seconds.
  path: Assets/Space Exploration/Fonts/Font Sources/static/Asap_Expanded-BoldItalic.ttf
  artifactKey: Guid(d15f5ad7f8ba57d4c82970eeca851e84) Importer(2089858483,b0f066a214c2f5e87bad3c948f4d605d)
Start importing Assets/Space Exploration/Fonts/Font Sources/static/Asap_Expanded-BoldItalic.ttf using Guid(d15f5ad7f8ba57d4c82970eeca851e84) Importer(2089858483,b0f066a214c2f5e87bad3c948f4d605d) (ScriptedImporter) -> (artifact id: '0d2ef88d0af7a102e2f3cf649aa57e6d') in 0.0636589 seconds
Number of updated asset objects reloaded before import = 0Number of asset objects unloaded after import = 3

========================================================================
Received Import Request.
  Time since last request: 0.000039 seconds.
  path: Assets/Space Exploration/Button_Images/Highlighted_Sprite/large/short-purple-highlight-large.png
  artifactKey: Guid(0e795c2ae03780846b90ff7c77fc80d5) Importer(2089858483,b0f066a214c2f5e87bad3c948f4d605d)
Start importing Assets/Space Exploration/Button_Images/Highlighted_Sprite/large/short-purple-highlight-large.png using Guid(0e795c2ae03780846b90ff7c77fc80d5) Importer(2089858483,b0f066a214c2f5e87bad3c948f4d605d) (ScriptedImporter) -> (artifact id: 'f911bae0de595229e630fcf5eba0c406') in 0.0331288 seconds
Number of updated asset objects reloaded before import = 0Number of asset objects unloaded after import = 3

========================================================================
Received Import Request.
  Time since last request: 0.000038 seconds.
  path: Assets/PlayFabSDK/Shared/Public/PluginContract.cs
  artifactKey: Guid(2e25ec8533eb4fe4fa7d39cc8dcda24c) Importer(2089858483,b0f066a214c2f5e87bad3c948f4d605d)
Start importing Assets/PlayFabSDK/Shared/Public/PluginContract.cs using Guid(2e25ec8533eb4fe4fa7d39cc8dcda24c) Importer(2089858483,b0f066a214c2f5e87bad3c948f4d605d) (ScriptedImporter) -> (artifact id: 'ed9be8c20f109fff3eaa79e37677dad3') in 0.0341673 seconds
Number of updated asset objects reloaded before import = 0Number of asset objects unloaded after import = 0

========================================================================
Received Import Request.
  Time since last request: 0.000038 seconds.
  path: Assets/Space Exploration/Picto_Icons/Light_Purple/badge-64.png
  artifactKey: Guid(5dc7fc06cdb09954684e2bae40817500) Importer(2089858483,b0f066a214c2f5e87bad3c948f4d605d)
Start importing Assets/Space Exploration/Picto_Icons/Light_Purple/badge-64.png using Guid(5dc7fc06cdb09954684e2bae40817500) Importer(2089858483,b0f066a214c2f5e87bad3c948f4d605d) (ScriptedImporter) -> (artifact id: '05e03284d1f64a5f251da5cf90533383') in 0.0549555 seconds
Number of updated asset objects reloaded before import = 0Number of asset objects unloaded after import = 3

========================================================================
Received Import Request.
  Time since last request: 0.000043 seconds.
  path: Assets/Space Exploration/Picto_Icons/Light_Purple/chat-32.png
  artifactKey: Guid(8d2e2aaade9092b4ea0a579269f50911) Importer(2089858483,b0f066a214c2f5e87bad3c948f4d605d)
Start importing Assets/Space Exploration/Picto_Icons/Light_Purple/chat-32.png using Guid(8d2e2aaade9092b4ea0a579269f50911) Importer(2089858483,b0f066a214c2f5e87bad3c948f4d605d) (ScriptedImporter) -> (artifact id: '682c9f3633e3c277fb1eaae045672c29') in 0.1760869 seconds
Number of updated asset objects reloaded before import = 0Number of asset objects unloaded after import = 3

========================================================================
Received Import Request.
  Time since last request: 0.000030 seconds.
  path: Assets/Photon/PhotonUnityNetworking/Demos/DemoSlotRacer/Prefabs
  artifactKey: Guid(50f8208451d3ed4409db37ac905dea56) Importer(2089858483,b0f066a214c2f5e87bad3c948f4d605d)
Start importing Assets/Photon/PhotonUnityNetworking/Demos/DemoSlotRacer/Prefabs using Guid(50f8208451d3ed4409db37ac905dea56) Importer(2089858483,b0f066a214c2f5e87bad3c948f4d605d) (ScriptedImporter) -> (artifact id: '4b2405e84d00739c19fed5ca181377b4') in 0.0226246 seconds
Number of updated asset objects reloaded before import = 0Number of asset objects unloaded after import = 1

========================================================================
Received Import Request.
  Time since last request: 0.000254 seconds.
  path: Assets/Space Exploration/Prefabs/Buttons_Simple/Large/Pink
  artifactKey: Guid(61c5fcbe38112a144882eaad56dda2e0) Importer(2089858483,b0f066a214c2f5e87bad3c948f4d605d)
Start importing Assets/Space Exploration/Prefabs/Buttons_Simple/Large/Pink using Guid(61c5fcbe38112a144882eaad56dda2e0) Importer(2089858483,b0f066a214c2f5e87bad3c948f4d605d) (ScriptedImporter) -> (artifact id: '35fae3487edbc222303534d45d76bc4e') in 0.0355421 seconds
Number of updated asset objects reloaded before import = 0Number of asset objects unloaded after import = 1

========================================================================
Received Import Request.
  Time since last request: 0.000027 seconds.
  path: Assets/Space Exploration/Picto_Icons/Light_Purple/--256.png
  artifactKey: Guid(e45a7fd573693dd4ea72653183b5b5a2) Importer(2089858483,b0f066a214c2f5e87bad3c948f4d605d)
Start importing Assets/Space Exploration/Picto_Icons/Light_Purple/--256.png using Guid(e45a7fd573693dd4ea72653183b5b5a2) Importer(2089858483,b0f066a214c2f5e87bad3c948f4d605d) (ScriptedImporter) -> (artifact id: 'c33cbe7599455367550ed8d1832965c8') in 0.0904522 seconds
Number of updated asset objects reloaded before import = 0Number of asset objects unloaded after import = 3

========================================================================
Received Import Request.
  Time since last request: 0.000062 seconds.
  path: Assets/Space Exploration/Picto_Icons/Dark_Purple/key-32.png
  artifactKey: Guid(204fae14a075a3c4c84753749477d1f1) Importer(2089858483,b0f066a214c2f5e87bad3c948f4d605d)
Start importing Assets/Space Exploration/Picto_Icons/Dark_Purple/key-32.png using Guid(204fae14a075a3c4c84753749477d1f1) Importer(2089858483,b0f066a214c2f5e87bad3c948f4d605d) (ScriptedImporter) -> (artifact id: 'ae57e24a0391b72b2072c4e57acc04f0') in 0.2646145 seconds
Number of updated asset objects reloaded before import = 0Number of asset objects unloaded after import = 3

========================================================================
Received Import Request.
  Time since last request: 0.000032 seconds.
  path: Assets/Space Exploration/Picto_Icons/Light_Purple/full-moon-256.png
  artifactKey: Guid(3cdeab09d13188244943b5655e40809f) Importer(2089858483,b0f066a214c2f5e87bad3c948f4d605d)
Start importing Assets/Space Exploration/Picto_Icons/Light_Purple/full-moon-256.png using Guid(3cdeab09d13188244943b5655e40809f) Importer(2089858483,b0f066a214c2f5e87bad3c948f4d605d) (ScriptedImporter) -> (artifact id: '1f7aa0c9f7bb33c1de264e50d70a6680') in 0.0380249 seconds
Number of updated asset objects reloaded before import = 0Number of asset objects unloaded after import = 3

========================================================================
Received Import Request.
  Time since last request: 0.000044 seconds.
  path: Assets/Space Exploration/Button_Images/Source_Image_Sprites/large/large-yellow-sparkle-large.png
  artifactKey: Guid(ee3a20c263b149c4a8fa78a5199f58c5) Importer(2089858483,b0f066a214c2f5e87bad3c948f4d605d)
Start importing Assets/Space Exploration/Button_Images/Source_Image_Sprites/large/large-yellow-sparkle-large.png using Guid(ee3a20c263b149c4a8fa78a5199f58c5) Importer(2089858483,b0f066a214c2f5e87bad3c948f4d605d) (ScriptedImporter) -> (artifact id: 'bd23e019fc094d3884e1347bb0c763fb') in 0.1218116 seconds
Number of updated asset objects reloaded before import = 0Number of asset objects unloaded after import = 3

========================================================================
Received Import Request.
  Time since last request: 0.000024 seconds.
  path: Assets/Space Exploration/Picto_Icons/Light_Purple/saturn-256.png
  artifactKey: Guid(6cdd7b038c790a94c8d1f5743a653aaa) Importer(2089858483,b0f066a214c2f5e87bad3c948f4d605d)
Start importing Assets/Space Exploration/Picto_Icons/Light_Purple/saturn-256.png using Guid(6cdd7b038c790a94c8d1f5743a653aaa) Importer(2089858483,b0f066a214c2f5e87bad3c948f4d605d) (ScriptedImporter) -> (artifact id: '7525cf485b630de3422e13a17e77c4bf') in 0.1322061 seconds
Number of updated asset objects reloaded before import = 0Number of asset objects unloaded after import = 3

========================================================================
Received Import Request.
  Time since last request: 0.000036 seconds.
  path: Assets/Space Exploration/Picto_Icons/Dark_Purple/upload-32.png
  artifactKey: Guid(b42d51a98e7f5964890a6998af1dcb12) Importer(2089858483,b0f066a214c2f5e87bad3c948f4d605d)
Start importing Assets/Space Exploration/Picto_Icons/Dark_Purple/upload-32.png using Guid(b42d51a98e7f5964890a6998af1dcb12) Importer(2089858483,b0f066a214c2f5e87bad3c948f4d605d) (ScriptedImporter) -> (artifact id: '600a19120d3400962b7565d87fc90074') in 0.0788183 seconds
Number of updated asset objects reloaded before import = 0Number of asset objects unloaded after import = 3

========================================================================
Received Import Request.
  Time since last request: 0.000035 seconds.
  path: Assets/Space Exploration/Picto_Icons/Dark_Purple/pickaxe-32.png
  artifactKey: Guid(76ccc8a574f755d4796d07fa4ea75d58) Importer(2089858483,b0f066a214c2f5e87bad3c948f4d605d)
Start importing Assets/Space Exploration/Picto_Icons/Dark_Purple/pickaxe-32.png using Guid(76ccc8a574f755d4796d07fa4ea75d58) Importer(2089858483,b0f066a214c2f5e87bad3c948f4d605d) (ScriptedImporter) -> (artifact id: '069e68c1c0255b1e958d7eff480e915e') in 0.0539717 seconds
Number of updated asset objects reloaded before import = 0Number of asset objects unloaded after import = 3

========================================================================
Received Import Request.
  Time since last request: 0.000048 seconds.
  path: Assets/Space Exploration/Prefabs/Buttons_Simple/Small/Yellow/Square_Yellow_Small_Button.prefab
  artifactKey: Guid(4ba4bc09fce512b4ba7e1ed80fc990b2) Importer(2089858483,b0f066a214c2f5e87bad3c948f4d605d)
Start importing Assets/Space Exploration/Prefabs/Buttons_Simple/Small/Yellow/Square_Yellow_Small_Button.prefab using Guid(4ba4bc09fce512b4ba7e1ed80fc990b2) Importer(2089858483,b0f066a214c2f5e87bad3c948f4d605d) (ScriptedImporter) -> (artifact id: '9c096bc2fc73b74ee092eb16ce65bc9b') in 0.1276169 seconds
Number of updated asset objects reloaded before import = 0Number of asset objects unloaded after import = 18

========================================================================
Received Import Request.
  Time since last request: 0.000031 seconds.
  path: Assets/Space Exploration/Settings_&_Menu_Components/Small/drop-down-button-blank-small.png
  artifactKey: Guid(502510684024ac144b65c1b7668c0024) Importer(2089858483,b0f066a214c2f5e87bad3c948f4d605d)
Start importing Assets/Space Exploration/Settings_&_Menu_Components/Small/drop-down-button-blank-small.png using Guid(502510684024ac144b65c1b7668c0024) Importer(2089858483,b0f066a214c2f5e87bad3c948f4d605d) (ScriptedImporter) -> (artifact id: 'afb15048ccee7e2a66e190074659a47d') in 0.0987652 seconds
Number of updated asset objects reloaded before import = 0Number of asset objects unloaded after import = 3

========================================================================
Received Import Request.
  Time since last request: 0.000036 seconds.
  path: Assets/Space Exploration/Rank_System_Components/Extra Large/ranking-4+-extra-large.png
  artifactKey: Guid(3f78e7e4aeb75d74491c53b5ee4f2c4f) Importer(2089858483,b0f066a214c2f5e87bad3c948f4d605d)
Start importing Assets/Space Exploration/Rank_System_Components/Extra Large/ranking-4+-extra-large.png using Guid(3f78e7e4aeb75d74491c53b5ee4f2c4f) Importer(2089858483,b0f066a214c2f5e87bad3c948f4d605d) (ScriptedImporter) -> (artifact id: 'dc3aefed37c255e6a842b75fce44e068') in 0.0635873 seconds
Number of updated asset objects reloaded before import = 0Number of asset objects unloaded after import = 3

========================================================================
Received Import Request.
  Time since last request: 0.000035 seconds.
  path: Assets/Space Exploration/Picto_Icons/Light_Purple/alien-32.png
  artifactKey: Guid(5eff89d6a1e52ae4896e60b7166c0740) Importer(2089858483,b0f066a214c2f5e87bad3c948f4d605d)
Start importing Assets/Space Exploration/Picto_Icons/Light_Purple/alien-32.png using Guid(5eff89d6a1e52ae4896e60b7166c0740) Importer(2089858483,b0f066a214c2f5e87bad3c948f4d605d) (ScriptedImporter) -> (artifact id: 'ecb4494a89027838657289c31bc41ddb') in 0.2985961 seconds
Number of updated asset objects reloaded before import = 0Number of asset objects unloaded after import = 3

========================================================================
Received Import Request.
  Time since last request: 0.000042 seconds.
  path: Assets/Photon/PhotonLibs/WebSocket/websocket-sharp.dll
  artifactKey: Guid(748eb70bc0d7515498ef73fed155520a) Importer(2089858483,b0f066a214c2f5e87bad3c948f4d605d)
Start importing Assets/Photon/PhotonLibs/WebSocket/websocket-sharp.dll using Guid(748eb70bc0d7515498ef73fed155520a) Importer(2089858483,b0f066a214c2f5e87bad3c948f4d605d) (ScriptedImporter) -> (artifact id: 'e5978996620e02f2f826b57ac8b348a7') in 0.0387191 seconds
Number of updated asset objects reloaded before import = 0Number of asset objects unloaded after import = 0

========================================================================
Received Import Request.
  Time since last request: 0.000028 seconds.
  path: Assets/Space Exploration/Picto_Icons/Light_Purple/shield-256.png
  artifactKey: Guid(fa3b7b2be17dd8145ac7282da0e60688) Importer(2089858483,b0f066a214c2f5e87bad3c948f4d605d)
Start importing Assets/Space Exploration/Picto_Icons/Light_Purple/shield-256.png using Guid(fa3b7b2be17dd8145ac7282da0e60688) Importer(2089858483,b0f066a214c2f5e87bad3c948f4d605d) (ScriptedImporter) -> (artifact id: '5180eae98bde006ce8091c71dbe21816') in 0.0858297 seconds
Number of updated asset objects reloaded before import = 0Number of asset objects unloaded after import = 3

========================================================================
Received Import Request.
  Time since last request: 0.000109 seconds.
  path: Assets/Space Exploration/Button_Images/Source_Image_Sprites/extra large/large-pink-sparkle-extra-large.png
  artifactKey: Guid(b5e723db6b646d54aafde27ae228a2a3) Importer(2089858483,b0f066a214c2f5e87bad3c948f4d605d)
Start importing Assets/Space Exploration/Button_Images/Source_Image_Sprites/extra large/large-pink-sparkle-extra-large.png using Guid(b5e723db6b646d54aafde27ae228a2a3) Importer(2089858483,b0f066a214c2f5e87bad3c948f4d605d) (ScriptedImporter) -> (artifact id: 'bf5070d961b52f85cbc382d32ffab4c7') in 0.1421309 seconds
Number of updated asset objects reloaded before import = 0Number of asset objects unloaded after import = 3

========================================================================
Received Import Request.
  Time since last request: 0.000026 seconds.
  path: Assets/Space Exploration/Prefabs/UI_Elements/Extra_Large/Slider Bars/Sound_Slider_Extra_Large.prefab
  artifactKey: Guid(3b8c75e4f1beae34e81dc6e20520f801) Importer(2089858483,b0f066a214c2f5e87bad3c948f4d605d)
Start importing Assets/Space Exploration/Prefabs/UI_Elements/Extra_Large/Slider Bars/Sound_Slider_Extra_Large.prefab using Guid(3b8c75e4f1beae34e81dc6e20520f801) Importer(2089858483,b0f066a214c2f5e87bad3c948f4d605d) (ScriptedImporter) -> (artifact id: '4c8f822e649cd56352121945249116f9') in 0.0716199 seconds
Number of updated asset objects reloaded before import = 0Number of asset objects unloaded after import = 25

========================================================================
Received Import Request.
  Time since last request: 0.000048 seconds.
  path: Assets/Space Exploration/Picto_Icons/Dark_Purple/axe-32.png
  artifactKey: Guid(48c16aee70278334d96a3ed26760348e) Importer(2089858483,b0f066a214c2f5e87bad3c948f4d605d)
Start importing Assets/Space Exploration/Picto_Icons/Dark_Purple/axe-32.png using Guid(48c16aee70278334d96a3ed26760348e) Importer(2089858483,b0f066a214c2f5e87bad3c948f4d605d) (ScriptedImporter) -> (artifact id: 'b9ffd347bd3d8dd8ec8f6dad129ed0f2') in 0.0753313 seconds
Number of updated asset objects reloaded before import = 0Number of asset objects unloaded after import = 3

========================================================================
Received Import Request.
  Time since last request: 0.000028 seconds.
  path: Assets/Space Exploration/Settings_&_Menu_Components/Large/sound-bar-container-large.png
  artifactKey: Guid(feecce39094088d498e466c6708a04ad) Importer(2089858483,b0f066a214c2f5e87bad3c948f4d605d)
Start importing Assets/Space Exploration/Settings_&_Menu_Components/Large/sound-bar-container-large.png using Guid(feecce39094088d498e466c6708a04ad) Importer(2089858483,b0f066a214c2f5e87bad3c948f4d605d) (ScriptedImporter) -> (artifact id: '6b4880732463a7d585e325ddb24c3fe8') in 0.0487445 seconds
Number of updated asset objects reloaded before import = 0Number of asset objects unloaded after import = 3

========================================================================
Received Import Request.
  Time since last request: 0.000054 seconds.
  path: Assets/Space Exploration/Picto_Icons/Dark_Purple/sun-128.png
  artifactKey: Guid(4cd2b72b99647e9428c59f4e61a6ea44) Importer(2089858483,b0f066a214c2f5e87bad3c948f4d605d)
Start importing Assets/Space Exploration/Picto_Icons/Dark_Purple/sun-128.png using Guid(4cd2b72b99647e9428c59f4e61a6ea44) Importer(2089858483,b0f066a214c2f5e87bad3c948f4d605d) (ScriptedImporter) -> (artifact id: '1a98b001e794e48b05eb2eab69d8949f') in 0.0589934 seconds
Number of updated asset objects reloaded before import = 0Number of asset objects unloaded after import = 3

========================================================================
Received Import Request.
  Time since last request: 0.000031 seconds.
  path: Assets/Photon/PhotonUnityNetworking/Demos/DemoProcedural
  artifactKey: Guid(5be0f48c310a256419f65a4919c8ea94) Importer(2089858483,b0f066a214c2f5e87bad3c948f4d605d)
Start importing Assets/Photon/PhotonUnityNetworking/Demos/DemoProcedural using Guid(5be0f48c310a256419f65a4919c8ea94) Importer(2089858483,b0f066a214c2f5e87bad3c948f4d605d) (ScriptedImporter) -> (artifact id: 'fc0d916f28b22c201ebe1badfbd21d3f') in 0.0204272 seconds
Number of updated asset objects reloaded before import = 0Number of asset objects unloaded after import = 1

========================================================================
Received Import Request.
  Time since last request: 0.000037 seconds.
  path: Assets/Space Exploration/Settings_&_Menu_Components/Small/sound-bar-container-small.png
  artifactKey: Guid(22077928fa3d09747b6d2407fbba7787) Importer(2089858483,b0f066a214c2f5e87bad3c948f4d605d)
Start importing Assets/Space Exploration/Settings_&_Menu_Components/Small/sound-bar-container-small.png using Guid(22077928fa3d09747b6d2407fbba7787) Importer(2089858483,b0f066a214c2f5e87bad3c948f4d605d) (ScriptedImporter) -> (artifact id: '71b22b8ce869bf5ed8b7c31262d2a8aa') in 0.0305157 seconds
Number of updated asset objects reloaded before import = 0Number of asset objects unloaded after import = 3

========================================================================
Received Import Request.
  Time since last request: 0.000032 seconds.
  path: Assets/Space Exploration/Icons/tv-512.png
  artifactKey: Guid(29aa9c5b1d3d28c4eaae1bad0252a8fc) Importer(2089858483,b0f066a214c2f5e87bad3c948f4d605d)
Start importing Assets/Space Exploration/Icons/tv-512.png using Guid(29aa9c5b1d3d28c4eaae1bad0252a8fc) Importer(2089858483,b0f066a214c2f5e87bad3c948f4d605d) (ScriptedImporter) -> (artifact id: '242f8e784802df4ae31dcf74f1b8579d') in 0.0639465 seconds
Number of updated asset objects reloaded before import = 0Number of asset objects unloaded after import = 3

========================================================================
Received Import Request.
  Time since last request: 0.000037 seconds.
  path: Assets/Space Exploration/Picto_Icons/Light_Purple/half-moon-64.png
  artifactKey: Guid(a3aa6ec7b6738984ba0896995d909904) Importer(2089858483,b0f066a214c2f5e87bad3c948f4d605d)
Start importing Assets/Space Exploration/Picto_Icons/Light_Purple/half-moon-64.png using Guid(a3aa6ec7b6738984ba0896995d909904) Importer(2089858483,b0f066a214c2f5e87bad3c948f4d605d) (ScriptedImporter) -> (artifact id: '666991e8d581bf2b6b04c95f6821a117') in 0.1078675 seconds
Number of updated asset objects reloaded before import = 0Number of asset objects unloaded after import = 3

========================================================================
Received Import Request.
  Time since last request: 0.000042 seconds.
  path: Assets/Space Exploration/Picto_Icons/Dark_Purple/wrench-32.png
  artifactKey: Guid(19218438ed7291c48aa87524a1cd6328) Importer(2089858483,b0f066a214c2f5e87bad3c948f4d605d)
Start importing Assets/Space Exploration/Picto_Icons/Dark_Purple/wrench-32.png using Guid(19218438ed7291c48aa87524a1cd6328) Importer(2089858483,b0f066a214c2f5e87bad3c948f4d605d) (ScriptedImporter) -> (artifact id: '0320a8a6047ffe50cc9123660dc40783') in 0.1166356 seconds
Number of updated asset objects reloaded before import = 0Number of asset objects unloaded after import = 3

========================================================================
Received Import Request.
  Time since last request: 0.000030 seconds.
  path: Assets/Space Exploration/Picto_Icons/Light_Purple/question-64.png
  artifactKey: Guid(ca7a090a40778834aad4a58c94072b22) Importer(2089858483,b0f066a214c2f5e87bad3c948f4d605d)
Start importing Assets/Space Exploration/Picto_Icons/Light_Purple/question-64.png using Guid(ca7a090a40778834aad4a58c94072b22) Importer(2089858483,b0f066a214c2f5e87bad3c948f4d605d) (ScriptedImporter) -> (artifact id: 'b19fc51239dc958d841e4efe7c2c057e') in 0.0551707 seconds
Number of updated asset objects reloaded before import = 0Number of asset objects unloaded after import = 3

========================================================================
Received Import Request.
  Time since last request: 0.000040 seconds.
  path: Assets/Space Exploration/Picto_Icons/Light_Purple/+-256.png
  artifactKey: Guid(e7eb33a96b5538243af9f455f09cd814) Importer(2089858483,b0f066a214c2f5e87bad3c948f4d605d)
Start importing Assets/Space Exploration/Picto_Icons/Light_Purple/+-256.png using Guid(e7eb33a96b5538243af9f455f09cd814) Importer(2089858483,b0f066a214c2f5e87bad3c948f4d605d) (ScriptedImporter) -> (artifact id: 'be0eaf6f97dcdeed520f789bdc98590d') in 0.082035 seconds
Number of updated asset objects reloaded before import = 0Number of asset objects unloaded after import = 3

========================================================================
Received Import Request.
  Time since last request: 0.000031 seconds.
  path: Assets/PlayFabSDK/Groups/PlayFabGroupsModels.cs
  artifactKey: Guid(d73f86b427d81044bb2417ea3b5b03ac) Importer(2089858483,b0f066a214c2f5e87bad3c948f4d605d)
Start importing Assets/PlayFabSDK/Groups/PlayFabGroupsModels.cs using Guid(d73f86b427d81044bb2417ea3b5b03ac) Importer(2089858483,b0f066a214c2f5e87bad3c948f4d605d) (ScriptedImporter) -> (artifact id: '3e14e218c0f85046884283b35f2eb791') in 0.0267662 seconds
Number of updated asset objects reloaded before import = 0Number of asset objects unloaded after import = 0

========================================================================
Received Import Request.
  Time since last request: 0.000038 seconds.
  path: Assets/Space Exploration/Picto_Icons/Light_Purple/chat-256.png
  artifactKey: Guid(de36a3d61c7b5b54e90d8078f995404d) Importer(2089858483,b0f066a214c2f5e87bad3c948f4d605d)
Start importing Assets/Space Exploration/Picto_Icons/Light_Purple/chat-256.png using Guid(de36a3d61c7b5b54e90d8078f995404d) Importer(2089858483,b0f066a214c2f5e87bad3c948f4d605d) (ScriptedImporter) -> (artifact id: 'ef67bdb0623c8acdff9d7dde165fd466') in 0.0627403 seconds
Number of updated asset objects reloaded before import = 0Number of asset objects unloaded after import = 3

========================================================================
Received Import Request.
  Time since last request: 0.000034 seconds.
  path: Assets/Space Exploration/Rank_System_Components/Large/ranking-1st-large 1.png
  artifactKey: Guid(d6327a004bb95a1419327af6ad88acae) Importer(2089858483,b0f066a214c2f5e87bad3c948f4d605d)
Start importing Assets/Space Exploration/Rank_System_Components/Large/ranking-1st-large 1.png using Guid(d6327a004bb95a1419327af6ad88acae) Importer(2089858483,b0f066a214c2f5e87bad3c948f4d605d) (ScriptedImporter) -> (artifact id: 'ace90774a92402562c9b439715fccc84') in 0.0893343 seconds
Number of updated asset objects reloaded before import = 0Number of asset objects unloaded after import = 3

========================================================================
Received Import Request.
  Time since last request: 0.000037 seconds.
  path: Assets/Space Exploration/Picto_Icons/Dark_Purple/chest-64.png
  artifactKey: Guid(a5c443d0c2ad2a246bc28557ef676a89) Importer(2089858483,b0f066a214c2f5e87bad3c948f4d605d)
Start importing Assets/Space Exploration/Picto_Icons/Dark_Purple/chest-64.png using Guid(a5c443d0c2ad2a246bc28557ef676a89) Importer(2089858483,b0f066a214c2f5e87bad3c948f4d605d) (ScriptedImporter) -> (artifact id: '3d1071ef59e474b22f990e4d14a37a55') in 0.0487036 seconds
Number of updated asset objects reloaded before import = 0Number of asset objects unloaded after import = 3

========================================================================
Received Import Request.
  Time since last request: 0.000036 seconds.
  path: Assets/Space Exploration/Picto_Icons/Dark_Purple/back-256.png
  artifactKey: Guid(11b039d91035828439fc69ecd14e131d) Importer(2089858483,b0f066a214c2f5e87bad3c948f4d605d)
Start importing Assets/Space Exploration/Picto_Icons/Dark_Purple/back-256.png using Guid(11b039d91035828439fc69ecd14e131d) Importer(2089858483,b0f066a214c2f5e87bad3c948f4d605d) (ScriptedImporter) -> (artifact id: 'b4726a8faba5170617398ddd6bfea180') in 0.0617695 seconds
Number of updated asset objects reloaded before import = 0Number of asset objects unloaded after import = 3

Editor requested this worker to shutdown with reason: Scaling down because of idle timeout
AssetImportWorker is now disconnected from the server
Process exiting
Exiting without the bug reporter. Application will terminate with return code 0